data,titulo,ementa,autoria,link
2025-06-25 08:58:55,RESOLUÇÃO N.º 012/2025,"DISPÕE SOBRE A CRIAÇÃO DO PROJETO “CÂMARA MIRIM” NO ÂMBITO DA CÂMARA DE VEREADORES DE PINDAMONHANGABA, E DÁ OUTRAS PROVIDÊNCIAS.
(Projeto de Resolução n° 17/2025, de autoria do Vereador Marco Mayor).",,https://www.pindamonhangaba.sp.leg.br/proposicoes/0/0/0/0/136759#pesquisa
2025-04-23 08:57:43,RESOLUÇÃO N.º 011/2025,"ALTERA A RESOLUÇÃO Nº 12/2021, QUE ‘CONCEDE CESTA BÁSICA AOS SERVIDORES E ESTAGIÁRIOS DA CÂMARA DE PINDAMONHANGABA’.
(Projeto de Resolução n° 15/2025, de autoria da Mesa Diretora).",,https://www.pindamonhangaba.sp.leg.br/proposicoes/0/0/0/0/134490#pesquisa
2025-04-23 08:51:20,RESOLUÇÃO N.º 010/2025,"CRIA O PROGRAMA “SELO AGRÍCOLA” NO MUNICÍPIO DE PINDAMONHANGABA E DÁ OUTRAS PROVIDÊNCIAS.
(Projeto de Resolução n° 13/2025, de autoria do Vereador Felipe César Filho - FC).",,https://www.pindamonhangaba.sp.leg.br/proposicoes/0/0/0/0/134488#pesquisa
2025-03-19 08:27:27,RESOLUÇÃO N.º 009/2025,"INSTITUI O BANCO DE IDEIAS LEGISLATIVAS NA CÂMARA DO MUNICÍPIO DE PINDAMONHANGABA.
(Projeto de Resolução n° 10/2025, de autoria do Vereador Renato Nogueira Guimarães - Renato Cebola).",,https://www.pindamonhangaba.sp.leg.br/proposicoes/0/0/0/0/133158#pesquisa
2025-03-12 08:34:26,RESOLUÇÃO N.º 008/2025,"DISPÕE SOBRE A CONSTITUIÇÃO DA COMISSÃO DE ASSUNTOS RELEVANTES EM APOIO À REATIVAÇÃO DA ESTRADA DE FERRO CAMPOS DO JORDÃO.
(Projeto de Resolução n° 12/2025, de autoria do Vereador Professor Everton).",,https://www.pindamonhangaba.sp.leg.br/proposicoes/0/0/0/0/132866#pesquisa
2025-03-07 08:57:29,RESOLUÇÃO N.º 007/2025,"DISPÕE SOBRE A CRIAÇÃO DA PROCURADORIA DA MULHER NO ÂMBITO DA CÂMARA DE VEREADORES DO MUNICÍPIO DE PINDAMONHANGABA E DÁ OUTRAS PROVIDÊNCIAS.
(Projeto de Resolução n° 07/2024, de autoria da Vereadora Ana Paula Goffi).",,https://www.pindamonhangaba.sp.leg.br/proposicoes/0/0/0/0/132627#pesquisa
2025-02-12 09:51:26,RESOLUÇÃO N.º 006/2025,"REGULAMENTA O PROGRAMA DE TREINAMENTO AOS SERVIDORES DA CÂMARA DE VEREADORES DE PINDAMONHANGABA E DÁ OUTRAS PROVIDÊNCIAS.
(Projeto de Resolução n° 08/2025, de autoria da Mesa Diretora)",,https://www.pindamonhangaba.sp.leg.br/proposicoes/0/0/0/0/131409#pesquisa
2025-02-12 09:41:10,RESOLUÇÃO N.º 005/2025,"ALTERA A REDAÇÃO DO § 2° DO ART. 2° DO REGIMENTO INTERNO DA CÂMARA DE VEREADORES DE PINDAMONHANGABA.
(Projeto de Resolução n° 01/2025, de autoria da Mesa Diretora)",,https://www.pindamonhangaba.sp.leg.br/proposicoes/0/0/0/0/131408#pesquisa
2025-01-29 09:07:00,RESOLUÇÃO N.º 004/2025,"DISPÕE SOBRE O SERVIÇO DE TESOURARIA NO ÂMBITO DA CÂMARA DE VEREADORES DE PINDAMONHANGABA E DÁ OUTRAS PROVIDÊNCIAS.
(Projeto de Resolução n° 05/2025, de autoria da Mesa Diretora).",,https://www.pindamonhangaba.sp.leg.br/proposicoes/0/0/0/0/130767#pesquisa
2025-01-29 09:01:31,RESOLUÇÃO N.º 003/2025,"ALTERA A RESOLUÇÃO N° 04, DE 31 DE MAIO DE 2023, QUE 'DISPÕE SOBRE A ESTRUTURA ADMINISTRATIVA E DE ASSESSORAMENTO PARLAMENTAR DA CÂMARA DE MUNICIPAL DE PINDAMONHANGABA, SOBRE A CRIAÇÃO E EXTINÇÃO DE CARGOS EM COMISSÃO, E DÁ OUTRAS PROVIDÊNCIAS'.
(Projeto de Resolução n° 04/2025, de autoria da Mesa Diretora).",,https://www.pindamonhangaba.sp.leg.br/proposicoes/0/0/0/0/130766#pesquisa
2025-01-29 08:59:10,RESOLUÇÃO N.º 002/2025,"ALTERA A RESOLUÇÃO N° 04, DE 31 DE MAIO DE 2023, QUE 'DISPÕE SOBRE A ESTRUTURA ADMINISTRATIVA E DE ASSESSORAMENTO PARLAMENTAR DA CÂMARA DE MUNICIPAL DE PINDAMONHANGABA, SOBRE A CRIAÇÃO E EXTINÇÃO DE CARGOS EM COMISSÃO, E DÁ OUTRAS PROVIDÊNCIAS'.
(Projeto de Resolução n° 03/2025, de autoria da Mesa Diretora).",,https://www.pindamonhangaba.sp.leg.br/proposicoes/0/0/0/0/130765#pesquisa
2025-01-29 08:55:57,RESOLUÇÃO N.º 001/2025,"FIXA O SUBSÍDIO DOS VEREADORES PARA A LEGISLATURA 2029/2032.
(Projeto de Resolução n° 02/2025, de autoria da Mesa Diretora).",,https://www.pindamonhangaba.sp.leg.br/proposicoes/0/0/0/0/130764#pesquisa
2024-12-11 09:58:48,RESOLUÇÃO N.º 005/2024,"REGULAMENTA A CONCESSÃO DE HORÁRIO ESPECIAL DE TRABALHO AO SERVIDOR COM DEFICIÊNCIA OU COM DEPENDENTE LEGAL NA MESMA CONDIÇÃO, NO ÂMBITO DO PODER LEGISLATIVO DE PINDAMONHANGABA/SP.
(Projeto de Resolução n° 06/2024, de autoria da Mesa Diretora)",,https://www.pindamonhangaba.sp.leg.br/proposicoes/0/0/0/0/129784#pesquisa
2024-09-09 16:34:43,RESOLUÇÃO N.º 004/2024,"FIXA O SUBSÍDIO DOS VEREADORES PARA A LEGISLATURA 2025/2028.
(Projeto de Resolução n° 05/2024, de autoria da Mesa Diretora)",,https://www.pindamonhangaba.sp.leg.br/proposicoes/0/0/0/0/126693#pesquisa
2024-04-24 08:56:25,RESOLUÇÃO N.º 003/2024,"ALTERA O ANEXO V E CRIA O ANEXO VI NA RESOLUÇÃO Nº 04 DE 31 DE MAIO DE 2023, QUE DISPÕE SOBRE A ESTRUTURA ADMINISTRATIVA E DE ASSESSORAMENTO PARLAMENTAR DA CÂMARA MUNICIPAL DE PINDAMONHANGABA, SOBRE A CRIAÇÃO E EXTINÇÃO DE CARGOS EM COMISSÃO E DÁ OUTRAS PROVIDÊNCIAS.
(Projeto de Resolução n° 004/2024, de autoria da Mesa Diretora)",,https://www.pindamonhangaba.sp.leg.br/proposicoes/0/0/0/0/121266#pesquisa
2024-03-20 09:12:47,RESOLUÇÃO N.º 002/2024,"Dispõe sobre o Código de Ética e Decoro Parlamentar da Câmara de Vereadores de Pindamonhangaba.
(Projeto de Resolução n° 03/2024, de autoria da Mesa Diretora)",,https://www.pindamonhangaba.sp.leg.br/proposicoes/0/0/0/0/119821#pesquisa
2024-03-20 08:54:05,RESOLUÇÃO N.º 001/2024,"Dispõe sobre o Regimento Interno da Câmara de Vereadores de Pindamonhangaba, e dá outras providências.
(Projeto de Resolução n° 02/2024, de autoria da Mesa Diretora)",,https://www.pindamonhangaba.sp.leg.br/proposicoes/0/0/0/0/119820#pesquisa
2023-10-24 00:00:00,RESOLUÇÃO N.º 010/2023,DENOMINA A GALERIA LILÁS DA CÂMARA DE VEREADORES DE PINDAMONHANGABA.,,https://www.pindamonhangaba.sp.leg.br/proposicoes/0/0/0/0/125537#pesquisa
2023-10-10 00:00:00,RESOLUÇÃO N.º 008/2023,Dispõe sobre a concessão de Plano de Saúde aos servidores públicos efetivos e comissionados do Poder Legislativo e dá outras providências.,,https://www.pindamonhangaba.sp.leg.br/proposicoes/0/0/0/0/116414#pesquisa
2023-10-10 00:00:00,RESOLUÇÃO N.º 009/2023,Altera o Anexo V da Resolução nº 04/2023 e dá outras providências.,,https://www.pindamonhangaba.sp.leg.br/proposicoes/0/0/0/0/116415#pesquisa
2023-09-20 00:00:00,RESOLUÇÃO N.º 006/2023,Denomina a Sala da Ouvidoria da Câmara de Vereadores de Pindamonhangaba.,,https://www.pindamonhangaba.sp.leg.br/proposicoes/0/0/0/0/116412#pesquisa
2023-09-20 00:00:00,RESOLUÇÃO N.º 007/2023,Institui e Denomina a Galeria de Fotos dos Presidentes da Câmara de Vereadores de Pindamonhangaba.,,https://www.pindamonhangaba.sp.leg.br/proposicoes/0/0/0/0/116413#pesquisa
2023-08-08 00:00:00,RESOLUÇÃO N.º 005/2023,"Dispõe sobre a regulamentação da utilização dos veículos oficiais da Câmara de Vereadores de Pindamonhangaba, e dá outras providências.",,https://www.pindamonhangaba.sp.leg.br/proposicoes/0/0/0/0/116411#pesquisa
2023-05-31 00:00:00,RESOLUÇÃO N.º 004/2023,"DISPÕE SOBRE A ESTRUTURA ADMINISTRATIVA E DE ASSESSORAMENTO PARLAMENTAR DA CÂMARA MUNICIPAL DE PINDAMONHANGABA, SOBRE A CRIAÇÃO E EXTINÇÃO DE CARGOS EM COMISSÃO E DÁ OUTRAS PROVIDÊNCIAS.",,https://www.pindamonhangaba.sp.leg.br/proposicoes/0/0/0/0/116410#pesquisa
2023-05-03 00:00:00,RESOLUÇÃO N.º 003/2023,Fica alterada a redação dos incisos I e VI do Artigo 321-A do Regimento Interno,,https://www.pindamonhangaba.sp.leg.br/proposicoes/0/0/0/0/116409#pesquisa
2023-04-05 00:00:00,RESOLUÇÃO N.º 002/2023,Concede licença a Vereador,,https://www.pindamonhangaba.sp.leg.br/proposicoes/0/0/0/0/116408#pesquisa
2023-02-01 00:00:00,RESOLUÇÃO N.º 001/2023,Dispõe sobre o reajuste do Vale-refeição aos servidores da Câmara de Pindamonhangaba.,,https://www.pindamonhangaba.sp.leg.br/proposicoes/0/0/0/0/116407#pesquisa
2022-12-07 00:00:00,RESOLUÇÃO N.º 005/2022,DISPÕE SOBRE A ESTRUTURA ADMINISTRATIVA DA CÂMARA MUNICIPAL DE PINDAMONHANGABA.,,https://www.pindamonhangaba.sp.leg.br/proposicoes/0/0/0/0/116406#pesquisa
2022-11-17 00:00:00,RESOLUÇÃO N.º 004/2022,"REGULAMENTA O PROCESSO LEGISLATIVO ELETRÔNICO NO ÂMBITO DA CÂMARA DE VEREADORES DE PINDAMONHANGABA, E DÁ OUTRAS PROVIDÊNCIAS.",,https://www.pindamonhangaba.sp.leg.br/proposicoes/0/0/0/0/116405#pesquisa
2022-06-28 11:28:26,RESOLUÇÃO N.º 003/2022,CRIA A GALERIA LILÁS NA CÂMARA DE VEREADORES DE PINDAMONHANGABA.,,https://www.pindamonhangaba.sp.leg.br/proposicoes/0/0/0/0/125536#pesquisa
2022-03-04 11:26:46,RESOLUÇÃO N.º 002/2022,DISPÕE SOBRE A FRENTE PARLAMENTAR MUNICIPAL DE APOIO À REATIVAÇÃO DA ESTRADA DE FERRO CAMPOS DO JORDÃO.,,https://www.pindamonhangaba.sp.leg.br/proposicoes/0/0/0/0/125535#pesquisa
2022-02-15 11:01:58,RESOLUÇÃO N.º 001/2022,ALTERA A REDAÇÃO DO CAPUT DO ARTIGO 273 DO REGIMENTO INTERNO.,,https://www.pindamonhangaba.sp.leg.br/proposicoes/0/0/0/0/125534#pesquisa
2021-12-21 17:42:07,RESOLUÇÃO N.º 013/2021,DISPÕE SOBRE A CONCESSÃO DE VALE-REFEIÇÃO AOS SERVIDORES DA CÂMARA DE PINDAMONHANGABA.,,https://www.pindamonhangaba.sp.leg.br/proposicoes/0/0/0/0/125470#pesquisa
2021-12-21 17:41:02,RESOLUÇÃO N.º 012/2021,CONCEDE CESTA BÁSICA AOS SERVIDORES E ESTAGIÁRIOS DA CÂMARA DE PINDAMONHANGABA.,,https://www.pindamonhangaba.sp.leg.br/proposicoes/0/0/0/0/125469#pesquisa
2021-12-21 17:39:40,RESOLUÇÃO N.º 011/2021,"REGULAMENTA O PROCEDIMENTO DE CONCESSÃO DE DIÁRIA AOS SERVIDORES DA CÂMARA MUNICIPAL DE PINDAMONHANGABA, E DÁ OUTRAS PROVIDÊNCIAS.",,https://www.pindamonhangaba.sp.leg.br/proposicoes/0/0/0/0/125468#pesquisa
2021-11-23 16:41:04,RESOLUÇÃO N.º 010/2021,"DISPÕE SOBRE O REGIME DE ADIANTAMENTO NO ÂMBITO DA CÂMARA MUNICIPAL DE PINDAMONHANGABA, E DÁ OUTRAS PROVIDÊNCIAS.",,https://www.pindamonhangaba.sp.leg.br/proposicoes/0/0/0/0/125467#pesquisa
2021-11-18 16:37:30,RESOLUÇÃO N.º 009/2021,CONCEDE LICENÇA A VEREADOR.,,https://www.pindamonhangaba.sp.leg.br/proposicoes/0/0/0/0/125437#pesquisa
2021-10-19 16:34:26,RESOLUÇÃO N.º 008/2021,PRORROGA OS TRABALHOS DA COMISSÃO DE ASSUNTOS RELEVANTES PARA FISCALIZAR E ACOMPANHAR O JULGAMENTO DA PREFEITURA MUNICIPAL E ACENI PERANTE O TRIBUNAL DE CONTAS.,,https://www.pindamonhangaba.sp.leg.br/proposicoes/0/0/0/0/125436#pesquisa
2021-07-22 16:32:54,RESOLUÇÃO N.º 007/2021,ALTERA A REDAÇÃO DOS §§ 2º E 5º DO ART. 253 DO REGIMENTO INTERNO.,,https://www.pindamonhangaba.sp.leg.br/proposicoes/0/0/0/0/125435#pesquisa
2021-05-25 16:31:20,RESOLUÇÃO N.º 006/2021,DISPÕE SOBRE A CRIAÇÃO DA FRENTE PARLAMENTAR MUNICIPAL DE INVESTIGAÇÃO SOBRE AS ÁREAS DOADAS NO MUNICÍPIO PASSÍVEIS DE RETROCESSÃO.,,https://www.pindamonhangaba.sp.leg.br/proposicoes/0/0/0/0/125434#pesquisa
2021-05-18 16:52:04,RESOLUÇÃO N.º 005/2021,"REGULAMENTA A LEI Nº 12.527, DE 18 DE NOVEMBRO DE 2011, QUE DISPÕE SOBRE O ACESSO À INFORMAÇÃO PREVISTO NO ART. 5º, INCISO XXXIII, ART. 37, § 3º, INCISO II E ART. 216, § 2º DA CONSTITUIÇÃO FEDERAL.",,https://www.pindamonhangaba.sp.leg.br/proposicoes/0/0/0/0/125209#pesquisa
2021-05-04 16:50:46,RESOLUÇÃO N.º 004/2021,"CONSTITUI UMA COMISSÃO DE ASSUNTOS RELEVANTES PARA ACOMPANHAR OS ESTUDOS, A TRAMITAÇÃO E A VOTAÇÃO DO PROJETO DE PEDIDO DE EMPRÉSTIMO PARA MELHORIAS DA ILUMINAÇÃO PÚBLICA E A CONTRATAÇÃO DE EMPRESA PARA EXPANSÃO E MODERNIZAÇÃO DO PARQUE DE ILUMINAÇÃO DO MUNICÍPIO.",,https://www.pindamonhangaba.sp.leg.br/proposicoes/0/0/0/0/125199#pesquisa
2021-03-30 16:49:07,RESOLUÇÃO N.º 003/2021,CONSTITUI UMA COMISSÃO DE ASSUNTOS RELEVANTES PARA FISCALIZAR E ACOMPANHAR O JULGAMENTO DA PREFEITURA MUNICIPAL E ACENI PERANTE O TRIBUNAL DE CONTAS.,,https://www.pindamonhangaba.sp.leg.br/proposicoes/0/0/0/0/125198#pesquisa
2021-03-02 16:27:20,RESOLUÇÃO N.º 002/2021,"ALTERA A RESOLUÇÃO Nº 05/2014, QUE DISPÕE SOBRE O SISTEMA DE CONTROLE INTERNO DO PODER LEGISLATIVO E DEFINE AS COMPETÊNCIAS, ATIVIDADES, RESPONSABILIDADES E DEMAIS REGULAMENTAÇÕES DOS PROCEDIMENTOS NECESSÁRIOS.",,https://www.pindamonhangaba.sp.leg.br/proposicoes/0/0/0/0/125190#pesquisa
2021-03-02 15:22:40,RESOLUÇÃO N.º 001/2021,CONSTITUI UMA COMISSÃO DE ASSUNTOS RELEVANTES PARA ACOMPANHAR E FISCALIZAR O CERTAME LICITATÓRIO DE TRANSPORTE PÚBLICO MUNICIPAL.,,https://www.pindamonhangaba.sp.leg.br/proposicoes/0/0/0/0/125180#pesquisa
2020-12-17 00:00:00,RESOLUÇÃO N.º 002/2020,"ACRESCE O ARTIGO 141-A AO REGIMENTO INTERNO DISPONDO SOBRE A OBRIGATORIEDADE DA PRESENÇA DE INTÉRPRETE DA LÍNGUA BRASILEIRA DE SINAIS, EM TODOS OS EVENTOS PÚBLICOS OFICIAIS DA CÂMARA DE VEREADORES DE PINDAMONHANGABA.",,https://www.pindamonhangaba.sp.leg.br/proposicoes/0/0/0/0/125533#pesquisa
2020-10-14 00:00:00,RESOLUÇÃO N.º 001/2020,CRIA A MEDALHA DA PAZ PAPA JOÃO PAULO II.,,https://www.pindamonhangaba.sp.leg.br/proposicoes/0/0/0/0/125524#pesquisa
2019-11-05 00:00:00,RESOLUÇÃO N.º 003/2019,CONCEDE LICENÇA A VEREADOR.,,https://www.pindamonhangaba.sp.leg.br/proposicoes/0/0/0/0/125513#pesquisa
2019-09-03 00:00:00,RESOLUÇÃO N.º 002/2019,"DISPÕE SOBRE A CRIAÇÃO DA FRENTE PARLAMENTAR MUNICIPAL DE DEFESA DA LIBERDADE RELIGIOSA, COM O OBJETIVO DE DEFENDER E GARANTIR POLÍTICAS PÚBLICAS DE PROTEÇÃO E DEFESA DA LIBERDADE RELIGIOSA, NO ÂMBITO DO MUNICÍPIO DE PINDAMONHANGABA, E DÁ OUTRAS PROVIDÊNCIAS.",,https://www.pindamonhangaba.sp.leg.br/proposicoes/0/0/0/0/125511#pesquisa
2019-08-27 00:00:00,RESOLUÇÃO N.º 001/2019,CONCEDE LICENÇA A VEREADOR.,,https://www.pindamonhangaba.sp.leg.br/proposicoes/0/0/0/0/125508#pesquisa
2018-09-25 00:00:00,RESOLUÇÃO N.º 004/2018,REGULAMENTA A REALIZAÇÃO DE ESTÁGIO NA CÂMARA DE VEREADORES DE PINDAMONHANGABA.,,https://www.pindamonhangaba.sp.leg.br/proposicoes/0/0/0/0/125538#pesquisa
2018-07-04 00:00:00,RESOLUÇÃO N.º 003/2018,"ALTERA A RESOLUÇÃO N° 05/2014, QUE DISPÕE SOBRE O SISTEMA DE CONTROLE INTERNO DO PODER LEGISLATIVO.",,https://www.pindamonhangaba.sp.leg.br/proposicoes/0/0/0/0/125512#pesquisa
2018-03-27 00:00:00,RESOLUÇÃO N.º 002/2018,DISPÕE SOBRE O PROGRAMA EDUCACIONAL ESCOLA VAI À CÂMARA,,https://www.pindamonhangaba.sp.leg.br/proposicoes/0/0/0/0/125506#pesquisa
2018-02-20 00:00:00,RESOLUÇÃO N.º 001/2018,DÁ NOVA REDAÇÃO AOS ARTS. 74 E 79-D DO REGIMENTO INTERNO.,,https://www.pindamonhangaba.sp.leg.br/proposicoes/0/0/0/0/125500#pesquisa
2017-08-15 00:00:00,RESOLUÇÃO N.º 007/2017,"DISPÕE SOBRE A CRIAÇÃO DA FRENTE PARLAMENTAR DE PREVENÇÃO E COMBATE AO CÂNCER, E DÁ OUTRAS PROVIDÊNCIAS.",,https://www.pindamonhangaba.sp.leg.br/proposicoes/0/0/0/0/125505#pesquisa
2017-07-12 00:00:00,RESOLUÇÃO N.º 006/2017,DISPÕE SOBRE A CRIAÇÃO DA FRENTE PARLAMENTAR EM DEFESA DO TRÂNSITO SEGURO.,,https://www.pindamonhangaba.sp.leg.br/proposicoes/0/0/0/0/125504#pesquisa
2017-06-13 00:00:00,RESOLUÇÃO N.º 005/2017,"DISPÕE SOBRE A CRIAÇÃO DA FRENTE PARLAMENTAR MUNICIPAL DE DEFESA DOS DIREITOS DA CRIANÇA E DO ADOLESCENTE, COM O OBJETIVO DE DEFENDER E GARANTIR POLÍTICAS PÚBLICAS DE PROTEÇÃO E DEFESA DOS DIREITOS DAS CRIANÇAS E DOS ADOLESCENTES, NO ÂMBITO DO MUNICÍPIO DE PINDAMONHANGABA, E DÁ OUTRAS PROVIDÊNCIAS.",,https://www.pindamonhangaba.sp.leg.br/proposicoes/0/0/0/0/125502#pesquisa
2017-05-30 00:00:00,RESOLUÇÃO N.º 004/2017,"ALTERA A RESOLUÇÃO N° 09, DE 25 DE MAIO DE 2009, QUE “INSTITUI O VALE-REFEIÇÃO PARA O QUADRO DE PESSOAL PERMANENTE DA CÂMARA DE PINDAMONHANGABA”.",,https://www.pindamonhangaba.sp.leg.br/proposicoes/0/0/0/0/125499#pesquisa
2017-05-09 00:00:00,RESOLUÇÃO N.º 002/2017,"DISPÕE SOBRE A CRIAÇÃO DA FRENTE PARLAMENTAR MUNICIPAL DE PROTEÇÃO E DEFESA DOS ANIMAIS, COM O OBJETIVO DE DEFENDER E GARANTIR POLÍTICAS PÚBLICAS DE PROTEÇÃO DOS ANIMAIS NO ÂMBITO DO MUNICÍPIO DE PINDAMONHANGABA, E DÁ OUTRAS PROVIDÊNCIAS.",,https://www.pindamonhangaba.sp.leg.br/proposicoes/0/0/0/0/125498#pesquisa
2017-05-05 00:00:00,RESOLUÇÃO N.º 001/2017,"DISPÕE SOBRE A CRIAÇÃO DA FRENTE PARLAMENTAR MUNICIPAL EM DEFESA DOS DIREITOS HUMANOS DA MULHER, COM O OBJETIVO DE INCENTIVAR, DESENVOLVER E APOIAR DISCUSSÕES E AÇÕES RELACIONADAS ÀS MULHERES, E DÁ OUTRAS PROVIDÊNCIAS.",,https://www.pindamonhangaba.sp.leg.br/proposicoes/0/0/0/0/125497#pesquisa
2016-12-06 00:00:00,RESOLUÇÃO N.º 002/2016,"REVOGA ATO DA MESA DIRETORA, DECLARA PREJUDICADA A TRAMITAÇÃO DE PROPOSITURA E DÁ OUTRAS PROVIDÊNCIAS.",,https://www.pindamonhangaba.sp.leg.br/proposicoes/0/0/0/0/125492#pesquisa
2016-12-06 00:00:00,RESOLUÇÃO N.º 003/2016,"REVOGA ATO DA MESA DIRETORA, DECLARA PREJUDICADA A TRAMITAÇÃO DE PROPOSITURA E DÁ OUTRAS PROVIDÊNCIAS.",,https://www.pindamonhangaba.sp.leg.br/proposicoes/0/0/0/0/125494#pesquisa
2016-03-01 00:00:00,RESOLUÇÃO N.º 001/2016,REGULAMENTA O USO DO PLENÁRIO.,,https://www.pindamonhangaba.sp.leg.br/proposicoes/0/0/0/0/125483#pesquisa
2015-12-15 09:58:18,RESOLUÇÃO N.º 003/2015,ALTERA O CAPÍTULO X DO TÍTULO XI DO REGIMENTO INTERNO.,,https://www.pindamonhangaba.sp.leg.br/proposicoes/0/0/0/0/125495#pesquisa
2015-12-08 09:46:41,RESOLUÇÃO N.º 002/2015,"ALTERA A RESOLUÇÃO N° 15, DE 15 DE AGOSTO DE 2011, QUE “REGULAMENTA O SISTEMA DE AVALIAÇÃO DE DESEMPENHO PREVISTO NA LEI ORDINÁRIA N° 5.184, DE 18 DE ABRIL DE 2011”.",,https://www.pindamonhangaba.sp.leg.br/proposicoes/0/0/0/0/125482#pesquisa
2015-11-30 09:45:01,RESOLUÇÃO N.º 001/2015,CONCEDE LICENÇA PARA VEREADOR.,,https://www.pindamonhangaba.sp.leg.br/proposicoes/0/0/0/0/125480#pesquisa
2014-11-04 00:00:00,RESOLUÇÃO N.º 005/2014,"DISPÕE SOBRE O SISTEMA DE CONTROLE INTERNO DO PODER LEGISLATIVO DE PINDAMONHANGABA E DEFINE AS COMPETÊNCIAS, ATIVIDADES, RESPONSABILIDADES E DEMAIS REGULAMENTOS DOS PROCEDIMENTOS NECESSÁRIOS.",,https://www.pindamonhangaba.sp.leg.br/proposicoes/0/0/0/0/125489#pesquisa
2014-04-01 00:00:00,RESOLUÇÃO N.º 004/2014,"DÁ NOVA REDAÇÃO AO ART. 2° DA RESOLUÇÃO N° 03/2014, QUE “CONSTITUI UMA COMISSÃO DE ASSUNTOS RELEVANTES, PARA ACOMPANHAR A PROPOSTA DE REMANEJAMENTO DE ÁGUA DO RIO PARAÍBA DO SUL PARA O SISTEMA CANTAREIRA”.",,https://www.pindamonhangaba.sp.leg.br/proposicoes/0/0/0/0/125487#pesquisa
2014-03-25 00:00:00,RESOLUÇÃO N.º 003/2014,"CONSTITUI UMA COMISSÃO DE ASSUNTOS RELEVANTES, PARA ACOMPANHAR A PROPOSTA DE REMANEJAMENTO DE ÁGUA DO RIO PARAÍBA DO SUL PARA O SISTEMA CANTAREIRA.",,https://www.pindamonhangaba.sp.leg.br/proposicoes/0/0/0/0/125485#pesquisa
2014-03-18 00:00:00,RESOLUÇÃO N.º 001/2014,"ALTERA O TÍTULO XIII DO REGIMENTO INTERNO, E DÁ OUTRAS PROVIDÊNCIAS.",,https://www.pindamonhangaba.sp.leg.br/proposicoes/0/0/0/0/125481#pesquisa
2014-03-18 00:00:00,RESOLUÇÃO N.º 002/2014,REGULAMENTA A REALIZAÇÃO DE HOMENAGENS E SESSÕES SOLENES NA CÂMARA DE PINDAMONHANGABA.,,https://www.pindamonhangaba.sp.leg.br/proposicoes/0/0/0/0/125484#pesquisa
2013-10-01 00:00:00,RESOLUÇÃO N.º 005/2013,"CRIA A FRENTE PARLAMENTAR EM DEFESA DA VIDA E DA FAMÍLIA, NO ÂMBITO DA CÂMARA MUNICIPAL DE PINDAMONHANGABA, E DÁ OUTRAS PROVIDÊNCIAS.",,https://www.pindamonhangaba.sp.leg.br/proposicoes/0/0/0/0/125479#pesquisa
2013-05-14 00:00:00,RESOLUÇÃO N.º 004/2013,"ALTERA O ART. 3° DA RESOLUÇÃO 09/2009, QUE INSTITUI O VALE-REFEIÇÃO PARA O QUADRO DE PESSOAL PERMANENTE DA CÂMARA DE PINDAMONHANGABA.",,https://www.pindamonhangaba.sp.leg.br/proposicoes/0/0/0/0/125478#pesquisa
2013-02-19 00:00:00,RESOLUÇÃO N.º 002/2013,REGULAMENTA A REALIZAÇÃO DE HOMENAGENS E SESSÕES SOLENES NA CÂMARA DE PINDAMONHANGABA.,,https://www.pindamonhangaba.sp.leg.br/proposicoes/0/0/0/0/125473#pesquisa
2013-02-19 00:00:00,RESOLUÇÃO N.º 003/2013,"ALTERA A RESOLUÇÃO N° 02, DE 19.02.2013, QUE “REGULAMENTA A REALIZAÇÃO DE HOMENAGENS E SESSÕES SOLENES NA CÂMARA DE PINDAMONHANGABA”.",,https://www.pindamonhangaba.sp.leg.br/proposicoes/0/0/0/0/125477#pesquisa
2013-01-29 00:00:00,RESOLUÇÃO N.º 001/2013,ALTERA O ART. 289 DO REGIMENTO INTERNO.,,https://www.pindamonhangaba.sp.leg.br/proposicoes/0/0/0/0/125472#pesquisa
2009-12-14 00:00:00,RESOLUÇÃO N.º 018/2009,DISPÕE SOBRE A ENTREGA DE DOIS VEÍCULOS USADOS PELO PODER LEGISLATIVO PARA O PODER EXECUTIVO.,,https://www.pindamonhangaba.sp.leg.br/proposicoes/0/0/0/0/125471#pesquisa
2009-11-05 00:00:00,RESOLUÇÃO N.º 017/2009,FIXA LIMITES PARA GASTOS COM TELEFONIA FIXA NOS GABINETES DE VEREADORES.,,https://www.pindamonhangaba.sp.leg.br/proposicoes/0/0/0/0/125461#pesquisa
2009-10-26 00:00:00,RESOLUÇÃO N.º 015/2009,"ALTERA O ARTIGO 1º E OS ITENS 4º E 6º DO ANEXO I DA RESOLUÇÃO Nº 10/2007, QUE DISPÕE SOBRE AVALIAÇÃO DE DESEMPENHO.",,https://www.pindamonhangaba.sp.leg.br/proposicoes/0/0/0/0/125459#pesquisa
2009-10-26 00:00:00,RESOLUÇÃO N.º 016/2009,"DISCIPLINA O PROCEDIMENTO PARA CONTRATAÇÃO DE CHEFE DE GABINETE, CHEFE DE GABINETE DE VEREADOR, CHEFE DE GABINETE DA MESA E ASSESSOR PARLAMENTAR.",,https://www.pindamonhangaba.sp.leg.br/proposicoes/0/0/0/0/125460#pesquisa
2009-08-31 00:00:00,RESOLUÇÃO N.º 014/2009,DISPÕE SOBRE O USO DE “SOFTWARES” PELA CÂMARA MUNICIPAL DE PINDAMONHANGABA,,https://www.pindamonhangaba.sp.leg.br/proposicoes/0/0/0/0/125458#pesquisa
2009-08-10 00:00:00,RESOLUÇÃO N.º 013/2009,ALTERA DISPOSITIVOS DO REGIMENTO INTERNO PARA A CRIAÇÃO DA “INDICAÇÃO DE PROJETO DE LEI”.,,https://www.pindamonhangaba.sp.leg.br/proposicoes/0/0/0/0/125457#pesquisa
2009-07-13 00:00:00,RESOLUÇÃO N.º 012/2009,"ALTERA O ART. 1º DA RESOLUÇÃO Nº 02, DE 26 DE JANEIRO DE 2009, QUE “CONCEDE CESTA BÁSICA AOS SERVIDORES DA CÂMARA DE PINDAMONHANGABA.",,https://www.pindamonhangaba.sp.leg.br/proposicoes/0/0/0/0/125455#pesquisa
2009-06-08 00:00:00,RESOLUÇÃO N.º 011/2009,DISPÕE SOBRE O USO DE “SOFTWARES” PELA CÂMARA MUNICIPAL DE PINDAMONHANGABA.,,https://www.pindamonhangaba.sp.leg.br/proposicoes/0/0/0/0/125454#pesquisa
2009-05-25 00:00:00,RESOLUÇÃO N.º 009/2009,INSTITUI O VALE-REFEIÇÃO PARA O QUADRO DE PESSOAL PERMANENTE DA CÂMARA DE PINDAMONHANGABA.,,https://www.pindamonhangaba.sp.leg.br/proposicoes/0/0/0/0/125452#pesquisa
2009-05-25 00:00:00,RESOLUÇÃO N.º 010/2009,"DÁ NOVA REDAÇÃO AO INCISO I, DO ARTIGO 269, DO REGIMENTO INTERNO.",,https://www.pindamonhangaba.sp.leg.br/proposicoes/0/0/0/0/125453#pesquisa
2009-05-18 00:00:00,RESOLUÇÃO N.º 008/2009,DISPÕE SOBRE A TRANSFERÊNCIA DA SEDE ADMINISTRATIVA DA CÂMARA DE VEREADORES DE PINDAMONHANGABA.,,https://www.pindamonhangaba.sp.leg.br/proposicoes/0/0/0/0/125451#pesquisa
2009-05-11 00:00:00,RESOLUÇÃO N.º 007/2008,"DÁ NOVA REDAÇÃO AO “CAPUT” DO ARTIGO 149, DO REGIMENTO INTERNO.",,https://www.pindamonhangaba.sp.leg.br/proposicoes/0/0/0/0/125450#pesquisa
2009-04-27 00:00:00,RESOLUÇÃO N.º 006/2009,DENOMINAÇÃO DOS RECINTOS DO NOVO PRÉDIO DA CÂMARA DE PINDAMONHANGABA.,,https://www.pindamonhangaba.sp.leg.br/proposicoes/0/0/0/0/125449#pesquisa
2009-03-30 00:00:00,RESOLUÇÃO N.º 005/2009,DÁ NOVA REDAÇÃO AO ART. 10 DO REGIMENTO INTERNO.,,https://www.pindamonhangaba.sp.leg.br/proposicoes/0/0/0/0/125448#pesquisa
2009-03-02 00:00:00,RESOLUÇÃO N.º 004/2009,"CRIA COMISSÃO TEMPORÁRIA NOS TERMOS DOS ARTIGOS 111 E 112 (ASSUNTOS RELEVANTES) DO REGIMENTO INTERNO, PARA ESTUDOS DO PLANO CARREIRA DOS SERVIDORES PÚBLICOS MUNICIPAIS.",,https://www.pindamonhangaba.sp.leg.br/proposicoes/0/0/0/0/125446#pesquisa
2009-02-26 00:00:00,RESOLUÇÃO N.º 003/2009,DISPÕE SOBRE AS DIÁRIAS PARA DESPESAS COM ALIMENTAÇÃO E DÁ OUTRAS PROVIDÊNCIAS.,,https://www.pindamonhangaba.sp.leg.br/proposicoes/0/0/0/0/125445#pesquisa
2009-01-26 00:00:00,RESOLUÇÃO N.º 002/2009,CONCEDE CESTA BÁSICA AOS SERVIDORES DA CÂMARA DE PINDAMONHANGABA.,,https://www.pindamonhangaba.sp.leg.br/proposicoes/0/0/0/0/125444#pesquisa
2009-01-14 00:00:00,RESOLUÇÃO N.º 001/2009,"DÁ NOVA REDAÇÃO AOS ARTIGOS 74 E 79 E CRIA O ARTIGO 79-A, DO REGIMENTO INTERNO DA CÂMARA.",,https://www.pindamonhangaba.sp.leg.br/proposicoes/0/0/0/0/125442#pesquisa
2008-10-31 00:00:00,RESOLUÇÃO N.º 003/2008,"DÁ NOVA REDAÇÃO AO INCISO V, DO ART. 310, DO REGIMENTO INTERNO DA CÂMARA DE VEREADORES DE PINDAMONHANGABA.",,https://www.pindamonhangaba.sp.leg.br/proposicoes/0/0/0/0/125432#pesquisa
2008-05-07 00:00:00,RESOLUÇÃO N.º 002/2008,"DÁ NOVA REDAÇÃO AO ART. 269, INCISO III, ALÍNEA B) DA RESOLUÇÃO Nº 10, DE 22.11.2004 – REGIMENTO INTERNO.",,https://www.pindamonhangaba.sp.leg.br/proposicoes/0/0/0/0/125431#pesquisa
2008-03-31 00:00:00,RESOLUÇÃO N.º 001/2008,DISPÕE SOBRE A CONCESSÃO DE CESTA BÁSICA AOS SERVIDORES DA CÂMARA DE PINDAMONHANGABA.,,https://www.pindamonhangaba.sp.leg.br/proposicoes/0/0/0/0/125430#pesquisa
2007-10-30 00:00:00,RESOLUÇÃO N.º 010/2007,DISPÕE SOBRE AVALIAÇÃO DE DESEMPENHO.,,https://www.pindamonhangaba.sp.leg.br/proposicoes/0/0/0/0/125379#pesquisa
2007-10-22 00:00:00,RESOLUÇÃO N.º 009/2007,DISPÕE SOBRE A IMPLANTAÇÃO DO PROGRAMA “CÂMARA PRESERVA O MEIO AMBIENTE” E DÁ OUTRAS PROVIDÊNCIAS.,,https://www.pindamonhangaba.sp.leg.br/proposicoes/0/0/0/0/125377#pesquisa
2007-10-09 00:00:00,RESOLUÇÃO N.º 011/2007,CRIA NA CÂMARA MUNICIPAL O SERVIÇO “DISQUE-DIREITOS HUMANOS”,,https://www.pindamonhangaba.sp.leg.br/proposicoes/0/0/0/0/125383#pesquisa
2007-08-06 00:00:00,RESOLUÇÃO N.º 008/2007,"REVOGA A RESOLUÇÃO Nº 23, DE 07 DE ABRIL DE 2003.",,https://www.pindamonhangaba.sp.leg.br/proposicoes/0/0/0/0/125376#pesquisa
2007-05-21 00:00:00,RESOLUÇÃO N.º 007/2007,"ALTERA A REDAÇÃO DOS ITENS III, IV E VI DO ARTIGO 322 DO REGIMENTO INTERNO.",,https://www.pindamonhangaba.sp.leg.br/proposicoes/0/0/0/0/125375#pesquisa
2007-05-14 00:00:00,RESOLUÇÃO N.º 006/2007,ACRESCENTA UM PARÁGRAFO AO ARTIGO 135 DO REGIMENTO INTERNO.,,https://www.pindamonhangaba.sp.leg.br/proposicoes/0/0/0/0/125374#pesquisa
2007-03-27 00:00:00,RESOLUÇÃO N.º 005/2007,"ALTERA A REDAÇÃO DO ARTIGO 149 DO REGIMENTO INTERNO, QUE DISPÕE SOBRE SESSÕES ORDINÁRIAS.",,https://www.pindamonhangaba.sp.leg.br/proposicoes/0/0/0/0/125371#pesquisa
2007-02-13 00:00:00,RESOLUÇÃO N.º 004/2007,DETERMINA E ESTABELECE PRAZOS PARA A ENTREGA DE DOCUMENTOS POR PARTE DOS CHEFES DE GABINETES E OS ASSESSORES PARLAMENTARES,,https://www.pindamonhangaba.sp.leg.br/proposicoes/0/0/0/0/125370#pesquisa
2007-02-06 00:00:00,RESOLUÇÃO N.º 003/2007,"ALTERA A REDAÇÃO DO ARTIGO 149 DO REGIMENTO INTERNO, QUE DISPÕE SOBRE SESSÕES ORDINÁRIAS.",,https://www.pindamonhangaba.sp.leg.br/proposicoes/0/0/0/0/125369#pesquisa
2007-01-31 00:00:00,RESOLUÇÃO N.º 002/2007,ALTERA A REDAÇÃO DO ARTIGO 178 DO REGIMENTO INTERNO.,,https://www.pindamonhangaba.sp.leg.br/proposicoes/0/0/0/0/125368#pesquisa
2007-01-19 00:00:00,RESOLUÇÃO N.º 001/2007,REGULAMENTA O USO DOS VEÍCULOS DA CÂMARA DE VEREADORES.,,https://www.pindamonhangaba.sp.leg.br/proposicoes/0/0/0/0/125366#pesquisa
2006-12-11 00:00:00,RESOLUÇÃO N.º 016/2006,"ACRESCENTA UMA ALÍNEA NO INCISO VI, DO § 3º DO ARTIGO 236, DO REGIMENTO INTERNO.",,https://www.pindamonhangaba.sp.leg.br/proposicoes/0/0/0/0/125336#pesquisa
2006-10-23 00:00:00,RESOLUÇÃO N.º 015/2006,"ACRESCENTA UM PARÁGRAFO AO ARTIGO 3º DA RESOLUÇÃO N.º 19, DE 26 DE NOVEMBRO DE 2001, QUE REGULAMENTA O USO DO PLENÁRIO, E DÁ OUTRAS PROVIDÊNCIAS.",,https://www.pindamonhangaba.sp.leg.br/proposicoes/0/0/0/0/125335#pesquisa
2006-08-07 00:00:00,RESOLUÇÃO N.º 014/2006,"DÁ NOVA REDAÇÃO AO § 4º DO ARTIGO 54 DA RESOLUÇÃO N.º 10, DE 22.11.2004, QUE DISPÕE SOBRE O REGIMENTO INTERNO DA CÂMARA DE VEREADORES DE PINDAMONHANGABA.",,https://www.pindamonhangaba.sp.leg.br/proposicoes/0/0/0/0/125334#pesquisa
2006-07-03 00:00:00,RESOLUÇÃO N.º 012/2006,DÁ NOVA REDAÇÃO AO § 6º DO ARTIGO 253 DO REGIMENTO INTERNO.,,https://www.pindamonhangaba.sp.leg.br/proposicoes/0/0/0/0/125332#pesquisa
2006-07-03 00:00:00,RESOLUÇÃO N.º 013/2006,"ALTERA E ACRESCENTA DISPOSITIVOS NA RESOLUÇÃO N.º 10, DE 22.11.2004, QUE DISPÕE SOBRE O REGIMENTO INTERNO DA CÂMARA DE VEREADORES DE PINDAMONHANGABA, E DÁ OUTRAS PROVIDÊNCIAS.",,https://www.pindamonhangaba.sp.leg.br/proposicoes/0/0/0/0/125333#pesquisa
2006-06-26 00:00:00,RESOLUÇÃO N.º 010/2006,DÁ NOVA REDAÇÃO AOS ARTIGOS 133 E 134 DO REGIMENTO INTERNO.,,https://www.pindamonhangaba.sp.leg.br/proposicoes/0/0/0/0/125330#pesquisa
2006-06-26 00:00:00,RESOLUÇÃO N.º 011/2006,"ACRESCENTA UM PARÁGRAFO ÚNICO E DÁ NOVA REDAÇÃO AO INCISO XIII, DO ARTIGO 269 DO REGIMENTO INTERNO.",,https://www.pindamonhangaba.sp.leg.br/proposicoes/0/0/0/0/125331#pesquisa
2006-06-05 00:00:00,RESOLUÇÃO N.º 008/2006,DÁ NOVA REDAÇÃO AO ARTIGO 106 DO REGIMENTO INTERNO.,,https://www.pindamonhangaba.sp.leg.br/proposicoes/0/0/0/0/125327#pesquisa
2006-06-05 00:00:00,RESOLUÇÃO N.º 009/2006,"DISPÕE SOBRE A ADAPTAÇÃO DA ENTRADA DO PRÉDIO DA CÂMARA DE VEREADORES DE PINDAMONHANGABA, PARA FACILITAR O ACESSO DE PESSOAS QUE UTILIZAM CADEIRAS DE RODAS.",,https://www.pindamonhangaba.sp.leg.br/proposicoes/0/0/0/0/125328#pesquisa
2006-05-11 00:00:00,RESOLUÇÃO N.º 007/2024,"VEREADOR MARTIM CESAR, PRESIDENTE DA CÂMARA DE VEREADORES DE PINDAMONHANGABA, USANDO DE SUAS ATRIBUIÇÕES QUE LHE SÃO CONFERIDAS POR LEI, PROMULGA A SEGUINTE RESOLUÇÃO:",,https://www.pindamonhangaba.sp.leg.br/proposicoes/0/0/0/0/125326#pesquisa
2006-02-20 00:00:00,RESOLUÇÃO N.º 005/2006,DISPÕE SOBRE A CRIAÇÃO DE DUAS VAGAS PARA O EMPREGO DE ASSISTENTE DE IMPRENSA PARLAMENTAR.,,https://www.pindamonhangaba.sp.leg.br/proposicoes/0/0/0/0/125325#pesquisa
2006-02-13 00:00:00,RESOLUÇÃO N.º 002/2006,"ACRESCENTA UM PARÁGRAFO NO ARTIGO 1º DA RESOLUÇÃO 05/2003, QUE CRIA A BOLSA ESTÁGIO PARA ESTUDANTES DO NÍVEL MÉDIO.",,https://www.pindamonhangaba.sp.leg.br/proposicoes/0/0/0/0/125322#pesquisa
2006-02-13 00:00:00,RESOLUÇÃO N.º 003/2006,"ALTERA RESOLUÇÃO 08/1990, QUE DISPÕE SOBRE ESTÁGIO PARA ESTUDANTES DO NÍVEL SUPERIOR.",,https://www.pindamonhangaba.sp.leg.br/proposicoes/0/0/0/0/125323#pesquisa
2006-02-13 00:00:00,RESOLUÇÃO N.º 004/2006,DETERMINA E ESTABELECE PRAZOS PARA A ENTREGA DE DOCUMENTOS POR PARTE DOS CHEFES DE GABINETES E OS ASSESSORES PARLAMENTARES.,,https://www.pindamonhangaba.sp.leg.br/proposicoes/0/0/0/0/125324#pesquisa
2006-02-06 00:00:00,RESOLUÇÃO N.º 001/2006,EXTINGUE EMPREGOS EM COMISSÃO DO QUADRO DE PESSOAL DA CÂMARA DE VEREADORES DE PINDAMONHANGABA.,,https://www.pindamonhangaba.sp.leg.br/proposicoes/0/0/0/0/125321#pesquisa
2005-12-20 00:00:00,RESOLUÇÃO N.º 025/2005,CRIA EMPREGO DE PROVIMENTO EM COMISSÃO.,,https://www.pindamonhangaba.sp.leg.br/proposicoes/0/0/0/0/125259#pesquisa
2005-12-16 00:00:00,RESOLUÇÃO N.º 024/2005,CONCEDE CESTA BÁSICA AOS SERVIDORES DA CÂMARA.,,https://www.pindamonhangaba.sp.leg.br/proposicoes/0/0/0/0/125258#pesquisa
2005-11-28 00:00:00,RESOLUÇÃO N.º 023/2005,"DISPÕE SOBRE A DESTINAÇÃO DE RECURSOS FINANCEIROS NO ORÇAMENTO DO LEGISLATIVO PARA AS ATIVIDADES DO DEPTº DE RECURSOS HUMANOS, O & M.",,https://www.pindamonhangaba.sp.leg.br/proposicoes/0/0/0/0/125257#pesquisa
2005-10-24 00:00:00,RESOLUÇÃO N.º 022/2005,REGULAMENTA O USO DOS VEÍCULOS DA CÂMARA DE VEREADORES.,,https://www.pindamonhangaba.sp.leg.br/proposicoes/0/0/0/0/125255#pesquisa
2005-10-10 00:00:00,RESOLUÇÃO N.º 021/2005,CONCEDE LICENÇA PARA VEREADOR.,,https://www.pindamonhangaba.sp.leg.br/proposicoes/0/0/0/0/125253#pesquisa
2005-09-26 00:00:00,RESOLUÇÃO N.º 019/2005,"ALTERA A REDAÇÃO DO ARTIGO 1º DA RESOLUÇÃO N.º 02/95, QUE REGULAMENTA O USO DOS VEÍCULOS DA CÂMARA DE VEREADORES.",,https://www.pindamonhangaba.sp.leg.br/proposicoes/0/0/0/0/125250#pesquisa
2005-09-26 00:00:00,RESOLUÇÃO N.º 020/2005,DISPÕE SOBRE OS CRITÉRIOS E PROCEDIMENTOS PARA AVALIAÇÃO DE DESEMPENHO DOS SERVIDORES EM ESTÁGIO PROBATÓRIO.,,https://www.pindamonhangaba.sp.leg.br/proposicoes/0/0/0/0/125251#pesquisa
2005-09-05 00:00:00,RESOLUÇÃO N.º 018/2005,ALTERA O TÍTULO XIII DO REGIMENTO INTERNO.,,https://www.pindamonhangaba.sp.leg.br/proposicoes/0/0/0/0/125249#pesquisa
2005-08-08 00:00:00,RESOLUÇÃO N.º 017/2005,CONCEDE CESTA BÁSICA AOS SERVIDORES DA CÂMARA.,,https://www.pindamonhangaba.sp.leg.br/proposicoes/0/0/0/0/125248#pesquisa
2005-05-30 00:00:00,RESOLUÇÃO N.º 015/2005,"EXCLUI O PARÁGRAFO ÚNICO DO ARTIGO 332, DO REGIMENTO INTERNO.",,https://www.pindamonhangaba.sp.leg.br/proposicoes/0/0/0/0/125246#pesquisa
2005-05-30 00:00:00,RESOLUÇÃO N.º 016/2005,PRORROGA O PRAZO ESTIPULADO PARA A CONCLUSÃO DOS TRABALHOS DA COMISSÃO DE ESTUDOS SOBRE O RIO PARAÍBA DO SUL.,,https://www.pindamonhangaba.sp.leg.br/proposicoes/0/0/0/0/125247#pesquisa
2005-05-16 00:00:00,RESOLUÇÃO N.º 013/2005,ACRESCENTA UM PARÁGRAFO AO ARTIGO 179 DO REGIMENTO INTERNO.,,https://www.pindamonhangaba.sp.leg.br/proposicoes/0/0/0/0/125243#pesquisa
2005-05-16 00:00:00,RESOLUÇÃO N.º 014/2005,CONCEDE CESTA BÁSICA AOS SERVIDORES DA CÂMARA.,,https://www.pindamonhangaba.sp.leg.br/proposicoes/0/0/0/0/125244#pesquisa
2005-04-25 00:00:00,RESOLUÇÃO N.º 011/2005,ALTERA A REDAÇÃO DO ARTIGO 149 E DO INCISO I DO ART. 269 DO REGIMENTO INTERNO.,,https://www.pindamonhangaba.sp.leg.br/proposicoes/0/0/0/0/125241#pesquisa
2005-04-25 00:00:00,RESOLUÇÃO N.º 012/2005,"DÁ NOVA REDAÇÃO A RESOLUÇÃO N.º 26/2003, QUE DISPÔS SOBRE O PROGRAMA ESTUDANTES NA CÂMARA.",,https://www.pindamonhangaba.sp.leg.br/proposicoes/0/0/0/0/125242#pesquisa
2005-04-11 00:00:00,RESOLUÇÃO N.º 010/2005,CONSTITUI UMA COMISSÃO DE ESTUDOS PARA AVALIAR O RIO PARAÍBA DO SUL.,,https://www.pindamonhangaba.sp.leg.br/proposicoes/0/0/0/0/125240#pesquisa
2005-04-04 00:00:00,RESOLUÇÃO N.º 009/2005,CRIA EMPREGO DE PROVIMENTO EM COMISSÃO.,,https://www.pindamonhangaba.sp.leg.br/proposicoes/0/0/0/0/125239#pesquisa
2005-04-01 00:00:00,RESOLUÇÃO N.º 008/2005,ALTERA A REDAÇÃO DO ARTIGO 149 E DO INCISO I DO ART. 269 DO REGIMENTO INTERNO.,,https://www.pindamonhangaba.sp.leg.br/proposicoes/0/0/0/0/125238#pesquisa
2005-03-07 00:00:00,RESOLUÇÃO N.º 006/2005,"REGULAMENTA O § 8º DO ARTIGO 113, DO REGIMENTO INTERNO.",,https://www.pindamonhangaba.sp.leg.br/proposicoes/0/0/0/0/125236#pesquisa
2005-03-07 00:00:00,RESOLUÇÃO N.º 007/2005,"CONSTITUI UMA COMISSÃO DE REPRESENTAÇÃO PARA PARTICIPAR DO 97º ENCONTRO NACIONAL DE VEREADORES, NA CIDADE DE BRASÍLIA –DF.",,https://www.pindamonhangaba.sp.leg.br/proposicoes/0/0/0/0/125237#pesquisa
2005-02-28 00:00:00,RESOLUÇÃO N.º 005/2005,DÁ NOVA REDAÇÃO AO ARTIGO 8º DO REGIMENTO INTERNO.,,https://www.pindamonhangaba.sp.leg.br/proposicoes/0/0/0/0/125235#pesquisa
2005-02-21 00:00:00,RESOLUÇÃO N.º 004/2005,ALTERA DISPOSITIVOS DO REGIMENTO INTERNO.,,https://www.pindamonhangaba.sp.leg.br/proposicoes/0/0/0/0/125234#pesquisa
2005-02-14 00:00:00,RESOLUÇÃO N.º 002/2005,REVOGA O SISTEMA DE COMPENSAÇÃO DE HORAS DE TRABALHO.,,https://www.pindamonhangaba.sp.leg.br/proposicoes/0/0/0/0/125232#pesquisa
2005-02-14 00:00:00,RESOLUÇÃO N.º 003/2005,DISPÕE SOBRE AS DIÁRIAS PARA DESPESAS COM ALIMENTAÇÃO E DÁ OUTRAS PROVIDÊNCIAS.,,https://www.pindamonhangaba.sp.leg.br/proposicoes/0/0/0/0/125233#pesquisa
2005-01-14 00:00:00,RESOLUÇÃO N.º 001/2005,CONCEDE ABONO SALARIAL E CESTA BÁSICA AOS SERVIDORES DA CÂMARA PARA O MÊS DE JANEIRO DE 2005.,,https://www.pindamonhangaba.sp.leg.br/proposicoes/0/0/0/0/125231#pesquisa
2004-11-22 00:00:00,RESOLUÇÃO N.º 010/2004,DISPÕE SOBRE O REGIMENTO INTERNO DA CÂMARA DE VEREADORES DE PINDAMONHANGABA.,,https://www.pindamonhangaba.sp.leg.br/proposicoes/0/0/0/0/125206#pesquisa
2004-11-05 00:00:00,RESOLUÇÃO N.º 009/2004,CONCEDE LICENÇA A VEREADOR.,,https://www.pindamonhangaba.sp.leg.br/proposicoes/0/0/0/0/125203#pesquisa
2004-10-22 00:00:00,RESOLUÇÃO N.º 011/2004,CONCEDE LICENÇA A VEREADOR.,,https://www.pindamonhangaba.sp.leg.br/proposicoes/0/0/0/0/125207#pesquisa
2004-10-15 00:00:00,RESOLUÇÃO N.º 006/2004,CONCEDE LICENÇA A VEREADOR.,,https://www.pindamonhangaba.sp.leg.br/proposicoes/0/0/0/0/125197#pesquisa
2004-10-15 00:00:00,RESOLUÇÃO N.º 007/2004,CONCEDE LICENÇA A VEREADOR.,,https://www.pindamonhangaba.sp.leg.br/proposicoes/0/0/0/0/125200#pesquisa
2004-09-13 00:00:00,RESOLUÇÃO N.º 005/2004,DISPÕE SOBRE COMUNICAÇÃO DE PUBLICAÇÕES ORIUNDAS DO TRIBUNAL DE CONTAS DESTE ESTADO.,,https://www.pindamonhangaba.sp.leg.br/proposicoes/0/0/0/0/125196#pesquisa
2004-08-11 00:00:00,RESOLUÇÃO N.º 004/2004,"CONCEDE ABONO SALARIAL E CESTA BÁSICA AOS SERVIDORES DA CÂMARA, PARA OS MESES DE AGOSTO A DEZEMBRO DE 2004.",,https://www.pindamonhangaba.sp.leg.br/proposicoes/0/0/0/0/125195#pesquisa
2004-05-03 00:00:00,RESOLUÇÃO N.º 003/2004,CONCEDE LICENÇA A VEREADOR.,,https://www.pindamonhangaba.sp.leg.br/proposicoes/0/0/0/0/125194#pesquisa
2004-02-16 00:00:00,RESOLUÇÃO N.º 002/2004,"DISPÕE SOBRE CONCESSÃO DE ABONO SALARIAL E CESTA BÁSICA AOS SERVIDORES DA CÂMARA, PARA OS MESES DE FEVEREIRO A JULHO DE 2004.",,https://www.pindamonhangaba.sp.leg.br/proposicoes/0/0/0/0/125193#pesquisa
2004-01-16 00:00:00,RESOLUÇÃO N.º 001/2004,"DÁ NOVA DENOMINAÇÃO A EMPREGOS DO QUADRO DE PESSOAL DA CÂMARA DE VEREADORES DE PINDAMONHANGABA, E DÁ OUTRAS PROVIDÊNCIAS.",,https://www.pindamonhangaba.sp.leg.br/proposicoes/0/0/0/0/125191#pesquisa
2003-12-14 00:00:00,RESOLUÇÃO N.º 024/2004,"DISPÕE SOBRE ESTÁGIO DE ESTUDANTES DE CURSO SUPERIOR.
 ",,https://www.pindamonhangaba.sp.leg.br/proposicoes/0/0/0/0/125361#pesquisa
2003-11-10 00:00:00,RESOLUÇÃO N.º 036/2024,"Concede licença a Vereador.
 ",,https://www.pindamonhangaba.sp.leg.br/proposicoes/0/0/0/0/125426#pesquisa
2003-11-03 00:00:00,RESOLUÇÃO N.º 035/2003,ALTERA A DENOMINAÇÃO DO PROGRAMA DE CAPACITAÇÃO E TREINAMENTO CONTÍNUO PARA PROGRAMA DE DESENVOLVIMENTO CONTÍNUO.,,https://www.pindamonhangaba.sp.leg.br/proposicoes/0/0/0/0/125425#pesquisa
2003-10-20 00:00:00,RESOLUÇÃO N.º 034/2003,"CONCEDE LICENÇA A VEREADOR.
 ",,https://www.pindamonhangaba.sp.leg.br/proposicoes/0/0/0/0/125419#pesquisa
2003-08-25 00:00:00,RESOLUÇÃO N.º 033/2003,"INSTITUI O SISTEMA DE BANCO DE HORAS PARA O QUADRO DE PESSOAL DA CÂMARA DE VEREADORES DE PINDAMONHANGABA.
 ",,https://www.pindamonhangaba.sp.leg.br/proposicoes/0/0/0/0/125412#pesquisa
2003-08-18 00:00:00,RESOLUÇÃO N.º 032/2003,"DISPÕE SOBRE CONCESSÃO DE ABONO SALARIAL E CESTA BÁSICA AOS SERVIDORES DA CÂMARA , PARA OS MESES DE AGOSTO DE 2003 À JANEIRO DE 2004.",,https://www.pindamonhangaba.sp.leg.br/proposicoes/0/0/0/0/125404#pesquisa
2003-07-07 00:00:00,RESOLUÇÃO N.º 030/2003,"DÁ NOVA REDAÇÃO AO ARTIGO 5º DA RESOLUÇÃO N.º 15, DE 24 DE MARÇO DE 2003, QUE DISPÕE SOBRE O PROGRAMA EDUCACIONAL CÂMARA MIRIM DE PINDAMONHANGABA, PRORROGANDO O MANDATO DOS VEREADORES MIRINS E DANDO OUTRAS PROVIDÊNCIAS.
 ",,https://www.pindamonhangaba.sp.leg.br/proposicoes/0/0/0/0/125394#pesquisa
2003-07-07 00:00:00,RESOLUÇÃO N.º 031/2003,"DISPÕE SOBRE O PROGRAMA EDUCACIONAL “PREFEITO E VICE – PREFEITO MIRINS”
 ",,https://www.pindamonhangaba.sp.leg.br/proposicoes/0/0/0/0/125395#pesquisa
2003-06-30 00:00:00,RESOLUÇÃO N.º 029/2003,DISPÕE SOBRE A CRIAÇÃO DO PROGRAMA DE CAPACITAÇÃO E TREINAMENTO CONTÍNUO PARA O QUADRO DE PESSOAL DA CÂMARA DE PINDAMONHANGABA.,,https://www.pindamonhangaba.sp.leg.br/proposicoes/0/0/0/0/125392#pesquisa
2003-06-23 00:00:00,RESOLUÇÃO N.º 027/2003,"EXTINGUE E CRIA EMPREGOS DO QUADRO DE PESSOAL DA CÂMARA DE VEREADORES.
 ",,https://www.pindamonhangaba.sp.leg.br/proposicoes/0/0/0/0/125364#pesquisa
2003-06-23 00:00:00,RESOLUÇÃO N.º 028/2003,"ALTERA O NÚMERO DE SESSÕES ORDINÁRIAS REALIZADAS PELA CÂMARA DE VEREADORES.
 ",,https://www.pindamonhangaba.sp.leg.br/proposicoes/0/0/0/0/125389#pesquisa
2003-06-02 00:00:00,RESOLUÇÃO N.º 026/2003,DISPÕE SOBRE IMPLANTAÇÃO DO PROGRAMA “ESTUDANTES NA CÂMARA” E DÁ OUTRAS PROVIDÊNCIAS.,,https://www.pindamonhangaba.sp.leg.br/proposicoes/0/0/0/0/125363#pesquisa
2003-05-19 00:00:00,RESOLUÇÃO N.º 025/2003,DISPÕE SOBRE ESTÁGIO DE ESTUDANTES DE CURSO SUPERIOR.,,https://www.pindamonhangaba.sp.leg.br/proposicoes/0/0/0/0/125362#pesquisa
2003-04-07 00:00:00,RESOLUÇÃO N.º 019/2003,"CRIA DOIS EMPREGOS DE PROVIMENTO EM COMISSÃO.
 ",,https://www.pindamonhangaba.sp.leg.br/proposicoes/0/0/0/0/125342#pesquisa
2003-04-07 00:00:00,RESOLUÇÃO N.º 020/2003,DISPÕE SOBRE O USO DA TRIBUNA LIVRE.,,https://www.pindamonhangaba.sp.leg.br/proposicoes/0/0/0/0/125349#pesquisa
2003-04-07 00:00:00,RESOLUÇÃO N.º 021/2003,"DISPÕE SOBRE A IMPLANTAÇÃO DA CIPA - COMISSÃO INTERNA DE PREVENÇÃO DE ACIDENTES NA CÂMARA DE PINDAMONHANGABA.
 ",,https://www.pindamonhangaba.sp.leg.br/proposicoes/0/0/0/0/125353#pesquisa
2003-04-07 00:00:00,RESOLUÇÃO N.º 022/2003,INSTITUI PLANTÃO DE VEREADORES PARA ATENDIMENTO À POPULAÇÃO.,,https://www.pindamonhangaba.sp.leg.br/proposicoes/0/0/0/0/125354#pesquisa
2003-04-07 00:00:00,RESOLUÇÃO N.º 023/2003,"DISPÕE SOBRE A CONCESSÃO DO ADIANTAMENTO DO DÉCIMO TERCEIRO POR OCASIÃO DO ANIVERSÁRIO DO SERVIDOR.
 
 ",,https://www.pindamonhangaba.sp.leg.br/proposicoes/0/0/0/0/125356#pesquisa
2003-03-31 00:00:00,RESOLUÇÃO N.º 018/2003,"DISPÕE SOBRE CONCESSÃO DE ABONO SALARIAL E CESTA BÁSICA AOS SERVIDORES DA CÂMARA.
 ",,https://www.pindamonhangaba.sp.leg.br/proposicoes/0/0/0/0/125340#pesquisa
2003-03-24 00:00:00,RESOLUÇÃO N.º 015/2003,"DISPÕE SOBRE O PROGRAMA EDUCACIONAL CÂMARA MIRIM DE PINDAMONHANGABA.
 ",,https://www.pindamonhangaba.sp.leg.br/proposicoes/0/0/0/0/125320#pesquisa
2003-03-24 00:00:00,RESOLUÇÃO N.º 016/2003,"DISPÕE SOBRE O REGIMENTO INTERNO DO PROGRAMA EDUCACIONAL CÂMARA MIRIM DE PINDAMONHANGABA.
 
 ",,https://www.pindamonhangaba.sp.leg.br/proposicoes/0/0/0/0/125329#pesquisa
2003-03-24 00:00:00,RESOLUÇÃO N.º 017/2003,INSTITUI A CARTILHA DO LEGISLATIVO MUNICIPAL.,,https://www.pindamonhangaba.sp.leg.br/proposicoes/0/0/0/0/125339#pesquisa
2003-03-10 00:00:00,RESOLUÇÃO N.º 014/2003,"DÁ NOVA REDAÇÃO AO ART.37, ACRESCENTA O ART. 41-H, DO REGIMENTO INTERNO, CRIANDO A COMISSÃO PERMANENTE DE TURISMO.",,https://www.pindamonhangaba.sp.leg.br/proposicoes/0/0/0/0/125318#pesquisa
2003-02-18 00:00:00,RESOLUÇÃO N.º 011/2003,CONCEDE LICENÇA A VEREADOR.,,https://www.pindamonhangaba.sp.leg.br/proposicoes/0/0/0/0/125301#pesquisa
2003-02-18 00:00:00,RESOLUÇÃO N.º 012/2003,"DÁ NOVA REDAÇÃO AOS ARTIGOS 1º; 2º; 3º; E INCISO I E PARÁGRAFO PRIMEIRO DO ARTIGO 6º, DA RESOLUÇÃO N.º 07, DE 27 E JANEIRO DE 2003, QUE ALTERA O NÚMERO DE SESSÕES ORDINÁRIAS REALIZADAS PELA CÂMARA DE VEREADORES.
 ",,https://www.pindamonhangaba.sp.leg.br/proposicoes/0/0/0/0/125310#pesquisa
2003-02-18 00:00:00,RESOLUÇÃO N.º 013/2003,DISPÕE SOBRE ALTERAÇÃO DE VAGAS PARA O EMPREGO DE ASSISTENTE DE SERVIÇOS GERAIS.,,https://www.pindamonhangaba.sp.leg.br/proposicoes/0/0/0/0/125317#pesquisa
2003-02-11 00:00:00,RESOLUÇÃO N.º 009/2003,"DISPÕE SOBRE ALTERAÇÕES NA ESTRUTURA ADMINISTRATIVA DA CÂMARA DE VEREADORES DE PINDAMONHANGABA, E DÁ OUTRAS PROVIDÊNCIAS.",,https://www.pindamonhangaba.sp.leg.br/proposicoes/0/0/0/0/125292#pesquisa
2003-02-11 00:00:00,RESOLUÇÃO N.º 010/2003,"EXTINGUE E CRIA EMPREGOS DO QUADRO DE PESSOAL DA CÂMARA DE VEREADORES.
 ",,https://www.pindamonhangaba.sp.leg.br/proposicoes/0/0/0/0/125294#pesquisa
2003-02-04 00:00:00,RESOLUÇÃO N.º 008/2003, INSTITUI A ATA ELETRÔNICA NAS SESSÕES DE CÂMARA.,,https://www.pindamonhangaba.sp.leg.br/proposicoes/0/0/0/0/125285#pesquisa
2003-01-27 00:00:00,RESOLUÇÃO N.º 007/2003,"ALTERA O NÚMERO DE SESSÕES ORDINÁRIAS REALIZADAS PELA CÂMARA DE VEREADORES.
 ",,https://www.pindamonhangaba.sp.leg.br/proposicoes/0/0/0/0/125279#pesquisa
2003-01-02 00:00:00,RESOLUÇÃO N.º 003/2003,"CRIA  O EMPREGO DE ASSISTENTE DE GABINETE DE VEREADOR.
 ",,https://www.pindamonhangaba.sp.leg.br/proposicoes/0/0/0/0/125254#pesquisa
2003-01-02 00:00:00,RESOLUÇÃO N.º 004/2003,"INSTITUI O AUXÍLIO-ENCARGOS GERAIS DE GABINETE DE VEREADOR, E DÁ OUTRAS PROVIDÊNCIAS.",,https://www.pindamonhangaba.sp.leg.br/proposicoes/0/0/0/0/125263#pesquisa
2003-01-02 00:00:00,RESOLUÇÃO N.º 005/2003,"CRIA A BOLSA ESTÁGIO NA CÂMARA DE VEREADORES DE PINDAMONHANGABA.  
 ",,https://www.pindamonhangaba.sp.leg.br/proposicoes/0/0/0/0/125266#pesquisa
2003-01-02 00:00:00,RESOLUÇÃO N.º 006/2003,"DISPÕE SOBRE ESTÁGIO DE ESTUDANTES DE CURSO SUPERIOR.
 ",,https://www.pindamonhangaba.sp.leg.br/proposicoes/0/0/0/0/125267#pesquisa
2003-01-02 00:00:00,RESOLUÇÃO N.º 001/2003,"DISPÕE SOBRE ALTERAÇÕES NA ESTRUTURA ADMINISTRATIVA DA CÂMARA DE VEREADORES DE PINDAMONHANGABA, E DÁ OUTRAS PROVIDÊNCIAS. 
 
 ",,https://www.pindamonhangaba.sp.leg.br/proposicoes/0/0/0/0/125178#pesquisa
2003-01-02 00:00:00,RESOLUÇÃO N.º 002/2003,"EXTINGUE E CRIA EMPREGOS DO QUADRO DE PESSOAL DA CÂMARA DE VEREADORES.
 ",,https://www.pindamonhangaba.sp.leg.br/proposicoes/0/0/0/0/125183#pesquisa
2001-12-03 00:00:00,RESOLUÇÃO N.º 020/2001,DISPÕE SOBRE A ORGANIZAÇÃO ADMINISTRATIVA DA CÂMARA DE VEREADORES DE PINDAMONHANGABA E DÁ OUTRAS PROVIDÊNCIAS.,,https://www.pindamonhangaba.sp.leg.br/proposicoes/0/0/0/0/125174#pesquisa
2001-12-03 00:00:00,RESOLUÇÃO N.º 021/2001,DISPÕE SOBRE O QUADRO DE PESSOAL DA CÂMARA DE VEREADORES DE PINDAMONHANGABA E DÁ OUTRAS PROVIDÊNCIAS.,,https://www.pindamonhangaba.sp.leg.br/proposicoes/0/0/0/0/125176#pesquisa
2001-12-03 00:00:00,RESOLUÇÃO N.º 022/2001,"DÁ NOVA REDAÇÃO AO ART. 37, ACRESCENTA O ART. 41-F, DO REGIMENTO INTERNO, CRIANDO A COMISSÃO PERMANENTE DE ECOLOGIA E DO MEIO AMBIENTE.",,https://www.pindamonhangaba.sp.leg.br/proposicoes/0/0/0/0/125177#pesquisa
2001-11-26 00:00:00,RESOLUÇÃO N.º 019/2001,REGULAMENTA O USO DO PLENÁRIO.,,https://www.pindamonhangaba.sp.leg.br/proposicoes/0/0/0/0/125165#pesquisa
2001-11-05 00:00:00,RESOLUÇÃO N.º 008/2004,CONCEDE LICENÇA A VEREADOR.,,https://www.pindamonhangaba.sp.leg.br/proposicoes/0/0/0/0/125202#pesquisa
2001-11-05 00:00:00,RESOLUÇÃO N.º 017/2001,"DÁ NOVA REDAÇÃO AO ART. 37 E ACRESCENTA O ART. 41-E DO REGIMENTO INTERNO, CRIANDO A COMISSÃO PERMANENTE DE INDÚSTRIA, COMÉRCIO E SERVIÇOS.",,https://www.pindamonhangaba.sp.leg.br/proposicoes/0/0/0/0/125163#pesquisa
2001-11-05 00:00:00,RESOLUÇÃO N.º 018/2001,DÁ NOVA REDAÇÃO AO § 1º DO ART. 44 DO REGIMENTO INTERNO.,,https://www.pindamonhangaba.sp.leg.br/proposicoes/0/0/0/0/125164#pesquisa
2001-10-29 00:00:00,RESOLUÇÃO N.º 016/2001,CONCEDE LICENÇA A VEREADOR.,,https://www.pindamonhangaba.sp.leg.br/proposicoes/0/0/0/0/125162#pesquisa
2001-10-15 00:00:00,RESOLUÇÃO N.º 015/2001,CONCEDE LICENÇA A VEREADOR.,,https://www.pindamonhangaba.sp.leg.br/proposicoes/0/0/0/0/125160#pesquisa
2001-09-24 00:00:00,RESOLUÇÃO N.º 014/2001,DISPÕE SOBRE CONCESSÃO DE ABONO SALARIAL AOS SERVIDORES DA CÂMARA PARA OS MESES DE SETEMBRO A DEZEMBRO DE 2001.,,https://www.pindamonhangaba.sp.leg.br/proposicoes/0/0/0/0/125159#pesquisa
2001-09-17 00:00:00,RESOLUÇÃO N.º 012/2001,CONCEDE LICENÇA A VEREADOR.,,https://www.pindamonhangaba.sp.leg.br/proposicoes/0/0/0/0/125157#pesquisa
2001-09-17 00:00:00,RESOLUÇÃO N.º 013/2001,"DÁ NOVA REDAÇÃO AO ART. 37, ACRESCENTA O ART. 41-D, DO REGIMENTO INTERNO, CRIANDO A COMISSÃO PERMANENTE DE TRÂNSITO, TRÁFEGO E TRANSPORTES.",,https://www.pindamonhangaba.sp.leg.br/proposicoes/0/0/0/0/125158#pesquisa
2001-09-10 00:00:00,RESOLUÇÃO N.º 011/2001,AUTORIZA A CÂMARA DE VEREADORES DE PINDAMONHANGABA A IMPLANTAR A SUA OUVIDORIA.,,https://www.pindamonhangaba.sp.leg.br/proposicoes/0/0/0/0/125156#pesquisa
2001-08-13 00:00:00,RESOLUÇÃO N.º 009/2001,CONCEDE LICENÇA A VEREADOR.,,https://www.pindamonhangaba.sp.leg.br/proposicoes/0/0/0/0/125154#pesquisa
2001-08-13 00:00:00,RESOLUÇÃO N.º 010/2001,AUTORIZA A CÂMARA DE VEREADORES DE PINDAMONHANGABA A IMPLANTAR A SUA OUVIDORIA.,,https://www.pindamonhangaba.sp.leg.br/proposicoes/0/0/0/0/125155#pesquisa
2001-06-25 00:00:00,RESOLUÇÃO N.º 008/2001,CONCEDE LICENÇA A VEREADOR.,,https://www.pindamonhangaba.sp.leg.br/proposicoes/0/0/0/0/125153#pesquisa
2001-06-11 00:00:00,RESOLUÇÃO N.º 007/2001,ALTERA A REDAÇÃO DE ARTIGOS DO REGIMENTO INTERNO.,,https://www.pindamonhangaba.sp.leg.br/proposicoes/0/0/0/0/125152#pesquisa
2001-04-18 00:00:00,RESOLUÇÃO N.º 006/2001,DISPÕE SOBRE CONCESSÃO DE ABONO SALARIAL AOS SERVIDORES DA CÂMARA PARA OS MESES DE MAIO À AGOSTO DE 2001.,,https://www.pindamonhangaba.sp.leg.br/proposicoes/0/0/0/0/125151#pesquisa
2001-04-09 00:00:00,RESOLUÇÃO N.º 004/2001,CRIA UMA COMISSÃO TEMPORÁRIA DE ESTUDOS.,,https://www.pindamonhangaba.sp.leg.br/proposicoes/0/0/0/0/125150#pesquisa
2001-03-01 00:00:00,RESOLUÇÃO N.º 003/2001,"ALTERA AS ATRIBUIÇÕES DOS CARGOS CRIADOS PELA RESOLUÇÃO Nº 10/2000, QUE DISPÕE SOBRE A CRIAÇÃO DE CARGO DE ASSISTENTE PARLAMENTAR E ASSISTENTE DE GABINETE E DEFINE O REGIMENTO TRABALHISTA.",,https://www.pindamonhangaba.sp.leg.br/proposicoes/0/0/0/0/125149#pesquisa
2001-02-05 00:00:00,RESOLUÇÃO N.º 002/2001,CONCEDE LICENÇA A VEREADOR.,,https://www.pindamonhangaba.sp.leg.br/proposicoes/0/0/0/0/125148#pesquisa
2001-01-23 00:00:00,RESOLUÇÃO N.º 001/2001,DISPÕE SOBRE CONCESSÃO DE ABONO SALARIAL AOS SERVIDORES DA CÂMARA PARA OS MESES DE JANEIRO À ABRIL DE 2001.,,https://www.pindamonhangaba.sp.leg.br/proposicoes/0/0/0/0/125147#pesquisa
2000-12-04 00:00:00,RESOLUÇÃO N.º 013/2000,"DÁ NOVA REDAÇÃO AO § 2º DO ART. 3º, DA RESOLUÇÃO N.º 03/2000, QUE ALTERA O USO DA TRIBUNA LIVRE.",,https://www.pindamonhangaba.sp.leg.br/proposicoes/0/0/0/0/125145#pesquisa
2000-11-20 00:00:00,RESOLUÇÃO N.º 011/2000,"ALTERA O ARTIGO 2º DA RESOLUÇÃO N.º 04, DE 27 DE MARÇO DE 2000, QUE INSTITUI JUNTO À CÂMARA DE VEREADORES DE PINDAMONHANGABA, O CENTRO DE DEFESA E ORIENTAÇÃO DOS IDOSOS (CDOI).",,https://www.pindamonhangaba.sp.leg.br/proposicoes/0/0/0/0/125143#pesquisa
2000-11-20 00:00:00,RESOLUÇÃO N.º 012/2000,"ACRESCENTA UM ARTIGO A RESOLUÇÃO N.º 10/2000, QUE DISPÕE SOBRE A CRIAÇÃO DE CARGO DE ASSISTENTE PARLAMENTAR E ASSISTENTE DE GABINETE E DÁ OUTRAS PROVIDÊNCIAS.",,https://www.pindamonhangaba.sp.leg.br/proposicoes/0/0/0/0/125144#pesquisa
2000-10-23 00:00:00,RESOLUÇÃO N.º 010/2000,DISPÕE SOBRE A CRIAÇÃO DE CARGO DE ASSISTENTE PARLAMENTAR E ASSISTENTE DE GABINETE E DÁ OUTRAS PROVIDÊNCIAS.,,https://www.pindamonhangaba.sp.leg.br/proposicoes/0/0/0/0/125142#pesquisa
2000-09-29 00:00:00,RESOLUÇÃO N.º 009/2000,INSTITUI REEMBOLSO DE GASTOS ADICIONAIS NO DESEMPENHO DE FUNÇÃO LEGISLATIVA.,,https://www.pindamonhangaba.sp.leg.br/proposicoes/0/0/0/0/125141#pesquisa
2000-06-12 00:00:00,RESOLUÇÃO N.º 008/2000,"DISPÕE SOBRE ALTERAÇÃO DOS ARTIGOS 37 E 41-A E ACRESCENTA OS ARTIGOS 41-B E 41-C, DO REGIMENTO INTERNO.",,https://www.pindamonhangaba.sp.leg.br/proposicoes/0/0/0/0/125139#pesquisa
2000-05-22 00:00:00,RESOLUÇÃO N.º 007/2000,DISPÕE SOBRE CONCESSÃO DE ABONO SALARIAL AOS SERVIDORES DA CÂMARA PARA OS MESES DE MAIO À DEZEMBRO DE 2000.,,https://www.pindamonhangaba.sp.leg.br/proposicoes/0/0/0/0/125138#pesquisa
2000-04-27 00:00:00,RESOLUÇÃO N.º 006/2000,CONCEDE LICENÇA A VEREADOR.,,https://www.pindamonhangaba.sp.leg.br/proposicoes/0/0/0/0/125137#pesquisa
2000-04-10 00:00:00,RESOLUÇÃO N.º 005/2000,DESMEMBRA A COMISSÃO DE SAÚDE E ASSISTÊNCIA SOCIAL E CRIA A COMISSÃO DE DEFESA DO CONSUMIDOR.,,https://www.pindamonhangaba.sp.leg.br/proposicoes/0/0/0/0/125136#pesquisa
2000-03-27 00:00:00,RESOLUÇÃO N.º 004/2000,"INSTITUI JUNTO À CÂMARA DE VEREADORES DE PINDAMONHANGABA, O CENTRO DE DEFESA E ORIENTAÇÃO DO IDOSO (CDOI).",,https://www.pindamonhangaba.sp.leg.br/proposicoes/0/0/0/0/125135#pesquisa
2000-03-09 00:00:00,RESOLUÇÃO N.º 003/2000,ALTERA O USO DA TRIBUNA LIVRE.,,https://www.pindamonhangaba.sp.leg.br/proposicoes/0/0/0/0/125133#pesquisa
2000-03-09 00:00:00,RESOLUÇÃO N.º 002/2000,"ACRESCENTA UM PARÁGRAFO AO ARTIGO 157, DO REGIMENTO INTERNO.",,https://www.pindamonhangaba.sp.leg.br/proposicoes/0/0/0/0/125146#pesquisa
2000-02-21 00:00:00,RESOLUÇÃO N.º 001/2000,"DISPÕE SOBRE CONCESSÃO DE ABONO SALARIAL, AOS SERVIDORES DA CÂMARA PARA OS MESES DE FEVEREIRO, MARÇO E ABRIL DE 2000.",,https://www.pindamonhangaba.sp.leg.br/proposicoes/0/0/0/0/125132#pesquisa
1999-11-16 00:00:00,RESOLUÇÃO N.º 009/1999,"DISPÕE SOBRE CONCESSÃO DE ABONO SALARIAL AOS SERVIDORES DA CÂMARA PARA OS MESES DE NOVEMBRO E DEZEMBRO DE 1999 E JANEIRO DE 2000.
 ",,https://www.pindamonhangaba.sp.leg.br/proposicoes/0/0/0/0/125554#pesquisa
1999-10-24 00:00:00,RESOLUÇÃO N.º 008/1999,CONCEDE LICENÇA PARA VEREADOR.,,https://www.pindamonhangaba.sp.leg.br/proposicoes/0/0/0/0/125553#pesquisa
1999-09-09 00:00:00,RESOLUÇÃO N.º 007/1999,"DISPÕE SOBRE AS DIÁRIAS PARA DESPESAS COM ALIMENTAÇÃO E DÁ OUTRAS PROVIDÊNCIAS.
 ",,https://www.pindamonhangaba.sp.leg.br/proposicoes/0/0/0/0/125552#pesquisa
1999-08-30 00:00:00,RESOLUÇÃO N.º 006/1999,"DISPÕE SOBRE CONCESSÃO DE ABONO SALARIAL AOS SERVIDORES DA CÂMARA PARA OS MESES DE AGOSTO, SETEMBRO E OUTUBRO/99.
 ",,https://www.pindamonhangaba.sp.leg.br/proposicoes/0/0/0/0/125551#pesquisa
1999-07-06 00:00:00,RESOLUÇÃO N.º 005/1999,"CONCEDE LICENÇA A VEREADOR.
 ",,https://www.pindamonhangaba.sp.leg.br/proposicoes/0/0/0/0/125550#pesquisa
1999-05-13 00:00:00,RESOLUÇÃO N.º 004/1999,"CONCEDE LICENÇA A VEREADOR.
 ",,https://www.pindamonhangaba.sp.leg.br/proposicoes/0/0/0/0/125549#pesquisa
1999-05-03 00:00:00,RESOLUÇÃO N.º 003/1999,"DÁ NOVA REDAÇÃO AO TÍTULO XII, DAS HOMENAGENS ESPECIAIS, CAPÍTULO I DO TÍTULO DE CIDADANIA HONORÁRIA E CAPÍTULO II, DO “MÉRITO LEGISLATIVO”, ARTIGOS 236 A 247, DO REGIMENTO INTERNO.
 ",,https://www.pindamonhangaba.sp.leg.br/proposicoes/0/0/0/0/125548#pesquisa
1999-02-22 00:00:00,RESOLUÇÃO N.º 002/1999,"DISPÕE SOBRE CONCESSÃO DE ABONO SALARIAL AOS SERVIDORES DA CÂMARA PARA OS MESES DE FEVEREIRO, MARÇO E ABRIL/99.
 ",,https://www.pindamonhangaba.sp.leg.br/proposicoes/0/0/0/0/125547#pesquisa
1999-02-08 00:00:00,RESOLUÇÃO N.º 001/1999,"DÁ NOVA REDAÇÃO AOS ARTIGOS 148 E 149, DO REGIMENTO INTERNO.
 ",,https://www.pindamonhangaba.sp.leg.br/proposicoes/0/0/0/0/125546#pesquisa
1998-11-16 00:00:00,RESOLUÇÃO N.º 019/1998,"DISPÕE SOBRE CONCESSÃO DE ABONO SALARIAL AS SERVIDORES DA CÂMARA PARA OS MESES DE NOVEMBRO E DEZEMBRO/98 E JANEIRO/99.
 ",,https://www.pindamonhangaba.sp.leg.br/proposicoes/0/0/0/0/125544#pesquisa
1998-09-14 00:00:00,RESOLUÇÃO N.º 018/1998,"DENOMINA A TRIBUNA INSTALADA NO RECINTO DAS SESSÕES DE CÂMARA.
 ",,https://www.pindamonhangaba.sp.leg.br/proposicoes/0/0/0/0/125543#pesquisa
1998-08-17 00:00:00,RESOLUÇÃO N.º 017/1998,"DISPÕE SOBRE CONCESSÃO DE ABONO SALARIAL AOS SERVIDORES DA CÂMARA PARA OS MESES DE AGOSTO, SETEMBRO E OUTUBRO DE 1998.
 ",,https://www.pindamonhangaba.sp.leg.br/proposicoes/0/0/0/0/125542#pesquisa
1998-07-30 00:00:00,RESOLUÇÃO N.º 016/1998,"DISPÕE SOBRE CONCESSÃO DE ABONO SALARIAL AOS SERVIDORES DA CÂMARA PARA O MÊS DE JULHO.
 ",,https://www.pindamonhangaba.sp.leg.br/proposicoes/0/0/0/0/125541#pesquisa
1998-06-22 00:00:00,RESOLUÇÃO N.º 013/1998,"DISPÕE SOBRE CONCESSÃO DE ABONO SLARIAL AOS SERVIDORES DA CÂMARA PARA O MÊS DE JUNHO/98.
 ",,https://www.pindamonhangaba.sp.leg.br/proposicoes/0/0/0/0/125529#pesquisa
1998-06-22 00:00:00,RESOLUÇÃO N.º 014/1998,"INSTITUI PROMOÇÃO ANUAL EM HOMENAGEM AOS “SERVIDORES PÚBLICOS MUNICIPAIS”.
 ",,https://www.pindamonhangaba.sp.leg.br/proposicoes/0/0/0/0/125539#pesquisa
1998-06-22 00:00:00,RESOLUÇÃO N.º 015/1998,"INSTITUI O PROJETO “VEREADOR POR UM DIA”.
 ",,https://www.pindamonhangaba.sp.leg.br/proposicoes/0/0/0/0/125540#pesquisa
1998-05-25 00:00:00,RESOLUÇÃO N.º 012/1998,"DISPÕE SOBRE CONCESSÃO DE REAJUSTE DE 9% ABONO SALARIAL E INCORPORAÇÃO SALARIAL AOS SERVIDORES DA CÂMARA, PARA O MÊS DE MAIO/98.
 ",,https://www.pindamonhangaba.sp.leg.br/proposicoes/0/0/0/0/125528#pesquisa
1998-05-18 00:00:00,RESOLUÇÃO N.º 009/1998,"ALTERA OS ARTIGOS 244 E 247 DO REGIMENTO INTERNO.
 ",,https://www.pindamonhangaba.sp.leg.br/proposicoes/0/0/0/0/125519#pesquisa
1998-05-18 00:00:00,RESOLUÇÃO N.º 010/1998,"CONCEDE LICENÇA PARA VEREADOR TRATAR DE ASSUNTO DE INTERESSE PARTICULAR.
 ",,https://www.pindamonhangaba.sp.leg.br/proposicoes/0/0/0/0/125521#pesquisa
1998-05-18 00:00:00,RESOLUÇÃO N.º 011/1998,"ACRESCENTA O § 4º AO ARTIGO 239 DO REGIMENTO INTERNO.
 ",,https://www.pindamonhangaba.sp.leg.br/proposicoes/0/0/0/0/125525#pesquisa
1998-05-04 00:00:00,RESOLUÇÃO N.º 008/1998,"DÁ NOVA REDAÇÃO AOS ARTIGOS 237, 238 E 242 DO REGIMENTO INTERNO DA CÂMARA.
 ",,https://www.pindamonhangaba.sp.leg.br/proposicoes/0/0/0/0/125518#pesquisa
1998-04-27 00:00:00,RESOLUÇÃO N.º 007/1998,"DISPÕE SOBRE CONCESSÃO DE ABONO SALARIAL AOS SERVIDORES DA CÂMARA PARA O MÊS DE ABRIL/98.
 ",,https://www.pindamonhangaba.sp.leg.br/proposicoes/0/0/0/0/125515#pesquisa
1998-04-23 00:00:00,RESOLUÇÃO N.º 006/1998,"DÁ NOVA REDAÇÃO AO § 1º DO ARTIGO 114, DO REGIMENTO INTERNO.",,https://www.pindamonhangaba.sp.leg.br/proposicoes/0/0/0/0/125507#pesquisa
1998-04-06 00:00:00,RESOLUÇÃO N.º 005/1998,"ALTERA O ARTIGO 6º DA RESOLUÇÃO Nº 04, DE 16 DE MAIO DE 1988, QUE INSTITUI A TRIBUNA LIVRE.
 ",,https://www.pindamonhangaba.sp.leg.br/proposicoes/0/0/0/0/125496#pesquisa
1998-03-30 00:00:00,RESOLUÇÃO N.º 004/1998,"EXTINGUE A VERBA DE REPRESENTAÇÃO DO 1º SECRETÁRIO DA MESA.
 ",,https://www.pindamonhangaba.sp.leg.br/proposicoes/0/0/0/0/125493#pesquisa
1998-03-23 00:00:00,RESOLUÇÃO N.º 003/1998,"DISPÕE SOBRE CONCESSÃO DE ABONO SALARIAL AOS SERVIDORES DA CÂMARA PARA O MÊS DE MARÇO/98.
 ",,https://www.pindamonhangaba.sp.leg.br/proposicoes/0/0/0/0/125491#pesquisa
1998-02-16 00:00:00,RESOLUÇÃO N.º 002/1998,"DISPÕE SOBRE CONCESSÃO DE ABONO SALARIAL AOS SERVIDORES DA CÂMARA PARA O MÊS DE FEVEREIRO/98.
 ",,https://www.pindamonhangaba.sp.leg.br/proposicoes/0/0/0/0/125490#pesquisa
1998-02-02 00:00:00,RESOLUÇÃO N.º 001/1998,"REVOGA A RESOLUÇÃO Nº 01 DE 02 DE FEVEREIRO DE 1998.
 ",,https://www.pindamonhangaba.sp.leg.br/proposicoes/0/0/0/0/125486#pesquisa
1997-12-11 00:00:00,RESOLUÇÃO N.º 015/1997,"REVOGA A RESOLUÇÃO N.º 08, DE 12 DE MAIO DE 1997, QUE DISPÕE SOBRE REALIZAÇÃO DE SESSÃO ITINERANTE.",,https://www.pindamonhangaba.sp.leg.br/proposicoes/0/0/0/0/125416#pesquisa
1997-12-04 00:00:00,RESOLUÇÃO N.º 019/1997,"DISPÕE SOBRE CONCESSÃO SALARIAL PARA OS SERVIDORES DA CÂMARA PARA O MÊS DE DEZEMBRO/97.
 ",,https://www.pindamonhangaba.sp.leg.br/proposicoes/0/0/0/0/125422#pesquisa
1997-12-04 00:00:00,RESOLUÇÃO N.º 020/1997,"DISPÕE SOBRE CONCESSÃO SALARIAL PARA OS SERVIDORES DA CÂMARA PARA O MÊS DE JANEIRO/98.
 ",,https://www.pindamonhangaba.sp.leg.br/proposicoes/0/0/0/0/125423#pesquisa
1997-11-20 00:00:00,RESOLUÇÃO N.º 018/1997,"DISPÕE SOBRE CONCESSÃO SALARIAL PARA OS SERVIDORES DA CÂMARA PARA O MÊS DE NOVEMBRO/97.
 ",,https://www.pindamonhangaba.sp.leg.br/proposicoes/0/0/0/0/125421#pesquisa
1997-10-20 00:00:00,RESOLUÇÃO N.º 017/1997,"DISPÕE SOBRE CONCESSÃO SALARIAL PARA OS SERVIDORES DA CÂMARA PARA O MÊS DE OUTUBRO/97.
 ",,https://www.pindamonhangaba.sp.leg.br/proposicoes/0/0/0/0/125420#pesquisa
1997-09-22 00:00:00,RESOLUÇÃO N.º 016/1997,"DISPÕE SOBRE CONCESSÃO SALARIAL PARA OS SERVIDORES DA CÂMARA PARA O MÊS DE SETEMBRO/97.
 ",,https://www.pindamonhangaba.sp.leg.br/proposicoes/0/0/0/0/125417#pesquisa
1997-08-25 00:00:00,RESOLUÇÃO N.º 014/1997,"DISPÕE SOBRE CONCESSÃO SALARIAL PARA OS SERVIDORES DA CÂMARA PARA O MÊS DE AGOSTO/97.
 ",,https://www.pindamonhangaba.sp.leg.br/proposicoes/0/0/0/0/125415#pesquisa
1997-07-18 00:00:00,RESOLUÇÃO N.º 013/1997,"DISPÕE SOBRE CONCESSÃO SALARIAL PARA OS SERVIDORES DA CÂMARA PARA O MÊS DE JULHO/97.
 ",,https://www.pindamonhangaba.sp.leg.br/proposicoes/0/0/0/0/125413#pesquisa
1997-07-07 00:00:00,RESOLUÇÃO N.º 011/1997,"ALTERA A REDAÇÃO DO ARTIGO 105 DO REGIMENTO INTERNO.
 ",,https://www.pindamonhangaba.sp.leg.br/proposicoes/0/0/0/0/125409#pesquisa
1997-07-07 00:00:00,RESOLUÇÃO N.º 012/1997,"INSTITUI O USO DE CAMISA SOCIAL E GRAVATA NAS SESSÕES DA CÂMARA DE VEREADORES.
 ",,https://www.pindamonhangaba.sp.leg.br/proposicoes/0/0/0/0/125411#pesquisa
1997-06-23 00:00:00,RESOLUÇÃO N.º 010/1997,"DISPÕE SOBRE CONCESSÃO SALARIAL PARA OS SERVIDORES DA CÂMARA PARA O MÊS DE JUNHO/97.
 ",,https://www.pindamonhangaba.sp.leg.br/proposicoes/0/0/0/0/125408#pesquisa
1997-05-26 00:00:00,RESOLUÇÃO N.º 009/1997,"DISPÕE SOBE CONCESSÃO DE REAJUSTE DE 7% E ABONO SALARIAL AOS SERVIDORES DA CÂMARA, PARA O MÊS DE MAIO/97.
 ",,https://www.pindamonhangaba.sp.leg.br/proposicoes/0/0/0/0/125407#pesquisa
1997-05-12 00:00:00,RESOLUÇÃO N.º 007/1997,"DÁ NOVA REDAÇÃO AO ARTIGO 245 DO REGIMENTO INTERNO DA CÂMARA DE VEREADORES.
 ",,https://www.pindamonhangaba.sp.leg.br/proposicoes/0/0/0/0/125405#pesquisa
1997-05-12 00:00:00,RESOLUÇÃO N.º 008/1997,"DISPÕE SOBRE A REALIZAÇÃO DE SESSÃO ITINERANTE.
 ",,https://www.pindamonhangaba.sp.leg.br/proposicoes/0/0/0/0/125406#pesquisa
1997-04-24 00:00:00,RESOLUÇÃO N.º 006/1997,"DISPÕE SOBRE CONCESSÃO SALARIAL PARA OS SERVIDORES DA CÂMARA PARA O MÊS DE ABRIL/97.
 ",,https://www.pindamonhangaba.sp.leg.br/proposicoes/0/0/0/0/125403#pesquisa
1997-03-24 00:00:00,RESOLUÇÃO N.º 005/1997,"DISPÕE SOBRE CONCESSÃO SALARIAL PARA OS SERVIDORES DA CÂMARA PARA O MÊS DE MARÇO/97.
 ",,https://www.pindamonhangaba.sp.leg.br/proposicoes/0/0/0/0/125402#pesquisa
1997-03-03 00:00:00,RESOLUÇÃO N.º 003/1997,"ALTERA OS ARTIGOS 148 E 149, DO REGIMENTO INTERNO DA CÂMARA.
 ",,https://www.pindamonhangaba.sp.leg.br/proposicoes/0/0/0/0/125400#pesquisa
1997-03-03 00:00:00,RESOLUÇÃO N.º 004/1997,"DISPÕE SOBRE A CRIAÇÃO DE CARGOS EM COMISSÃO E DÁ OUTRAS PROVIDÊNCIAS. 
 ",,https://www.pindamonhangaba.sp.leg.br/proposicoes/0/0/0/0/125401#pesquisa
1997-02-24 00:00:00,RESOLUÇÃO N.º 002/1997,"DISPÕE SOBRE CONCESSÃO SALARIAL PARA OS SERVIDORES DA CÂMARA PARA O MÊS DE FEVEREIRO/97.
 ",,https://www.pindamonhangaba.sp.leg.br/proposicoes/0/0/0/0/125399#pesquisa
1997-01-28 00:00:00,RESOLUÇÃO N.º 001/1997,"DISPÕE SOBRE CONCESSÃO SALARIAL PARA OS SERVIDORES DA CÂMARA PARA O MÊS DE JANEIRO/97.
 ",,https://www.pindamonhangaba.sp.leg.br/proposicoes/0/0/0/0/125398#pesquisa
1996-10-21 00:00:00,RESOLUÇÃO N.º 009/1996,"DISPÕE SOBRE CONCESSÃO SALARIAL PARA OS SERVIDORES DA CÂMARA PARA O MÊS DE OUTUBRO/96.
 ",,https://www.pindamonhangaba.sp.leg.br/proposicoes/0/0/0/0/125387#pesquisa
1996-09-16 00:00:00,RESOLUÇÃO N.º 008/1996,"DISPÕE SOBRE CONCESSÃO SALARIAL PARA OS SERVIDORES DA CÂMARA PARA O MÊS DE SETEMBRO/96.
 ",,https://www.pindamonhangaba.sp.leg.br/proposicoes/0/0/0/0/125386#pesquisa
1996-08-26 00:00:00,RESOLUÇÃO N.º 007/1996,"DISPÕE SOBRE CONCESSÃO SALARIAL PARA OS SERVIDORES DA CÂMARA PARA O MÊS DE AGOSTO/96.
 ",,https://www.pindamonhangaba.sp.leg.br/proposicoes/0/0/0/0/125385#pesquisa
1996-07-08 00:00:00,RESOLUÇÃO N.º 006/1996,"DISPÕE SOBRE A FIXAÇÃO DA REMUNERAÇÃO DOS VEREADORES E VERBA DE REPRESENTAÇÃO DO PRESIDENTE DA CÂMARA E DO 1º SECRETÁRIO PARA A LEGISLATURA 1997-2000.
 ",,https://www.pindamonhangaba.sp.leg.br/proposicoes/0/0/0/0/125384#pesquisa
1996-06-24 00:00:00,RESOLUÇÃO N.º 005/1996,"DISPÕE SOBE CONCESSÃO DE ABONO SALARIAL PARA OS MESES DE JUNHO E JULHO/96, E REAJUSTE DE 3% PARA O MÊS DE JUNHO AOS SERVIDORES DA CÂMARA.
 ",,https://www.pindamonhangaba.sp.leg.br/proposicoes/0/0/0/0/125381#pesquisa
1996-05-27 00:00:00,RESOLUÇÃO N.º 004/1996,"DISPÕE SOBRE CONCESSÃO DE ABONO SALARIAL AOS SERVIDORES DA CÂMARA PARA O MÊS DE MAIO/96.
 ",,https://www.pindamonhangaba.sp.leg.br/proposicoes/0/0/0/0/125380#pesquisa
1996-04-24 00:00:00,RESOLUÇÃO N.º 003/1996,"DISPÕE SOBRE CONCESSÃO DE 5% DE REAJUSTE E ABONO SALARIAL AOS SERVIDORES DA CÂMARA DE VEREADORES PARA O MÊS DE ABRIL/96.
 ",,https://www.pindamonhangaba.sp.leg.br/proposicoes/0/0/0/0/125372#pesquisa
1996-03-25 00:00:00,RESOLUÇÃO N.º 002/1996,"DISPÕE SOBRE CONCESSÃO DE ABONO SALARIAL AOS SERVIDORES DA CÂMARA DE VEREADORES.
 ",,https://www.pindamonhangaba.sp.leg.br/proposicoes/0/0/0/0/125367#pesquisa
1996-02-12 00:00:00,RESOLUÇÃO N.º 001/1996,"DISPÕE SOBRE CONCESSÃO DE ABONO SALARIAL AOS SERVIDORES DA CÂMARA DE VEREADORES.
 ",,https://www.pindamonhangaba.sp.leg.br/proposicoes/0/0/0/0/125365#pesquisa
1995-12-04 00:00:00,RESOLUÇÃO N.º 016/1995,"DISPÕE SOBRE CONCESSÃO DE ABONO AOS SERVIDORES DA CÂMARA DE VEREADORES.
 ",,https://www.pindamonhangaba.sp.leg.br/proposicoes/0/0/0/0/125360#pesquisa
1995-11-20 00:00:00,RESOLUÇÃO N.º 015/1995,"DISPÕE SOBRE CONCESSÃO DE ABONO AOS SERVIDORES DA CÂMARA DE VEREADORES.
 ",,https://www.pindamonhangaba.sp.leg.br/proposicoes/0/0/0/0/125359#pesquisa
1995-10-23 00:00:00,RESOLUÇÃO N.º 014/1995,"DISPÕE SOBRE CONCESSÃO DE ABONO AOS SERVIDORES DA CÂMARA DE VEREADORES.
 ",,https://www.pindamonhangaba.sp.leg.br/proposicoes/0/0/0/0/125358#pesquisa
1995-10-16 00:00:00,RESOLUÇÃO N.º 013/1995,"DISPÕE SOBRE A ABERTURA DE ENVELOPES CONTENDO DOCUMENTOS E ATAS DAS SESSÕES SECRETAS DA CÂMARA DE VEREADORES, APÓS 20 ANOS.
 ",,https://www.pindamonhangaba.sp.leg.br/proposicoes/0/0/0/0/125357#pesquisa
1995-10-11 00:00:00,RESOLUÇÃO N.º 011/1995,"DÁ NOVA REDAÇÃO AO ARTIGO 114 DO REGIMENTO INTERNO DA CÂMARA.
 ",,https://www.pindamonhangaba.sp.leg.br/proposicoes/0/0/0/0/125352#pesquisa
1995-10-02 00:00:00,RESOLUÇÃO N.º 012/1995,"MODIFICA O ARTIGO 105 DO REGIMENTO INTERNO DA CÂMARA DE VEREADORES.
 ",,https://www.pindamonhangaba.sp.leg.br/proposicoes/0/0/0/0/125355#pesquisa
1995-09-27 00:00:00,RESOLUÇÃO N.º 010/1995,"DISPÕE SOBRE CONCESSÃO DE ABONO AOS SERVIDORES DA CÂMARA DE VEREADORES.
 ",,https://www.pindamonhangaba.sp.leg.br/proposicoes/0/0/0/0/125351#pesquisa
1995-09-18 00:00:00,RESOLUÇÃO N.º 009/1995,"ALTERA A REDAÇÃO DO ARTIGO 114 DO REGIMENTO INTERNO DA CÂMARA DE VEREADORES.
 ",,https://www.pindamonhangaba.sp.leg.br/proposicoes/0/0/0/0/125350#pesquisa
1995-08-21 00:00:00,RESOLUÇÃO N.º 008/1995,"DISPÕE SOBRE MAJORAÇÃO DE VENCIMENTOS DOS FUNCIONÁRIOS DA CÂMARA DE VEREADORES E CONCEDE ABONO PARA O MÊS DE AGOSTO/95.
 ",,https://www.pindamonhangaba.sp.leg.br/proposicoes/0/0/0/0/125348#pesquisa
1995-07-03 00:00:00,RESOLUÇÃO N.º 007/1995,"DISPÕE SOBRE MAJORAÇÃO DE VENCIMENTOS DOS FUNCIONÁRIOS DA CÂMARA DE VEREADORES E CONCEDE ABONO PARA O MÊS DE JULHO/95.
 ",,https://www.pindamonhangaba.sp.leg.br/proposicoes/0/0/0/0/125347#pesquisa
1995-06-19 00:00:00,RESOLUÇÃO N.º 006/1995,"DISPÕE SOBRE MAJORAÇÃO DE VENCIMENTOS DOS FUNCIONÁRIOS DA CÂMARA DE VEREADORES E CONCEDE ABONO PARA O MÊS DE JUNHO/95.
 ",,https://www.pindamonhangaba.sp.leg.br/proposicoes/0/0/0/0/125346#pesquisa
1995-05-24 00:00:00,RESOLUÇÃO N.º 005/1995,"DISPÕE SOBRE MAJORAÇÃO DE VENCIMENTOS DOS FUNCIONÁRIOS DA CÂMARA DE VEREADORES E CONCEDE ABONO PARA O MÊS DE MAIO/95.
 ",,https://www.pindamonhangaba.sp.leg.br/proposicoes/0/0/0/0/125345#pesquisa
1995-04-24 00:00:00,RESOLUÇÃO N.º 004/1995,"DISPÕE SOBRE CONCESSÃO DE ABONO AOS FUNCIONÁRIOS DA CÂMARA DE VEREADORES PARA O MÊS DE ABRIL/95 E AUTORIZA MAJORAÇÃO DE VENCIMENTOS.
 ",,https://www.pindamonhangaba.sp.leg.br/proposicoes/0/0/0/0/125344#pesquisa
1995-03-20 00:00:00,RESOLUÇÃO N.º 003/1995,"DISPÕE SOBRE CONCESSÃO DE ABONO AOS FUNCIONÁRIOS DA CÂMARA DE VEREADORES PARA O MÊS DE MARÇO/95.
 ",,https://www.pindamonhangaba.sp.leg.br/proposicoes/0/0/0/0/125343#pesquisa
1995-03-06 00:00:00,RESOLUÇÃO N.º 002/1995,"REGULAMENTA O USO DOS VEÍCULOS DA CÂMARA DE VEREADORES.
 ",,https://www.pindamonhangaba.sp.leg.br/proposicoes/0/0/0/0/125341#pesquisa
1995-02-20 00:00:00,RESOLUÇÃO N.º 001/1995,"DISPÕE SOBRE CONCESSÃO DE ABONO AOS FUNCIONÁRIOS DA CÂMARA DE VEREADORES PARA O MÊS DE FEVEREIRO/95.
 ",,https://www.pindamonhangaba.sp.leg.br/proposicoes/0/0/0/0/125338#pesquisa
1994-12-28 00:00:00,RESOLUÇÃO N.º 019/1994,"DISPÕE SOBRE MAJORAÇÃO DE VENCIMENTOS DOS FUNCIONÁRIOS DA CÂMARA DE VEREADORES, E CONCEDE ABONO PARA O MÊS DE JANEIRO/95.",,https://www.pindamonhangaba.sp.leg.br/proposicoes/0/0/0/0/125316#pesquisa
1994-12-05 00:00:00,RESOLUÇÃO N.º 018/1994,"CONCEDE ABONO AOS FUNCIONÁRIOS DA CÂMARA DE VEREADORES.
 ",,https://www.pindamonhangaba.sp.leg.br/proposicoes/0/0/0/0/125314#pesquisa
1994-11-21 00:00:00,RESOLUÇÃO N.º 017/1994,"DISPÕE SOBRE MAJORAÇÃO DE VENCIMENTOS DOS FUNCIONÁRIOS DA CÂMARA DE VEREADORES, E CONCEDE ABONO PARA O MÊS DE NOVEMBRO/94.
 ",,https://www.pindamonhangaba.sp.leg.br/proposicoes/0/0/0/0/125313#pesquisa
1994-10-24 00:00:00,RESOLUÇÃO N.º 016/1994,"DISPÕE SOBRE MAJORAÇÃO DE VENCIMENTOS DOS FUNCIONÁRIOS DA CÂMARA DE VEREADORES.
 ",,https://www.pindamonhangaba.sp.leg.br/proposicoes/0/0/0/0/125312#pesquisa
1994-09-26 00:00:00,RESOLUÇÃO N.º 015/1994,"DISPÕE SOBRE O PROCESSO DE VOTAÇÃO NOMINAL.
 ",,https://www.pindamonhangaba.sp.leg.br/proposicoes/0/0/0/0/125311#pesquisa
1994-09-19 00:00:00,RESOLUÇÃO N.º 014/1994,"DISPÕE SOBRE MAJORAÇÃO DE VENCIMENTOS DOS FUNCIONÁRIOS DA CÂMARA DE VEREADORES.
 ",,https://www.pindamonhangaba.sp.leg.br/proposicoes/0/0/0/0/125309#pesquisa
1994-08-22 00:00:00,RESOLUÇÃO N.º 013/1994,"DISPÕE SOBRE MAJORAÇÃO DE VENCIMENTOS DOS FUNCIONÁRIOS DA CÂMARA DE VEREADORES.
 ",,https://www.pindamonhangaba.sp.leg.br/proposicoes/0/0/0/0/125308#pesquisa
1994-08-08 00:00:00,RESOLUÇÃO N.º 012/1994,"DISPÕE SOBRE O RELATÓRIO DA COMISSÃO ESPECIAL DE INQUÉRITO.
 ",,https://www.pindamonhangaba.sp.leg.br/proposicoes/0/0/0/0/125307#pesquisa
1994-08-01 00:00:00,RESOLUÇÃO N.º 009/1994,"DISPÕE SOBRE O SERVIÇO DE PESQUISA DE PREÇOS.
 ",,https://www.pindamonhangaba.sp.leg.br/proposicoes/0/0/0/0/125304#pesquisa
1994-08-01 00:00:00,RESOLUÇÃO N.º 010/1994,"DISPÕE PRORROGAÇÃO DE PRAZO DA COMISSÃO ESPECIAL DE INQUÉRITO.
 ",,https://www.pindamonhangaba.sp.leg.br/proposicoes/0/0/0/0/125305#pesquisa
1994-08-01 00:00:00,RESOLUÇÃO N.º 011/1994,DISPÕE SOBRE ESTÁGIOS DE ESTUDANTES DE 2º GRAU.,,https://www.pindamonhangaba.sp.leg.br/proposicoes/0/0/0/0/125306#pesquisa
1994-07-09 00:00:00,RESOLUÇÃO N.º 008/1994,"DISPÕE PRORROGAÇÃO DE PRAZO DA COMISSÃO ESPECIAL DE INQUÉRITO.
 ",,https://www.pindamonhangaba.sp.leg.br/proposicoes/0/0/0/0/125303#pesquisa
1994-06-21 00:00:00,RESOLUÇÃO N.º 007/1994,"DISPÕE SOBRE URVERIZAÇÃO DE VENCIMENTOS DOS FUNCIONÁRIOS DA CÂMARA DE VEREADORES.
 ",,https://www.pindamonhangaba.sp.leg.br/proposicoes/0/0/0/0/125302#pesquisa
1994-05-25 00:00:00,RESOLUÇÃO N.º 006/1994,"DISPÕE SOBRE MAJORAÇÃO DE VENCIMENTOS DOS FUNCIONÁRIOS DA CÂMARA DE VEREADORES.
 ",,https://www.pindamonhangaba.sp.leg.br/proposicoes/0/0/0/0/125300#pesquisa
1994-04-25 00:00:00,RESOLUÇÃO N.º 005/1994,"DISPÕE SOBRE MAJORAÇÃO DE VENCIMENTOS DOS FUNCIONÁRIOS DA CÂMARA DE VEREADORES.
 ",,https://www.pindamonhangaba.sp.leg.br/proposicoes/0/0/0/0/125299#pesquisa
1994-03-21 00:00:00,RESOLUÇÃO N.º 004/1994,"DISPÕE SOBRE MAJORAÇÃO DE VENCIMENTOS DOS FUNCIONÁRIOS DA CÂMARA DE VEREADORES.
 ",,https://www.pindamonhangaba.sp.leg.br/proposicoes/0/0/0/0/125298#pesquisa
1994-02-17 00:00:00,RESOLUÇÃO N.º 003/1994,"DISPÕE SOBRE MAJORAÇÃO DE VENCIMENTOS DOS FUNCIONÁRIOS DA CÂMARA DE VEREADORES.
 ",,https://www.pindamonhangaba.sp.leg.br/proposicoes/0/0/0/0/125297#pesquisa
1994-02-07 00:00:00,RESOLUÇÃO N.º 002/1994,DISPÕE SOBRE A ESTRUTURA ADMINISTRATIVA E ÓRGÃOS DE ASSESSORIA DA CÂMARA DE VEREADORES DE PINDAMONHANGABA E DÁ OUTRAS PROVIDÊNCIAS.,,https://www.pindamonhangaba.sp.leg.br/proposicoes/0/0/0/0/125296#pesquisa
1994-01-28 00:00:00,RESOLUÇÃO N.º 001/1994,"DISPÕE SOBRE CONCESSÃO SALARIAL PARA OS SERVIDORES DA CÂMARA PARA O MÊS DE JANEIRO/97.
 ",,https://www.pindamonhangaba.sp.leg.br/proposicoes/0/0/0/0/125293#pesquisa
1993-11-22 00:00:00,RESOLUÇÃO N.º 022/1993,"DISPÕE SOBRE A MAJORAÇÃO DOS VENCIMENTOS DOS FUNCIONÁRIOS DA CÂMARA MUNICIPAL.
 ",,https://www.pindamonhangaba.sp.leg.br/proposicoes/0/0/0/0/125287#pesquisa
1993-11-16 00:00:00,RESOLUÇÃO N.º 021/1993,"DISPÕE SOBRE A MAJORAÇÃO DOS VENCIMENTOS DOS FUNCIONÁRIOS DA CÂMARA MUNICIPAL.
 ",,https://www.pindamonhangaba.sp.leg.br/proposicoes/0/0/0/0/125286#pesquisa
1993-10-18 00:00:00,RESOLUÇÃO N.º 020/1993,"DISPÕE SOBRE A MAJORAÇÃO DOS VENCIMENTOS DOS FUNCIONÁRIOS DA CÂMARA MUNICIPAL.
 ",,https://www.pindamonhangaba.sp.leg.br/proposicoes/0/0/0/0/125284#pesquisa
1993-09-13 00:00:00,RESOLUÇÃO N.º 019/1993,"DISPÕE SOBRE A MAJORAÇÃO DOS VENCIMENTOS DOS FUNCIONÁRIOS DA CÂMARA MUNICIPAL.
 ",,https://www.pindamonhangaba.sp.leg.br/proposicoes/0/0/0/0/125282#pesquisa
1993-08-09 00:00:00,RESOLUÇÃO N.º 018/1993,"DISPÕE SOBRE A MAJORAÇÃO DOS VENCIMENTOS DOS FUNCIONÁRIOS DA CÂMARA MUNICIPAL.
 ",,https://www.pindamonhangaba.sp.leg.br/proposicoes/0/0/0/0/125281#pesquisa
1993-07-15 00:00:00,RESOLUÇÃO N.º 016/1993,"DISPÕE SOBRE A MAJORAÇÃO DOS VENCIMENTOS DOS FUNCIONÁRIOS DA CÂMARA MUNICIPAL.
 ",,https://www.pindamonhangaba.sp.leg.br/proposicoes/0/0/0/0/125280#pesquisa
1993-07-05 00:00:00,RESOLUÇÃO N.º 015/1993,"MODIFICA O ARTIGO 105, DO REGIMENTO INTERNO DA CÂMARA DE VEREADORES DE PINDAMONHANGABA.
 ",,https://www.pindamonhangaba.sp.leg.br/proposicoes/0/0/0/0/125278#pesquisa
1993-06-14 00:00:00,RESOLUÇÃO N.º 014/1993,"DISPÕE SOBRE A MAJORAÇÃO DOS VENCIMENTOS DOS FUNCIONÁRIOS DA CÂMARA MUNICIPAL.
 ",,https://www.pindamonhangaba.sp.leg.br/proposicoes/0/0/0/0/125277#pesquisa
1993-05-24 00:00:00,RESOLUÇÃO N.º 013/1993,"DISPÕE SOBRE A MAJORAÇÃO DOS VENCIMENTOS DOS FUNCIONÁRIOS DA CÂMARA MUNICIPAL.
 ",,https://www.pindamonhangaba.sp.leg.br/proposicoes/0/0/0/0/125276#pesquisa
1993-05-01 00:00:00,RESOLUÇÃO N.º 005/1993,DISPÕE SOBRE A CRIAÇÃO DA COMISSÃO DE ASSUNTOS RURAIS.,,https://www.pindamonhangaba.sp.leg.br/proposicoes/0/0/0/0/125264#pesquisa
1993-04-22 00:00:00,RESOLUÇÃO N.º 012/1993,"DISPÕE SOBRE REESTRUTURAÇÃO E CLASSIFICAÇÃO DE FUNÇÕES E CARGOS DA CÂMARA MUNICIPAL E DÁ OUTRAS PROVIDÊNCIAS.
 ",,https://www.pindamonhangaba.sp.leg.br/proposicoes/0/0/0/0/125275#pesquisa
1993-03-08 00:00:00,RESOLUÇÃO N.º 008/1993,"DÁ NOVA REDAÇÃO AO ARTIGO 114, AOS SEUS INCISOS E PARÁGRAFOS, DO REGIMENTO INTERNO.
 ",,https://www.pindamonhangaba.sp.leg.br/proposicoes/0/0/0/0/125271#pesquisa
1993-03-08 00:00:00,RESOLUÇÃO N.º 009/1993,"DÁ NOVA REDAÇÃO AO ARTIGO 245 DO REGIMENTO INTERNO DA CÂMARA MUNICIPAL.
 ",,https://www.pindamonhangaba.sp.leg.br/proposicoes/0/0/0/0/125272#pesquisa
1993-03-08 00:00:00,RESOLUÇÃO N.º 010/1993,"DÁ NOVA REDAÇÃO AO ARTIGO 238 DO REGIMENTO INTERNO DA CÂMARA E DÁ OUTRAS PROVIDÊNCIAS.
 ",,https://www.pindamonhangaba.sp.leg.br/proposicoes/0/0/0/0/125273#pesquisa
1993-03-01 00:00:00,RESOLUÇÃO N.º 006/1993,DÁ NOVA REDAÇÃO AO ARTIGO 40 DO REGIMENTO INTERNO DA CÂMARA MUNICIPAL.,,https://www.pindamonhangaba.sp.leg.br/proposicoes/0/0/0/0/125269#pesquisa
1993-03-01 00:00:00,RESOLUÇÃO N.º 007/1993,"DISPÕE SOBRE ALTERAÇÃO DOS ARTIGOS 37 E 41 DO REGIMENTO INTERNO DA CÂMARA.
 ",,https://www.pindamonhangaba.sp.leg.br/proposicoes/0/0/0/0/125270#pesquisa
1993-02-15 00:00:00,RESOLUÇÃO N.º 004/1993,"DISPÕE SOBRE A MAJORAÇÃO DOS VENCIMENTOS DOS FUNCIONÁRIOS DA CÂMARA MUNICIPAL.
 ",,https://www.pindamonhangaba.sp.leg.br/proposicoes/0/0/0/0/125262#pesquisa
1993-02-15 00:00:00,RESOLUÇÃO N.º 011/1993,"DISPÕE SOBRE A MAJORAÇÃO DOS VENCIMENTOS DOS FUNCIONÁRIOS DA CÂMARA MUNICIPAL.
 ",,https://www.pindamonhangaba.sp.leg.br/proposicoes/0/0/0/0/125274#pesquisa
1993-02-08 00:00:00,RESOLUÇÃO N.º 003/1993,"DISPÕE SOBRE A CRIAÇÃO DE CARGOS EM COMISSÃO E DÁ OUTRAS PROVIDÊNCIAS.
 ",,https://www.pindamonhangaba.sp.leg.br/proposicoes/0/0/0/0/125261#pesquisa
1993-02-01 00:00:00,RESOLUÇÃO N.º 002/1993,"REVOGA A RESOLUÇÃO Nº 03, DE 12 DE MARÇO DE 1990.
 ",,https://www.pindamonhangaba.sp.leg.br/proposicoes/0/0/0/0/125260#pesquisa
1993-01-20 00:00:00,RESOLUÇÃO N.º 001/1993,"DISPÕE SOBRE MAJORAÇÃO DOS VENCIMENTOS DOS FUNCIONÁRIOS DA CÂMARA MUNICIPAL.
 ",,https://www.pindamonhangaba.sp.leg.br/proposicoes/0/0/0/0/125256#pesquisa
1992-12-15 00:00:00,RESOLUÇÃO N.º 010/1992,"DISPÕE SOBRE A MAJORAÇÃO DOS VENCIMENTOS DOS FUNCIONÁRIOS DA CÂMARA MUNICIPAL.
 ",,https://www.pindamonhangaba.sp.leg.br/proposicoes/0/0/0/0/125220#pesquisa
1992-11-30 00:00:00,RESOLUÇÃO N.º 019/1992,"DISPÕE SOBRE A MAJORAÇÃO DOS VENCIMENTOS DOS FUNCIONÁRIOS DA CÂMARA MUNICIPAL.
 ",,https://www.pindamonhangaba.sp.leg.br/proposicoes/0/0/0/0/125229#pesquisa
1992-11-09 00:00:00,RESOLUÇÃO N.º 018/1992,"DISPÕE SOBRE A MAJORAÇÃO DOS VENCIMENTOS DOS FUNCIONÁRIOS DA CÂMARA MUNICIPAL.
 ",,https://www.pindamonhangaba.sp.leg.br/proposicoes/0/0/0/0/125228#pesquisa
1992-10-09 00:00:00,RESOLUÇÃO N.º 017/1992,DISPÕE SOBRE A MAJORAÇÃO DOS VENCIMENTOS DOS FUNCIONÁRIOS DA CÂMARA MUNICIPAL.,,https://www.pindamonhangaba.sp.leg.br/proposicoes/0/0/0/0/125227#pesquisa
1992-09-11 00:00:00,RESOLUÇÃO N.º 016/1992,"DISPÕE SOBRE A MAJORAÇÃO DOS VENCIMENTOS DOS FUNCIONÁRIOS DA CÂMARA MUNICIPAL.
 ",,https://www.pindamonhangaba.sp.leg.br/proposicoes/0/0/0/0/125226#pesquisa
1992-08-03 00:00:00,RESOLUÇÃO N.º 014/1992,MODIFICA DISPOSITIVO REGIMENTAL.,,https://www.pindamonhangaba.sp.leg.br/proposicoes/0/0/0/0/125224#pesquisa
1992-08-03 00:00:00,RESOLUÇÃO N.º 015/1992,"DISPÕE SOBRE MAJORAÇÃO DOS VENCIMENTOS DOS FUNCIONÁRIOS DA CÂMARA.
 ",,https://www.pindamonhangaba.sp.leg.br/proposicoes/0/0/0/0/125225#pesquisa
1992-07-27 00:00:00,RESOLUÇÃO N.º 013/1992,"DISPÕE SOBRE A FIXAÇÃO DA REMUNERAÇÃO DOS VEREADORES E VERBA DE REPRESENTAÇÃO DO PRESIDENTE DA CÂMARA MUNICIPAL PARA A LEGISLATURA DE 1993-1996 E DÁ OUTRAS PROVIDÊNCIAS.
 ",,https://www.pindamonhangaba.sp.leg.br/proposicoes/0/0/0/0/125223#pesquisa
1992-07-06 00:00:00,RESOLUÇÃO N.º 011/1992,"REGULAMENTA O USO DE VEÍCULO DA CÂMARA MUNICIPAL.
 ",,https://www.pindamonhangaba.sp.leg.br/proposicoes/0/0/0/0/125221#pesquisa
1992-07-06 00:00:00,RESOLUÇÃO N.º 012/1992,"DISPÕE SOBRE A MAJORAÇÃO DOS VENCIMENTOS DOS FUNCIONÁRIOS DA CÂMARA MUNICIPAL.
 ",,https://www.pindamonhangaba.sp.leg.br/proposicoes/0/0/0/0/125222#pesquisa
1992-05-18 00:00:00,RESOLUÇÃO N.º 008/1992,"DISPÕE SOBRE A CRIAÇÃO DE CARGO DE PROGRAMADOR DE COMPUTADOR
 ",,https://www.pindamonhangaba.sp.leg.br/proposicoes/0/0/0/0/125218#pesquisa
1992-05-18 00:00:00,RESOLUÇÃO N.º 009/1992,"DISPÕE SOBRE A MAJORAÇÃO DOS VENCIMENTOS DOS FUNCIONÁRIOS DA CÂMARA MUNICIPAL.
 ",,https://www.pindamonhangaba.sp.leg.br/proposicoes/0/0/0/0/125219#pesquisa
1992-04-13 00:00:00,RESOLUÇÃO N.º 006/1992,"DISPÕE SOBRE A MAJORAÇÃO DOS VENCIMENTOS DO FUNCIONÁRIO DA CÂMARA MUNICIPAL.
 ",,https://www.pindamonhangaba.sp.leg.br/proposicoes/0/0/0/0/125215#pesquisa
1992-04-13 00:00:00,RESOLUÇÃO N.º 007/1992,"DISPÕE SOBRE CELEBRAÇÃO DE CONTRATO COM A UNIMED DE PINDAMONHANGABA.
 ",,https://www.pindamonhangaba.sp.leg.br/proposicoes/0/0/0/0/125216#pesquisa
1992-04-06 00:00:00,RESOLUÇÃO N.º 004/1992,"FIXA A VERBA DE REPRESENTAÇÃO DO PRESIDENTE DA CÂMARA MUNICIPAL PARA O EXERCÍCIO DE 1992.
 ",,https://www.pindamonhangaba.sp.leg.br/proposicoes/0/0/0/0/125213#pesquisa
1992-04-06 00:00:00,RESOLUÇÃO N.º 005/1992,"DISPÕE SOBRE A CRIAÇÃO DE CARGO DE AGENTE DE SEGURANÇA.
 ",,https://www.pindamonhangaba.sp.leg.br/proposicoes/0/0/0/0/125214#pesquisa
1992-03-06 00:00:00,RESOLUÇÃO N.º 003/1992,DISPÕE SOBRE A MAJORAÇÃO DOS VENCIMENTOS DOS FUNCIONÁRIOS DA CÂMARA MUNICIPAL.,,https://www.pindamonhangaba.sp.leg.br/proposicoes/0/0/0/0/125212#pesquisa
1992-02-11 00:00:00,RESOLUÇÃO N.º 002/1992,"DISPÕE SOBRE MAJORAÇÃO DOS VENCIMENTOS DOS FUNCIONÁRIOS DA CÂMARA MUNICIPAL.
 ",,https://www.pindamonhangaba.sp.leg.br/proposicoes/0/0/0/0/125211#pesquisa
1992-01-13 00:00:00,RESOLUÇÃO N.º 001/1992,DISPÕE SOBRE MAJORAÇÃO DOS VENCIMENTOS DOS FUNCIONÁRIOS DA CÂMARA MUNICIPAL.,,https://www.pindamonhangaba.sp.leg.br/proposicoes/0/0/0/0/125210#pesquisa
1991-11-11 00:00:00,RESOLUÇÃO N.º 020/1991,"DISCIPLINA O USO DE PALETÓ E GRAVATA NA CÂMARA MUNICIPAL E DÁ OUTRAS PROVIDÊNCIAS.
 ",,https://www.pindamonhangaba.sp.leg.br/proposicoes/0/0/0/0/125095#pesquisa
1991-11-11 00:00:00,RESOLUÇÃO N.º 021/1991,"DISPÕE SOBRE MAJORAÇÃO DOS VENCIMENTOS DOS FUNCIONÁRIOS DA CÂMARA MUNICIPAL 
 ",,https://www.pindamonhangaba.sp.leg.br/proposicoes/0/0/0/0/125096#pesquisa
1991-10-07 00:00:00,RESOLUÇÃO N.º 019/1991,"DISPÕE SOBRE MAJORAÇÃO DOS VENCIMENTOS OS FUNCIONÁRIOS DA CÂMARA MUNICIPAL.
 ",,https://www.pindamonhangaba.sp.leg.br/proposicoes/0/0/0/0/125094#pesquisa
1991-09-09 00:00:00,RESOLUÇÃO N.º 018/1991,"DISPÕE SOBRE A MAJORAÇÃO DOS VENCIMENTOS DOS FUNCIONÁRIOS DA CÂMARA MUNICIPAL.
 ",,https://www.pindamonhangaba.sp.leg.br/proposicoes/0/0/0/0/125093#pesquisa
1991-08-12 00:00:00,RESOLUÇÃO N.º 017/1991,DISPÕE SOBRE A MAJORAÇÃO DOS VENCIMENTOS DOS FUNCIONÁRIOS DA CÂMARA MUNICIPAL.,,https://www.pindamonhangaba.sp.leg.br/proposicoes/0/0/0/0/125092#pesquisa
1991-07-08 00:00:00,RESOLUÇÃO N.º 016/1991,"DISPÕE SOBRE MAJORAÇÃO DOS VENCIMENTOS DOS FUNCIONÁRIOS DA CÂMARA MUNICIPAL.
 ",,https://www.pindamonhangaba.sp.leg.br/proposicoes/0/0/0/0/125091#pesquisa
1991-06-24 00:00:00,RESOLUÇÃO N.º 014/1991,INSTITUI O USO DE PALETÓ E DE GRAVATA NAS SESSÕES DA CÂMARA MUNICIPAL,,https://www.pindamonhangaba.sp.leg.br/proposicoes/0/0/0/0/125089#pesquisa
1991-06-24 00:00:00,RESOLUÇÃO N.º 015/1991,"DISPÕE SOBRE MAJORAÇÃO DOS VENCIMENTOS DOS FUNCIONÁRIOS DA CÂMARA MUNICIPAL.
 ",,https://www.pindamonhangaba.sp.leg.br/proposicoes/0/0/0/0/125090#pesquisa
1991-05-13 00:00:00,RESOLUÇÃO N.º 013/1991,DISPÕE SOBRE A CRIAÇÃO DE CARGO DE REDATOR DE ATA E DÁ OUTRAS PROVIDÊNCIAS.,,https://www.pindamonhangaba.sp.leg.br/proposicoes/0/0/0/0/125088#pesquisa
1991-04-15 00:00:00,RESOLUÇÃO N.º 012/1991,"DISPÕE SOBRE A MAJORAÇÃO DOS VENCIMENTOS DOS FUNCIONÁRIOS DA CÂMARA MUNICIPAL.
 ",,https://www.pindamonhangaba.sp.leg.br/proposicoes/0/0/0/0/125087#pesquisa
1991-04-08 00:00:00,RESOLUÇÃO N.º 011/1991,ACRESCENTA § 7º NO ARTIGO 116 DO REGIMENTO INTERNO.,,https://www.pindamonhangaba.sp.leg.br/proposicoes/0/0/0/0/125086#pesquisa
1991-03-26 00:00:00,RESOLUÇÃO N.º 009/1991,"MODIFICA DISPOSITIVO REGIMENTAL
 ",,https://www.pindamonhangaba.sp.leg.br/proposicoes/0/0/0/0/125084#pesquisa
1991-03-26 00:00:00,RESOLUÇÃO N.º 010/1991,"MODIFICA DISPOSITIVOS DA RESOLUÇÃO Nº 04, DE 16.05.88 QUE INSTITUI A “TRIBUNA LIVRE.",,https://www.pindamonhangaba.sp.leg.br/proposicoes/0/0/0/0/125085#pesquisa
1991-03-18 00:00:00,RESOLUÇÃO N.º 008/1991,"MODIFICA DISPOSITIVO REGIMENTAL.
 ",,https://www.pindamonhangaba.sp.leg.br/proposicoes/0/0/0/0/125083#pesquisa
1991-02-25 00:00:00,RESOLUÇÃO N.º 007/1991,DISPÕE SOBRE A CRIAÇÃO DO DEPARTAMENTO DE COMUNICAÇÃO SOCIAL E DÁ OUTRAS PROVIDÊNCIAS.,,https://www.pindamonhangaba.sp.leg.br/proposicoes/0/0/0/0/125082#pesquisa
1991-02-18 00:00:00,RESOLUÇÃO N.º 004/1991,MODIFICA DISPOSITIVO REGIMENTAL.,,https://www.pindamonhangaba.sp.leg.br/proposicoes/0/0/0/0/125079#pesquisa
1991-02-18 00:00:00,RESOLUÇÃO N.º 005/1991,"MODIFICA DISPOSITIVO REGIMENTAL.
 ",,https://www.pindamonhangaba.sp.leg.br/proposicoes/0/0/0/0/125080#pesquisa
1991-02-18 00:00:00,RESOLUÇÃO N.º 006/1991,"MODIFICA DISPOSITIVO REGIMENTAL.
 ",,https://www.pindamonhangaba.sp.leg.br/proposicoes/0/0/0/0/125081#pesquisa
1991-02-14 00:00:00,RESOLUÇÃO N.º 002/1991,DISPÕE SOBRE A MAJORAÇÃO DOS VENCIMENTOS DOS FUNCIONÁRIOS DA CÂMARA MUNICIPAL.,,https://www.pindamonhangaba.sp.leg.br/proposicoes/0/0/0/0/124987#pesquisa
1991-02-14 00:00:00,RESOLUÇÃO N.º 003/1991,DISPÕE SOBRE CRIAÇÃO DE SERVIÇO DE RECLAMAÇÕES VIA TELEFONE.,,https://www.pindamonhangaba.sp.leg.br/proposicoes/0/0/0/0/125078#pesquisa
1991-01-30 00:00:00,RESOLUÇÃO N.º 001/1991,DÁ NOVA REDAÇÃO AO ARTIGO 149 DO REGIMENTO INTERNO.,,https://www.pindamonhangaba.sp.leg.br/proposicoes/0/0/0/0/124986#pesquisa
1990-12-20 00:00:00,RESOLUÇÃO N.º 021/1990,FIXA VERBA DE REPRESENTAÇÃO DO PRESIDENTE DA CÂMARA MUNICIPAL PARA O EXERCÍCIO DE 1991.,,https://www.pindamonhangaba.sp.leg.br/proposicoes/0/0/0/0/124984#pesquisa
1990-11-05 00:00:00,RESOLUÇÃO N.º 019/1990,DISPÕE SOBRE A CRIAÇÃO DE UM CARGO DE AGENTE DE SEGURANÇA.,,https://www.pindamonhangaba.sp.leg.br/proposicoes/0/0/0/0/124982#pesquisa
1990-11-05 00:00:00,RESOLUÇÃO N.º 020/1990,DISPÕE SOBRE A MAJORAÇÃO DOS VENCIMENTOS DOS FUNCIONÁRIOS DA CÂMARA MUNICIPAL.,,https://www.pindamonhangaba.sp.leg.br/proposicoes/0/0/0/0/124983#pesquisa
1990-10-29 00:00:00,RESOLUÇÃO N.º 018/1990,DISCIPLINA O USO DAS DEPENDÊNCIAS DA CÂMARA MUNICIPAL.,,https://www.pindamonhangaba.sp.leg.br/proposicoes/0/0/0/0/124981#pesquisa
1990-10-09 00:00:00,RESOLUÇÃO N.º 017/1990,DISPÕE SOBRE A MAJORAÇÃO DOS VENCIMENTOS DOS FUNCIONÁRIOS DA CÂMARA MUNICIPAL.,,https://www.pindamonhangaba.sp.leg.br/proposicoes/0/0/0/0/124980#pesquisa
1990-09-24 00:00:00,RESOLUÇÃO N.º 016/1990,"ALTERA O ARTIGO 3º DA RESOLUÇÃO Nº 06, DE 10 DE OUTUBRO DE 1989.",,https://www.pindamonhangaba.sp.leg.br/proposicoes/0/0/0/0/124979#pesquisa
1990-09-03 00:00:00,RESOLUÇÃO N.º 015/1990,DISPÕE SOBRE A MAJORAÇÃO DOS VENCIMENTOS DOS FUNCIONÁRIOS DA CÂMARA MUNICIPAL.,,https://www.pindamonhangaba.sp.leg.br/proposicoes/0/0/0/0/124978#pesquisa
1990-08-06 00:00:00,RESOLUÇÃO N.º 014/1990,DISPÕE SOBRE A MAJORAÇÃO DOS VENCIMENTOS DOS FUNCIONÁRIOS DA CÂMARA MUNICIPAL.,,https://www.pindamonhangaba.sp.leg.br/proposicoes/0/0/0/0/124977#pesquisa
1990-07-09 00:00:00,RESOLUÇÃO N.º 013/1990,DISPÕE SOBRE A MAJORAÇÃO DOS VENCIMENTOS DOS FUNCIONÁRIOS DA CÂMARA MUNICIPAL.,,https://www.pindamonhangaba.sp.leg.br/proposicoes/0/0/0/0/124976#pesquisa
1990-07-02 00:00:00,RESOLUÇÃO N.º 012/1990,"AUTORIZA A CONTRATAR E PAGAR PRÊMIOS DE SEGURO DE VIDA E ACIDENTES PESSOAIS POR PARTE DA CÂMARA MUNICIPAL AOS SRS. VEREADORES, FUNCIONÁRIOS E ESTAGIÁRIOS CONTRATADOS.",,https://www.pindamonhangaba.sp.leg.br/proposicoes/0/0/0/0/124975#pesquisa
1990-06-26 00:00:00,RESOLUÇÃO N.º 011/1990,DISPÕE SOBRE A CONCESSÃO DE MAJORAÇÃO DOS VENCIMENTOS DOS FUNCIONÁRIOS DA CÂMARA MUNICIPAL E DÁ OUTRAS PROVIDÊNCIAS.,,https://www.pindamonhangaba.sp.leg.br/proposicoes/0/0/0/0/124974#pesquisa
1990-05-28 00:00:00,RESOLUÇÃO N.º 008/1990,DISPÕE SOBRE ESTÁGIO DE ESTUDANTE DE CURSO SUPERIOR.,,https://www.pindamonhangaba.sp.leg.br/proposicoes/0/0/0/0/124971#pesquisa
1990-05-28 00:00:00,RESOLUÇÃO N.º 009/1990,DISPÕE SOBRE LEITURA DAS INDICAÇÕES.,,https://www.pindamonhangaba.sp.leg.br/proposicoes/0/0/0/0/124972#pesquisa
1990-05-28 00:00:00,RESOLUÇÃO N.º 010/1990,"ALTERA O ARTIGO 3º, DA RESOLUÇÃO Nº 07, DE 24 DE MAIO DE 1990.",,https://www.pindamonhangaba.sp.leg.br/proposicoes/0/0/0/0/124973#pesquisa
1990-05-24 00:00:00,RESOLUÇÃO N.º 007/1990,DISPÕE SOBRE A MAJORAÇÃO DOS VENCIMENTOS E CONCESSÃO DE ABONO AOS FUNCIONÁRIOS DA CÂMARA MUNICIPAL.,,https://www.pindamonhangaba.sp.leg.br/proposicoes/0/0/0/0/124970#pesquisa
1990-05-21 00:00:00,RESOLUÇÃO N.º 006/1990,DISPÕE SOBRE A ESTRUTURA ADMINISTRATIVA DA CÂMARA MUNICIPAL DE PINDAMONHANGABA E DÁ OUTRAS PROVIDÊNCIAS.,,https://www.pindamonhangaba.sp.leg.br/proposicoes/0/0/0/0/124969#pesquisa
1990-05-07 00:00:00,RESOLUÇÃO N.º 005/1990,"DÁ NOVA REDAÇÃO AO ARTIGO 244 DO REGIMENTO INTERNO DA CÂMARA MUNICIPAL.
 ",,https://www.pindamonhangaba.sp.leg.br/proposicoes/0/0/0/0/124968#pesquisa
1990-03-26 00:00:00,RESOLUÇÃO N.º 004/1990,DISPÕE SOBRE ALTERAÇÃO NO REGIMENTO INTERNO DA CONSTITUINTE MUNICIPAL.,,https://www.pindamonhangaba.sp.leg.br/proposicoes/0/0/0/0/124967#pesquisa
1990-03-12 00:00:00,RESOLUÇÃO N.º 003/1990,"REGULAMENTA A LEI Nº 2.420, DE 06 DE DEZEMBRO DE 1989.",,https://www.pindamonhangaba.sp.leg.br/proposicoes/0/0/0/0/124966#pesquisa
1990-02-19 00:00:00,RESOLUÇÃO N.º 002/1990,DISPÕE SOBRE ALTERAÇÕES NO REGIMENTO INTERNO DA CONSTITUINTE MUNICIPAL.,,https://www.pindamonhangaba.sp.leg.br/proposicoes/0/0/0/0/124965#pesquisa
1990-01-30 00:00:00,RESOLUÇÃO N.º 001/1990,DISPÕE SOBRE ALTERAÇÃO DO REGIMENTO INTERNO DA CONSTITUINTE MUNICIPAL.,,https://www.pindamonhangaba.sp.leg.br/proposicoes/0/0/0/0/124964#pesquisa
1989-12-02 00:00:00,RESOLUÇÃO N.º 008/1989,"DÁ NOVA REDAÇÃO AO ARTIGO 15 E 18, DO REGIMENTO INTERNO DA CONSTITUINTE MUNICIPAL.
 ",,https://www.pindamonhangaba.sp.leg.br/proposicoes/0/0/0/0/124927#pesquisa
1989-10-21 00:00:00,RESOLUÇÃO N.º 007/1989,DISPÕE SOBRE O PROCESSO PARA ELABORAÇÃO DA LEI ORGÂNICA DO MUNICÍPIO DE PINDAMONHANGABA E DÁ OUTRAS PROVIDÊNCIAS.,,https://www.pindamonhangaba.sp.leg.br/proposicoes/0/0/0/0/124926#pesquisa
1989-10-10 00:00:00,RESOLUÇÃO N.º 006/1989,"DISPÕE SOBRE O CONTROLE ORÇAMENTÁRIO E FINANCEIRO E DÁ OUTRAS PROVIDÊNCIAS.
 ",,https://www.pindamonhangaba.sp.leg.br/proposicoes/0/0/0/0/124925#pesquisa
1989-05-15 00:00:00,RESOLUÇÃO N.º 004/1989,"DISCIPLINA O NÚMERO DE VISITAS OFICIAIS NAS SESSÕES ORDINÁRIAS DA CÂMARA MUNICIPAL.
 ",,https://www.pindamonhangaba.sp.leg.br/proposicoes/0/0/0/0/124923#pesquisa
1989-05-05 00:00:00,RESOLUÇÃO N.º 005/1989,PROÍBE A PRÁTICA DO TABAGISMO NOS RECINTOS DO PLENÁRIO E DO AUDITÓRIO DA CÂMARA E DÁ OUTRAS PROVIDÊNCIAS.,,https://www.pindamonhangaba.sp.leg.br/proposicoes/0/0/0/0/124924#pesquisa
1989-02-27 00:00:00,RESOLUÇÃO N.º 001/1989,"ALTERA A RESOLUÇÃO N.º 01, DE 1º DE MARÇO DE 1983.
 ",,https://www.pindamonhangaba.sp.leg.br/proposicoes/0/0/0/0/124917#pesquisa
1989-02-27 00:00:00,RESOLUÇÃO N.º 002/1989,MODIFICA O PARÁGRAFO 7º DO ARTIGO 114 DO REGIMENTO INTERNO DA CÂMARA MUNICIPAL.,,https://www.pindamonhangaba.sp.leg.br/proposicoes/0/0/0/0/124918#pesquisa
1989-02-27 00:00:00,RESOLUÇÃO N.º 003/1989,"MODIFICA A REDAÇÃO DO ARTIGO 105, DO REGIMENTO INTERNO DA CÂMARA MUNICIPAL.",,https://www.pindamonhangaba.sp.leg.br/proposicoes/0/0/0/0/124919#pesquisa
1988-11-11 00:00:00,RESOLUÇÃO N.º 006/1988,"FIXA A VERBA DE REPRESENTAÇÃO DO PRESIDENTE DA CÂMARA MUNICIPAL PARA O EXERCÍCIO DE 1989.
 ",,https://www.pindamonhangaba.sp.leg.br/proposicoes/0/0/0/0/124915#pesquisa
1988-11-11 00:00:00,RESOLUÇÃO N.º 007/1988,"FIXA A REMUNERAÇÃO DOS VEREADORES À CÂMARA MUNICIPAL DE PINDAMONHANGABA A LEGISLATURA 1989-1992 E DÁ OUTRAS PROVIDÊNCIAS. 
 ",,https://www.pindamonhangaba.sp.leg.br/proposicoes/0/0/0/0/124916#pesquisa
1988-06-06 00:00:00,RESOLUÇÃO N.º 005/1988,"ALTERA O ART. 1º DA RESOLUÇÃO N.º 04, DE 16 DE MAIO DE 1988.
 ",,https://www.pindamonhangaba.sp.leg.br/proposicoes/0/0/0/0/124914#pesquisa
1988-05-16 00:00:00,RESOLUÇÃO N.º 004/1988,"INSTITUI A TRIBUNA LIVRE.
 ",,https://www.pindamonhangaba.sp.leg.br/proposicoes/0/0/0/0/124913#pesquisa
1988-05-02 00:00:00,RESOLUÇÃO N.º 003/1988,"DENOMINA UMA SALA DO PALACETE TIRADENTES.
 ",,https://www.pindamonhangaba.sp.leg.br/proposicoes/0/0/0/0/124912#pesquisa
1988-03-21 00:00:00,RESOLUÇÃO N.º 002/1988,"MODIFICA O § 2º DO ART. 240, DO REGIMENTO INTERNO DA CÂMARA MUNICIPAL.",,https://www.pindamonhangaba.sp.leg.br/proposicoes/0/0/0/0/124911#pesquisa
1988-02-18 00:00:00,RESOLUÇÃO N.º 001/1988,"DISPÕE SOBRE AUTORIZAÇÃO PARA PAGAMENTO DA CONTRIBUIÇÃO ANUAL DE ASSOCIADO À UNIÃO DOS VEREADORES DO ESTADO DE SÃO PAULO.
 ",,https://www.pindamonhangaba.sp.leg.br/proposicoes/0/0/0/0/124910#pesquisa
1987-11-30 00:00:00,RESOLUÇÃO N.º 004/1987,"FIXA A VERBA DE REPRESENTAÇÃO DO PRESIDENTE DA CÂMARA MUNICIPAL PARA O EXERCÍCIO DE 1988.
 ",,https://www.pindamonhangaba.sp.leg.br/proposicoes/0/0/0/0/124909#pesquisa
1987-09-28 00:00:00,RESOLUÇÃO N.º 003/1987,"DENOMINA UMA SALA DO PALACETE TIRADENTES.
 ",,https://www.pindamonhangaba.sp.leg.br/proposicoes/0/0/0/0/124908#pesquisa
1987-03-23 00:00:00,RESOLUÇÃO N.º 001/1987,"CRIA A COMISSÃO PRÓCONSTITUINTE DO MUNICÍPIO DE PINDAMONHANGABA.
 ",,https://www.pindamonhangaba.sp.leg.br/proposicoes/0/0/0/0/124906#pesquisa
1987-03-23 00:00:00,RESOLUÇÃO N.º 002/1987,"DENOMINA UMA SALA DO PALACETE TIRADENTES.
 ",,https://www.pindamonhangaba.sp.leg.br/proposicoes/0/0/0/0/124907#pesquisa
1986-12-15 00:00:00,RESOLUÇÃO N.º 040/1986,"INSTITUI A CONCESSÃO DE MEDALHAS DE “HONRA AO MÉRITO” E DE “CARTÕES DE PRATA”.
 ",,https://www.pindamonhangaba.sp.leg.br/proposicoes/0/0/0/0/124901#pesquisa
1986-11-24 00:00:00,RESOLUÇÃO N.º 044/1986,"FIXA A VERBA DE REPRESENTAÇÃO DO PRESIDENTE DA CÂMARA MUNICIPAL PARA O EXERCÍCIO DE 1987.
 ",,https://www.pindamonhangaba.sp.leg.br/proposicoes/0/0/0/0/124905#pesquisa
1986-11-19 00:00:00,RESOLUÇÃO N.º 043/1986,"MODIFICA A REDAÇÃO DO ARTIGO 105 DO REGIMENTO INTERNO.
 ",,https://www.pindamonhangaba.sp.leg.br/proposicoes/0/0/0/0/124904#pesquisa
1986-11-03 00:00:00,RESOLUÇÃO N.º 042/1986,"DISPÕE SOBRE CONSTITUIÇÃO DE COMISSÃO ESPECIAL.
 ",,https://www.pindamonhangaba.sp.leg.br/proposicoes/0/0/0/0/124903#pesquisa
1986-10-20 00:00:00,RESOLUÇÃO N.º 041/1986,CONSTITUI COMISSÃO ESPECIAL DE INSPEÇÃO DOS ÔNIBUS DA CONCESSIONÁRIA DE TRANSPORTE COLETIVO.,,https://www.pindamonhangaba.sp.leg.br/proposicoes/0/0/0/0/124902#pesquisa
1986-09-15 00:00:00,RESOLUÇÃO N.º 039/1986,"DISCIPLINA AS ASSINATURAS NOS DIPLOMAS DE “HONRA AO MÉRITO” E NOS TÍTULOS DE “CIDADANIA HONORÁRIA”.
 ",,https://www.pindamonhangaba.sp.leg.br/proposicoes/0/0/0/0/124900#pesquisa
1986-09-09 00:00:00,RESOLUÇÃO N.º 038/1986,"ALTERA DISPOSIÇÃO DA RESOLUÇÃO N.º 13, DE 16 DE ABRIL DE 1984.
 ",,https://www.pindamonhangaba.sp.leg.br/proposicoes/0/0/0/0/124899#pesquisa
1986-06-09 00:00:00,RESOLUÇÃO N.º 037/1986,"MODIFICA OS PARÁGRAFOS 2º E 3º DO ART. 240 DO REGIMENTO INTERNO DA CÂMARA MUNICIPAL.
 ",,https://www.pindamonhangaba.sp.leg.br/proposicoes/0/0/0/0/124898#pesquisa
1986-06-02 00:00:00,RESOLUÇÃO N.º 036/1986,"MODIFICA A REDAÇÃO DO ARTIGO 105 DO REGIMENTO INTERNO.
 ",,https://www.pindamonhangaba.sp.leg.br/proposicoes/0/0/0/0/124897#pesquisa
1986-02-18 00:00:00,RESOLUÇÃO N.º 035/1986,"ALTERA OS TERMOS DA EVOCAÇÃO INAUGURAL DAS SESSÕES LEGISLATIVAS.
 ",,https://www.pindamonhangaba.sp.leg.br/proposicoes/0/0/0/0/124896#pesquisa
1986-01-14 00:00:00,RESOLUÇÃO N.º 034/1986,"DISPÕE SOBRE A FIXAÇÃO DA REMUNERAÇÃO DOS VEREADORES E DÁ OUTRAS PROVIDÊNCIAS.
 ",,https://www.pindamonhangaba.sp.leg.br/proposicoes/0/0/0/0/124895#pesquisa
1985-11-22 00:00:00,RESOLUÇÃO N.º 033/1985,FIXA A VERBA DE REPRESENTAÇÃO DE PRESIDENTE DA CÂMARA MUNICIPAL PARA O EXERCÍCIO DE 1986.,,https://www.pindamonhangaba.sp.leg.br/proposicoes/0/0/0/0/124893#pesquisa
1985-08-12 00:00:00,RESOLUÇÃO N.º 032/1985,DISPÕE SOBRE A DIVULGAÇÃO DO AUTOR DE PROPOSTAS LEGISLATIVAS APROVADAS PELA CÂMARA MUNICIPAL.,,https://www.pindamonhangaba.sp.leg.br/proposicoes/0/0/0/0/124892#pesquisa
1985-08-05 00:00:00,RESOLUÇÃO N.º 031/1985,ALTERA O § 2º DO ART. 119 DO REGIMENTO INTERNO.,,https://www.pindamonhangaba.sp.leg.br/proposicoes/0/0/0/0/124891#pesquisa
1985-06-03 00:00:00,RESOLUÇÃO N.º 030/1985,ASSEGURA O PRONUNCIAMENTO PESSOAL DE PELO MENOS DOIS VEREADORES EM CADA SESSÃO ORDINÁRIA.,,https://www.pindamonhangaba.sp.leg.br/proposicoes/0/0/0/0/124890#pesquisa
1985-05-20 00:00:00,RESOLUÇÃO N.º 029/1985,MODIFICA O ARTIGO 245 DO REGIMENTO INTERNO.,,https://www.pindamonhangaba.sp.leg.br/proposicoes/0/0/0/0/124889#pesquisa
1985-04-01 00:00:00,RESOLUÇÃO N.º 028/1985,MODIFICA A REDAÇÃO DO ART. 105 DO REGIMENTO INTERNO.,,https://www.pindamonhangaba.sp.leg.br/proposicoes/0/0/0/0/124888#pesquisa
1985-03-25 00:00:00,RESOLUÇÃO N.º 027/1985,INSTITUI O USO DA EXPRESSÃO SALA “DR. FRANCISCO ROMANO DE OLIVEIRA”.,,https://www.pindamonhangaba.sp.leg.br/proposicoes/0/0/0/0/124887#pesquisa
1985-03-05 00:00:00,RESOLUÇÃO N.º 022/1985,MODIFICA OS INCISOS II E VI DO ARTIGO 1º DO REGIMENTO INTERNO DA CÂMARA.,,https://www.pindamonhangaba.sp.leg.br/proposicoes/0/0/0/0/124882#pesquisa
1985-03-05 00:00:00,RESOLUÇÃO N.º 023/1985,MODIFICA A REDAÇÃO DO ARTIGO 19 DO REGIMENTO INTERNO DA CÂMARA.,,https://www.pindamonhangaba.sp.leg.br/proposicoes/0/0/0/0/124883#pesquisa
1985-03-05 00:00:00,RESOLUÇÃO N.º 024/1985,MODIFICA O ARTIGO 18 E SEU PARÁGRAFO ÚNICO DO REGIMENTO INTERNO DA CÂMARA.,,https://www.pindamonhangaba.sp.leg.br/proposicoes/0/0/0/0/124884#pesquisa
1985-03-05 00:00:00,RESOLUÇÃO N.º 025/1985,"MODIFICA O § 1º, DO ART. 16 DO REGIMENTO INTERNO DA CÂMARA.",,https://www.pindamonhangaba.sp.leg.br/proposicoes/0/0/0/0/124885#pesquisa
1985-03-05 00:00:00,RESOLUÇÃO N.º 026/1985,MODIFICA A REDAÇÃO DO ARTIGO 1º DO REGIMENTO INTERNO DA CÂMARA MUNICIPAL.,,https://www.pindamonhangaba.sp.leg.br/proposicoes/0/0/0/0/124886#pesquisa
1984-11-19 00:00:00,RESOLUÇÃO N.º 021/1984,FIXA A VERBA DE REPRESENTAÇÃO DO PRESIDENTE DA CÂMARA MUNICIPAL PARA O EXERCÍCIO DE 1985.,,https://www.pindamonhangaba.sp.leg.br/proposicoes/0/0/0/0/124878#pesquisa
1984-11-19 00:00:00,RESOLUÇÃO N.º 020/1984,MODIFICA A REDAÇÃO DO ART. 105 DO REGIMENTO INTERNO.,,https://www.pindamonhangaba.sp.leg.br/proposicoes/0/0/0/0/124879#pesquisa
1984-10-08 00:00:00,RESOLUÇÃO N.º 019/1984,DISPÕE SOBRE OBRIGATORIEDADE DA EXECUÇÃO DO HINO DE PINDAMONHANGABA.,,https://www.pindamonhangaba.sp.leg.br/proposicoes/0/0/0/0/124877#pesquisa
1984-08-14 00:00:00,RESOLUÇÃO N.º 018/1984,MODIFICA A REDAÇÃO DO ART. 246 DO REGIMENTO INTERNO.,,https://www.pindamonhangaba.sp.leg.br/proposicoes/0/0/0/0/124876#pesquisa
1984-08-07 00:00:00,RESOLUÇÃO N.º 017/1984,MODIFICA DISPOSITIVO REGIMENTAL.,,https://www.pindamonhangaba.sp.leg.br/proposicoes/0/0/0/0/124875#pesquisa
1984-05-07 00:00:00,RESOLUÇÃO N.º 014/1984,DENOMINA UMA SALA DO PALACETE TIRADENTES.,,https://www.pindamonhangaba.sp.leg.br/proposicoes/0/0/0/0/124872#pesquisa
1984-05-07 00:00:00,RESOLUÇÃO N.º 015/1984,DENOMINA UMA SALA DO PALACETE TIRADENTES.,,https://www.pindamonhangaba.sp.leg.br/proposicoes/0/0/0/0/124873#pesquisa
1984-05-07 00:00:00,RESOLUÇÃO N.º 016/1984,DÁ AO RECINTO DE SESSÕES DA CÂMARA A DENOMINAÇÃO DE SALA “DR. FRANCISCO ROMANO DE OLIVEIRA”.,,https://www.pindamonhangaba.sp.leg.br/proposicoes/0/0/0/0/124874#pesquisa
1984-04-16 00:00:00,RESOLUÇÃO N.º 013/1984,REABRE DISCUSSÃO SUMÁRIA NA FASE DE VOTAÇÃO AS PROPOSITURAS DESTACADAS.,,https://www.pindamonhangaba.sp.leg.br/proposicoes/0/0/0/0/124871#pesquisa
1984-04-02 00:00:00,RESOLUÇÃO N.º 012/1984,MODIFICA DISPOSITIVO REGIMENTAL.,,https://www.pindamonhangaba.sp.leg.br/proposicoes/0/0/0/0/124870#pesquisa
1984-02-27 00:00:00,RESOLUÇÃO N.º 011/1984,MODIFICA O ART. 238 DO REGIMENTO INTERNO.,,https://www.pindamonhangaba.sp.leg.br/proposicoes/0/0/0/0/124869#pesquisa
1984-02-20 00:00:00,RESOLUÇÃO N.º 010/1984,DENOMINA O PRÉDIO DA CÂMARA MUNICIPAL.,,https://www.pindamonhangaba.sp.leg.br/proposicoes/0/0/0/0/124868#pesquisa
1983-12-05 00:00:00,RESOLUÇÃO N.º 009/1983,FIXA A VERBA DE REPRESENTAÇÃO DO PRESIDENTE DA CÂMARA MUNICIPAL PARA A SESSÃO LEGISLATIVA DE 1984.,,https://www.pindamonhangaba.sp.leg.br/proposicoes/0/0/0/0/124867#pesquisa
1983-11-29 00:00:00,RESOLUÇÃO N.º 007/1983,"CRIA NA COMISSÃO DE JUSTIÇA, UMA SUBCOMISSÃO DE DEFESA DOS DIREITOS DA PESSOA HUMANA.
 ",,https://www.pindamonhangaba.sp.leg.br/proposicoes/0/0/0/0/124865#pesquisa
1983-11-29 00:00:00,RESOLUÇÃO N.º 008/1983,MODIFICA DISPOSITIVOS REGIMENTAIS.,,https://www.pindamonhangaba.sp.leg.br/proposicoes/0/0/0/0/124866#pesquisa
1983-10-03 00:00:00,RESOLUÇÃO N.º 006/1983,DISPÕE SOBRE FILIAÇÃO DA CÂMARA À UNIVALI.,,https://www.pindamonhangaba.sp.leg.br/proposicoes/0/0/0/0/124864#pesquisa
1983-05-16 00:00:00,RESOLUÇÃO N.º 005/1983,DÁ NOVA REDAÇÃO A DISPOSITIVO REGIMENTAL.,,https://www.pindamonhangaba.sp.leg.br/proposicoes/0/0/0/0/124863#pesquisa
1983-05-02 00:00:00,RESOLUÇÃO N.º 004/1983,"REVOGA “IN TOTUM” A RESOLUÇÃO N.º 7, DE 20 DE OUTUBRO DE 1981.",,https://www.pindamonhangaba.sp.leg.br/proposicoes/0/0/0/0/124862#pesquisa
1983-03-08 00:00:00,RESOLUÇÃO N.º 002/1983,MODIFICA O REGIMENTO INTERNO.,,https://www.pindamonhangaba.sp.leg.br/proposicoes/0/0/0/0/124860#pesquisa
1983-03-08 00:00:00,RESOLUÇÃO N.º 003/1983,MODIFICA O REGIMENTO INTERNO.,,https://www.pindamonhangaba.sp.leg.br/proposicoes/0/0/0/0/124861#pesquisa
1983-03-01 00:00:00,RESOLUÇÃO N.º 001/1983,LIBERA O USO DE PALETÓ E DE GRAVATA NAS SESSÕES ORDINÁRIAS.,,https://www.pindamonhangaba.sp.leg.br/proposicoes/0/0/0/0/124859#pesquisa
1982-11-22 00:00:00,RESOLUÇÃO N.º 001/1982,FIXA A REMUNERAÇÃO DOS VEREADORES PARA O SEXÊNIO 1983-1988 E DÁ OUTRAS PROVIDÊNCIAS.,,https://www.pindamonhangaba.sp.leg.br/proposicoes/0/0/0/0/124857#pesquisa
1982-11-22 00:00:00,RESOLUÇÃO N.º 002/1982,FIXA A VERBA DE REPRESENTAÇÃO DO PRESIDENTE DA CÂMARA MUNICIPAL PARA A SESSÃO LEGISLATIVA DE 1983.,,https://www.pindamonhangaba.sp.leg.br/proposicoes/0/0/0/0/124858#pesquisa
1981-10-20 00:00:00,RESOLUÇÃO N.º 007/1981,MODIFICA O REGIMENTO INTERNO DA CÂMARA.,,https://www.pindamonhangaba.sp.leg.br/proposicoes/0/0/0/0/124856#pesquisa
1981-10-06 00:00:00,RESOLUÇÃO N.º 006/1981,"MODIFICA O PARÁGRAFO 7º DO ARTIGO 114, DO REGIMENTO INTERNO DA CÂMARA MUNICIPAL.",,https://www.pindamonhangaba.sp.leg.br/proposicoes/0/0/0/0/124855#pesquisa
1981-06-19 00:00:00,RESOLUÇÃO N.º 005/1981,"DÁ NOVA REDAÇÃO AO ART. 2º DA RESOLUÇÃO N.º 3, DE 26 DE MAIO DE 1981.",,https://www.pindamonhangaba.sp.leg.br/proposicoes/0/0/0/0/124854#pesquisa
1981-06-16 00:00:00,RESOLUÇÃO N.º 004/1981,INSTITUI O DIPLOMA DE HONRA AO MÉRITO.,,https://www.pindamonhangaba.sp.leg.br/proposicoes/0/0/0/0/124853#pesquisa
1981-05-26 00:00:00,RESOLUÇÃO N.º 003/1981,INSTITUI O DIPLOMA DE “CIDADE IRMÃ”.,,https://www.pindamonhangaba.sp.leg.br/proposicoes/0/0/0/0/124852#pesquisa
1981-04-23 00:00:00,RESOLUÇÃO N.º 002/1981,"REGULAMENTA A CESSÃO DO RECINTO DA CÂMARA.
 ",,https://www.pindamonhangaba.sp.leg.br/proposicoes/0/0/0/0/124851#pesquisa
1981-03-24 00:00:00,RESOLUÇÃO N.º 001/1981,FIXA A VERBA DE REPRESENTAÇÃO DO PRESIDENTE DA CÂMARA PARA O ANO DE 1981.,,https://www.pindamonhangaba.sp.leg.br/proposicoes/0/0/0/0/124850#pesquisa
1980-08-18 00:00:00,RESOLUÇÃO N.º 003/1980,FIXA VERBA DE REPRESENTAÇÃO DO PRESIDENTE DA CÂMARA PARA O EXERCÍCIO DE 1980.,,https://www.pindamonhangaba.sp.leg.br/proposicoes/0/0/0/0/124844#pesquisa
1980-06-10 00:00:00,RESOLUÇÃO N.º 002/1980,DISPÕE SOBRE CONCESSÃO AUTOMÁTICA DE TÍTULO DE “CIDADÃO DE PINDAMONHANGABENSE.”,,https://www.pindamonhangaba.sp.leg.br/proposicoes/0/0/0/0/124841#pesquisa
1980-04-01 00:00:00,RESOLUÇÃO N.º 001/1980,"ALTERA O ART. 2º, DA RESOLUÇÃO N.º 6, DE 4 DE DEZEMBRO DE 1979.",,https://www.pindamonhangaba.sp.leg.br/proposicoes/0/0/0/0/124840#pesquisa
1979-12-04 00:00:00,RESOLUÇÃO N.º 006/1979,FIXA A REMUNERAÇÃO DOS VEREADORES.,,https://www.pindamonhangaba.sp.leg.br/proposicoes/0/0/0/0/124837#pesquisa
1979-05-14 00:00:00,RESOLUÇÃO N.º 003/1979,"MODIFICA A REDAÇÃO DO § 2º, DO ART. 240, DO REGIMENTO INTERNO.",,https://www.pindamonhangaba.sp.leg.br/proposicoes/0/0/0/0/124833#pesquisa
1979-05-14 00:00:00,RESOLUÇÃO N.º 004/1979,MODIFICA A REDAÇÃO DO ART. 245 DO REGIMENTO INTERNO.,,https://www.pindamonhangaba.sp.leg.br/proposicoes/0/0/0/0/124835#pesquisa
1979-05-14 00:00:00,RESOLUÇÃO N.º 005/1979,MODIFICA DISPOSITIVOS REGIMENTAIS.,,https://www.pindamonhangaba.sp.leg.br/proposicoes/0/0/0/0/124836#pesquisa
1979-04-30 00:00:00,RESOLUÇÃO N.º 002/1979,INSTITUI A CONCESSÃO ESPECIAL DE TÍTULOS DE “CIDADÃO PINDAMONHANGABENSE” E DÁ MEDALHAS.,,https://www.pindamonhangaba.sp.leg.br/proposicoes/0/0/0/0/124832#pesquisa
1979-03-20 00:00:00,RESOLUÇÃO N.º 001/1979,"MODIFICA DISPOSITIVO DA RESOLUÇÃO N.º 1, DE 10 DE MAIO DE 1972.",,https://www.pindamonhangaba.sp.leg.br/proposicoes/0/0/0/0/124830#pesquisa
1978-11-14 00:00:00,RESOLUÇÃO N.º 002/1978,FIXA A VERBA DE REPRESENTAÇÃO DO PRESIDENTE DA CÂMARA PARA O ANO DE 1979.,,https://www.pindamonhangaba.sp.leg.br/proposicoes/0/0/0/0/124826#pesquisa
1978-08-15 00:00:00,RESOLUÇÃO N.º 001/1978,DISPÕE SOBRE O NOVO REGIMENTO INTERNO DA CÂMARA MUNICIPAL DE PINDAMONHANGABA.,,https://www.pindamonhangaba.sp.leg.br/proposicoes/0/0/0/0/124825#pesquisa
1977-12-13 00:00:00,RESOLUÇÃO N.º 007/1977,FIXA A VERBA DE REPRESENTAÇÃO DO PRESIDENTE DA CÂMARA MUNICIPAL PARA O ANO DE 1978.,,https://www.pindamonhangaba.sp.leg.br/proposicoes/0/0/0/0/124817#pesquisa
1977-06-27 00:00:00,RESOLUÇÃO N.º 005/1977,REGULAMENTA A SUBSCRIÇÃO DE REQUERIMENTOS E DÁ OUTRAS PROVIDÊNCIAS.,,https://www.pindamonhangaba.sp.leg.br/proposicoes/0/0/0/0/124815#pesquisa
1977-06-27 00:00:00,RESOLUÇÃO N.º 006/1977,REGULAMENTA A APROVAÇÃO DAS RESOLUÇÕES.,,https://www.pindamonhangaba.sp.leg.br/proposicoes/0/0/0/0/124816#pesquisa
1977-05-16 00:00:00,RESOLUÇÃO N.º 004/1977,FIXA A REMUNERAÇÃO DOS VEREADORES.,,https://www.pindamonhangaba.sp.leg.br/proposicoes/0/0/0/0/124814#pesquisa
1977-03-08 00:00:00,RESOLUÇÃO N.º 003/1977,SIMPLIFICA A TRAMITAÇÃO DOS PROJETOS DE LEI APROVADOS POR UNANIMIDADE EM 1ª DISCUSSÃO.,,https://www.pindamonhangaba.sp.leg.br/proposicoes/0/0/0/0/124813#pesquisa
1977-03-01 00:00:00,RESOLUÇÃO N.º 001/1977,SUPRIME O REGISTRO DAS INDICAÇÕES NAS ATAS.,,https://www.pindamonhangaba.sp.leg.br/proposicoes/0/0/0/0/124810#pesquisa
1977-03-01 00:00:00,RESOLUÇÃO N.º 002/1977,FIXA REMUNERAÇÃO DOS VEREADORES PARA A LEGISLATURA 1977-1980.,,https://www.pindamonhangaba.sp.leg.br/proposicoes/0/0/0/0/124812#pesquisa
1976-12-08 00:00:00,RESOLUÇÃO N.º 003/1976,DISPÕE SOBRE ENTRONIZAÇÃO DA BÍBLIA.,,https://www.pindamonhangaba.sp.leg.br/proposicoes/0/0/0/0/124808#pesquisa
1976-12-08 00:00:00,RESOLUÇÃO N.º 004/1976,DISPÕE SOBRE INAUGURAÇÃO DE RETRATO.,,https://www.pindamonhangaba.sp.leg.br/proposicoes/0/0/0/0/124809#pesquisa
1976-08-03 00:00:00,RESOLUÇÃO N.º 002/1976,"RESTRINGE, NOS ANOS ELEITORAIS, CONVITE A CONFERENCISTA PARA A SESSÃO SOLENE DE 10 DE JULHO.",,https://www.pindamonhangaba.sp.leg.br/proposicoes/0/0/0/0/124807#pesquisa
1976-03-23 00:00:00,RESOLUÇÃO N.º 001/1976,AUTORIZA A VENDA DO VEÍCULO DA CÂMARA.,,https://www.pindamonhangaba.sp.leg.br/proposicoes/0/0/0/0/124806#pesquisa
1975-11-03 00:00:00,RESOLUÇÃO N.º 005/1975,AMPLIA O TEMPO PARA PRONUNCIAMENTO PESSOAL DO VEREADOR.,,https://www.pindamonhangaba.sp.leg.br/proposicoes/0/0/0/0/124805#pesquisa
1975-08-04 00:00:00,RESOLUÇÃO N.º 004/1975,FIXA A REMUNERAÇÃO DOS VEREADORES.,,https://www.pindamonhangaba.sp.leg.br/proposicoes/0/0/0/0/124804#pesquisa
1974-12-18 00:00:00,RESOLUÇÃO N.º 003/1974,INSTITUI O DIPLOMA DE “HONRA AO MÉRITO”.,,https://www.pindamonhangaba.sp.leg.br/proposicoes/0/0/0/0/124803#pesquisa
1974-10-31 00:00:00,RESOLUÇÃO N.º 002/1974,DÁ DENOMINAÇÃO À SALA DE TRABALHOS DA CÂMARA MUNICIPAL.,,https://www.pindamonhangaba.sp.leg.br/proposicoes/0/0/0/0/124802#pesquisa
1974-05-21 00:00:00,RESOLUÇÃO N.º 001/1974,INSTITUI A VERBA DE REPRESENTAÇÃO DO PRESIDENTE E DÁ OUTRAS PROVIDÊNCIAS.,,https://www.pindamonhangaba.sp.leg.br/proposicoes/0/0/0/0/124801#pesquisa
1973-05-26 00:00:00,RESOLUÇÃO N.º 001/1973,ALTERA E REGULAMENTA A CONCESSÃO DE CIDADANIA HONORÁRIA.,,https://www.pindamonhangaba.sp.leg.br/proposicoes/0/0/0/0/124800#pesquisa
1972-09-26 00:00:00,RESOLUÇÃO N.º 002/1972,REDUZ PARA DUAS DISCUSSÕES A APRECIAÇÃO DOS PROJETOS DE LEI.,,https://www.pindamonhangaba.sp.leg.br/proposicoes/0/0/0/0/124799#pesquisa
1972-05-10 00:00:00,RESOLUÇÃO N.º 001/1972,REGULAMENTA O USO DO VEÍCULO DA CÂMARA MUNICIPAL.,,https://www.pindamonhangaba.sp.leg.br/proposicoes/0/0/0/0/124798#pesquisa
1971-11-03 00:00:00,RESOLUÇÃO N.º 002/1971,"MODIFICA O ARTIGO 5º DA RESOLUÇÃO N.º 1, DE 28 DE ABRIL DE 1970.",,https://www.pindamonhangaba.sp.leg.br/proposicoes/0/0/0/0/124797#pesquisa
1971-08-23 00:00:00,RESOLUÇÃO N.º 001/1971,REINSTITUI O TÍTULO DE “CIDADÃO PINDAMONHANGABENSE” E DÁ NOVA REGULAMENTAÇÃO A SUA CONCESSÃO.,,https://www.pindamonhangaba.sp.leg.br/proposicoes/0/0/0/0/124795#pesquisa
1970-10-13 00:00:00,RESOLUÇÃO N.º 005/1970,DISPÕE SOBRE O FORNECIMENTO DE CARTEIRA DE IDENTIDADE DA CÂMARA AOS VEREADORES E AOS SUPLENTES.,,https://www.pindamonhangaba.sp.leg.br/proposicoes/0/0/0/0/124793#pesquisa
1970-05-26 00:00:00,RESOLUÇÃO N.º 002/1970,CONCEDE TÍTULO DE CIDADANIA PINDAMONHANGABENSE.,,https://www.pindamonhangaba.sp.leg.br/proposicoes/0/0/0/0/124790#pesquisa
1970-05-26 00:00:00,RESOLUÇÃO N.º 003/1970,CONCEDE TÍTULO DE CIDADANIA PINDAMONHANGABENSE.,,https://www.pindamonhangaba.sp.leg.br/proposicoes/0/0/0/0/124791#pesquisa
1970-05-26 00:00:00,RESOLUÇÃO N.º 004/1970,CONCEDE TÍTULO DE CIDADANIA PINDAMONHANGABENSE.,,https://www.pindamonhangaba.sp.leg.br/proposicoes/0/0/0/0/124792#pesquisa
1970-04-28 00:00:00,RESOLUÇÃO N.º 001/1970,DISPÕE SOBRE A ABERTURA DOS TRABALHOS DAS SESSÕES ORDINÁRIAS E INSTITUI O PRONUNCIAMENTO PESSOAL DOS VEREADORES.,,https://www.pindamonhangaba.sp.leg.br/proposicoes/0/0/0/0/124789#pesquisa
1969-12-30 00:00:00,RESOLUÇÃO N.º 006/1969,DISPÕE SOBRE OFICIALIZAÇÃO DO CURSO DE HISTÓRIA DE PINDAMONHANGABA.,,https://www.pindamonhangaba.sp.leg.br/proposicoes/0/0/0/0/124788#pesquisa
1969-12-09 00:00:00,RESOLUÇÃO N.º 005/1969,MODIFICA O ART. 11 DO REGIMENTO INTERNO.,,https://www.pindamonhangaba.sp.leg.br/proposicoes/0/0/0/0/124787#pesquisa
1969-10-15 00:00:00,RESOLUÇÃO N.º 004/1969,"APLICA AOS PROJETOS DE LEI DE INICIATIVA DOS VEREADORES AS NORMAS TÉCNICAS DE QUE TRATA O DECRETO – LEI COMPLEMENTAR N.º 1, DE 11-08-1969.",,https://www.pindamonhangaba.sp.leg.br/proposicoes/0/0/0/0/124786#pesquisa
1969-05-26 00:00:00,RESOLUÇÃO N.º 001/1969,DISPÕE SOBRE A CONCESSÃO DE TÍTULO DE CIDADANIA PINDAMONHANGABENSE.,,https://www.pindamonhangaba.sp.leg.br/proposicoes/0/0/0/0/124783#pesquisa
1969-05-26 00:00:00,RESOLUÇÃO N.º 002/1969,CONCEDE TÍTULO DE “CIDADÃO PINDAMONHANGABENSE”.,,https://www.pindamonhangaba.sp.leg.br/proposicoes/0/0/0/0/124784#pesquisa
1969-05-26 00:00:00,RESOLUÇÃO N.º 003/1969,"CONCEDE, “POST MORTEM” O TÍTULO DE “CIDADANIA PINDAMONHANGABENSE”.",,https://www.pindamonhangaba.sp.leg.br/proposicoes/0/0/0/0/124785#pesquisa
1968-12-17 00:00:00,RESOLUÇÃO N.º 003/1968,AUMENTA OS VENCIMENTOS DOS FUNCIONÁRIOS DA CÂMARA POR FORÇA DA LEI DE PARIDADE DE VENCIMENTOS.,,https://www.pindamonhangaba.sp.leg.br/proposicoes/0/0/0/0/124782#pesquisa
1968-11-21 00:00:00,RESOLUÇÃO N.º 002/1968,INSTITUI O REGIME DE DEDICAÇÃO EXCLUSIVA PARA O CARGO DE DIRETOR DA SECRETARIA E ASSESSOR TÉCNICO DA CÂMARA MUNICIPAL.,,https://www.pindamonhangaba.sp.leg.br/proposicoes/0/0/0/0/124781#pesquisa
1968-10-11 00:00:00,RESOLUÇÃO N.º 001/1968,FIXA OS SUBSÍDIOS E A VERBA DE REPRESENTAÇÃO DO PREFEITO PARA A PRÓXIMA LEGISLATURA E DÁ OUTRAS PROVIDÊNCIAS.,,https://www.pindamonhangaba.sp.leg.br/proposicoes/0/0/0/0/124780#pesquisa
1967-12-19 00:00:00,RESOLUÇÃO N.º 006/1967,FIXA OS SUBSÍDIOS E A VERBA DE REPRESENTAÇÃO DO PREFEITO MUNICIPAL E A VERBA DE REPRESENTAÇÃO DO PRESIDENTE DA CÂMARA PARA O PERÍODO DE 1º DE JANEIRO DE 1968 A 31 DE JANEIRO DE 1969.,,https://www.pindamonhangaba.sp.leg.br/proposicoes/0/0/0/0/124775#pesquisa
1967-12-13 00:00:00,RESOLUÇÃO N.º 004/1967,CONCEDE ABONO DE NATAL AOS SERVIDORES DA CÂMARA.,,https://www.pindamonhangaba.sp.leg.br/proposicoes/0/0/0/0/124773#pesquisa
1967-12-13 00:00:00,RESOLUÇÃO N.º 005/1967,"ALTERA AS RESOLUÇÕES N.º 2 E 3, RESPECTIVAMENTE DE 17 E 24 DE OUTUBRO DE 1967 E DÁ OUTRAS PROVIDÊNCIAS.",,https://www.pindamonhangaba.sp.leg.br/proposicoes/0/0/0/0/124774#pesquisa
1967-10-24 00:00:00,RESOLUÇÃO N.º 003/1967,"REESTRUTURA O CARGO DE AUXILIAR DO DIRETOR DA SECRETARIA, AUMENTA OS VENCIMENTOS DE OUTROS SERVIDORES DA CÂMARA, ALTERA A TABELA DE REFERÊNCIAS NUMÉRICAS DOS VENCIMENTOS DOS SERVIDORES DO LEGISLATIVO E DÁ OUTRAS PROVIDÊNCIAS.",,https://www.pindamonhangaba.sp.leg.br/proposicoes/0/0/0/0/124772#pesquisa
1967-10-17 00:00:00,RESOLUÇÃO N.º 002/1967,DÁ NOVA DENOMINAÇÃO AO CARGO DE DIRETOR DA SECRETARIA DA CÂMARA E AMPLIA SUAS ATRIBUIÇÕES.,,https://www.pindamonhangaba.sp.leg.br/proposicoes/0/0/0/0/124771#pesquisa
1967-03-07 00:00:00,RESOLUÇÃO N.º 001/1967,AUTORIZA CELEBRAÇÃO DE CONTRATO COM A RÁDIO LOCAL VISANDO A PUBLICAÇÃO DOS TRABALHOS DA CÂMARA E A IRRADIAÇÃO DE SUAS SESSÕES.,,https://www.pindamonhangaba.sp.leg.br/proposicoes/0/0/0/0/124770#pesquisa
1966-12-31 00:00:00,RESOLUÇÃO N.º 006/1966,MAJORA OS VENCIMENTOS DOS FUNCIONÁRIOS DA CÂMARA MUNICIPAL.,,https://www.pindamonhangaba.sp.leg.br/proposicoes/0/0/0/0/124766#pesquisa
1966-12-13 00:00:00,RESOLUÇÃO N.º 005/1966,MAJORA OS VENCIMENTOS DOS FUNCIONÁRIOS DA CÂMARA MUNICIPAL.,,https://www.pindamonhangaba.sp.leg.br/proposicoes/0/0/0/0/124765#pesquisa
1966-06-28 00:00:00,RESOLUÇÃO N.º 004/1966,DISPÕE SOBRE APROVAÇÃO DE CONTAS DO PODER EXECUTIVO.,,https://www.pindamonhangaba.sp.leg.br/proposicoes/0/0/0/0/124764#pesquisa
1966-05-24 00:00:00,RESOLUÇÃO N.º 003/1966,"CONCEDE TÍTULO DE ""CIDADANIA PINDAMONHANGABENSE"".",,https://www.pindamonhangaba.sp.leg.br/proposicoes/0/0/0/0/124763#pesquisa
1966-04-20 00:00:00,RESOLUÇÃO N.º 002/1966,"FIXA OS SUBSÍDIOS E A VERBA DE REPRESENTAÇÃO DO PREFEITO MUNICIPAL, E A VERBA DE REPRESENTAÇÃO DO VICE-PREFEITO E DO PRESIDENTE DA CÂMARA PARA O PERÍODO CONTADO DE 1º DE MARÇO DE 1966 A 31 DE DEZEMBRO DE 1967.",,https://www.pindamonhangaba.sp.leg.br/proposicoes/0/0/0/0/124762#pesquisa
1966-01-27 00:00:00,RESOLUÇÃO N.º 001/1966,AUMENTA OS VENCIMENTOS DOS SERVIDORES DA CÂMARA MUNICIPAL.,,https://www.pindamonhangaba.sp.leg.br/proposicoes/0/0/0/0/124761#pesquisa
1965-12-14 00:00:00,RESOLUÇÃO N.º 008/1965,EFETIVA FUNCIONÁRIO DA CÂMARA MUNICIPAL.,,https://www.pindamonhangaba.sp.leg.br/proposicoes/0/0/0/0/124746#pesquisa
1965-12-07 00:00:00,RESOLUÇÃO N.º 007/1965,INSTITUI A INSTALAÇÃO SOLENE DOS EXERCÍCIOS LEGISLATIVOS.,,https://www.pindamonhangaba.sp.leg.br/proposicoes/0/0/0/0/124745#pesquisa
1965-09-22 00:00:00,RESOLUÇÃO N.º 006/1965,AUTORIZA CELEBRAÇÃO DE CONTRATO COM A RÁDIO LOCAL VISANDO A PUBLICAÇÃO DOS TRABALHOS DA CÂMARA E A IRRADIAÇÃO DE SUAS SESSÕES.,,https://www.pindamonhangaba.sp.leg.br/proposicoes/0/0/0/0/124743#pesquisa
1965-05-25 00:00:00,RESOLUÇÃO N.º 004/1965,CONCEDE TÍTULO DE “CIDADÃO PINDAMONHANGABENSE.,,https://www.pindamonhangaba.sp.leg.br/proposicoes/0/0/0/0/124738#pesquisa
1965-05-25 00:00:00,RESOLUÇÃO N.º 005/1965,"CONCEDE TÍTULO DE “CIDADÃO PINDAMONHANGABENSE"".",,https://www.pindamonhangaba.sp.leg.br/proposicoes/0/0/0/0/124741#pesquisa
1965-05-03 00:00:00,RESOLUÇÃO N.º 003/1965,CONCEDE TÍTULO DE “CIDADÃO PINDAMONHANGABENSE”.,,https://www.pindamonhangaba.sp.leg.br/proposicoes/0/0/0/0/124737#pesquisa
1965-04-30 00:00:00,RESOLUÇÃO N.º 002/1965,MAJORA OS VENCIMENTOS DOS SERVIDORES DA CÂMARA MUNICIPAL.,,https://www.pindamonhangaba.sp.leg.br/proposicoes/0/0/0/0/124736#pesquisa
1965-02-03 00:00:00,RESOLUÇÃO N.º 001/1965,INTRODUZA DISPOSITIVOS NO REGIMENTO INTERNO.,,https://www.pindamonhangaba.sp.leg.br/proposicoes/0/0/0/0/124735#pesquisa
1964-12-02 00:00:00,RESOLUÇÃO N.º 013/1964,ESTABELECE NORMA PARA CONSTITUIÇÃO DE BANCADAS.,,https://www.pindamonhangaba.sp.leg.br/proposicoes/0/0/0/0/124734#pesquisa
1964-11-07 00:00:00,RESOLUÇÃO N.º 012/1964,"DÁ NOVA REDAÇÃO AOS ARTIGOS 1º E 2º DA RESOLUÇÃO N.º 4, DE 28 DE JUNHO DE 1963, QUE DISPÕE SOBRE CONCESSÃO DE LICENÇA-PRÊMIO EM PECÚNIA.",,https://www.pindamonhangaba.sp.leg.br/proposicoes/0/0/0/0/124733#pesquisa
1964-09-29 00:00:00,RESOLUÇÃO N.º 011/1964,REGULAMENTA O TEMPO DE DURAÇÃO DOS TRABALHOS DA CÂMARA.,,https://www.pindamonhangaba.sp.leg.br/proposicoes/0/0/0/0/124732#pesquisa
1964-09-24 00:00:00,RESOLUÇÃO N.º 010/1964,DÁ NOVA REDAÇÃO E PROVIDÊNCIAS ÀS RESOLUÇÕES VERSANTES SOBRE A OUTORGA DA CIDADANIA PINDAMONHANGABENSE.,,https://www.pindamonhangaba.sp.leg.br/proposicoes/0/0/0/0/124731#pesquisa
1964-09-17 00:00:00,RESOLUÇÃO N.º 009/1964,REGULAMENTA O PEDIDO DE “VISTAS” DE PROJETOS NO PLENÁRIO.,,https://www.pindamonhangaba.sp.leg.br/proposicoes/0/0/0/0/124730#pesquisa
1964-08-26 00:00:00,RESOLUÇÃO N.º 008/1964,MAJORA OS VENCIMENTOS DOS FUNCIONÁRIOS DA CÂMARA MUNICIPAL.,,https://www.pindamonhangaba.sp.leg.br/proposicoes/0/0/0/0/124729#pesquisa
1964-08-24 00:00:00,RESOLUÇÃO N.º 007/1964,REVOGA “IN TOTUM” RESOLUÇÃO EM VIGOR.,,https://www.pindamonhangaba.sp.leg.br/proposicoes/0/0/0/0/124728#pesquisa
1964-06-05 00:00:00,RESOLUÇÃO N.º 006/1964,CRIA COMISSÃO ESPECIAL PARA ESTUDAR AS ALTERAÇÕES JULGADAS NECESSÁRIAS AO APRIMORAMENTO DO CÓDIGO TRIBUTÁRIO.,,https://www.pindamonhangaba.sp.leg.br/proposicoes/0/0/0/0/124727#pesquisa
1964-05-20 00:00:00,RESOLUÇÃO N.º 001/1964,DISPÕE SOBRE HOMENAGEM QUE PERPETUA NA CÂMARA O NOME DO PRESIDENTE JOHN FITZGERALD KENNEDY.,,https://www.pindamonhangaba.sp.leg.br/proposicoes/0/0/0/0/124722#pesquisa
1964-05-20 00:00:00,RESOLUÇÃO N.º 002/1964,"DISCIPLINA A COMPETÊNCIA DA INICIATIVA DA DENOMINAÇÃO DE VIAS E LOGRADOUROS PÚBLICOS MUNICIPAIS, ESTABELECENDO NORMAS PARA AS PROPOSITURAS CONGÊNERES.",,https://www.pindamonhangaba.sp.leg.br/proposicoes/0/0/0/0/124723#pesquisa
1964-04-22 00:00:00,RESOLUÇÃO N.º 005/1964,MAJORA OS VENCIMENTOS DOS SERVIDORES DA CÂMARA E DÁ OUTRAS PROVIDÊNCIAS.,,https://www.pindamonhangaba.sp.leg.br/proposicoes/0/0/0/0/124726#pesquisa
1964-03-24 00:00:00,RESOLUÇÃO N.º 003/1964,ESTABELECE PREÂMBULO EVOCATIVO PARA A ABERTURA DAS SESSÕES DA CÂMARA.,,https://www.pindamonhangaba.sp.leg.br/proposicoes/0/0/0/0/124724#pesquisa
1964-03-24 00:00:00,RESOLUÇÃO N.º 004/1964,DENOMINA A SALA DE SESSÕES DA CÂMARA POR “BARÃO HOMEM DE MELLO”.,,https://www.pindamonhangaba.sp.leg.br/proposicoes/0/0/0/0/124725#pesquisa
1963-12-23 00:00:00,RESOLUÇÃO N.º 008/1963,DISPÕE SOBRE APROVAÇÃO DE CONTAS DO PODER EXECUTIVO.,,https://www.pindamonhangaba.sp.leg.br/proposicoes/0/0/0/0/124718#pesquisa
1963-12-23 00:00:00,RESOLUÇÃO N.º 009/1963,FIXA OS SUBSÍDIOS E A VERBA DE REPRESENTAÇÃO DO PREFEITO E A VERBA DE REPRESENTAÇÃO DO VICE-PREFEITO E DO PRESIDENTE DA CÂMARA PARA A PRÓXIMA LEGISLATURA.,,https://www.pindamonhangaba.sp.leg.br/proposicoes/0/0/0/0/124719#pesquisa
1963-11-18 00:00:00,RESOLUÇÃO N.º 007/1963,INCORPORA ABONO AOS VENCIMENTOS.,,https://www.pindamonhangaba.sp.leg.br/proposicoes/0/0/0/0/124717#pesquisa
1963-08-20 00:00:00,RESOLUÇÃO N.º 006/1963,REGULAMENTA POSSE DE SUPLENTE DE VEREADOR.,,https://www.pindamonhangaba.sp.leg.br/proposicoes/0/0/0/0/124716#pesquisa
1963-06-30 00:00:00,RESOLUÇÃO N.º 005/1963,"REGULAMENTA A TRAMITAÇÃO, ELABORAÇÃO, DISCUSSÃO E VOTAÇÃO DO PROJETO DO CÓDIGO TRIBUTÁRIO DO MUNICÍPIO DE PINDAMONHANGABA.",,https://www.pindamonhangaba.sp.leg.br/proposicoes/0/0/0/0/124715#pesquisa
1963-06-28 00:00:00,RESOLUÇÃO N.º 004/1963,DIVIDE A LICENÇA-PRÊMIO EM DESCANSO E FACULTATIVAMENTE EM REMUNERAÇÃO.,,https://www.pindamonhangaba.sp.leg.br/proposicoes/0/0/0/0/124714#pesquisa
1963-06-27 00:00:00,RESOLUÇÃO N.º 003/1963,CONCEDE ABONO AOS FUNCIONÁRIOS DO PODER LEGISLATIVO.,,https://www.pindamonhangaba.sp.leg.br/proposicoes/0/0/0/0/124712#pesquisa
1963-06-11 00:00:00,RESOLUÇÃO N.º 002/1963,CONCEDE TÍTULO DE CIDADANIA PINDAMONHANGABENSE.,,https://www.pindamonhangaba.sp.leg.br/proposicoes/0/0/0/0/124711#pesquisa
1963-01-11 00:00:00,RESOLUÇÃO N.º 001/1963,"CRIA O QUADRO DO FUNCIONALISMO DA CÂMARA MUNICIPAL, FIXA OS RESPECTIVOS VENCIMENTOS E FUNÇÕES E DÁ OUTRAS PROVIDÊNCIAS.",,https://www.pindamonhangaba.sp.leg.br/proposicoes/0/0/0/0/124710#pesquisa
1961-12-22 00:00:00,RESOLUÇÃO N.º 007/1961,CRIA O CARGO DE AUXILIAR DO DIRETOR DA SECRETARIA DA CÂMARA MUNICIPAL.,,https://www.pindamonhangaba.sp.leg.br/proposicoes/0/0/0/0/124708#pesquisa
1961-12-22 00:00:00,RESOLUÇÃO N.º 008/1961,MAJORA OS VENCIMENTOS DOS SERVIDORES DA CÂMARA MUNICIPAL E DÁ OUTRAS PROVIDÊNCIAS.,,https://www.pindamonhangaba.sp.leg.br/proposicoes/0/0/0/0/124709#pesquisa
1961-09-13 00:00:00,RESOLUÇÃO N.º 006/1961,REGULAMENTA A SUBSTITUIÇÃO DO DIRETOR DA SECRETARIA.,,https://www.pindamonhangaba.sp.leg.br/proposicoes/0/0/0/0/124707#pesquisa
1961-09-11 00:00:00,RESOLUÇÃO N.º 005/1961,MODIFICA A RESOLUÇÃO QUE REGULAMENTA A CONCESSÃO DO TÍTULO DE CIDADANIA PINDAMONHANGABENSE.,,https://www.pindamonhangaba.sp.leg.br/proposicoes/0/0/0/0/124705#pesquisa
1961-05-24 00:00:00,RESOLUÇÃO N.º 002/1961,CONCEDE TÍTULO DE CIDADANIA PINDAMONHANGABENSE.,,https://www.pindamonhangaba.sp.leg.br/proposicoes/0/0/0/0/124702#pesquisa
1961-05-24 00:00:00,RESOLUÇÃO N.º 003/1961,CONCEDE TÍTULO DE CIDADANIA PINDAMONHANGABENSE.,,https://www.pindamonhangaba.sp.leg.br/proposicoes/0/0/0/0/124703#pesquisa
1961-05-24 00:00:00,RESOLUÇÃO N.º 004/1961,CONCEDE TÍTULO DE CIDADANIA PINDAMONHANGABENSE.,,https://www.pindamonhangaba.sp.leg.br/proposicoes/0/0/0/0/124704#pesquisa
1961-04-06 00:00:00,RESOLUÇÃO N.º 001/1961,DISPÕE SOBRE APROVAÇÃO DE CONTAS DA PREFEITURA MUNICIPAL.,,https://www.pindamonhangaba.sp.leg.br/proposicoes/0/0/0/0/124701#pesquisa
1960-12-07 00:00:00,RESOLUÇÃO N.º 015/1960,CONCEDE ABONO PROVISÓRIO AOS FUNCIONÁRIOS DA CÂMARA QUE PERCEBEM MENORES SALÁRIOS.,,https://www.pindamonhangaba.sp.leg.br/proposicoes/0/0/0/0/124699#pesquisa
1960-12-07 00:00:00,RESOLUÇÃO N.º 016/1960,AUMENTA OS VENCIMENTOS DOS FUNCIONÁRIOS DA EDILIDADE.,,https://www.pindamonhangaba.sp.leg.br/proposicoes/0/0/0/0/124700#pesquisa
1960-11-17 00:00:00,RESOLUÇÃO N.º 014/1960,EFETIVA FUNCIONÁRIO DA CÂMARA.,,https://www.pindamonhangaba.sp.leg.br/proposicoes/0/0/0/0/124698#pesquisa
1960-10-25 00:00:00,RESOLUÇÃO N.º 013/1960,REGULAMENTA A CONCESSÃO DO TÍTULO DE “CIDADÃO PINDAMONHANGABENSE.”,,https://www.pindamonhangaba.sp.leg.br/proposicoes/0/0/0/0/124697#pesquisa
1960-09-06 00:00:00,RESOLUÇÃO N.º 012/1960,CONCEDE TÍTULO DE “CIDADÃO PINDAMONHANGABENSE.”,,https://www.pindamonhangaba.sp.leg.br/proposicoes/0/0/0/0/124696#pesquisa
1960-08-31 00:00:00,RESOLUÇÃO N.º 011/1960,EFETIVA FUNCIONÁRIO DA CÂMARA.,,https://www.pindamonhangaba.sp.leg.br/proposicoes/0/0/0/0/124695#pesquisa
1960-08-15 00:00:00,RESOLUÇÃO N.º 010/1960,REGULAMENTA A TRAMITAÇÃO DE PROJETOS QUE VISAM DENOMINAR VIAS E LOGRADOUROS PÚBLICOS.,,https://www.pindamonhangaba.sp.leg.br/proposicoes/0/0/0/0/124694#pesquisa
1960-06-27 00:00:00,RESOLUÇÃO N.º 006/1960,CONCEDE TÍTULO DE CIDADANIA PINDAMONHANGABENSE.,,https://www.pindamonhangaba.sp.leg.br/proposicoes/0/0/0/0/124690#pesquisa
1960-06-27 00:00:00,RESOLUÇÃO N.º 007/1960,CONCEDE TÍTULO HONORÍFICO.,,https://www.pindamonhangaba.sp.leg.br/proposicoes/0/0/0/0/124691#pesquisa
1960-06-27 00:00:00,RESOLUÇÃO N.º 008/1960,DISPÕE SOBRE CONCESSÃO DE TÍTULO DE CIDADANIA PINDAMONHANGABENSE.,,https://www.pindamonhangaba.sp.leg.br/proposicoes/0/0/0/0/124692#pesquisa
1960-06-27 00:00:00,RESOLUÇÃO N.º 009/1960,DISPÕE SOBRE CONCESSÃO DE TÍTULO HONORÍFICO AO REVMO. MONSENHOR JOSÉ DE AZEVEDO.,,https://www.pindamonhangaba.sp.leg.br/proposicoes/0/0/0/0/124693#pesquisa
1960-06-07 00:00:00,RESOLUÇÃO N.º 005/1960,DISPÕE SOBRE CONCESSÃO DE TÍTULO HONORÍFICO.,,https://www.pindamonhangaba.sp.leg.br/proposicoes/0/0/0/0/124689#pesquisa
1960-05-24 00:00:00,RESOLUÇÃO N.º 004/1960,CONCEDE TÍTULO DE CIDADANIA PINDAMONHANGABENSE.,,https://www.pindamonhangaba.sp.leg.br/proposicoes/0/0/0/0/124688#pesquisa
1960-04-20 00:00:00,RESOLUÇÃO N.º 002/1960,AUTORIZA A CÂMARA MUNICIPAL A ADQUIRIR UM GRAVADOR DE FITA.,,https://www.pindamonhangaba.sp.leg.br/proposicoes/0/0/0/0/124686#pesquisa
1960-04-20 00:00:00,RESOLUÇÃO N.º 003/1960,REGULAMENTA A RETIRADA DE PROCESSOS DA SECRETARIA DA CÂMARA.,,https://www.pindamonhangaba.sp.leg.br/proposicoes/0/0/0/0/124687#pesquisa
1960-02-19 00:00:00,RESOLUÇÃO N.º 001/1960,DISPÕE SOBRE CONCESSÃO DE LICENÇA AO PREFEITO MUNICIPAL.,,https://www.pindamonhangaba.sp.leg.br/proposicoes/0/0/0/0/124685#pesquisa
1959-12-14 00:00:00,RESOLUÇÃO N.º 007/1959,REGULAMENTA A QUESTÃO DA DISPENSA DE PARECERES AOS PROJETOS.,,https://www.pindamonhangaba.sp.leg.br/proposicoes/0/0/0/0/124681#pesquisa
1959-12-14 00:00:00,RESOLUÇÃO N.º 008/1959,REGULAMENTA A INCLUSÃO DE PROJETOS NA ORDEM DO DIA.,,https://www.pindamonhangaba.sp.leg.br/proposicoes/0/0/0/0/124682#pesquisa
1959-12-07 00:00:00,RESOLUÇÃO N.º 006/1959,AUMENTA OS VENCIMENTOS DOS FUNCIONÁRIOS DA CÂMARA MUNICIPAL.,,https://www.pindamonhangaba.sp.leg.br/proposicoes/0/0/0/0/124680#pesquisa
1959-11-23 00:00:00,RESOLUÇÃO N.º 005/1959,FIXA OS SUBSÍDIOS E A VERBA DE REPRESENTAÇÃO DO PREFEITO MUNICIPAL COM MANDATO PARA O QUATRIÊNIO 1960 A 1963 E DÁ OUTRAS PROVIDÊNCIAS.,,https://www.pindamonhangaba.sp.leg.br/proposicoes/0/0/0/0/124679#pesquisa
1959-05-21 00:00:00,RESOLUÇÃO N.º 004/1959,INSTITUI A OBRIGATORIEDADE DA PRESTAÇÃO DE CONTAS POR PARTE DAS MESAS DA CÂMARA.,,https://www.pindamonhangaba.sp.leg.br/proposicoes/0/0/0/0/124678#pesquisa
1959-03-17 00:00:00,RESOLUÇÃO N.º 003/1959,RECLASSIFICA UM CARGO DO QUADRO DE FUNCIONÁRIOS DA CÂMARA MUNICIPAL.,,https://www.pindamonhangaba.sp.leg.br/proposicoes/0/0/0/0/124677#pesquisa
1959-02-28 00:00:00,RESOLUÇÃO N.º 002/1959,INSTITUI A GALERIA DOS EX-PRESIDENTES DA CÂMARA MUNICIPAL.,,https://www.pindamonhangaba.sp.leg.br/proposicoes/0/0/0/0/124674#pesquisa
1959-02-18 00:00:00,RESOLUÇÃO N.º 001/1959,"REGULAMENTA O ENVIO, AOS SENHORES VEREADORES, DE CÓPIA DE OFÍCIOS EXPEDIDOS.",,https://www.pindamonhangaba.sp.leg.br/proposicoes/0/0/0/0/124673#pesquisa
1958-06-17 00:00:00,RESOLUÇÃO N.º 002/1958,FIXA EM SEMANAIS AS SESSÕES ORDINÁRIAS DA CÂMARA MUNICIPAL.,,https://www.pindamonhangaba.sp.leg.br/proposicoes/0/0/0/0/124653#pesquisa
1958-05-12 00:00:00,RESOLUÇÃO N.º 001/1958,ELEVA OS VENCIMENTOS DOS FUNCIONÁRIOS DA CÂMARA MUNICIPAL.,,https://www.pindamonhangaba.sp.leg.br/proposicoes/0/0/0/0/124651#pesquisa
1957-11-25 00:00:00,RESOLUÇÃO N.º 003/1957,AUTORIZA AQUISIÇÃO DE RELÓGIO DE PAREDE PARA A SALA DE SESSÕES DA CÂMARA.,,https://www.pindamonhangaba.sp.leg.br/proposicoes/0/0/0/0/124648#pesquisa
1957-10-30 00:00:00,RESOLUÇÃO N.º 002/1957,REGULAMENTA O PEDIDO DE VISTAS DE PROCESSO E O ADIAMENTO DE DISCUSSÃO DOS PROJETOS DE LEI.,,https://www.pindamonhangaba.sp.leg.br/proposicoes/0/0/0/0/124647#pesquisa
1957-05-22 00:00:00,RESOLUÇÃO N.º 001/1957,"CRIA O CARGO DE ARQUIVISTA DA CÂMARA MUNICIPAL.
 ",,https://www.pindamonhangaba.sp.leg.br/proposicoes/0/0/0/0/124646#pesquisa
1956-12-20 00:00:00,RESOLUÇÃO N.º 005/1956,ELEVA OS VENCIMENTOS DOS FUNCIONÁRIOS DA CÂMARA E DÁ OUTRAS PROVIDÊNCIAS.,,https://www.pindamonhangaba.sp.leg.br/proposicoes/0/0/0/0/124642#pesquisa
1956-12-10 00:00:00,RESOLUÇÃO N.º 004/1956,ESTABELECE NOVA DATA PARA A ELEIÇÃO DE RENOVAÇÃO DA MESA DA CÂMARA.,,https://www.pindamonhangaba.sp.leg.br/proposicoes/0/0/0/0/124640#pesquisa
1956-06-05 00:00:00,RESOLUÇÃO N.º 003/1956,"PROMOVE, POR MERECIMENTO, FUNCIONÁRIOS DA CÂMARA MUNICIPAL.",,https://www.pindamonhangaba.sp.leg.br/proposicoes/0/0/0/0/124638#pesquisa
1956-05-12 00:00:00,RESOLUÇÃO N.º 001/1956,DETERMINA OS DIAS DAS SESSÕES ORDINÁRIAS DA CÂMARA MUNICIPAL.,,https://www.pindamonhangaba.sp.leg.br/proposicoes/0/0/0/0/124635#pesquisa
1956-05-10 00:00:00,RESOLUÇÃO N.º 002/1956,DETERMINA OS DIAS DAS SESSÕES ORDINÁRIAS DA CÂMARA MUNICIPAL.,,https://www.pindamonhangaba.sp.leg.br/proposicoes/0/0/0/0/124636#pesquisa
1955-12-13 00:00:00,RESOLUÇÃO N.º 004/1955,FIXA OS SUBSÍDIOS E A VERBA DE REPRESENTAÇÃO DO PREFEITO MUNICIPAL.,,https://www.pindamonhangaba.sp.leg.br/proposicoes/0/0/0/0/124630#pesquisa
1955-07-01 00:00:00,RESOLUÇÃO N.º 002/1955,AUMENTA OS VENCIMENTOS DO DIRETOR DA SECRETARIA DA CÂMARA MUNICIPAL.,,https://www.pindamonhangaba.sp.leg.br/proposicoes/0/0/0/0/124628#pesquisa
1955-07-01 00:00:00,RESOLUÇÃO N.º 003/1955,"AUMENTA OS VENCIMENTOS DO ESCRITURÁRIO, DO CONTÍNUO E DO SERVENTE DA CÂMARA MUNICIPAL.",,https://www.pindamonhangaba.sp.leg.br/proposicoes/0/0/0/0/124629#pesquisa
1955-02-28 00:00:00,RESOLUÇÃO N.º 001/1955,,,https://www.pindamonhangaba.sp.leg.br/proposicoes/0/0/0/0/124627#pesquisa
1954-06-11 00:00:00,RESOLUÇÃO N.º 001/1954,INSTITUI O DIPLOMA DE CIDADANIA PINDAMONHANGABENSE.,,https://www.pindamonhangaba.sp.leg.br/proposicoes/0/0/0/0/124626#pesquisa
1953-11-24 00:00:00,RESOLUÇÃO N.º 007/1953,REAJUSTA VENCIMENTOS DO PESSOAL DA CÂMARA.,,https://www.pindamonhangaba.sp.leg.br/proposicoes/0/0/0/0/124619#pesquisa
1953-10-23 00:00:00,RESOLUÇÃO N.º 006/1953,DISPÕE SOBRE A REDAÇÃO DE ATAS.,,https://www.pindamonhangaba.sp.leg.br/proposicoes/0/0/0/0/124618#pesquisa
1953-10-07 00:00:00,RESOLUÇÃO N.º 005/1953,CONCEDE AUXÍLIO PRÓ MONUMENTO A FRANCISCO ALVES.,,https://www.pindamonhangaba.sp.leg.br/proposicoes/0/0/0/0/124617#pesquisa
1953-05-15 00:00:00,RESOLUÇÃO N.º 004/1953,INSTITUI A GALERIA DOS VEREADORES DA CÂMARA MUNICIPAL DE PINDAMONHANGABA.,,https://www.pindamonhangaba.sp.leg.br/proposicoes/0/0/0/0/124616#pesquisa
1953-05-01 00:00:00,RESOLUÇÃO N.º 001/1953,DISPÕE SOBRE AUXÍLIO AOS FLAGELADOS DO NORDESTE.,,https://www.pindamonhangaba.sp.leg.br/proposicoes/0/0/0/0/124613#pesquisa
1953-04-08 00:00:00,RESOLUÇÃO N.º 002/1953,DISPÕE SOBRE REUNIÕES DAS COMISSÕES PERMANENTES.,,https://www.pindamonhangaba.sp.leg.br/proposicoes/0/0/0/0/124614#pesquisa
1953-04-03 00:00:00,RESOLUÇÃO N.º 003/1953,INSTITUI PRÊMIOS.,,https://www.pindamonhangaba.sp.leg.br/proposicoes/0/0/0/0/124615#pesquisa
1952-12-31 00:00:00,RESOLUÇÃO N.º 004/1952,INSTITUI A VERBA DE REPRESENTAÇÃO DO PRESIDENTE DA CÂMARA.,,https://www.pindamonhangaba.sp.leg.br/proposicoes/0/0/0/0/124612#pesquisa
1952-11-20 00:00:00,RESOLUÇÃO N.º 002/1952,DISPÕE SOBRE NOMEAÇÃO DE COMISSÕES ESPECIAIS.,,https://www.pindamonhangaba.sp.leg.br/proposicoes/0/0/0/0/124610#pesquisa
1952-11-20 00:00:00,RESOLUÇÃO N.º 003/1952,CRIA UM CARGO DE “SERVENTE” NA CÂMARA MUNICIPAL DE PINDAMONHANGABA.,,https://www.pindamonhangaba.sp.leg.br/proposicoes/0/0/0/0/124611#pesquisa
1952-09-16 00:00:00,RESOLUÇÃO N.º 001/1952,CRIA UM CARGO DE ESCRITURÁRIO DA CÂMARA DOS VEREADORES.,,https://www.pindamonhangaba.sp.leg.br/proposicoes/0/0/0/0/124609#pesquisa
1951-12-31 00:00:00,RESOLUÇÃO N.º 005/2024,,,https://www.pindamonhangaba.sp.leg.br/proposicoes/0/0/0/0/124600#pesquisa
1951-12-01 00:00:00,RESOLUÇÃO N.º 004/1951,,,https://www.pindamonhangaba.sp.leg.br/proposicoes/0/0/0/0/124597#pesquisa
1951-09-24 00:00:00,RESOLUÇÃO N.º 003/1951,,,https://www.pindamonhangaba.sp.leg.br/proposicoes/0/0/0/0/124596#pesquisa
1951-06-26 00:00:00,RESOLUÇÃO N.º 002/1951,,,https://www.pindamonhangaba.sp.leg.br/proposicoes/0/0/0/0/124594#pesquisa
1950-08-01 00:00:00,RESOLUÇÃO N.º 003/1950,,,https://www.pindamonhangaba.sp.leg.br/proposicoes/0/0/0/0/124590#pesquisa
1950-04-01 00:00:00,RESOLUÇÃO N.º 002/1950,,,https://www.pindamonhangaba.sp.leg.br/proposicoes/0/0/0/0/124579#pesquisa
