data,titulo,imagem,link
2025-07-16 14:24:44,"“Conselheiros são defensores dos direitos fundamentais”, afirma oradora oficial em sessão solene na Câmara de Pindamonhangaba",https://www.pindamonhangaba.sp.leg.br/news/2025/07/2025071614270117526868217b0a40.JPG,https://www.pindamonhangaba.sp.leg.br/imprensa/0/0/0/0/1897#pesquisa
2025-07-16 14:15:06,Campanha de Conscientização sobre riscos da exposição prolongada a telas para crianças e adolescentes é aprovada pela Câmara de Pindamonhangaba,https://www.pindamonhangaba.sp.leg.br/news/2025/07/202507161420191752686419b2dfa0.JPG,https://www.pindamonhangaba.sp.leg.br/imprensa/0/0/0/0/1896#pesquisa
2025-07-14 10:15:01,Vereadores de Pindamonhangaba aprovam as novas denominações das Ciclovias do Araretama e da Avenida Nossa Senhora do Bonsucesso,https://www.pindamonhangaba.sp.leg.br/news/2025/07/2025071410185917524991392bb850.JPG,https://www.pindamonhangaba.sp.leg.br/imprensa/0/0/0/0/1892#pesquisa
2025-07-02 13:37:45,"Condenados por crime de racismo não podem assumir cargos públicos no município, prioriza Projeto de Lei aprovado pela Câmara de Pindamonhangaba ",https://www.pindamonhangaba.sp.leg.br/news/2025/07/202507021348461751474926eeff70.JPG,https://www.pindamonhangaba.sp.leg.br/imprensa/0/0/0/0/1891#pesquisa
2025-07-01 14:00:29,"Com plenário lotado, Câmara de Pindamonhangaba promove sessão solene e comemora o ‘Dia da Assembleia de Deus’ ",https://www.pindamonhangaba.sp.leg.br/news/2025/07/202507011441181751391678dd97e0.JPG,https://www.pindamonhangaba.sp.leg.br/imprensa/0/0/0/0/1889#pesquisa
2025-06-25 09:09:44,Programa “Cuidando de Quem Cuida” é aprovado pelos vereadores de Pindamonhangaba e mães atípicas terão orientação na rede pública de saúde,https://www.pindamonhangaba.sp.leg.br/news/2025/06/2025062509132217508536028cc980.JPG,https://www.pindamonhangaba.sp.leg.br/imprensa/0/0/0/0/1880#pesquisa
2025-06-18 15:06:08,Audiência Pública debate a concessão da Estrada de Ferro Campos do Jordão – EFCJ na Câmara de Pindamonhangaba,https://www.pindamonhangaba.sp.leg.br/news/2025/06/2025061815075917502700793bc840.JPG,https://www.pindamonhangaba.sp.leg.br/imprensa/0/0/0/0/1878#pesquisa
2025-06-18 14:00:30,"Com Ordem do Dia cheia, Câmara de Pindamonhangaba rejeita Vetos do Executivo e aprova, por unanimidade, 3 Projetos de Lei e um Substitutivo",https://www.pindamonhangaba.sp.leg.br/news/2025/06/202506181404031750266243fcb480.JPG,https://www.pindamonhangaba.sp.leg.br/imprensa/0/0/0/0/1877#pesquisa
2025-06-11 10:26:16,Vereadores de Pindamonhangaba aprovam projeto que obriga Farmácia Municipal a aceitar receitas de médicos da rede privada de saúde,https://www.pindamonhangaba.sp.leg.br/news/2025/06/2025061110373917496490597414b0.JPG,https://www.pindamonhangaba.sp.leg.br/imprensa/0/0/0/0/1872#pesquisa
2025-06-06 14:57:29,Departamento de Recursos Humanos promove palestra sobre saúde,https://www.pindamonhangaba.sp.leg.br/news/2025/06/202506061458581749232738ff1530.jpg,https://www.pindamonhangaba.sp.leg.br/imprensa/0/0/0/0/1871#pesquisa
2025-06-05 16:15:58,Câmara de Pindamonhangaba debate Anistia em Audiência Pública,https://www.pindamonhangaba.sp.leg.br/news/2025/06/20250605161708174915102818d2f0.JPG,https://www.pindamonhangaba.sp.leg.br/imprensa/0/0/0/0/1870#pesquisa
2025-06-04 10:08:38,"Semáforos para pedestres devem ser equipados com mecanismo sonoro, propõe Projeto de Lei aprovado pelos vereadores de Pindamonhangaba ",https://www.pindamonhangaba.sp.leg.br/news/2025/06/2025060410120417490427248c72f0.JPG,https://www.pindamonhangaba.sp.leg.br/imprensa/0/0/0/0/1868#pesquisa
2025-06-02 14:41:44,Sessão Solene evidencia os ‘50 anos’ da conquista do título de campeão amador estadual e entrega honrarias aos atletas da A.E. Industrial de Pindamonhangaba,https://www.pindamonhangaba.sp.leg.br/news/2025/06/20250602144410174888625089a5b0.JPG,https://www.pindamonhangaba.sp.leg.br/imprensa/0/0/0/0/1866#pesquisa
2025-05-28 14:01:16,Igreja Metodista comemora 102 anos em Pindamonhangaba e Câmara de Vereadores celebra data em sessão solene ,https://www.pindamonhangaba.sp.leg.br/news/2025/05/2025052814030417484517845d8c90.JPG,https://www.pindamonhangaba.sp.leg.br/imprensa/0/0/0/0/1858#pesquisa
2025-05-28 09:46:12,Plenário da Câmara de Pindamonhangaba aprova por unanimidade e Lei do 'Programa Bolsa Atleta' tem alterações que valorizam atletas e treinadores ,https://www.pindamonhangaba.sp.leg.br/news/2025/05/202505280950061748436606dbc590.JPG,https://www.pindamonhangaba.sp.leg.br/imprensa/0/0/0/0/1857#pesquisa
2025-05-22 14:05:07,"Escotistas, Lobinhos e Chefes são lembrados e homenageados em Sessão Solene que celebrou o “Dia do Escoteiro” na Câmara de Pindamonhangaba",https://www.pindamonhangaba.sp.leg.br/news/2025/05/202505221407201747933640c98fa0.JPG,https://www.pindamonhangaba.sp.leg.br/imprensa/0/0/0/0/1842#pesquisa
2025-05-21 10:29:51,"Parlamentares aprovam concessão de Diploma “Dr. João Romeiro” e Comenda ""Capitão Bicudo Leme” a personalidades de Pindamonhangaba ",https://www.pindamonhangaba.sp.leg.br/news/2025/05/202505211042361747834956e6d920.JPG,https://www.pindamonhangaba.sp.leg.br/imprensa/0/0/0/0/1841#pesquisa
2025-05-19 15:14:38,"‘Sem o trabalho do gari, a cidade para’, diz oradora oficial da sessão solene que comemorou o Dia do Gari na Câmara de Pindamonhangaba",https://www.pindamonhangaba.sp.leg.br/news/2025/05/2025051915163617476785961bb4a0.JPG,https://www.pindamonhangaba.sp.leg.br/imprensa/0/0/0/0/1840#pesquisa
2025-05-15 14:31:21,"Emoção marca a Sessão Solene em Comemoração ao Dia da Conscientização, Prevenção e Combate à Pedofilia e ao Abuso e Exploração Sexual Infantojuvenil",https://www.pindamonhangaba.sp.leg.br/news/2025/05/20250515144945174733138576d320.JPG,https://www.pindamonhangaba.sp.leg.br/imprensa/0/0/0/0/1839#pesquisa
2025-05-14 11:15:28,"Com apoio e aprovação dos vereadores, Executivo é autorizado a abrir Crédito Adicional para a Secretaria de Mobilidade e Trânsito de Pindamonhangaba ",https://www.pindamonhangaba.sp.leg.br/news/2025/05/2025051415104617472462468b0c50.JPG,https://www.pindamonhangaba.sp.leg.br/imprensa/0/0/0/0/1838#pesquisa
2025-05-07 09:41:02,Câmara de Pindamonhangaba confirma aprovação de projeto que propõe diretrizes para a criação do ‘Bilhete do Desempregado’ ,https://www.pindamonhangaba.sp.leg.br/news/2025/05/202505070945101746621910f14310.JPG,https://www.pindamonhangaba.sp.leg.br/imprensa/0/0/0/0/1831#pesquisa
2025-04-30 10:04:47,"‘Dia do Conselheiro Municipal’ é instituído em Pindamonhangaba e terá sessão solene, aponta Projeto de Lei aprovado pelos vereadores do município",https://www.pindamonhangaba.sp.leg.br/news/2025/04/2025043014582617460359063a5520.JPG,https://www.pindamonhangaba.sp.leg.br/imprensa/0/0/0/0/1829#pesquisa
2025-04-23 11:02:44,Falecimento do Papa Francisco e luto oficial no País determinam o adiamento da Sessão Solene do Dia Mundial do Escoteiro,https://www.pindamonhangaba.sp.leg.br/news/2025/04/202504231103581745417038dd0f50.JPG,https://www.pindamonhangaba.sp.leg.br/imprensa/0/0/0/0/1828#pesquisa
2025-04-23 10:06:04,Câmara de Pindamonhangaba aprova Projeto de Resolução que cria o ‘Selo Agrícola’ para valorizar a agricultura familiar e a produção local ,https://www.pindamonhangaba.sp.leg.br/news/2025/04/2025042310113017454138901ac960.JPG,https://www.pindamonhangaba.sp.leg.br/imprensa/0/0/0/0/1827#pesquisa
2025-04-16 09:41:01,"Condomínios de interesse social deverão ter serviços públicos essenciais, propõe Projeto de Lei aprovado pelos parlamentares de Pindamonhangaba",https://www.pindamonhangaba.sp.leg.br/news/2025/04/202504160943311744807411fb4c10.JPG,https://www.pindamonhangaba.sp.leg.br/imprensa/0/0/0/0/1803#pesquisa
2025-04-09 11:17:50,"Noite solene na Câmara de Pindamonhangaba evidencia homenagens e gratidão aos Policiais Militares, Civis e Guarda Civil Metropolitano",https://www.pindamonhangaba.sp.leg.br/news/2025/04/2025040911194217442083829e9610.JPG,https://www.pindamonhangaba.sp.leg.br/imprensa/0/0/0/0/1779#pesquisa
2025-04-09 10:48:21,"Aprovado por unanimidade, Projeto propõe sessão solene na Câmara de Pindamonhangaba para valorizar e reconhecer atuação de ‘Paratletas’ do município ",https://www.pindamonhangaba.sp.leg.br/news/2025/04/202504091053011744206781a34190.JPG,https://www.pindamonhangaba.sp.leg.br/imprensa/0/0/0/0/1778#pesquisa
2025-04-02 09:49:31,Projeto é aprovado pela Câmara de Pindamonhangaba e prioriza a divulgação de nomes e horários dos médicos em atendimento nas unidades de saúde da cidade,https://www.pindamonhangaba.sp.leg.br/news/2025/04/202504020953231743598403f88250.JPG,https://www.pindamonhangaba.sp.leg.br/imprensa/0/0/0/0/1775#pesquisa
2025-03-25 09:53:15,Vereadores aprovam por unanimidade Sessão Solene em homenagem ao Dia do Servidor Público,https://www.pindamonhangaba.sp.leg.br/news/2025/03/202503250957121742907432fb8720.JPG,https://www.pindamonhangaba.sp.leg.br/imprensa/0/0/0/0/1753#pesquisa
2025-03-19 13:52:47,Câmara aprova sanções para casos de discriminação contra pessoas com deficiência no município,https://www.pindamonhangaba.sp.leg.br/news/2025/03/2025031913570017424034204490c0.JPG,https://www.pindamonhangaba.sp.leg.br/imprensa/0/0/0/0/1691#pesquisa
2025-03-12 11:09:08,Vereadores aprovam Comissão de Assuntos Relevantes em Apoio à Reativação da Estrada de Ferro Campos do Jordão,https://www.pindamonhangaba.sp.leg.br/news/2025/03/202503121118551741789135055ab0.jpg,https://www.pindamonhangaba.sp.leg.br/imprensa/0/0/0/0/1652#pesquisa
2025-03-10 15:16:26,Câmara de Pindamonhangaba celebra o Dia Internacional da Mulher em Sessão Solene,https://www.pindamonhangaba.sp.leg.br/news/2025/03/2025031015204517416308456df840.JPG,https://www.pindamonhangaba.sp.leg.br/imprensa/0/0/0/0/1650#pesquisa
2025-03-07 11:13:31,"Com apoio total dos parlamentares, Câmara de Pindamonhangaba aprova e cria a Procuradoria da Mulher",https://www.pindamonhangaba.sp.leg.br/news/2025/03/20250320161359174249803905c570.JPG,https://www.pindamonhangaba.sp.leg.br/imprensa/0/0/0/0/1648#pesquisa
2025-02-26 15:28:53,Audiência Pública debate qualidade dos serviços da Sabesp em Pindamonhangaba,https://www.pindamonhangaba.sp.leg.br/news/2025/02/202502261532231740594743e74690.JPG,https://www.pindamonhangaba.sp.leg.br/imprensa/0/0/0/0/1644#pesquisa
2025-02-26 10:55:25,"Incluído na Ordem do Dia, Projeto de Lei que altera referência salarial de Agentes Comunitários de Saúde e de Controle Vetor tem aprovação unânime confirmada pelos vereadores",https://www.pindamonhangaba.sp.leg.br/news/2025/02/2025022610581217405782928f82a0.JPG,https://www.pindamonhangaba.sp.leg.br/imprensa/0/0/0/0/1643#pesquisa
2025-02-19 11:14:58,"Aprovado por unanimidade pelos vereadores, Programa ‘Pequeno Empreendedor Pindamonhangaba’ será instituído no município ",https://www.pindamonhangaba.sp.leg.br/news/2025/02/202502191117371739974657958250.JPG,https://www.pindamonhangaba.sp.leg.br/imprensa/0/0/0/0/1640#pesquisa
2025-02-14 13:44:37,"Procedimentos odontológicos, obstétricos e atendimento às gestantes foram temas de reunião entre a Comissão de Saúde e o COMUS de Pindamonhangaba",https://www.pindamonhangaba.sp.leg.br/news/2025/02/2025021413474917395516696f4580.jpg,https://www.pindamonhangaba.sp.leg.br/imprensa/0/0/0/0/1638#pesquisa
2025-02-14 13:33:23,Câmara de Pindamonhangaba promoverá Audiência Pública para discutir serviços prestados pela SABESP,https://www.pindamonhangaba.sp.leg.br/news/2025/02/202502141408561739552936dba9e0.jpg,https://www.pindamonhangaba.sp.leg.br/imprensa/0/0/0/0/1637#pesquisa
2025-02-12 11:05:34,Projeto de Lei que revoga de multas arbitrárias por limpeza de terrenos é aprovado por unanimidade pelos vereadores de Pindamonhangaba,https://www.pindamonhangaba.sp.leg.br/news/2025/02/202502121112051739369525f32d90.JPG,https://www.pindamonhangaba.sp.leg.br/imprensa/0/0/0/0/1636#pesquisa
2025-02-05 10:48:33,"Em votação unânime, ruas do Jardim Regina e do Loteamento Residencial e Comercial Vila Castro recebem novas denominações",https://www.pindamonhangaba.sp.leg.br/news/2025/02/2025020510504917387634495bc050.JPG,https://www.pindamonhangaba.sp.leg.br/imprensa/0/0/0/0/1633#pesquisa
2025-01-29 13:59:27,"Municipalização de travessa na Estrada Municipal João Francisco da Silva, no Feital, é aprovada pelos vereadores de Pindamonhangaba ",https://www.pindamonhangaba.sp.leg.br/news/2025/01/20250129140443173817028315b0a0.JPG,https://www.pindamonhangaba.sp.leg.br/imprensa/0/0/0/0/1632#pesquisa
2025-01-13 11:09:22,Projeto de Lei que altera estrutura organizacional da Prefeitura recebe aprovação em sessão extraordinária da Câmara de Pindamonhangaba,https://www.pindamonhangaba.sp.leg.br/news/2025/01/202501131111581736777518659ae0.JPG,https://www.pindamonhangaba.sp.leg.br/imprensa/0/0/0/0/1624#pesquisa
2025-01-06 14:40:55,Mesa Diretora 2025-2026 e Comissões Permanentes são eleitas e empossadas oficialmente na Câmara de Pindamonhangaba,https://www.pindamonhangaba.sp.leg.br/news/2025/01/202501061445591736185559802600.JPG,https://www.pindamonhangaba.sp.leg.br/imprensa/0/0/0/0/1619#pesquisa
2024-12-17 10:27:29,"Em votação unânime, Vereadores aprovam Projeto de Lei que institui o Fundo Municipal de Saneamento Ambiental de Pindamonhangaba ",https://www.pindamonhangaba.sp.leg.br/news/2024/12/202412171029331734442173e4d5d0.JPG,https://www.pindamonhangaba.sp.leg.br/imprensa/0/0/0/0/1617#pesquisa
2024-12-11 16:39:12,"Pauta de votação da Ordem do Dia, com 9 projetos e mais 7 inclusões, movimentou o plenário em sessão ordinária da Câmara de Pindamonhangaba",https://www.pindamonhangaba.sp.leg.br/news/2024/12/202412111642451733946165bde710.JPG,https://www.pindamonhangaba.sp.leg.br/imprensa/0/0/0/0/1614#pesquisa
2024-12-04 14:33:54,Atletas de várias modalidades esportivas são agraciados com homenagens e honrarias em sessão solene na Câmara de Pindamonhangaba,https://www.pindamonhangaba.sp.leg.br/news/2024/12/2024120414354417333337443791c0.JPG,https://www.pindamonhangaba.sp.leg.br/imprensa/0/0/0/0/1613#pesquisa
2024-12-04 11:46:54,Nota pública: Esclarecimentos sobre a Transmissão da 42ª Sessão Ordinária,https://www.pindamonhangaba.sp.leg.br/news/2024/12/202412041147471733323667d5dd60.jpg,https://www.pindamonhangaba.sp.leg.br/imprensa/0/0/0/0/1612#pesquisa
2024-12-04 11:35:03,"Com 492 emendas, Pindamonhangaba terá Orçamento de R$ 1.103.354.000,00 para 2025, aponta Projeto de Lei aprovado pelo Poder Legislativo",https://www.pindamonhangaba.sp.leg.br/news/2024/12/2024120411390517333231450d1750.JPG,https://www.pindamonhangaba.sp.leg.br/imprensa/0/0/0/0/1611#pesquisa
2024-11-29 08:25:10,"Audiência Pública movimentada: ONGs, entidades, protetores e autoridades se reúnem no plenário da Câmara para debater Projeto de Lei de rodeios e bem-estar animal",https://www.pindamonhangaba.sp.leg.br/news/2024/11/202411290829581732879798bd60f0.JPG,https://www.pindamonhangaba.sp.leg.br/imprensa/0/0/0/0/1608#pesquisa
2024-11-28 08:25:07,"Reflexões, respeito e homenagens são evidenciadas em sessão solene que celebrou o ‘Dia da Consciência Negra’ na Câmara de Pindamonhangaba ",https://www.pindamonhangaba.sp.leg.br/news/2024/11/20241128083004173279340483d7a0.JPG,https://www.pindamonhangaba.sp.leg.br/imprensa/0/0/0/0/1607#pesquisa
2024-11-28 08:19:09,Vereadores de Pindamonhangaba aprovam projetos com abertura com Créditos Adicionais e de denominação de rotatória próxima ao bairro do Castolira,https://www.pindamonhangaba.sp.leg.br/news/2024/11/202411280821151732792875e62b00.JPG,https://www.pindamonhangaba.sp.leg.br/imprensa/0/0/0/0/1606#pesquisa
2024-11-25 11:51:28,Câmara de Vereadores de Pindamonhangaba realiza Audiência Pública sobre Projeto de Lei que regulamenta a realização de rodeios no município,https://www.pindamonhangaba.sp.leg.br/news/2024/11/20241125115318173254639822d6d0.JPG,https://www.pindamonhangaba.sp.leg.br/imprensa/0/0/0/0/1602#pesquisa
2024-11-22 17:30:40,Lei Orçamentária Anual para 2025 é debatida em Audiência Pública na Câmara de Vereadores com ampla participação popular,https://www.pindamonhangaba.sp.leg.br/news/2024/11/20241122174534173230833455b390.JPG,https://www.pindamonhangaba.sp.leg.br/imprensa/0/0/0/0/1601#pesquisa
2024-11-21 11:26:07,Câmara de Vereadores de Pindamonhangaba autoriza Prefeitura a transferir recursos financeiros às Organizações da Sociedade Civil Assistenciais,https://www.pindamonhangaba.sp.leg.br/news/2024/11/202411211127361732199256360f00.JPG,https://www.pindamonhangaba.sp.leg.br/imprensa/0/0/0/0/1599#pesquisa
2024-11-19 11:38:13,Música e muita emoção marcam a Sessão Solene em Comemoração ao Dia do Músico Evangélico na Câmara de Vereadores de Pindamonhangaba,https://www.pindamonhangaba.sp.leg.br/news/2024/11/202411191140261732027226cb10c0.JPG,https://www.pindamonhangaba.sp.leg.br/imprensa/0/0/0/0/1597#pesquisa
2024-11-13 10:08:26,"Por unanimidade, projeto que altera concessão de incentivo financeiro aos atletas do município para competições nacionais é aprovado pela Câmara de Pindamonhangaba",https://www.pindamonhangaba.sp.leg.br/news/2024/11/202411131011021731503462264680.JPG,https://www.pindamonhangaba.sp.leg.br/imprensa/0/0/0/0/1595#pesquisa
2024-11-06 13:39:40,Vereadores de Pindamonhangaba garantem aprovação de Substitutivo ao Projeto de Lei que propõe a comemoração anual do ‘Dia dos Profissionais da Saúde’,https://www.pindamonhangaba.sp.leg.br/news/2024/11/2024110613423417309113548cfca0.JPG,https://www.pindamonhangaba.sp.leg.br/imprensa/0/0/0/0/1593#pesquisa
2024-11-01 13:50:49,Câmara de Pindamonhangaba reúne evangélicos da cidade e celebra os ‘507 anos da Reforma Protestante’,https://www.pindamonhangaba.sp.leg.br/news/2024/11/202411011353401730480020497f20.JPG,https://www.pindamonhangaba.sp.leg.br/imprensa/0/0/0/0/1590#pesquisa
2024-11-01 08:46:45,"Com a participação efetiva da população, Ouvidoria da Câmara de Vereadores de Pindamonhangaba ajuda no desenvolvimento da cidade",https://www.pindamonhangaba.sp.leg.br/news/2024/11/202411010850041730461804949a00.png,https://www.pindamonhangaba.sp.leg.br/imprensa/0/0/0/0/1589#pesquisa
2024-10-30 16:18:30,Projeto de Lei n° 170/2024: Audiência Pública discute Receitas e Despesas de Pindamonhangaba para 2025,https://www.pindamonhangaba.sp.leg.br/news/2024/10/20241031080521173037272103b8d0.jpg,https://www.pindamonhangaba.sp.leg.br/imprensa/0/0/0/0/1568#pesquisa
2024-10-30 10:11:13,Projeto de Lei que inclui tradições das ‘Raízes de Matrizes Africanas’ no calendário de eventos de Pindamonhangaba é aprovado pelos vereadores ,https://www.pindamonhangaba.sp.leg.br/news/2024/10/202410301013111730293991085270.JPG,https://www.pindamonhangaba.sp.leg.br/imprensa/0/0/0/0/1567#pesquisa
2024-10-23 11:18:50,"Prefeitura poderá conceder desconto de multas e juros de contribuintes que tem débitos tributários, diz Projeto de Lei aprovado pelos vereadores de Pindamonhangaba",https://www.pindamonhangaba.sp.leg.br/news/2024/10/202410231122111729693331b916a0.JPG,https://www.pindamonhangaba.sp.leg.br/imprensa/0/0/0/0/1564#pesquisa
2024-10-16 13:51:46,Ao Mestre com Carinho: Câmara de Vereadores promove sessão solene e presta homenagem e reverência aos professores da cidade,https://www.pindamonhangaba.sp.leg.br/news/2024/10/20241016135454172909769480d220.JPG,https://www.pindamonhangaba.sp.leg.br/imprensa/0/0/0/0/1562#pesquisa
2024-10-16 13:44:35,"Confirmado pelo plenário por unanimidade, Câmara de Pindamonhangaba concede Medalha de Mérito ‘Athayde Marcondes’ à psicopedagoga da cidade ",https://www.pindamonhangaba.sp.leg.br/news/2024/10/2024101613475517290972750c4d40.JPG,https://www.pindamonhangaba.sp.leg.br/imprensa/0/0/0/0/1561#pesquisa
2024-10-10 13:45:08,"Câmara de Pindamonhangaba ressalta importância do comércio, reconhece mérito e entrega diplomas aos profissionais da área",https://www.pindamonhangaba.sp.leg.br/news/2024/10/2024101013475417285788748e82f0.JPG,https://www.pindamonhangaba.sp.leg.br/imprensa/0/0/0/0/1557#pesquisa
2024-10-09 13:50:42,"Histórias de lutas, superação e esperança marcaram a Sessão Solene em comemoração ao ‘Outubro Rosa’ na Câmara de Pindamonhangaba",https://www.pindamonhangaba.sp.leg.br/news/2024/10/2024100913523817284927580d79d0.JPG,https://www.pindamonhangaba.sp.leg.br/imprensa/0/0/0/0/1556#pesquisa
2024-10-09 13:38:44,Vereadores aprovam Projeto de Lei de Créditos Adicionais para readequações de emendas impositivas de 2023 ,https://www.pindamonhangaba.sp.leg.br/news/2024/10/202410091340471728492047953000.JPG,https://www.pindamonhangaba.sp.leg.br/imprensa/0/0/0/0/1555#pesquisa
2024-10-02 08:18:58,Audiências Públicas apontam ações da Saúde e revelam números e dados das Finanças de Pindamonhangaba,https://www.pindamonhangaba.sp.leg.br/news/2024/10/202410020822411727868161d682e0.JPG,https://www.pindamonhangaba.sp.leg.br/imprensa/0/0/0/0/1547#pesquisa
2024-10-01 10:11:23,Rotatória localizada no bairro Mombaça recebe nova denominação após aprovação de Projeto de Lei na Câmara de Pindamonhangaba,https://www.pindamonhangaba.sp.leg.br/news/2024/10/20241001101350172778843062c8f0.JPG,https://www.pindamonhangaba.sp.leg.br/imprensa/0/0/0/0/1546#pesquisa
2024-10-01 09:47:53,Justiça concede liminar e Câmara de Pindamonhangaba suspende a 2º sessão extraordinária de 2024,https://www.pindamonhangaba.sp.leg.br/news/2024/10/202410010953191727787199a7d560.jpg,https://www.pindamonhangaba.sp.leg.br/imprensa/0/0/0/0/1545#pesquisa
2024-09-25 15:20:43,Sessão Solene na Câmara de Vereadores de Pindamonhangaba celebra a ‘22ª Semana Evangélica’,https://www.pindamonhangaba.sp.leg.br/news/2024/09/202409251524161727288656fcdbb0.JPG,https://www.pindamonhangaba.sp.leg.br/imprensa/0/0/0/0/1541#pesquisa
2024-09-24 16:11:40,Vereadores de Pindamonhangaba aprovam projetos para instituição da Semana de Prevenção ao Diabetes e concessão de título de Cidadão Pindamonhangabense,https://www.pindamonhangaba.sp.leg.br/news/2024/09/202409241613211727205201730e70.JPG,https://www.pindamonhangaba.sp.leg.br/imprensa/0/0/0/0/1540#pesquisa
2024-09-20 13:37:39,"Câmara de Pindamonhangaba estimula e apoia educadores e projetos, e realiza sessão solene da 14ª Semana da Mobilização Social pela Educação",https://www.pindamonhangaba.sp.leg.br/news/2024/10/202410241339311729787971f3e600.JPG,https://www.pindamonhangaba.sp.leg.br/imprensa/0/0/0/0/1565#pesquisa
2024-09-17 13:42:44,Vereadores de Pindamonhangaba manifestam apoio e aprovam Projetos para concessão do Diploma “Dr. José Alberto Monteclaro César” para profissionais do direito da cidade ,https://www.pindamonhangaba.sp.leg.br/news/2024/09/2024091713451017265915100299f0.JPG,https://www.pindamonhangaba.sp.leg.br/imprensa/0/0/0/0/1536#pesquisa
2024-09-16 08:20:33,"Com membros da Comunidade Evangélica, Câmara de Pindamonhangaba realiza sessão solene e celebra o “Dia Municipal da Pastora e Pastor Evangélico”",https://www.pindamonhangaba.sp.leg.br/news/2024/09/20240916082241172648576198c8c0.JPG,https://www.pindamonhangaba.sp.leg.br/imprensa/0/0/0/0/1534#pesquisa
2024-09-10 09:46:38,Câmara de Pindamonhangaba aprova projeto que estimula atividades na área central da cidade e inclui diversas festividades anuais no Mercado Municipal ,https://www.pindamonhangaba.sp.leg.br/news/2024/09/202409100949061725972546607a40.JPG,https://www.pindamonhangaba.sp.leg.br/imprensa/0/0/0/0/1533#pesquisa
2024-09-03 08:20:40,"Com aprovação dos parlamentares de Pindamonhangaba, Prefeitura é autorizada a abrir Créditos Adicionais para adequações às Emendas Impositivas de 2023",https://www.pindamonhangaba.sp.leg.br/news/2024/09/202409030822421725362562fc06a0.JPG,https://www.pindamonhangaba.sp.leg.br/imprensa/0/0/0/0/1529#pesquisa
2024-08-28 10:31:31,Projeto de Lei Complementar que institui o Código de Edificações da cidade é aprovado pela Câmara de Vereadores de Pindamonhangaba ,https://www.pindamonhangaba.sp.leg.br/news/2024/08/202408281034321724852072b79a00.JPG,https://www.pindamonhangaba.sp.leg.br/imprensa/0/0/0/0/1528#pesquisa
2024-08-21 15:01:12,Vereadores de Pindamonhangaba aprovam 5 Projetos e Emenda Modificativa da Ordem do Dia na 27ª sessão ordinária do ano,https://www.pindamonhangaba.sp.leg.br/news/2024/08/2024082115045717242634974b1ce0.JPG,https://www.pindamonhangaba.sp.leg.br/imprensa/0/0/0/0/1526#pesquisa
2024-08-13 15:37:32,"Em votação unânime na 26ª sessão ordinária, Plenário da Câmara de Pindamonhangaba confirma a instituição e comemoração do Dia do ‘Aviva Pinda’",https://www.pindamonhangaba.sp.leg.br/news/2024/08/2024081315392317235743633b8af0.JPG,https://www.pindamonhangaba.sp.leg.br/imprensa/0/0/0/0/1523#pesquisa
2024-08-12 13:43:15,"Com problemas técnicos, sistema de telefonia fixa da Câmara de Vereadores de Pindamonhangaba está indisponível temporariamente",https://www.pindamonhangaba.sp.leg.br/news/2024/08/202408121347501723481270c78130.JPG,https://www.pindamonhangaba.sp.leg.br/imprensa/0/0/0/0/1522#pesquisa
2024-08-07 16:18:07,"No reinício dos trabalhos legislativos, Câmara de Pindamonhangaba realiza sessão ordinária, aprova 3 projetos da Ordem do Dia e a instalação de uma Comissão Processante para apurar conduta de vereador",https://www.pindamonhangaba.sp.leg.br/news/2024/08/20240807162144172305850400a710.JPG,https://www.pindamonhangaba.sp.leg.br/imprensa/0/0/0/0/1521#pesquisa
2024-08-02 16:55:47,Câmara de Pindamonhangaba recebe denúncia para abertura de Comissão Processante contra vereador,https://www.pindamonhangaba.sp.leg.br/news/2024/08/202408021658271722628707062e90.jpg,https://www.pindamonhangaba.sp.leg.br/imprensa/0/0/0/0/1519#pesquisa
2024-07-31 10:24:30,"Fim de recesso: Câmara de Pindamonhangaba reabre trabalhos legislativos e realiza 1ª sessão ordinária do 2º semestre na terça-feira, 6 de agosto",https://www.pindamonhangaba.sp.leg.br/news/2024/07/202407311026341722432394368aa0.JPG,https://www.pindamonhangaba.sp.leg.br/imprensa/0/0/0/0/1518#pesquisa
2024-07-15 11:01:39,"Câmara de Pindamonhangaba realiza a última sessão do primeiro semestre, aprova 6 projetos e entra em recesso oficial na terça-feira, dia 16 de julho",https://www.pindamonhangaba.sp.leg.br/news/2024/07/202407151105091721052309a21ef0.JPG,https://www.pindamonhangaba.sp.leg.br/imprensa/0/0/0/0/1511#pesquisa
2024-07-03 14:50:21,Câmara de Vereadores de Pindamonhangaba define política de divulgação dos atos  institucionais no período eleitoral,https://www.pindamonhangaba.sp.leg.br/news/2024/07/202407031456591720029419cc9fe0.JPG,https://www.pindamonhangaba.sp.leg.br/imprensa/0/0/0/0/1509#pesquisa
2024-07-03 10:19:46,"Em sessão tranquila, Projeto de Lei de Diretrizes Orçamentárias para 2025 tem aprovação unânime dos vereadores de Pindamonhangaba",https://www.pindamonhangaba.sp.leg.br/news/2024/07/202407031021251720012885f69ae0.JPG,https://www.pindamonhangaba.sp.leg.br/imprensa/0/0/0/0/1508#pesquisa
2024-06-28 15:24:27,Alunos da Escola Municipal Prof. Moacyr de Almeida conhecem a Câmara de Vereadores de Pindamonhangaba,https://www.pindamonhangaba.sp.leg.br/news/2024/06/2024062815265517195992151b2ee0.jpg,https://www.pindamonhangaba.sp.leg.br/imprensa/0/0/0/0/1506#pesquisa
2024-06-27 13:29:50,Conscientização e prevenção: Sessão Solene na Câmara de Pindamonhangaba celebra e comemora o ‘Dia Municipal de Combate às Drogas’,https://www.pindamonhangaba.sp.leg.br/news/2024/06/202406271336141719506174294ea0.JPG,https://www.pindamonhangaba.sp.leg.br/imprensa/0/0/0/0/1505#pesquisa
2024-06-27 09:43:05,Câmara de Vereadores de Pindamonhangaba recebe alunos da escola municipal Prof. Joaquim Pereira da Silva,https://www.pindamonhangaba.sp.leg.br/news/2024/06/202406270944131719492253525ef0.jpg,https://www.pindamonhangaba.sp.leg.br/imprensa/0/0/0/0/1504#pesquisa
2024-06-25 10:10:50,Câmara de Pindamonhangaba estimula manifestações artísticas populares e ‘Movimento Hip Hop’ é reconhecido com Patrimônio Cultural da cidade,https://www.pindamonhangaba.sp.leg.br/news/2024/06/2024062510135017193212301d7a10.JPG,https://www.pindamonhangaba.sp.leg.br/imprensa/0/0/0/0/1501#pesquisa
2024-06-24 09:35:07,Escolas municipais Profa. Maria Zara Miné e Arthur de Andrade visitam a Câmara de Vereadores de Pindamonhangaba,https://www.pindamonhangaba.sp.leg.br/news/2024/06/20240624093908171923274845e0a0.JPG,https://www.pindamonhangaba.sp.leg.br/imprensa/0/0/0/0/1500#pesquisa
2024-06-21 11:18:28,Escola Municipal Arthur Andrade visita a Câmara de Vereadores de Pindamonhangaba,https://www.pindamonhangaba.sp.leg.br/news/2024/06/20240621111943171897958317c810.JPG,https://www.pindamonhangaba.sp.leg.br/imprensa/0/0/0/0/1499#pesquisa
2024-06-20 09:22:29,Câmara de Vereadores de Pindamonhangaba recebe mais alunos de escolas municipais,https://www.pindamonhangaba.sp.leg.br/news/2024/06/202406200924131718886253b0f810.JPG,https://www.pindamonhangaba.sp.leg.br/imprensa/0/0/0/0/1498#pesquisa
2024-06-19 13:54:27,Vereadores manifestam apoio e aprovam Projeto que declara de ‘utilidade pública’ a Associação Pindamonhangabense de Equoterapia Cavalgar ,https://www.pindamonhangaba.sp.leg.br/news/2024/06/202406191356391718816199199b60.JPG,https://www.pindamonhangaba.sp.leg.br/imprensa/0/0/0/0/1495#pesquisa
2024-06-19 08:43:38,Alunos da Escola Municipal Serafim Ferreira visitam a Câmara de Vereadores de Pindamonhangaba,https://www.pindamonhangaba.sp.leg.br/news/2024/06/2024061908461717187975775cbe60.JPG,https://www.pindamonhangaba.sp.leg.br/imprensa/0/0/0/0/1494#pesquisa
2024-06-12 16:10:26,Câmara de Vereadores de Pindamonhangaba recebe a visita de Alunos das escolas municipais Felix Adib Miguel e Dr. André Franco Montoro,https://www.pindamonhangaba.sp.leg.br/news/2024/06/2024061216143617182196769fac90.JPG,https://www.pindamonhangaba.sp.leg.br/imprensa/0/0/0/0/1492#pesquisa
2024-06-12 15:59:27,Câmara de Vereadores de Pindamonhangaba cria canais oficiais no Instagram e Facebook,https://www.pindamonhangaba.sp.leg.br/news/2024/06/202406121606311718219191eee320.jpg,https://www.pindamonhangaba.sp.leg.br/imprensa/0/0/0/0/1491#pesquisa
2024-06-12 09:57:18,"Câmara de Pindamonhangaba confirma aprovação e ruas e avenida do Loteamento Terra Nova, no bairro Feital, terão novas denominações ",https://www.pindamonhangaba.sp.leg.br/news/2024/06/202406120959201718197160bfa930.JPG,https://www.pindamonhangaba.sp.leg.br/imprensa/0/0/0/0/1490#pesquisa
2024-06-11 11:14:51,Pastores e membros da Igreja Evangélica Assembleia de Deus - Ministério Belém participam de sessão solene na Câmara de Pindamonhangaba ,https://www.pindamonhangaba.sp.leg.br/news/2024/06/202406111116261718115386f258c0.JPG,https://www.pindamonhangaba.sp.leg.br/imprensa/0/0/0/0/1488#pesquisa
2024-06-06 10:39:22,Programa de Erradicação do Trabalho Infantil é apresentado à Câmara dos Vereadores de Pindamonhangaba,https://www.pindamonhangaba.sp.leg.br/news/2024/06/202406061042501717681370d70510.JPG,https://www.pindamonhangaba.sp.leg.br/imprensa/0/0/0/0/1486#pesquisa
2024-06-05 16:22:22,"“Semana Municipal das Mães Atípicas” é incluída no Calendário Oficial de Eventos da cidade, após aprovação da Câmara de Pindamonhangaba",https://www.pindamonhangaba.sp.leg.br/news/2024/06/2024060516245417176154940377a0.JPG,https://www.pindamonhangaba.sp.leg.br/imprensa/0/0/0/0/1485#pesquisa
2024-06-05 16:14:10,"Secretaria de Saúde elenca dados, números e ações do Relatório RDQA do 1º quadrimestre de 2024 em Audiência Pública na Câmara de Pindamonhangaba",https://www.pindamonhangaba.sp.leg.br/news/2024/06/2024060516163917176149999dad30.JPG,https://www.pindamonhangaba.sp.leg.br/imprensa/0/0/0/0/1484#pesquisa
2024-05-29 16:07:21,Cidadania e Direitos: Assistentes Sociais são lembradas e homenageadas em Sessão Solene na Câmara de Pindamonhangaba,https://www.pindamonhangaba.sp.leg.br/news/2024/05/2024052916092117170097616bdce0.JPG,https://www.pindamonhangaba.sp.leg.br/imprensa/0/0/0/0/1481#pesquisa
2024-05-29 13:28:51,"Com votação unânime, projetos de cessão de uso de imóveis e criação da ‘Semana do Brincar’ são aprovados pelos vereadores de Pindamonhangaba ",https://www.pindamonhangaba.sp.leg.br/news/2024/05/202405291331001717000260236530.JPG,https://www.pindamonhangaba.sp.leg.br/imprensa/0/0/0/0/1480#pesquisa
2024-05-28 09:51:35,Metas Fiscais do 1° quadrimestre de 2024 de Pindamonhangaba são apresentadas em Audiência Pública realizada na Câmara de Vereadores,https://www.pindamonhangaba.sp.leg.br/news/2024/05/202405280954271716900867086170.JPG,https://www.pindamonhangaba.sp.leg.br/imprensa/0/0/0/0/1477#pesquisa
2024-05-24 09:51:41,"LDO 2025: Comissão de Finanças da Câmara promove Audiência Pública sobre o tema e Pindamonhangaba terá Orçamento de R$ 968.051.000,00",https://www.pindamonhangaba.sp.leg.br/news/2024/05/2024052410043617165558765523a0.JPG,https://www.pindamonhangaba.sp.leg.br/imprensa/0/0/0/0/1475#pesquisa
2024-05-22 14:50:06,Projeto que institui o título de “Embaixador do Município” ao atleta “João Carlos de Oliveira – João do Pulo” é aprovado pela Câmara de Pindamonhangaba ,https://www.pindamonhangaba.sp.leg.br/news/2024/05/202405221453491716400429b5ca30.JPG,https://www.pindamonhangaba.sp.leg.br/imprensa/0/0/0/0/1474#pesquisa
2024-05-15 10:04:52,Plenário aprova e Câmara de Pindamonhangaba autoriza Prefeitura a transferir recursos financeiros para Entidades Assistenciais em 2024,https://www.pindamonhangaba.sp.leg.br/news/2024/05/202405151007221715778442ce2680.JPG,https://www.pindamonhangaba.sp.leg.br/imprensa/0/0/0/0/1471#pesquisa
2024-05-08 13:45:33,"Com aprovação unânime, Vereadores de Pindamonhangaba decidem dar nova denominação ao CREAS de Moreira César",https://www.pindamonhangaba.sp.leg.br/news/2024/05/2024050813501917151870191249f0.JPG,https://www.pindamonhangaba.sp.leg.br/imprensa/0/0/0/0/1468#pesquisa
2024-05-02 15:01:01,Sessão solene na Câmara de Pindamonhangaba valoriza o trabalho de metalúrgicos da cidade,https://www.pindamonhangaba.sp.leg.br/news/2024/05/202405021503181714672998dc0290.JPG,https://www.pindamonhangaba.sp.leg.br/imprensa/0/0/0/0/1467#pesquisa
2024-05-02 10:17:56,"‘Festa e Carreata de São Cristóvão’, do bairro Cidade Nova, tem inclusão em calendário de eventos confirmada pelos vereadores de Pindamonhangaba ",https://www.pindamonhangaba.sp.leg.br/news/2024/05/202405021025161714656316843670.JPG,https://www.pindamonhangaba.sp.leg.br/imprensa/0/0/0/0/1466#pesquisa
2024-04-24 13:25:52,"Marcada por emoção e reconhecimento, Sociedade São Vicente de Paulo é homenageada em Sessão Solene na Câmara de Pindamonhangaba",https://www.pindamonhangaba.sp.leg.br/news/2024/04/202404241327141713976034602c20.JPG,https://www.pindamonhangaba.sp.leg.br/imprensa/0/0/0/0/1463#pesquisa
2024-04-24 11:17:17,Vereadores aprovam e professora Juraci Faria é agraciada com título de ‘Cidadã Pindamonhangabense’ da Câmara de Pindamonhangaba ,https://www.pindamonhangaba.sp.leg.br/news/2024/04/202404241119371713968377cf07e0.JPG,https://www.pindamonhangaba.sp.leg.br/imprensa/0/0/0/0/1462#pesquisa
2024-04-23 09:55:22,"Em Audiência Pública na Câmara, profissionais e comunidade debatem a revisão do Código de Edificações de Pindamonhangaba ",https://www.pindamonhangaba.sp.leg.br/news/2024/04/202404231000171713877217fddac0.JPG,https://www.pindamonhangaba.sp.leg.br/imprensa/0/0/0/0/1459#pesquisa
2024-04-22 11:03:40,Código de Limpeza Municipal: Tema foi debatido em Audiência Pública realizada na Câmara de Vereadores de Pindamonhangaba,https://www.pindamonhangaba.sp.leg.br/news/2024/04/202404221105571713794757ba75a0.JPG,https://www.pindamonhangaba.sp.leg.br/imprensa/0/0/0/0/1458#pesquisa
2024-04-19 11:34:52,Câmara de Pindamonhangaba comemora ‘Dia Mundial do Escoteiro’ e realiza Sessão Solene para enaltecer integrantes dos Grupos da cidade ,https://www.pindamonhangaba.sp.leg.br/news/2024/04/202404191137001713537420215640.JPG,https://www.pindamonhangaba.sp.leg.br/imprensa/0/0/0/0/1456#pesquisa
2024-04-18 11:20:06,"Por unanimidade, Projeto de Lei que mantém os subsídios dos vereadores com os mesmos valores para a legislatura 2025/2028 é aprovado pela Câmara de Pindamonhangaba ",https://www.pindamonhangaba.sp.leg.br/news/2024/04/2024041811215317134501135f2270.JPG,https://www.pindamonhangaba.sp.leg.br/imprensa/0/0/0/0/1454#pesquisa
2024-04-12 10:53:09,Audiência Pública sobre o Plano Diretor Participativo é realizada na Câmara de Vereadores de Pindamonhangaba,https://www.pindamonhangaba.sp.leg.br/news/2024/04/202404121054561712930096e6b030.JPG,https://www.pindamonhangaba.sp.leg.br/imprensa/0/0/0/0/1451#pesquisa
2024-04-08 13:44:06,Câmara de Pindamonhangaba confirma majoração de 4% nos salários de servidores municipais e de agentes políticos da cidade ,https://www.pindamonhangaba.sp.leg.br/news/2024/04/2024040813454117125947414c3b10.JPG,https://www.pindamonhangaba.sp.leg.br/imprensa/0/0/0/0/1447#pesquisa
2024-04-08 13:37:33,Câmara de Vereadores de Pindamonhangaba recebe Audiência Pública sobre a PMMA - Política Municipal do Meio Ambiente ,https://www.pindamonhangaba.sp.leg.br/news/2024/04/202404081340381712594438df28d0.JPG,https://www.pindamonhangaba.sp.leg.br/imprensa/0/0/0/0/1446#pesquisa
2024-04-03 10:35:43,"Em segunda votação e por unanimidade, Projeto de revisão e atualização da Lei Orgânica de Pindamonhangaba é aprovado pelos vereadores ",https://www.pindamonhangaba.sp.leg.br/news/2024/04/202404031040071712151607676410.JPG,https://www.pindamonhangaba.sp.leg.br/imprensa/0/0/0/0/1442#pesquisa
2024-03-27 10:25:36,"Com apreciação de 2 Projetos de Lei em regime de urgência e votação de 2 Vetos do Executivo, Vereadores de Pindamonhangaba promovem 9ª sessão ordinária no Plenário da Casa ",https://www.pindamonhangaba.sp.leg.br/news/2024/03/202403271029431711546183377c70.JPG,https://www.pindamonhangaba.sp.leg.br/imprensa/0/0/0/0/1440#pesquisa
2024-03-20 10:39:31,Alterações no Regimento Interno e novo Código de Ética e Decoro Parlamentar tem aprovação confirmadas pelos vereadores de Pindamonhangaba ,https://www.pindamonhangaba.sp.leg.br/news/2024/03/202403201041361710942096bdbe80.JPG,https://www.pindamonhangaba.sp.leg.br/imprensa/0/0/0/0/1438#pesquisa
2024-03-13 13:45:40,"7ª sessão ordinária: por unanimidade, Vereadores de Pindamonhangaba aprovam Projeto que define critérios de controle da emissão de ruídos por veículos automotores",https://www.pindamonhangaba.sp.leg.br/news/2024/03/20240313135041171034864145fbd0.JPG,https://www.pindamonhangaba.sp.leg.br/imprensa/0/0/0/0/1436#pesquisa
2024-03-11 16:52:30,Câmara de Vereadores de Pindamonhangaba promove Sessão Solene em comemoração ao Dia Internacional da Mulher,https://www.pindamonhangaba.sp.leg.br/news/2024/03/20240311165613171018697376ee60.JPG,https://www.pindamonhangaba.sp.leg.br/imprensa/0/0/0/0/1434#pesquisa
2024-03-11 16:46:48,Secretaria de Saúde apresenta Relatório Detalhado do Quadrimestre Anterior de 2023 em Audiência Pública na Câmara de Vereadores,https://www.pindamonhangaba.sp.leg.br/news/2024/03/202403111651421710186702ad47a0.JPG,https://www.pindamonhangaba.sp.leg.br/imprensa/0/0/0/0/1432#pesquisa
2024-03-07 11:47:14,Vereadores de Pindamonhangaba rejeitam Veto do Prefeito ao Projeto que disciplina o plantio de árvores de grande porte por 8 votos a 2,https://www.pindamonhangaba.sp.leg.br/news/2024/03/2024030711583617098235168fd090.JPG,https://www.pindamonhangaba.sp.leg.br/imprensa/0/0/0/0/1430#pesquisa
2024-03-04 17:19:16,Administração Municipal realiza audiência pública para prestação de contas e apresenta os números e dados financeiros relativos ao 3º quadrimestre de 2023,https://www.pindamonhangaba.sp.leg.br/news/2024/03/2024030417292617095841660904e0.JPG,https://www.pindamonhangaba.sp.leg.br/imprensa/0/0/0/0/1425#pesquisa
2024-03-01 10:16:47,Vereadores aprovam as contas da Prefeitura por 9 votos favoráveis e um contrário,https://www.pindamonhangaba.sp.leg.br/news/2024/03/202403011025031709299503312470.JPG,https://www.pindamonhangaba.sp.leg.br/imprensa/0/0/0/0/1423#pesquisa
2024-02-28 10:31:41,Fraternidade e Amizade Social: Sessão Solene celebra abertura oficial da Campanha da Fraternidade 2024,https://www.pindamonhangaba.sp.leg.br/news/2024/02/202402281039361709127576228d80.JPG,https://www.pindamonhangaba.sp.leg.br/imprensa/0/0/0/0/295#pesquisa
2024-02-22 11:02:39,Projeto recebe 10 votos favoráveis pelos vereadores e Pindamonhangaba terá sessão solene comemorativa do “Dia do Músico Evangélico”,https://www.pindamonhangaba.sp.leg.br/news/2024/02/2024022211103117086110312f1dd0.JPG,https://www.pindamonhangaba.sp.leg.br/imprensa/0/0/0/0/236#pesquisa
2024-02-16 11:32:46,"Por unanimidade, Câmara de Pindamonhangaba confirma aprovação da campanha de prevenção da crueldade contra os animais, o ‘Abril Laranja’ ",https://www.pindamonhangaba.sp.leg.br/news/2024/02/202402161136271708094187b37600.JPG,https://www.pindamonhangaba.sp.leg.br/imprensa/0/0/0/0/194#pesquisa
2024-02-07 14:50:33,Criação do ‘Dia Municipal de Conscientização sobre o Retinoblastoma’ e outros 2 Projetos de Lei são aprovados pelos Vereadores de Pindamonhangaba ,https://www.pindamonhangaba.sp.leg.br/news/2024/02/202402071453581707328438597800.JPG,https://www.pindamonhangaba.sp.leg.br/imprensa/0/0/0/0/193#pesquisa
2024-02-06 08:03:25,"Tranquilidade, segurança e organização marcaram a realização das provas objetivas do Concurso Público da Câmara de Pindamonhangaba",https://www.pindamonhangaba.sp.leg.br/news/2024/02/202402060805231707217523c86a90.JPG,https://www.pindamonhangaba.sp.leg.br/imprensa/0/0/0/0/192#pesquisa
2024-02-01 09:00:29,Divulgação das informações das provas do Concurso Público nº 01/2024,https://www.pindamonhangaba.sp.leg.br/news/2024/02/202402010932041706790724a418b0.jpeg,https://www.pindamonhangaba.sp.leg.br/imprensa/0/0/0/0/190#pesquisa
2024-01-31 11:09:35,"Em sua 1ª sessão ordinária de 2024, Câmara de Pindamonhangaba aprova diversos Projetos de Lei e acata Veto do Executivo",https://www.pindamonhangaba.sp.leg.br/news/2024/01/20240131111217170671033798a460.JPG,https://www.pindamonhangaba.sp.leg.br/imprensa/0/0/0/0/189#pesquisa
2024-01-24 15:41:00,"Recesso oficial chega ao fim e vereadores de Pindamonhangaba retomam trabalhos no dia 30 de janeiro, com sessão ordinária no plenário da Casa",https://www.pindamonhangaba.sp.leg.br/news/2024/01/202401241516061706120166c9c250.JPG,https://www.pindamonhangaba.sp.leg.br/imprensa/0/0/0/0/185#pesquisa
2024-01-24 15:40:29,"Com fim do recesso oficial, expediente Administrativo da Câmara de Vereadores de Pindamonhangaba reiniciou no dia 08 de janeiro",https://www.pindamonhangaba.sp.leg.br/news/2024/01/2024012415190917061203499cfff0.JPG,https://www.pindamonhangaba.sp.leg.br/imprensa/0/0/0/0/186#pesquisa
2024-01-24 15:20:47,Câmara de Pindamonhangaba realiza a última sessão ordinária de 2023 e vereadores aprovam 6 Projetos de Lei da Ordem do Dia e outras 6 inclusões,https://www.pindamonhangaba.sp.leg.br/news/2024/01/202401241525451706120745c65c40.JPG,https://www.pindamonhangaba.sp.leg.br/imprensa/0/0/0/0/187#pesquisa
2024-01-24 15:09:29,"Orçamento Municipal estimado em R$ 960.721.000,00 para 2024 recebe 529 emendas e tem aprovação unânime na Câmara de Pindamonhangaba",https://www.pindamonhangaba.sp.leg.br/news/2024/01/202401241531111706121071350f80.JPG,https://www.pindamonhangaba.sp.leg.br/imprensa/0/0/0/0/188#pesquisa
2023-12-06 10:03:27,Personalidades da Comunidade Negra são exaltadas e recebem homenagens em sessão solene na Câmara de Pindamonhangaba,https://www.pindamonhangaba.sp.leg.br/news/2023/12/20231206100423170186786345ab00.jpeg,https://www.pindamonhangaba.sp.leg.br/imprensa/0/0/0/0/3#pesquisa
2023-11-28 00:00:00,"Com 10 votos favoráveis, vereadores de Pindamonhangaba rejeitam Veto do Poder Executivo que trata do parcelamento do ITBI",https://www.pindamonhangaba.sp.leg.br/news/2023/12/202312061002311701867751bcc7c0.jpeg,https://www.pindamonhangaba.sp.leg.br/imprensa/0/0/0/0/1#pesquisa
2023-11-27 00:00:00,42ª sessão ordinária tem horário alterado e será antecipada para o período da manhã,https://www.pindamonhangaba.sp.leg.br/news/2023/12/202312061003201701867800b9b9f0.jpeg,https://www.pindamonhangaba.sp.leg.br/imprensa/0/0/0/0/2#pesquisa
2023-01-01 00:00:00,VEREADORES SE REÚNEM COM DIRETOR DA EDP BANDEIRANTE PARA DISCUTIR RETIRADA DE FIOS EM POSTES DA CIDADE,https://www.cloudsoftcam.com.br/SP/PINDAMONHANGABA/importacao/2024/1005_9308fm3nuho_noticia.jpeg,https://www.pindamonhangaba.sp.leg.br/imprensa/0/0/0/0/459#pesquisa
2023-01-01 00:00:00,APROVADOS DENOMINAÇÃO DO PARQUE DA CIDADE E CENTRO COMUNITÁRIO DO GOIABAL,https://www.cloudsoftcam.com.br/SP/PINDAMONHANGABA/importacao/2024/1002_8s24gebp2jk3_noticia.jpeg,https://www.pindamonhangaba.sp.leg.br/imprensa/0/0/0/0/460#pesquisa
2023-01-01 00:00:00,CEI DO TRANSPORTE QUE INVESTIGA DESCASO COM IDOSOS OUVE MAIS TRÊS PESSOAS,https://www.cloudsoftcam.com.br/SP/PINDAMONHANGABA/importacao/2024/999_6f2d4k4mktegq_noticia.jpeg,https://www.pindamonhangaba.sp.leg.br/imprensa/0/0/0/0/461#pesquisa
2023-01-01 00:00:00,VEREADORES COBRAM MEDIDAS DE EMERGÊNCIA PARA SEGURANÇA NA CIDADE APÓS FINAL DE SEMANA VIOLENTO,https://www.cloudsoftcam.com.br/SP/PINDAMONHANGABA/importacao/2024/996_5t2fonluh6lhb_noticia.jpeg,https://www.pindamonhangaba.sp.leg.br/imprensa/0/0/0/0/462#pesquisa
2023-01-01 00:00:00,AUTORIDADES CIVIS E MILITARES SE UNEM NA BUSCA DE  ALTERNATIVAS PARA CONTER VIOLÊNCIA EM PINDAMONHANGABA,https://www.cloudsoftcam.com.br/SP/PINDAMONHANGABA/importacao/2024/993_7enec3rcvc39m_noticia.jpeg,https://www.pindamonhangaba.sp.leg.br/imprensa/0/0/0/0/463#pesquisa
2023-01-01 00:00:00,APROVADO AUMENTO PARA FUNCIONÁRIOS MUNICIPAIS,https://www.cloudsoftcam.com.br/SP/PINDAMONHANGABA/importacao/2024/990_7nee23mldbam2_noticia.jpeg,https://www.pindamonhangaba.sp.leg.br/imprensa/0/0/0/0/464#pesquisa
2023-01-01 00:00:00,PROJETOS SOCIAIS SERÃO BENEFICIADOS COM NOVAS VERBAS APROVADAS PELA CÂMARA DE PINDAMONHANGABA,https://www.cloudsoftcam.com.br/SP/PINDAMONHANGABA/importacao/2024/987_7dilc8oo1bgoq_noticia.jpeg,https://www.pindamonhangaba.sp.leg.br/imprensa/0/0/0/0/465#pesquisa
2023-01-01 00:00:00,VEREADORES APROVAM PROJETO QUE DISCIPLINA OS CENTROS COMUNITÁRIOS DE PINDAMONHANGABA,https://www.cloudsoftcam.com.br/SP/PINDAMONHANGABA/importacao/2024/984_1fqvu6poc29lh_noticia.jpeg,https://www.pindamonhangaba.sp.leg.br/imprensa/0/0/0/0/466#pesquisa
2023-01-01 00:00:00,CÂMARA LANÇA NOVO SITE E AMPLIA SERVIÇOS PARA CIDADÃOS DE PINDAMONHANGABA,https://www.cloudsoftcam.com.br/SP/PINDAMONHANGABA/importacao/2024/981_75bbmocbnmank_noticia.jpeg,https://www.pindamonhangaba.sp.leg.br/imprensa/0/0/0/0/467#pesquisa
2023-01-01 00:00:00,"CÂMARA APROVA VERBA DE 5.498.000,00 PARA EXECUÇÃO DE OBRAS NO MERCADO E CONSTRUÇÃO DE SEDE DA SEJELP",https://www.cloudsoftcam.com.br/SP/PINDAMONHANGABA/importacao/2024/978_244eua1ac6p03_noticia.jpeg,https://www.pindamonhangaba.sp.leg.br/imprensa/0/0/0/0/468#pesquisa
2023-01-01 00:00:00,ESCOTEIROS SÃO HOMENAGEADOS EM SESSÃO SOLENE REALIZADA NA CÂMARA DE VEREADORES,https://www.cloudsoftcam.com.br/SP/PINDAMONHANGABA/importacao/2024/975_2tqoquevk4fuo_noticia.jpeg,https://www.pindamonhangaba.sp.leg.br/imprensa/0/0/0/0/469#pesquisa
2023-01-01 00:00:00,CÂMARA HOMENAGEIA INTEGRANTES DA SOCIEDADE SÃO VICENTE DE PAULO,https://www.cloudsoftcam.com.br/SP/PINDAMONHANGABA/importacao/2024/972_3tep3u2q0qfmj_noticia.jpeg,https://www.pindamonhangaba.sp.leg.br/imprensa/0/0/0/0/470#pesquisa
2023-01-01 00:00:00,APROVADA LEI QUE ORGANIZA OS PONTOS DE TÁXI EM PINDAMONHANGABA,https://www.cloudsoftcam.com.br/SP/PINDAMONHANGABA/importacao/2024/969_1u9rot7fnpuun_noticia.jpeg,https://www.pindamonhangaba.sp.leg.br/imprensa/0/0/0/0/471#pesquisa
2023-01-01 00:00:00,"COM PLENÁRIO LOTADO, VEREADORES APROVAM EMENDA À LOM PARA INCLUSÃO DO “FICHA LIMPA MUNICIPAL”",https://www.cloudsoftcam.com.br/SP/PINDAMONHANGABA/importacao/2024/966_5iupfanm4j3or_noticia.jpeg,https://www.pindamonhangaba.sp.leg.br/imprensa/0/0/0/0/472#pesquisa
2023-01-01 00:00:00,CÂMARA ABORDA TEMA DE EXPLORAÇÃO SEXUAL INFANTIL EM SESSÃO SOLENE,https://www.cloudsoftcam.com.br/SP/PINDAMONHANGABA/importacao/2024/963_76m1sjt0t8a5p_noticia.jpeg,https://www.pindamonhangaba.sp.leg.br/imprensa/0/0/0/0/473#pesquisa
2023-01-01 00:00:00,LIBERDADE RELIGIOSA É TEMA DE SESSÃO SOLENE NA CÂMARA MUNICIPAL,https://www.cloudsoftcam.com.br/SP/PINDAMONHANGABA/importacao/2024/960_43ksp9pb8lrv9_noticia.jpeg,https://www.pindamonhangaba.sp.leg.br/imprensa/0/0/0/0/474#pesquisa
2023-01-01 00:00:00,APROVADO DOAÇÃO DE ÁREA PARA INSTALAÇÃO DO SENAC EM PINDAMONHANGABA,https://www.cloudsoftcam.com.br/SP/PINDAMONHANGABA/importacao/2024/957_55mf04le5nr6n_noticia.jpeg,https://www.pindamonhangaba.sp.leg.br/imprensa/0/0/0/0/475#pesquisa
2023-01-01 00:00:00,“FICHA LIMPA MUNICIPAL” É APROVADO EM 2º TURNO PELA CÂMARA DE PINDAMONHANGABA,https://www.cloudsoftcam.com.br/SP/PINDAMONHANGABA/importacao/2024/954_3104b8qj8vam3_noticia.jpeg,https://www.pindamonhangaba.sp.leg.br/imprensa/0/0/0/0/476#pesquisa
2023-01-01 00:00:00,CÂMARA DE PINDAMONHANGABA APRESENTA EXPOSIÇÃO DO ARTISTA PLÁSTICO ADEMYR COSTA,https://www.cloudsoftcam.com.br/SP/PINDAMONHANGABA/importacao/2024/951_53rh07vm4hg36_noticia.jpeg,https://www.pindamonhangaba.sp.leg.br/imprensa/0/0/0/0/477#pesquisa
2023-01-01 00:00:00,PODERES EXECUTIVO E LEGISLATIVO SE REÚNEM PARA DISCUTIR ORÇAMENTO MUNICIPAL PARA 2013,https://www.cloudsoftcam.com.br/SP/PINDAMONHANGABA/importacao/2024/948_4s0rqaiulhmb3_noticia.jpeg,https://www.pindamonhangaba.sp.leg.br/imprensa/0/0/0/0/478#pesquisa
2023-01-01 00:00:00,CÂMARA DE VEREADORES DE PINDAMONHANGABA RESGATA HISTÓRIA DO ATLETA JOÃO DO PULO EM SESSÃO ESPECIAL,https://www.cloudsoftcam.com.br/SP/PINDAMONHANGABA/importacao/2024/985_72v6s2n82l4ma_noticia.jpeg,https://www.pindamonhangaba.sp.leg.br/imprensa/0/0/0/0/479#pesquisa
2023-01-01 00:00:00,VEREADORES REJEITAM CONTAS DA ATUAL ADMINISTRAÇÃO,https://www.cloudsoftcam.com.br/SP/PINDAMONHANGABA/importacao/2024/982_71bia9brfcq2j_noticia.jpeg,https://www.pindamonhangaba.sp.leg.br/imprensa/0/0/0/0/480#pesquisa
2023-01-01 00:00:00,MULHERES GANHAM PROCURADORIA ESPECIAL APÓS APROVAÇÃO DE PROJETO DE LEI NA CÂMARA DE PINDAMONHANGABA,https://www.cloudsoftcam.com.br/SP/PINDAMONHANGABA/importacao/2024/979_rtuf888065vk_noticia.jpeg,https://www.pindamonhangaba.sp.leg.br/imprensa/0/0/0/0/481#pesquisa
2023-01-01 00:00:00,VEREADORES DE PINDAMONHANGABA PARTICIPAM DE AUDIÊNCIA PÚBLICA DA CPMI QUE INVESTIGA VIOLÊNCIA CONTRA A MULHER,https://www.cloudsoftcam.com.br/SP/PINDAMONHANGABA/importacao/2024/976_6f3is4od5s7rd_noticia.jpeg,https://www.pindamonhangaba.sp.leg.br/imprensa/0/0/0/0/482#pesquisa
2023-01-01 00:00:00,SEGURANÇA PÚBLICA É TEMA DE REUNIÃO NA CÂMARA,https://www.cloudsoftcam.com.br/SP/PINDAMONHANGABA/importacao/2024/973_b4uukeotceat_noticia.jpeg,https://www.pindamonhangaba.sp.leg.br/imprensa/0/0/0/0/483#pesquisa
2023-01-01 00:00:00,CÂMARA INSTITUI A COMENDA EMÍLIO RIBAS E APROVA PROJETO DE INSERÇÃO DE REEDUCANDOS DO SISTEMA PENITENCIÁRIO – PRÓ-EGRESSO,https://www.cloudsoftcam.com.br/SP/PINDAMONHANGABA/importacao/2024/970_64mm3qnh3b0o0_noticia.jpeg,https://www.pindamonhangaba.sp.leg.br/imprensa/0/0/0/0/484#pesquisa
2023-01-01 00:00:00,COMISSÃO DE EDUCAÇÃO DA CÂMARA REALIZA REUNIÃO SOBRE O SISTEMA NACIONAL DE CULTURA,https://www.cloudsoftcam.com.br/SP/PINDAMONHANGABA/importacao/2024/967_gj3jpvnog3q8_noticia.jpeg,https://www.pindamonhangaba.sp.leg.br/imprensa/0/0/0/0/485#pesquisa
2023-01-01 00:00:00,SESSÃO EM HOMENAGEM AO DR. EMÍLIO RIBAS  TERÁ ENTREGA DE HONRARIA À GERALDO ALCKMIN,https://www.cloudsoftcam.com.br/SP/PINDAMONHANGABA/importacao/2024/964_59lsto0pjb839_noticia.jpeg,https://www.pindamonhangaba.sp.leg.br/imprensa/0/0/0/0/486#pesquisa
2023-01-01 00:00:00,"COM EMENDA ADITIVA, LDO 2013 É APROVADA PELO PLENÁRIO DA CÂMARA DE PINDAMONHANGABA",https://www.cloudsoftcam.com.br/SP/PINDAMONHANGABA/importacao/2024/961_1rvfg5k6rt28g_noticia.jpeg,https://www.pindamonhangaba.sp.leg.br/imprensa/0/0/0/0/487#pesquisa
2023-01-01 00:00:00,ENCONTRO REGIONAL DE POLÍTICAS SOBRE DROGAS REÚNE REPRESENTANTES DE 11 MUNICÍPIOS,https://www.cloudsoftcam.com.br/SP/PINDAMONHANGABA/importacao/2024/958_13o4dmi37kp7g_noticia.jpeg,https://www.pindamonhangaba.sp.leg.br/imprensa/0/0/0/0/488#pesquisa
2023-01-01 00:00:00,CÂMARA ADIA PROJETO DO EXECUTIVO QUE DETERMINA NOVO CÁLCULO DO IPTU,https://www.cloudsoftcam.com.br/SP/PINDAMONHANGABA/importacao/2024/955_2j7in93ic4c0i_noticia.jpeg,https://www.pindamonhangaba.sp.leg.br/imprensa/0/0/0/0/489#pesquisa
2023-01-01 00:00:00,SESSÃO HOMENAGEIA  DR. EMÍLIO RIBAS NA CÂMARA DE PINDAMONHANGABA,https://www.cloudsoftcam.com.br/SP/PINDAMONHANGABA/importacao/2024/952_58qn6r5n6f5u_noticia.jpeg,https://www.pindamonhangaba.sp.leg.br/imprensa/0/0/0/0/490#pesquisa
2023-01-01 00:00:00,COMITIVA DE MULHERES DE PINDAMONHANGABA PARTICIPA DA CPMI DA VIOLÊNCIA CONTRA A MULHER EM SP,https://www.cloudsoftcam.com.br/SP/PINDAMONHANGABA/importacao/2024/949_7e6ee4ielgvt7_noticia.jpeg,https://www.pindamonhangaba.sp.leg.br/imprensa/0/0/0/0/491#pesquisa
2023-01-01 00:00:00,CÂMARA REALIZA REUNIÃO PARA TRAÇAR PLANO DE CULTURA NO MUNICÍPIO E NO ESTADO,https://www.cloudsoftcam.com.br/SP/PINDAMONHANGABA/importacao/2024/946_74ejnef726ut9_noticia.jpeg,https://www.pindamonhangaba.sp.leg.br/imprensa/0/0/0/0/492#pesquisa
2023-01-01 00:00:00,CÂMARA APROVA PROJETO DE LEI QUE VETA EXPLORAÇÃO DE PROPAGANDA ELEITORAL EM BENS PÚBLICOS DA CIDADE,https://www.cloudsoftcam.com.br/SP/PINDAMONHANGABA/importacao/2024/943_7a2uvgufcl4s9_noticia.jpeg,https://www.pindamonhangaba.sp.leg.br/imprensa/0/0/0/0/493#pesquisa
2023-01-01 00:00:00,CÂMARA APROVA PROJETO QUE DESTINA R$ 526 MIL PARA SANTA CASA,https://www.cloudsoftcam.com.br/SP/PINDAMONHANGABA/importacao/2024/940_3a73qe9id1hu9_noticia.jpeg,https://www.pindamonhangaba.sp.leg.br/imprensa/0/0/0/0/494#pesquisa
2023-01-01 00:00:00,CÂMARA DE VEREADORES COMEMORA ANIVERSÁRIO DE PINDAMONHANGABA,https://www.cloudsoftcam.com.br/SP/PINDAMONHANGABA/importacao/2024/937_13bg7rhgt7ae3_noticia.jpeg,https://www.pindamonhangaba.sp.leg.br/imprensa/0/0/0/0/495#pesquisa
2023-01-01 00:00:00,ÚLTIMA SESSÃO DO 1°. SEMESTRE TEM DOIS PROJETOS APROVADOS,https://www.cloudsoftcam.com.br/SP/PINDAMONHANGABA/importacao/2024/934_1idfohpouth6v_noticia.jpeg,https://www.pindamonhangaba.sp.leg.br/imprensa/0/0/0/0/496#pesquisa
2023-01-01 00:00:00,PROJETO QUE ASSEGURA AO SERVIDOR OCUPAR CARGO EM SINDICATO É APROVADO PELA CÂMARA DE PINDAMONHANGABA,https://www.cloudsoftcam.com.br/SP/PINDAMONHANGABA/importacao/2024/931_7hp269f20ktt6_noticia.jpeg,https://www.pindamonhangaba.sp.leg.br/imprensa/0/0/0/0/497#pesquisa
2023-01-01 00:00:00,CASAIS SÃO HOMENAGEADOS NA SEMANA NACIONAL DA FAMÍLIA DURANTE SESSÃO SOLENE NA CÂMARA,https://www.cloudsoftcam.com.br/SP/PINDAMONHANGABA/importacao/2024/928_3asc5ls1i6bb8_noticia.jpeg,https://www.pindamonhangaba.sp.leg.br/imprensa/0/0/0/0/498#pesquisa
2023-01-01 00:00:00,SESSÃO SOLENE NA CÂMARA DE PINDA  DESTACA PARTICIPAÇÃO E COMEMORA A MELHOR IDADE,https://www.cloudsoftcam.com.br/SP/PINDAMONHANGABA/importacao/2024/965_11g1qgqc8ooou_noticia.jpeg,https://www.pindamonhangaba.sp.leg.br/imprensa/0/0/0/0/499#pesquisa
2023-01-01 00:00:00,VEREADORES ADIAM TRÊS PROJETOS E APROVAM DENOMINAÇÃO DE RUA NO DISTRITO E ESTRADA RURAL,https://www.cloudsoftcam.com.br/SP/PINDAMONHANGABA/importacao/2024/962_56sif34abj365_noticia.jpeg,https://www.pindamonhangaba.sp.leg.br/imprensa/0/0/0/0/500#pesquisa
2023-01-01 00:00:00,VEREADORES AUTORIZAM PODER EXECUTIVO A CRIAR O CONSELHO DE SEGURANÇA ALIMENTAR,https://www.cloudsoftcam.com.br/SP/PINDAMONHANGABA/importacao/2024/959_5lqf238v8cjsg_noticia.jpeg,https://www.pindamonhangaba.sp.leg.br/imprensa/0/0/0/0/501#pesquisa
2023-01-01 00:00:00,CÂMARA HOMENAGEIA MEMBROS DA MAÇONARIA EM PINDAMONHANGABA,https://www.cloudsoftcam.com.br/SP/PINDAMONHANGABA/importacao/2024/956_7so4fnjbcol2q_noticia.jpeg,https://www.pindamonhangaba.sp.leg.br/imprensa/0/0/0/0/502#pesquisa
2023-01-01 00:00:00,VEREADORES APROVAM CONVÊNIO COM PODER JUDICIÁRIO,https://www.cloudsoftcam.com.br/SP/PINDAMONHANGABA/importacao/2024/953_1cdi8iqckvo2_noticia.jpeg,https://www.pindamonhangaba.sp.leg.br/imprensa/0/0/0/0/503#pesquisa
2023-01-01 00:00:00,"CRÉDITOS ADICIONAIS DE R$ 7.928.000,00 SÃO APROVADOS PELA CÂMARA DE PINDAMONHANGABA",https://www.cloudsoftcam.com.br/SP/PINDAMONHANGABA/importacao/2024/950_6f14lnuvm521k_noticia.jpeg,https://www.pindamonhangaba.sp.leg.br/imprensa/0/0/0/0/504#pesquisa
2023-01-01 00:00:00,CÂMARA ABRE CEI PARA INVESTIGAR IDA DE FUNCIONÁRIOS MUNICIPAIS À SÃO PAULO,https://www.cloudsoftcam.com.br/SP/PINDAMONHANGABA/importacao/2024/947_7151sgl0beetl_noticia.jpeg,https://www.pindamonhangaba.sp.leg.br/imprensa/0/0/0/0/505#pesquisa
2023-01-01 00:00:00,PLENÁRIO DEFINE NOMES DA CEI QUE APURA IRREGULARIDADES EM VIAGEM DE ASSESSORES DA PREFEITURA À SÃO PAULO,https://www.cloudsoftcam.com.br/SP/PINDAMONHANGABA/importacao/2024/944_37smm6svp9rfr_noticia.jpeg,https://www.pindamonhangaba.sp.leg.br/imprensa/0/0/0/0/506#pesquisa
2023-01-01 00:00:00,SESSÃO SOLENE MARCA ABERTURA DA SEMANA DE MOBILIZAÇÃO SOCIAL PELA EDUCAÇÃO,https://www.cloudsoftcam.com.br/SP/PINDAMONHANGABA/importacao/2024/941_4nkg4pl21imlj_noticia.jpeg,https://www.pindamonhangaba.sp.leg.br/imprensa/0/0/0/0/507#pesquisa
2023-01-01 00:00:00,VEREADORES ADIAM PROJETO DE ABERTURA DE CRÉDITO,https://www.cloudsoftcam.com.br/SP/PINDAMONHANGABA/importacao/2024/938_73t5o6tfej28j_noticia.jpeg,https://www.pindamonhangaba.sp.leg.br/imprensa/0/0/0/0/508#pesquisa
2023-01-01 00:00:00,CÂMARA SEDIA AUDIÊNCIA PÚBLICA DA SECRETARIA DE SAÚDE DE PINDAMONHANGABA,https://www.cloudsoftcam.com.br/SP/PINDAMONHANGABA/importacao/2024/935_33o4fcd4lsqq3_noticia.jpeg,https://www.pindamonhangaba.sp.leg.br/imprensa/0/0/0/0/509#pesquisa
2023-01-01 00:00:00,COMUNICADO,https://www.cloudsoftcam.com.br/SP/PINDAMONHANGABA/importacao/2024/932_6jcbdicam0ue9_noticia.jpeg,https://www.pindamonhangaba.sp.leg.br/imprensa/0/0/0/0/510#pesquisa
2023-01-01 00:00:00,"CRÉDITOS ADICIONAIS DE R$ 2.773.000,00 SÃO APROVADOS PELA CÂMARA DE PINDAMONHANGABA",https://www.cloudsoftcam.com.br/SP/PINDAMONHANGABA/importacao/2024/929_pf508974u0bn_noticia.jpeg,https://www.pindamonhangaba.sp.leg.br/imprensa/0/0/0/0/511#pesquisa
2023-01-01 00:00:00,CÂMARA REALIZA TRÊS SESSÕES SOLENES EM OUTUBRO,https://www.cloudsoftcam.com.br/SP/PINDAMONHANGABA/importacao/2024/926_5s32tr5g1arnm_noticia.jpeg,https://www.pindamonhangaba.sp.leg.br/imprensa/0/0/0/0/512#pesquisa
2023-01-01 00:00:00,“EM OUTUBRO PENSE ROSA” É RETRATADO EM SESSÃO SOLENE NA CÂMARA DE PINDAMOANHANGABA,https://www.cloudsoftcam.com.br/SP/PINDAMONHANGABA/importacao/2024/923_7f2jvk3o83lbb_noticia.jpeg,https://www.pindamonhangaba.sp.leg.br/imprensa/0/0/0/0/513#pesquisa
2023-01-01 00:00:00,CÂMARA HOMENAGEIA INTEGRANTES DO COMÉRCIO DE  PINDAMONHANGABA,https://www.cloudsoftcam.com.br/SP/PINDAMONHANGABA/importacao/2024/920_7d2sf06vf7eng_noticia.jpeg,https://www.pindamonhangaba.sp.leg.br/imprensa/0/0/0/0/514#pesquisa
2023-01-01 00:00:00,CÂMARA APROVA LEI QUE DISCIPLINA ESTRUTURA DO CONSELHO TUTELAR,https://www.cloudsoftcam.com.br/SP/PINDAMONHANGABA/importacao/2024/917_qpfk7cl0mlua_noticia.jpeg,https://www.pindamonhangaba.sp.leg.br/imprensa/0/0/0/0/515#pesquisa
2023-01-01 00:00:00,PROJETOS SÃO APROVADOS EM SESSÃO ORDINÁRIA E PROFESSORES RECEBEM HOMENAGEM DOS VEREADORES,https://www.cloudsoftcam.com.br/SP/PINDAMONHANGABA/importacao/2024/914_586h70rnu37la_noticia.jpeg,https://www.pindamonhangaba.sp.leg.br/imprensa/0/0/0/0/516#pesquisa
2023-01-01 00:00:00,LÍDER DO MOVIMENTO HARE KRISHNA VISITA CÂMARA DE PINDAMONHANGABA,https://www.cloudsoftcam.com.br/SP/PINDAMONHANGABA/importacao/2024/911_6u2aha1ra93dq_noticia.jpeg,https://www.pindamonhangaba.sp.leg.br/imprensa/0/0/0/0/517#pesquisa
2023-01-01 00:00:00,PINDAMONHANGABA PROJETA CRESCIMENTO SUPERIOR A 3% PARA ORÇAMENTO DE 2013,https://www.cloudsoftcam.com.br/SP/PINDAMONHANGABA/importacao/2024/908_4fbsmh5c1jqo2_noticia.jpeg,https://www.pindamonhangaba.sp.leg.br/imprensa/0/0/0/0/518#pesquisa
2023-01-01 00:00:00,RELATÓRIO DA CEI DOS IPTUS É LIDO EM PLENÁRIO E VEREADORES APROVAM EMENDA À LEI ORGÂNICA,https://www.cloudsoftcam.com.br/SP/PINDAMONHANGABA/importacao/2024/945_6qj1bqntmmc5b_noticia.jpeg,https://www.pindamonhangaba.sp.leg.br/imprensa/0/0/0/0/519#pesquisa
2023-01-01 00:00:00,SAÚDE GANHA VERBA DE R$ 607 MIL APÓS APROVAÇÃO DE PROJETOS DE LEI NA CÂMARA DE PINDAMONHANGABA,https://www.cloudsoftcam.com.br/SP/PINDAMONHANGABA/importacao/2024/942_7s14uu8kvldg2_noticia.jpeg,https://www.pindamonhangaba.sp.leg.br/imprensa/0/0/0/0/520#pesquisa
2023-01-01 00:00:00,VEREADORES APROVAM DENOMINAÇÃO DO PSF DO JARDIM BELA VISTA E VERBA ADICIONAL PARA SAÚDE,https://www.cloudsoftcam.com.br/SP/PINDAMONHANGABA/importacao/2024/939_6aohgs7gb97nr_noticia.jpeg,https://www.pindamonhangaba.sp.leg.br/imprensa/0/0/0/0/521#pesquisa
2023-01-01 00:00:00,DIA DA CONSCIÊNCIA NEGRA É COMEMORADO EM SESSÃO SOLENE NA CÂMARA DE PINDA,https://www.cloudsoftcam.com.br/SP/PINDAMONHANGABA/importacao/2024/936_6s9dqculc0pun_noticia.jpeg,https://www.pindamonhangaba.sp.leg.br/imprensa/0/0/0/0/522#pesquisa
2023-01-01 00:00:00,CÂMARA APROVA ORÇAMENTO 2013 COM EMENDA E MANTÉM SUBSÍDIOS DE PREFEITO E VICE PARA OS PRÓXIMOS 4 ANOS,https://www.cloudsoftcam.com.br/SP/PINDAMONHANGABA/importacao/2024/933_bllpuqtlvkq1_noticia.jpeg,https://www.pindamonhangaba.sp.leg.br/imprensa/0/0/0/0/523#pesquisa
2023-01-01 00:00:00,ATLETAS DOS JOGOS REGIONAIS SÃO HOMENAGEADOS EM SESSÃO NA CÂMARA DE VEREADORES,https://www.cloudsoftcam.com.br/SP/PINDAMONHANGABA/importacao/2024/930_2ggf7pol9thud_noticia.jpeg,https://www.pindamonhangaba.sp.leg.br/imprensa/0/0/0/0/524#pesquisa
2023-01-01 00:00:00,"RELATÓRIO DAS CEIS DA HOGARES E VIVA PINDA SÃO LIDAS EM SESSÃO, QUE TEM 10 PROJETOS APROVADOS",https://www.cloudsoftcam.com.br/SP/PINDAMONHANGABA/importacao/2024/927_35eafhg4jc9j0_noticia.jpeg,https://www.pindamonhangaba.sp.leg.br/imprensa/0/0/0/0/525#pesquisa
2023-01-01 00:00:00,PROJETO DO PAPA BITUCA É APROVADO  PELA CÂMARA DE PINDAMONHANGABA,https://www.cloudsoftcam.com.br/SP/PINDAMONHANGABA/importacao/2024/924_370o8fl5rrsta_noticia.jpeg,https://www.pindamonhangaba.sp.leg.br/imprensa/0/0/0/0/526#pesquisa
2023-01-01 00:00:00,ÚLTIMA SESSÃO ORDINÁRIA DA 15ª. LEGISLATURA É MARCADA COM HOMENAGENS E APROVAÇÃO DOS ÚLTIMOS PROJETOS,https://www.cloudsoftcam.com.br/SP/PINDAMONHANGABA/importacao/2024/921_3aa7oh3kllts6_noticia.jpeg,https://www.pindamonhangaba.sp.leg.br/imprensa/0/0/0/0/527#pesquisa
2023-01-01 00:00:00,VEREADOR RICARDO PIORINO É ELEITO PRESIDENTE DA CÂMARA DE PINDAMONHANGABA,https://www.cloudsoftcam.com.br/SP/PINDAMONHANGABA/importacao/2024/918_6t8llg2gck2tq_noticia.jpeg,https://www.pindamonhangaba.sp.leg.br/imprensa/0/0/0/0/528#pesquisa
2023-01-01 00:00:00,"VEREADORES, PREFEITO E VICE-PREFEITO SÃO EMPOSSADOS NA CÂMARA DE PINDAMONHANGABA",https://www.cloudsoftcam.com.br/SP/PINDAMONHANGABA/importacao/2024/915_3k67u4tvgmvju_noticia.jpeg,https://www.pindamonhangaba.sp.leg.br/imprensa/0/0/0/0/529#pesquisa
2023-01-01 00:00:00,CÂMARA DE PINDA DEVOLVE À PREFEITURA SALDO SUPERIOR A R$ 500 MIL,https://www.cloudsoftcam.com.br/SP/PINDAMONHANGABA/importacao/2024/912_3qmuoi604ublu_noticia.jpeg,https://www.pindamonhangaba.sp.leg.br/imprensa/0/0/0/0/530#pesquisa
2023-01-01 00:00:00,CÂMARA APROVA ALTERAÇÃO NO CÓDIGO DE POSTURAS E PROÍBE UTILIZAÇÃO DE FOGOS EM SHOWS PIROTÉCNICOS,https://www.cloudsoftcam.com.br/SP/PINDAMONHANGABA/importacao/2024/909_7v0gu8hpr2s6d_noticia.jpeg,https://www.pindamonhangaba.sp.leg.br/imprensa/0/0/0/0/531#pesquisa
2023-01-01 00:00:00,SEGUNDA SESSÃO ORDINÁRIA É MARCADA POR PEDIDOS AO EXECUTIVO,https://www.cloudsoftcam.com.br/SP/PINDAMONHANGABA/importacao/2024/906_7oo4quhittsef_noticia.jpeg,https://www.pindamonhangaba.sp.leg.br/imprensa/0/0/0/0/532#pesquisa
2023-01-01 00:00:00,VEREADORES APROVARAM REQUERIMENTO SOLICITANDO AÇÕES EFICAZES DE COMBATE À DENGUE,https://www.cloudsoftcam.com.br/SP/PINDAMONHANGABA/importacao/2024/903_62phma008as3e_noticia.jpeg,https://www.pindamonhangaba.sp.leg.br/imprensa/0/0/0/0/533#pesquisa
2023-01-01 00:00:00,PROJETO DE RESOLUÇÃO REGULAMENTA HOMENAGENS NO LEGISLATIVO,https://www.cloudsoftcam.com.br/SP/PINDAMONHANGABA/importacao/2024/900_66ldpgd3p6h6r_noticia.jpeg,https://www.pindamonhangaba.sp.leg.br/imprensa/0/0/0/0/534#pesquisa
2023-01-01 00:00:00,"EM SESSÃO SOLENE, IGREJA APRESENTA CAMPANHA DA FRATERNIDADE 2013 NA CÂMARA DE PINDAMONHANGABA",https://www.cloudsoftcam.com.br/SP/PINDAMONHANGABA/importacao/2024/897_3emk11k0t9map_noticia.jpeg,https://www.pindamonhangaba.sp.leg.br/imprensa/0/0/0/0/535#pesquisa
2023-01-01 00:00:00,VEREADORES APROVAM PROJETO DO EXECUTIVO QUE CONCEDE BOLSAS DE ESTUDO AOS MORADORES DE PINDAMONHANGABA,https://www.cloudsoftcam.com.br/SP/PINDAMONHANGABA/importacao/2024/894_3rhgdlrueec7e_noticia.jpeg,https://www.pindamonhangaba.sp.leg.br/imprensa/0/0/0/0/536#pesquisa
2023-01-01 00:00:00,CÂMARA SEDIA AUDIÊNCIA PÚBLICA DA SECRETARIA DE FINANÇAS DE PINDAMONHANGABA,https://www.cloudsoftcam.com.br/SP/PINDAMONHANGABA/importacao/2024/891_1vca3q82q90p6_noticia.jpeg,https://www.pindamonhangaba.sp.leg.br/imprensa/0/0/0/0/537#pesquisa
2023-01-01 00:00:00,6ª SESSÃO ORDINÁRIA TEM QUATRO PROJETOS APROVADOS E UM ADIADO,https://www.cloudsoftcam.com.br/SP/PINDAMONHANGABA/importacao/2024/888_45csbf4sbs1b1_noticia.jpeg,https://www.pindamonhangaba.sp.leg.br/imprensa/0/0/0/0/538#pesquisa
2023-01-01 00:00:00,MULHERES SÃO ENFATIZADAS EM SESSÃO SOLENE NA CÂMARA,https://www.cloudsoftcam.com.br/SP/PINDAMONHANGABA/importacao/2024/925_560mpl3ia7hnp_noticia.jpeg,https://www.pindamonhangaba.sp.leg.br/imprensa/0/0/0/0/539#pesquisa
2023-01-01 00:00:00,PROJETO APROVADO PELOS VEREADORES AMPLIA VETO À UTILIZAÇÃO DE COPOS DE VIDRO EM EVENTOS PÚBLICOS,https://www.cloudsoftcam.com.br/SP/PINDAMONHANGABA/importacao/2024/922_592rushbk0222_noticia.jpeg,https://www.pindamonhangaba.sp.leg.br/imprensa/0/0/0/0/540#pesquisa
2023-01-01 00:00:00,APROVADO AUMENTO DE 7% PARA O FUNCIONALISMO,https://www.cloudsoftcam.com.br/SP/PINDAMONHANGABA/importacao/2024/919_5rm6jnog06n57_noticia.jpeg,https://www.pindamonhangaba.sp.leg.br/imprensa/0/0/0/0/541#pesquisa
2023-01-01 00:00:00,CÂMARA AUTORIZA EXECUTIVO A CONCEDER VERBAS PARA ENTIDADES SOCIAIS DE PINDAMONHANGABA,https://www.cloudsoftcam.com.br/SP/PINDAMONHANGABA/importacao/2024/916_19pqe7tb851m7_noticia.jpeg,https://www.pindamonhangaba.sp.leg.br/imprensa/0/0/0/0/542#pesquisa
2023-01-01 00:00:00,10ª SESSÃO ORDINÁRIA TEM ADIADOS DOIS PROJETOS DE LEI,https://www.cloudsoftcam.com.br/SP/PINDAMONHANGABA/importacao/2024/913_1njtonl07cpe1_noticia.jpeg,https://www.pindamonhangaba.sp.leg.br/imprensa/0/0/0/0/543#pesquisa
2023-01-01 00:00:00,CÂMARA APROVA SUBVENÇÃO PARA LAR IRMÃ TEREZINHA E LAR SÃO VICENTE DE PAULO,https://www.cloudsoftcam.com.br/SP/PINDAMONHANGABA/importacao/2024/910_5sbvd3nkf2dg6_noticia.jpeg,https://www.pindamonhangaba.sp.leg.br/imprensa/0/0/0/0/544#pesquisa
2023-01-01 00:00:00,NOVAS NORMAS DE DEFESA SANITÁRIA ANIMAL SÃO APROVADAS PELA CÂMARA DE PINDAMONHANGABA,https://www.cloudsoftcam.com.br/SP/PINDAMONHANGABA/importacao/2024/907_38fojc2p6ii91_noticia.jpeg,https://www.pindamonhangaba.sp.leg.br/imprensa/0/0/0/0/545#pesquisa
2023-01-01 00:00:00,VEREADORES REJEITAM CONTAS DO EX-PREFEITO JOÃO RIBEIRO,https://www.cloudsoftcam.com.br/SP/PINDAMONHANGABA/importacao/2024/904_7casva7l7s6a8_noticia.jpeg,https://www.pindamonhangaba.sp.leg.br/imprensa/0/0/0/0/546#pesquisa
2023-01-01 00:00:00,SOCIEDADE SÃO VICENTE DE PAULO É HOMENAGEADA EM SESSÃO SOLENE NA CÂMARA DE PINDAMONHANGABA,https://www.cloudsoftcam.com.br/SP/PINDAMONHANGABA/importacao/2024/901_149rd9k5glluh_noticia.jpeg,https://www.pindamonhangaba.sp.leg.br/imprensa/0/0/0/0/547#pesquisa
2023-01-01 00:00:00,"EM SESSÃO TRANQUILA, VEREADORES APROVAM CONVOCAÇÃO DO SECRETÁRIO DE ESPORTES DE PINDAMONHANGABA",https://www.cloudsoftcam.com.br/SP/PINDAMONHANGABA/importacao/2024/898_5cmaaq490sotb_noticia.jpeg,https://www.pindamonhangaba.sp.leg.br/imprensa/0/0/0/0/548#pesquisa
2023-01-01 00:00:00,VEREADORES VISITAM MOVIMENTO MARIANA BRAGA EM PRESIDENTE PRUDENTE (SP),https://www.cloudsoftcam.com.br/SP/PINDAMONHANGABA/importacao/2024/895_2l8bov1njni7n_noticia.jpeg,https://www.pindamonhangaba.sp.leg.br/imprensa/0/0/0/0/549#pesquisa
2023-01-01 00:00:00,PROJETO DO EXECUTIVO REMANEJA VERBA DO FUNDO DO ESPORTE PARA BOLSAS DE ESTUDOS,https://www.cloudsoftcam.com.br/SP/PINDAMONHANGABA/importacao/2024/892_2vfnbeghsrdhl_noticia.jpeg,https://www.pindamonhangaba.sp.leg.br/imprensa/0/0/0/0/550#pesquisa
2023-01-01 00:00:00,LEGISLATIVO DE PINDAMONHANGABA APROVA CRIAÇÃO DA SEMANA DA LIBERDADE,https://www.cloudsoftcam.com.br/SP/PINDAMONHANGABA/importacao/2024/889_2s847ak5g64d1_noticia.jpeg,https://www.pindamonhangaba.sp.leg.br/imprensa/0/0/0/0/551#pesquisa
2023-01-01 00:00:00,CÂMARA APROVA NOVO CRÉDITO ADICIONAL E VEREADORES OUVEM EXPLICAÇÕES DA SECRETÁRIA DE EDUCAÇÃO,https://www.cloudsoftcam.com.br/SP/PINDAMONHANGABA/importacao/2024/886_53kmpphp9kech_noticia.jpeg,https://www.pindamonhangaba.sp.leg.br/imprensa/0/0/0/0/552#pesquisa
2023-01-01 00:00:00,CÂMARA REALIZA AUDIÊNCIA PÚBLICA PARA IMPLANTAÇÃO DE CASA DE RECUPERAÇÃO EM PINDAMONHANGABA,https://www.cloudsoftcam.com.br/SP/PINDAMONHANGABA/importacao/2024/883_7a3ga57clh5tq_noticia.jpeg,https://www.pindamonhangaba.sp.leg.br/imprensa/0/0/0/0/553#pesquisa
2023-01-01 00:00:00,CÂMARA REALIZA AUDIÊNCIA PÚBLICA NOS DIAS 27 E 28,https://www.cloudsoftcam.com.br/SP/PINDAMONHANGABA/importacao/2024/880_73ccdf3anbthc_noticia.jpeg,https://www.pindamonhangaba.sp.leg.br/imprensa/0/0/0/0/554#pesquisa
2023-01-01 00:00:00,VEREADORES DERRUBAM VETO DO PREFEITO AO PROJETO Nº 49/2013,https://www.cloudsoftcam.com.br/SP/PINDAMONHANGABA/importacao/2024/877_2s0ejo9n8enhr_noticia.jpeg,https://www.pindamonhangaba.sp.leg.br/imprensa/0/0/0/0/555#pesquisa
2023-01-01 00:00:00,SECRETÁRIOS MUNICIPAIS APRESENTAM ORÇAMENTOS E PARTICIPAM DE AUDIÊNCIA PÚBLICA EM CUMPRIMENTO A LEI DE RESPONSABILIDADE FISCAL NA CÂMARA,https://www.cloudsoftcam.com.br/SP/PINDAMONHANGABA/importacao/2024/874_3ivm7j9440dgo_noticia.jpeg,https://www.pindamonhangaba.sp.leg.br/imprensa/0/0/0/0/556#pesquisa
2023-01-01 00:00:00,CÂMARA SEDIA AUDIÊNCIA PÚBLICA DA SECRETARIA DE FINANÇAS DE PINDAMONHANGABA,https://www.cloudsoftcam.com.br/SP/PINDAMONHANGABA/importacao/2024/871_rlhr2vl5rro_noticia.jpeg,https://www.pindamonhangaba.sp.leg.br/imprensa/0/0/0/0/557#pesquisa
2023-01-01 00:00:00,CÂMARA PRESTA HOMENAGEM A ALUNOS DA REMEFI PADRE ZEZINHO DURANTE 19ª SESSÃO ORDINÁRIA,https://www.cloudsoftcam.com.br/SP/PINDAMONHANGABA/importacao/2024/868_2um76bku7ulcb_noticia.jpeg,https://www.pindamonhangaba.sp.leg.br/imprensa/0/0/0/0/558#pesquisa
2023-01-01 00:00:00,"EM 1º TURNO, PROJETO QUE AMPLIA O NÚMERO DE CADEIRAS PARA LEGISLATURA 2017-2020 É APROVADO PELOS VEREADORES",https://www.cloudsoftcam.com.br/SP/PINDAMONHANGABA/importacao/2024/905_76krpclfp2a0h_noticia.jpeg,https://www.pindamonhangaba.sp.leg.br/imprensa/0/0/0/0/559#pesquisa
2023-01-01 00:00:00,CÂMARA SEDIA AUDIÊNCIA PARA DISCUTIR IMPLANTAÇÃO DE UMA CASA DE RECUPERAÇÃO PARA DEPENDENTES QUÍMICOS,https://www.cloudsoftcam.com.br/SP/PINDAMONHANGABA/importacao/2024/902_1veb5q5nmn4ll_noticia.jpeg,https://www.pindamonhangaba.sp.leg.br/imprensa/0/0/0/0/560#pesquisa
2023-01-01 00:00:00,CÂMARA APROVA LEI DAS DIRETRIZES ORÇAMENTÁRIAS PARA 2014,https://www.cloudsoftcam.com.br/SP/PINDAMONHANGABA/importacao/2024/899_65lfghd35rtdo_noticia.jpeg,https://www.pindamonhangaba.sp.leg.br/imprensa/0/0/0/0/561#pesquisa
2023-01-01 00:00:00,SAÚDE PÚBLICA É TEMA DE AUDIÊNCIA NO PRÓXIMO DIA 25,https://www.cloudsoftcam.com.br/SP/PINDAMONHANGABA/importacao/2024/896_7ivco1oft3h7k_noticia.jpeg,https://www.pindamonhangaba.sp.leg.br/imprensa/0/0/0/0/562#pesquisa
2023-01-01 00:00:00,VEREADORES REJEITAM PROJETO QUE AMPLIA NÚMERO DE CADEIRAS PARA LEGISLATURA 2017-2020,https://www.cloudsoftcam.com.br/SP/PINDAMONHANGABA/importacao/2024/893_2igak9jgql1qp_noticia.jpeg,https://www.pindamonhangaba.sp.leg.br/imprensa/0/0/0/0/563#pesquisa
2023-01-01 00:00:00,AUDIÊNCIA NA CÂMARA OUVE RECLAMAÇÕES E ESCLARECIMENTOS DA SAÚDE,https://www.cloudsoftcam.com.br/SP/PINDAMONHANGABA/importacao/2024/890_70mvpuv2l3b81_noticia.jpeg,https://www.pindamonhangaba.sp.leg.br/imprensa/0/0/0/0/564#pesquisa
2023-01-01 00:00:00,VEREADORES APROVAM PROJETO QUE CEDE ESPAÇO PARA ENTIDADES NAS COMEMORAÇÕES DA CIDADE,https://www.cloudsoftcam.com.br/SP/PINDAMONHANGABA/importacao/2024/887_5l47v4oljc4hj_noticia.jpeg,https://www.pindamonhangaba.sp.leg.br/imprensa/0/0/0/0/565#pesquisa
2023-01-01 00:00:00,VEREADORES E AUTORIDADES CELEBRAM 308 ANOS DE PINDA COM SESSÃO SOLENE,https://www.cloudsoftcam.com.br/SP/PINDAMONHANGABA/importacao/2024/884_2u0es607hhsts_noticia.jpeg,https://www.pindamonhangaba.sp.leg.br/imprensa/0/0/0/0/566#pesquisa
2023-01-01 00:00:00,EXECUTIVO DEVE ENVIAR RELATÓRIO SOBRE TRANSPORTE COLETIVO; DETERMINAÇÃO É DE PROJETO APROVADO PELA CÂMARA,https://www.cloudsoftcam.com.br/SP/PINDAMONHANGABA/importacao/2024/881_gh0su84rm4k_noticia.jpeg,https://www.pindamonhangaba.sp.leg.br/imprensa/0/0/0/0/567#pesquisa
2023-01-01 00:00:00,AUDIÊNCIA DISCUTE TRANSPORTE PÚBLICO DA CIDADE,https://www.cloudsoftcam.com.br/SP/PINDAMONHANGABA/importacao/2024/878_3ng7saoc90ba4_noticia.jpeg,https://www.pindamonhangaba.sp.leg.br/imprensa/0/0/0/0/568#pesquisa
2023-01-01 00:00:00,VEREADORES MANIFESTAM PREOCUPAÇÃO COM SITUAÇÃO DA APAE,https://www.cloudsoftcam.com.br/SP/PINDAMONHANGABA/importacao/2024/875_3sg1h6cqndp11_noticia.jpeg,https://www.pindamonhangaba.sp.leg.br/imprensa/0/0/0/0/569#pesquisa
2023-01-01 00:00:00,AUDIÊNCIA DO TRANSPORTE PÚBLICO REÚNE GRANDE NÚMERO DE PESSOAS,https://www.cloudsoftcam.com.br/SP/PINDAMONHANGABA/importacao/2024/872_2q9utej9tsui8_noticia.jpeg,https://www.pindamonhangaba.sp.leg.br/imprensa/0/0/0/0/570#pesquisa
2023-01-01 00:00:00,"ENTIDADES SOCIAIS RECEBEM SUBVENÇÃO, APÓS APROVAÇÃO DE PROJETO PELOS VEREADORES DE PINDAMONHANGABA",https://www.cloudsoftcam.com.br/SP/PINDAMONHANGABA/importacao/2024/869_eb86fi2v2q6v_noticia.jpeg,https://www.pindamonhangaba.sp.leg.br/imprensa/0/0/0/0/571#pesquisa
2023-01-01 00:00:00,"ENTIDADES SOCIAIS RECEBEM SUBVENÇÃO, APÓS APROVAÇÃO DE PROJETO PELOS VEREADORES DE PINDAMONHANGABA",https://www.cloudsoftcam.com.br/SP/PINDAMONHANGABA/importacao/2024/866_3hk3c1clrk639_noticia.jpeg,https://www.pindamonhangaba.sp.leg.br/imprensa/0/0/0/0/572#pesquisa
2023-01-01 00:00:00,PROJETO QUE DETERMINA CRIAÇÃO DO CONSELHO MUNICIPAL DE TRANSPORTES COLETIVOS É APROVADO EM 1º. TURNO,https://www.cloudsoftcam.com.br/SP/PINDAMONHANGABA/importacao/2024/863_55m6hjamvn33k_noticia.jpeg,https://www.pindamonhangaba.sp.leg.br/imprensa/0/0/0/0/573#pesquisa
2023-01-01 00:00:00,MAÇONARIA É HOMENAGEADA EM SESSÃO SOLENE DA CÂMARA,https://www.cloudsoftcam.com.br/SP/PINDAMONHANGABA/importacao/2024/860_1aub97qk2rb1b_noticia.jpeg,https://www.pindamonhangaba.sp.leg.br/imprensa/0/0/0/0/574#pesquisa
2023-01-01 00:00:00,CÂMARA SEDIA ABERTURA DA SEMANA NACIONAL DA FAMÍLIA,https://www.cloudsoftcam.com.br/SP/PINDAMONHANGABA/importacao/2024/857_5b9c6c3ivnjok_noticia.jpeg,https://www.pindamonhangaba.sp.leg.br/imprensa/0/0/0/0/575#pesquisa
2023-01-01 00:00:00,"APÓS NOMEAÇÃO POLÊMICA, SECRETÁRIO DE ESPORTES É CONVOCADO PELOS VEREADORES DE PINDAMONHANGABA",https://www.cloudsoftcam.com.br/SP/PINDAMONHANGABA/importacao/2024/854_4tf5q5l91kjbc_noticia.jpeg,https://www.pindamonhangaba.sp.leg.br/imprensa/0/0/0/0/576#pesquisa
2023-01-01 00:00:00,CÂMARA HOMENAGEIA CASAIS NA SEMANA NACIONAL DA FAMÍLIA,https://www.cloudsoftcam.com.br/SP/PINDAMONHANGABA/importacao/2024/851_7ekoo0650gpmo_noticia.jpeg,https://www.pindamonhangaba.sp.leg.br/imprensa/0/0/0/0/577#pesquisa
2023-01-01 00:00:00,EDITAL DE DIVULGAÇÃO DAS NOVAS LISTAS DE CLASSIFICAÇÃO FINAL DO CONCURSO PÚBLICO 01/2010,https://www.cloudsoftcam.com.br/SP/PINDAMONHANGABA/importacao/2024/848_3khb9kj95cqjr_noticia.jpeg,https://www.pindamonhangaba.sp.leg.br/imprensa/0/0/0/0/578#pesquisa
2023-01-01 00:00:00,VEREADORES REJEITAM PROJETO DO EXECUTIVO E APROVAM ALTERAÇÃO NA LEI ORGÂNICA,https://www.cloudsoftcam.com.br/SP/PINDAMONHANGABA/importacao/2024/885_5h5vjemcqie5a_noticia.jpeg,https://www.pindamonhangaba.sp.leg.br/imprensa/0/0/0/0/579#pesquisa
2023-01-01 00:00:00,VEREADORES REJEITAM PROJETO DO EXECUTIVO E APROVAM ALTERAÇÃO NA LEI ORGÂNICA,https://www.cloudsoftcam.com.br/SP/PINDAMONHANGABA/importacao/2024/882_d9v3c4oesq7n_noticia.jpeg,https://www.pindamonhangaba.sp.leg.br/imprensa/0/0/0/0/580#pesquisa
2023-01-01 00:00:00,CEI QUE APURA EVENTUAL IRREGULARIDADE NO PAGAMENTO DE HORAS EXTRAS TERÁ PRIMEIRO DEPOIMENTO NO DIA 11,https://www.cloudsoftcam.com.br/SP/PINDAMONHANGABA/importacao/2024/879_4a8qi2neoctau_noticia.jpeg,https://www.pindamonhangaba.sp.leg.br/imprensa/0/0/0/0/581#pesquisa
2023-01-01 00:00:00,EDITAL DE HOMOLOGAÇÃO - CONCURSO PÚBLICO 01/2010,https://www.cloudsoftcam.com.br/SP/PINDAMONHANGABA/importacao/2024/876_7kjf354rcb802_noticia.jpeg,https://www.pindamonhangaba.sp.leg.br/imprensa/0/0/0/0/582#pesquisa
2023-01-01 00:00:00,CIRCOS E PARQUES DE DIVERSÃO SERÃO OBRIGADOS A FIXAREM DOCUMENTOS EM BILHETERIAS,https://www.cloudsoftcam.com.br/SP/PINDAMONHANGABA/importacao/2024/873_77nsf13q6ofau_noticia.jpeg,https://www.pindamonhangaba.sp.leg.br/imprensa/0/0/0/0/583#pesquisa
2023-01-01 00:00:00,"EM SESSÃO SOLENE, CÂMARA DE PINDAMONHANGABA ENALTECE MOBILIZAÇÃO SOCIAL PELA EDUCAÇÃO",https://www.cloudsoftcam.com.br/SP/PINDAMONHANGABA/importacao/2024/870_2ja9hofha2gs9_noticia.jpeg,https://www.pindamonhangaba.sp.leg.br/imprensa/0/0/0/0/584#pesquisa
2023-01-01 00:00:00,VEREADORES APROVAM CRIAÇÃO DE CEI PARA APURAR UTILIZAÇÃO DE CARRO OFICIAL,https://www.cloudsoftcam.com.br/SP/PINDAMONHANGABA/importacao/2024/867_786e3pp0f6q33_noticia.jpeg,https://www.pindamonhangaba.sp.leg.br/imprensa/0/0/0/0/585#pesquisa
2023-01-01 00:00:00,ORÇAMENTOS DO PLANO PLURIANUAL DO MUNICÍPIO SÃO APRESENTADOS NA CÂMARA,https://www.cloudsoftcam.com.br/SP/PINDAMONHANGABA/importacao/2024/864_1hj2h2fm7ubon_noticia.jpeg,https://www.pindamonhangaba.sp.leg.br/imprensa/0/0/0/0/586#pesquisa
2023-01-01 00:00:00,CEI QUE APURA IRREGULARIDADES NO USO DO CARRO OFICIAL OUVIRÁ DEPOIMENTOS,https://www.cloudsoftcam.com.br/SP/PINDAMONHANGABA/importacao/2024/861_q61qo15ect9u_noticia.jpeg,https://www.pindamonhangaba.sp.leg.br/imprensa/0/0/0/0/587#pesquisa
2023-01-01 00:00:00,DIA MUNICIPAL DA PSORÍASE É INSTITUÍDO NO CALENDÁRIO OFICIAL DE EVENTOS DE PINDAMONHANGABA,https://www.cloudsoftcam.com.br/SP/PINDAMONHANGABA/importacao/2024/858_2bl6to3f9ulja_noticia.jpeg,https://www.pindamonhangaba.sp.leg.br/imprensa/0/0/0/0/588#pesquisa
2023-01-01 00:00:00,CEI DAS “HORAS EXTRAS” TEM NOVO DEPOIMENTO NESTA QUINTA-FEIRA,https://www.cloudsoftcam.com.br/SP/PINDAMONHANGABA/importacao/2024/855_11k34pbbgktpt_noticia.jpeg,https://www.pindamonhangaba.sp.leg.br/imprensa/0/0/0/0/589#pesquisa
2023-01-01 00:00:00,VEREADORES APROVAM CRIAÇÃO DE FRENTE PARLAMENTAR EM DEFESA DA VIDA E DA FAMÍLIA,https://www.cloudsoftcam.com.br/SP/PINDAMONHANGABA/importacao/2024/852_3hiis4gbjle90_noticia.jpeg,https://www.pindamonhangaba.sp.leg.br/imprensa/0/0/0/0/590#pesquisa
2023-01-01 00:00:00,SECRETARIA DE SAÚDE DE PINDAMONHANGABA REALIZA AUDIÊNCIA PÚBLICA NO PLENÁRIO DA CÂMARA,https://www.cloudsoftcam.com.br/SP/PINDAMONHANGABA/importacao/2024/849_hc0ko9q9jsnv_noticia.jpeg,https://www.pindamonhangaba.sp.leg.br/imprensa/0/0/0/0/591#pesquisa
2023-01-01 00:00:00,AUDIÊNCIA PÚBLICA DA SECRETARIA DE SAÚDE É REALIZADA NA CÂMARA DE PINDAMONHANGABA,https://www.cloudsoftcam.com.br/SP/PINDAMONHANGABA/importacao/2024/846_26di41hid2r7k_noticia.jpeg,https://www.pindamonhangaba.sp.leg.br/imprensa/0/0/0/0/592#pesquisa
2023-01-01 00:00:00,CÂMARA APROVA PROJETO E ATLETAS DE PINDAMONHANGABA RECEBERÃO AJUDA FINANCEIRA PARA COMPETIÇÕES,https://www.cloudsoftcam.com.br/SP/PINDAMONHANGABA/importacao/2024/843_55fog8vbhdvc_noticia.jpeg,https://www.pindamonhangaba.sp.leg.br/imprensa/0/0/0/0/593#pesquisa
2023-01-01 00:00:00,VEREADORES PARTICIPAM DE REUNIÃO COM GESTOR DA EDP BANDEIRANTE,https://www.cloudsoftcam.com.br/SP/PINDAMONHANGABA/importacao/2024/840_79i5cmsbbdkjg_noticia.jpeg,https://www.pindamonhangaba.sp.leg.br/imprensa/0/0/0/0/594#pesquisa
2023-01-01 00:00:00,SESSÃO É MARCADA POR PEDIDOS DE MANUTENÇÃO DO CARGO DO DIRETOR DE AGRICULTURA E DO PROJETO EXCELÊNCIA ESPORTIVA,https://www.cloudsoftcam.com.br/SP/PINDAMONHANGABA/importacao/2024/837_4au8dhsvm6654_noticia.jpeg,https://www.pindamonhangaba.sp.leg.br/imprensa/0/0/0/0/595#pesquisa
2023-01-01 00:00:00,PROFESSORES GANHAM RECONHECIMENTO E GRATIDÃO EM HOMENAGEM NA CÂMARA DE PINDAMONHANGABA,https://www.cloudsoftcam.com.br/SP/PINDAMONHANGABA/importacao/2024/834_5loruv6j7sena_noticia.jpeg,https://www.pindamonhangaba.sp.leg.br/imprensa/0/0/0/0/596#pesquisa
2023-01-01 00:00:00,"COM 3 EMENDAS,  PLANO PLURIANUAL 2014/2017 É APROVADO PELOS VEREADORES DE PINDAMONHANGABA",https://www.cloudsoftcam.com.br/SP/PINDAMONHANGABA/importacao/2024/831_1ad797h6d8tnc_noticia.jpeg,https://www.pindamonhangaba.sp.leg.br/imprensa/0/0/0/0/597#pesquisa
2023-01-01 00:00:00,PRESIDENTE DO SINDICATO DO COMÉRCIO NA REGIÃO ENALTECE PINDA DURANTE SOLENIDADE,https://www.cloudsoftcam.com.br/SP/PINDAMONHANGABA/importacao/2024/828_551s8npghchv4_noticia.jpeg,https://www.pindamonhangaba.sp.leg.br/imprensa/0/0/0/0/598#pesquisa
2023-01-01 00:00:00,COMUNICADO,https://www.cloudsoftcam.com.br/SP/PINDAMONHANGABA/importacao/2024/865_47294317v5j8k_noticia.jpeg,https://www.pindamonhangaba.sp.leg.br/imprensa/0/0/0/0/599#pesquisa
2023-01-01 00:00:00,VEREADORES TÊM NOVOS CELULARES PARA CONTATO COM A COMUNIDADE,https://www.cloudsoftcam.com.br/SP/PINDAMONHANGABA/importacao/2024/862_2bd7qjckvcobf_noticia.jpeg,https://www.pindamonhangaba.sp.leg.br/imprensa/0/0/0/0/600#pesquisa
2023-01-01 00:00:00,VEREADORES APROVAM MONITORAMENTO DE SEGURANÇA EM CAIXAS ELETRÔNICOS DE PINDAMONHANGABA,https://www.cloudsoftcam.com.br/SP/PINDAMONHANGABA/importacao/2024/859_6velgd8tonjsu_noticia.jpeg,https://www.pindamonhangaba.sp.leg.br/imprensa/0/0/0/0/601#pesquisa
2023-01-01 00:00:00,"DEVIDO AO FERIADO, SESSÃO REALIZADA NA MANHÃ DE SEXTA-FEIRA RECEBEU A VISITA DE ALUNOS DA ESCOLA ALFREDO PUJOL",https://www.cloudsoftcam.com.br/SP/PINDAMONHANGABA/importacao/2024/856_14jkhachhcist_noticia.jpeg,https://www.pindamonhangaba.sp.leg.br/imprensa/0/0/0/0/602#pesquisa
2023-01-01 00:00:00,CABELEIREIROS E PROFISSIONAIS DA BELEZA SÃO HOMENAGEADOS NA CASA DE LEIS,https://www.cloudsoftcam.com.br/SP/PINDAMONHANGABA/importacao/2024/853_196q4vblssats_noticia.jpeg,https://www.pindamonhangaba.sp.leg.br/imprensa/0/0/0/0/603#pesquisa
2023-01-01 00:00:00,APROVADO PROJETO QUE INSTITUI CAMPANHA CONTRA OBESIDADE NAS ESCOLAS,https://www.cloudsoftcam.com.br/SP/PINDAMONHANGABA/importacao/2024/850_7aaujtqvap45f_noticia.jpeg,https://www.pindamonhangaba.sp.leg.br/imprensa/0/0/0/0/604#pesquisa
2023-01-01 00:00:00,CÂMARA DE PINDAMONHANGABA ENFRENTA DIFICULDADES DE COMUNICAÇÃO,https://www.cloudsoftcam.com.br/SP/PINDAMONHANGABA/importacao/2024/847_71nni7pucn0fc_noticia.jpeg,https://www.pindamonhangaba.sp.leg.br/imprensa/0/0/0/0/605#pesquisa
2023-01-01 00:00:00,SECRETARIADO DE PINDAMONHANGABA SE REÚNE NA CÂMARA E DEBATE ORÇAMENTOS,https://www.cloudsoftcam.com.br/SP/PINDAMONHANGABA/importacao/2024/844_1gjtbivl3t0f7_noticia.jpeg,https://www.pindamonhangaba.sp.leg.br/imprensa/0/0/0/0/606#pesquisa
2023-01-01 00:00:00,"OBRAS INCOMPLETAS ESTÃO PROIBIDAS DE SEREM INAUGURADAS, DIZ PROJETO APROVADO PELA CÂMARA",https://www.cloudsoftcam.com.br/SP/PINDAMONHANGABA/importacao/2024/841_45pn7rn2lneh2_noticia.jpeg,https://www.pindamonhangaba.sp.leg.br/imprensa/0/0/0/0/607#pesquisa
2023-01-01 00:00:00,CÂMARA REALIZA SOLENIDADE PARA COMEMORAR O DIA DA CONSCIÊNCIA NEGRA,https://www.cloudsoftcam.com.br/SP/PINDAMONHANGABA/importacao/2024/838_2990gelea0gev_noticia.jpeg,https://www.pindamonhangaba.sp.leg.br/imprensa/0/0/0/0/608#pesquisa
2023-01-01 00:00:00,CÂMARA APROVA TESTE DA LINGUINHA E PRORROGAÇÃO DE CONVÊNIO COM A SANTA CASA,https://www.cloudsoftcam.com.br/SP/PINDAMONHANGABA/importacao/2024/835_58vfjj2ebic2d_noticia.jpeg,https://www.pindamonhangaba.sp.leg.br/imprensa/0/0/0/0/609#pesquisa
2023-01-01 00:00:00,"COM 09 EMENDAS, ORÇAMENTO DE 2014 É APROVADO PELA CÂMARA DE PINDAMONHANGABA",https://www.cloudsoftcam.com.br/SP/PINDAMONHANGABA/importacao/2024/832_6ikoh2q9rmhsp_noticia.jpeg,https://www.pindamonhangaba.sp.leg.br/imprensa/0/0/0/0/610#pesquisa
2023-01-01 00:00:00,APROVADA CESSÃO DE ÁREA PARA INSTALAÇÃO DE INDÚSTRIA QUE VAI GERAR 500 EMPREGOS DIRETOS,https://www.cloudsoftcam.com.br/SP/PINDAMONHANGABA/importacao/2024/829_140b0ti9set4v_noticia.jpeg,https://www.pindamonhangaba.sp.leg.br/imprensa/0/0/0/0/611#pesquisa
2023-01-01 00:00:00,UTILIZAÇÃO DO “TEATRO GALPÃO” TERÁ USO DISCIPLINADO APÓS APROVAÇÃO DOS VEREADORES,https://www.cloudsoftcam.com.br/SP/PINDAMONHANGABA/importacao/2024/826_7hnkpp900m93e_noticia.jpeg,https://www.pindamonhangaba.sp.leg.br/imprensa/0/0/0/0/612#pesquisa
2023-01-01 00:00:00,CÂMARA REÚNE EM SESSÃO EXTRAORDINÁRIA PARA VOTAR DOIS PROJETOS DO EXECUTIVO,https://www.cloudsoftcam.com.br/SP/PINDAMONHANGABA/importacao/2024/823_7jjln485r49oq_noticia.jpeg,https://www.pindamonhangaba.sp.leg.br/imprensa/0/0/0/0/613#pesquisa
2023-01-01 00:00:00,CÂMARA REALIZA DUAS SESSÕES EXTRAORDINÁRIAS PARA VOTAR PROJETOS DO EXECUTIVO,https://www.cloudsoftcam.com.br/SP/PINDAMONHANGABA/importacao/2024/820_3in1ktepgf0hs_noticia.jpeg,https://www.pindamonhangaba.sp.leg.br/imprensa/0/0/0/0/614#pesquisa
2023-01-01 00:00:00,CÂMARA ECONOMIZA E DEVOLVE AOS COFRES PÚBLICOS SALDO SUPERIOR A R$ 3 MILHÕES,https://www.cloudsoftcam.com.br/SP/PINDAMONHANGABA/importacao/2024/817_e69at1chkjh1_noticia.jpeg,https://www.pindamonhangaba.sp.leg.br/imprensa/0/0/0/0/615#pesquisa
2023-01-01 00:00:00,VEREADORES APROVAM VETO DO PREFEITO AO PROJETO DO TESTE DA LINGUINHA,https://www.cloudsoftcam.com.br/SP/PINDAMONHANGABA/importacao/2024/814_630agbiib18l7_noticia.jpeg,https://www.pindamonhangaba.sp.leg.br/imprensa/0/0/0/0/616#pesquisa
2023-01-01 00:00:00,DEFICIENTES SERÃO BENEFICIADOS COM DESCONTO DE 50% EM ENTRADAS PARA ESPETÁCULOS CULTURAIS E ESPORTIVOS,https://www.cloudsoftcam.com.br/SP/PINDAMONHANGABA/importacao/2024/811_7au95o27n7vdt_noticia.jpeg,https://www.pindamonhangaba.sp.leg.br/imprensa/0/0/0/0/617#pesquisa
2023-01-01 00:00:00,AUDIÊNCIA PÚBLICA DA SAÚDE SERÁ REALIZADA NA CÂMARA DE PINDAMONHANGABA,https://www.cloudsoftcam.com.br/SP/PINDAMONHANGABA/importacao/2024/808_2dmt3tkuuva85_noticia.jpeg,https://www.pindamonhangaba.sp.leg.br/imprensa/0/0/0/0/618#pesquisa
2023-01-01 00:00:00,VEREADORES REJEITAM VETO DO PREFEITO AOS PROJETOS QUE TRATAM DA MARCAÇÃO DE CONSULTAS POR TELEFONE,https://www.cloudsoftcam.com.br/SP/PINDAMONHANGABA/importacao/2024/845_6441dlicpt2qi_noticia.jpeg,https://www.pindamonhangaba.sp.leg.br/imprensa/0/0/0/0/619#pesquisa
2023-01-01 00:00:00,AUDIÊNCIA PÚBLICA DA SECRETARIA DE SAÚDE FOI REALIZADA NO DIA 14 NA CÂMARA MUNICIPAL DE PINDAMONHANGABA,https://www.cloudsoftcam.com.br/SP/PINDAMONHANGABA/importacao/2024/842_7lfmctgnnb6i4_noticia.jpeg,https://www.pindamonhangaba.sp.leg.br/imprensa/0/0/0/0/620#pesquisa
2023-01-01 00:00:00,"PLANTIO DE ÁRVORES SERÁ OBRIGATÓRIO EM FUTUROS IMÓVEIS, DIZ PROJETO DE LEI APROVADO PELOS VEREADORES",https://www.cloudsoftcam.com.br/SP/PINDAMONHANGABA/importacao/2024/839_4kqjq5vcpd50p_noticia.jpeg,https://www.pindamonhangaba.sp.leg.br/imprensa/0/0/0/0/621#pesquisa
2023-01-01 00:00:00,CÂMARA REALIZA SESSÃO SOLENE DA CAMPANHA DA FRATERNIDADE,https://www.cloudsoftcam.com.br/SP/PINDAMONHANGABA/importacao/2024/836_7k21dthef9t4v_noticia.jpeg,https://www.pindamonhangaba.sp.leg.br/imprensa/0/0/0/0/622#pesquisa
2023-01-01 00:00:00,CÂMARA SEDIA PRESTAÇÃO DE CONTAS DO EXECUTIVO REFERENTES A METAS FISCAIS DO 3º QUADRIMESTRE DE 2013,https://www.cloudsoftcam.com.br/SP/PINDAMONHANGABA/importacao/2024/833_6ba529te2eofh_noticia.jpeg,https://www.pindamonhangaba.sp.leg.br/imprensa/0/0/0/0/623#pesquisa
2023-01-01 00:00:00,CÂMARA REALIZA SESSÃO SOLENE DO DIA INTERNACIONAL DA MULHER,https://www.cloudsoftcam.com.br/SP/PINDAMONHANGABA/importacao/2024/830_4mtqu6schs9u5_noticia.jpeg,https://www.pindamonhangaba.sp.leg.br/imprensa/0/0/0/0/624#pesquisa
2023-01-01 00:00:00,APENAS DOIS PROJETOS CONSTARAM DA ORDEM DO DIA DA 5ª SESSÃO ORDINÁRIA,https://www.cloudsoftcam.com.br/SP/PINDAMONHANGABA/importacao/2024/827_62h9g0puqlnbi_noticia.jpeg,https://www.pindamonhangaba.sp.leg.br/imprensa/0/0/0/0/625#pesquisa
2023-01-01 00:00:00,VEREADORES APROVAM REQUERIMENTOS DE APOIO AOS PROFESSORES DA ETEC “JOÃO GOMES DE ARAÚJO”,https://www.cloudsoftcam.com.br/SP/PINDAMONHANGABA/importacao/2024/824_2fa62v65b67ko_noticia.jpeg,https://www.pindamonhangaba.sp.leg.br/imprensa/0/0/0/0/626#pesquisa
2023-01-01 00:00:00,EXECUTIVO PODERÁ CELEBRAR CONVÊNIO COM O DETRAN-SP APÓS APROVAÇÃO DOS VEREADORES DE PINDAMONHANGABA,https://www.cloudsoftcam.com.br/SP/PINDAMONHANGABA/importacao/2024/821_50ijv40b52icb_noticia.jpeg,https://www.pindamonhangaba.sp.leg.br/imprensa/0/0/0/0/627#pesquisa
2023-01-01 00:00:00,DIA INTERNACIONAL DA MULHER É COMEMORADO COM SESSÃO SOLENE NA CÂMARA DE VEREADORES,https://www.cloudsoftcam.com.br/SP/PINDAMONHANGABA/importacao/2024/818_51m1au1e7js1g_noticia.jpeg,https://www.pindamonhangaba.sp.leg.br/imprensa/0/0/0/0/628#pesquisa
2023-01-01 00:00:00,SESSÃO SOLENE DA CAMPANHA DA FRATERNIDADE DE 2014 É REALIZADA NA CÂMARA DE VEREADORES,https://www.cloudsoftcam.com.br/SP/PINDAMONHANGABA/importacao/2024/815_3jsn4tibcblmr_noticia.jpeg,https://www.pindamonhangaba.sp.leg.br/imprensa/0/0/0/0/629#pesquisa
2023-01-01 00:00:00,CÂMARA APROVA PROJETOS E SERVIDORES MUNICIPAIS DO EXECUTIVO E LEGISLATIVO TERÃO REALINHAMENTO SALARIAL DE 6%,https://www.cloudsoftcam.com.br/SP/PINDAMONHANGABA/importacao/2024/812_5c6bp02e6qfp3_noticia.jpeg,https://www.pindamonhangaba.sp.leg.br/imprensa/0/0/0/0/630#pesquisa
2023-01-01 00:00:00,VEREADORES REALIZAM IMPORTANTE REUNIÃO COM GOVERNADOR GERALDO ALCKMIN,https://www.cloudsoftcam.com.br/SP/PINDAMONHANGABA/importacao/2024/809_2uijtm9207qj0_noticia.jpeg,https://www.pindamonhangaba.sp.leg.br/imprensa/0/0/0/0/631#pesquisa
2023-01-01 00:00:00,APROVADA LEI QUE DISPÕE SOBRE PLANTIO DE ÁRVORE PARA CADA CARRO NOVO VENDIDO,https://www.cloudsoftcam.com.br/SP/PINDAMONHANGABA/importacao/2024/806_2vb8d0cb56s1a_noticia.jpeg,https://www.pindamonhangaba.sp.leg.br/imprensa/0/0/0/0/632#pesquisa
2023-01-01 00:00:00,PLENÁRIO APROVA E CALENDÁRIO OFICIAL DE FESTAS E EVENTOS É INSTITUÍDO EM PINDAMONHANGABA,https://www.cloudsoftcam.com.br/SP/PINDAMONHANGABA/importacao/2024/803_1d0orpth39p91_noticia.jpeg,https://www.pindamonhangaba.sp.leg.br/imprensa/0/0/0/0/633#pesquisa
2023-01-01 00:00:00,CÂMARA APROVA LEI QUE OBRIGA INSTALAÇÃO DE DISPOSITIVO DE SEGURANÇA EM PISCINAS DE USO COLETIVO,https://www.cloudsoftcam.com.br/SP/PINDAMONHANGABA/importacao/2024/800_50n8gejebp4gc_noticia.jpeg,https://www.pindamonhangaba.sp.leg.br/imprensa/0/0/0/0/634#pesquisa
2023-01-01 00:00:00,SESSÃO SOLENE AO DIA DO ESCOTEIRO ACONTECE NO DIA 23 DE ABRIL NA CÂMARA DE VEREADORES DE PINDAMONHANGABA,https://www.cloudsoftcam.com.br/SP/PINDAMONHANGABA/importacao/2024/797_68nt2vfq1saj9_noticia.jpeg,https://www.pindamonhangaba.sp.leg.br/imprensa/0/0/0/0/635#pesquisa
2023-01-01 00:00:00,SEGURANÇA PÚBLICA É TEMA DE AUDIÊNCIA NA CÂMARA DE PINDAMONHANGABA,https://www.cloudsoftcam.com.br/SP/PINDAMONHANGABA/importacao/2024/794_1hmpsf94gnbl6_noticia.jpeg,https://www.pindamonhangaba.sp.leg.br/imprensa/0/0/0/0/636#pesquisa
2023-01-01 00:00:00,"COM APROVAÇÃO DOS VEREADORES, ENTIDADES DO MUNICÍPIO GANHAM NOVAS VERBAS PARA PROJETOS SOCIAIS",https://www.cloudsoftcam.com.br/SP/PINDAMONHANGABA/importacao/2024/791_5qgq6p88avmac_noticia.jpeg,https://www.pindamonhangaba.sp.leg.br/imprensa/0/0/0/0/637#pesquisa
2023-01-01 00:00:00,ESCOTEIROS SÃO HOMENAGEADOS EM SESSÃO SOLENE,https://www.cloudsoftcam.com.br/SP/PINDAMONHANGABA/importacao/2024/788_4siect23ufi5_noticia.jpeg,https://www.pindamonhangaba.sp.leg.br/imprensa/0/0/0/0/638#pesquisa
2023-01-01 00:00:00,APROVADO PROJETO DO VEREADOR FELIPE CÉSAR – FC  QUE BENEFICIA ENTIDADES SOCIAIS E ASSOCIAÇÕES DE BAIRROS,https://www.cloudsoftcam.com.br/SP/PINDAMONHANGABA/importacao/2024/825_v4d8omdvjvpi_noticia.jpeg,https://www.pindamonhangaba.sp.leg.br/imprensa/0/0/0/0/639#pesquisa
2023-01-01 00:00:00,"VEREADORES APROVAM AUTORIZAÇÃO PARA EXECUTIVO CEDER O CENTRO ESPORTIVO ZITO, EM MOREIRA CÉSAR",https://www.cloudsoftcam.com.br/SP/PINDAMONHANGABA/importacao/2024/822_30st7fl4ojep6_noticia.jpeg,https://www.pindamonhangaba.sp.leg.br/imprensa/0/0/0/0/640#pesquisa
2023-01-01 00:00:00,SOCIEDADE SÃO VICENTE DE PAULO É HOMENAGEADA EM SOLENIDADE,https://www.cloudsoftcam.com.br/SP/PINDAMONHANGABA/importacao/2024/819_6du9tfe5pjuba_noticia.jpeg,https://www.pindamonhangaba.sp.leg.br/imprensa/0/0/0/0/641#pesquisa
2023-01-01 00:00:00,CÂMARA DE VEREADORES REALIZA AUDIÊNCIA PÚBLICA SOBRE A SAÚDE DE PINDAMONHANGABA,https://www.cloudsoftcam.com.br/SP/PINDAMONHANGABA/importacao/2024/816_11h5m9c88mvt3_noticia.jpeg,https://www.pindamonhangaba.sp.leg.br/imprensa/0/0/0/0/642#pesquisa
2023-01-01 00:00:00,VEREADORES APROVAM DENOMINAÇÃO DE RUAS E HOMENAGEM AO FUNDADOR DA COMUNIDADE ALICERCE,https://www.cloudsoftcam.com.br/SP/PINDAMONHANGABA/importacao/2024/813_658mg4m5a92ml_noticia.jpeg,https://www.pindamonhangaba.sp.leg.br/imprensa/0/0/0/0/643#pesquisa
2023-01-01 00:00:00,"MUNICÍPIO ABRE MAIS DE 4,5 MILHÕES DE CRÉDITOS ADICIONAIS APÓS APROVAÇÃO DOS VEREADORES DE PINDAMONHANGABA",https://www.cloudsoftcam.com.br/SP/PINDAMONHANGABA/importacao/2024/810_4adt3be6tist6_noticia.jpeg,https://www.pindamonhangaba.sp.leg.br/imprensa/0/0/0/0/644#pesquisa
2023-01-01 00:00:00,SAÚDE DE PINDAMONHANGABA É DISCUTIDA EM AUDIÊNCIA PÚBLICA NA CÂMARA DE VEREADORES,https://www.cloudsoftcam.com.br/SP/PINDAMONHANGABA/importacao/2024/807_74oemm2kk7kii_noticia.jpeg,https://www.pindamonhangaba.sp.leg.br/imprensa/0/0/0/0/645#pesquisa
2023-01-01 00:00:00,CÂMARA APROVA SUPLEMENTAÇÃO DE VERBA PARA COMPRA DE ANTIGO PA DA UNIMED,https://www.cloudsoftcam.com.br/SP/PINDAMONHANGABA/importacao/2024/804_6lr9es4ljg2bb_noticia.jpeg,https://www.pindamonhangaba.sp.leg.br/imprensa/0/0/0/0/646#pesquisa
2023-01-01 00:00:00,"COM PROJETO APROVADO PELA CÂMARA, FUNDO SOCIAL DE SOLIDARIEDADE RECEBE CRÉDITO ESPECIAL DE R$ 130.000,00",https://www.cloudsoftcam.com.br/SP/PINDAMONHANGABA/importacao/2024/801_4utd5dk1ehk1b_noticia.jpeg,https://www.pindamonhangaba.sp.leg.br/imprensa/0/0/0/0/647#pesquisa
2023-01-01 00:00:00,AUDIÊNCIA PÚBLICA NA CÂMARA APRESENTA METAS FISCAIS DO 1º QUADRIMESTRE DE 2014,https://www.cloudsoftcam.com.br/SP/PINDAMONHANGABA/importacao/2024/798_53q4jsvbv2l2o_noticia.jpeg,https://www.pindamonhangaba.sp.leg.br/imprensa/0/0/0/0/648#pesquisa
2023-01-01 00:00:00,AUDIÊNCIA PÚBLICA NA CÂMARA APRESENTA METAS FISCAIS DO EXECUTIVO DO 1º QUADRIMESTRE DE 2014,https://www.cloudsoftcam.com.br/SP/PINDAMONHANGABA/importacao/2024/795_csmpmvj4bd1j_noticia.jpeg,https://www.pindamonhangaba.sp.leg.br/imprensa/0/0/0/0/649#pesquisa
2023-01-01 00:00:00,CÂMARA DE VEREADORES SEDIA AUDIÊNCIA PÚBLICA REFERENTE A LDO – LEI DAS DIRETRIZES ORÇAMENTÁRIAS,https://www.cloudsoftcam.com.br/SP/PINDAMONHANGABA/importacao/2024/792_29rhsid294d78_noticia.jpeg,https://www.pindamonhangaba.sp.leg.br/imprensa/0/0/0/0/650#pesquisa
2023-01-01 00:00:00,AUDIÊNCIA PÚBLICA REFENTE A PRESTAÇÃO DE CONTAS DA SECRETARIA DE SAÚDE É REALIZADA NA CÂMARA,https://www.cloudsoftcam.com.br/SP/PINDAMONHANGABA/importacao/2024/789_5grfd781ge9c9_noticia.jpeg,https://www.pindamonhangaba.sp.leg.br/imprensa/0/0/0/0/651#pesquisa
2023-01-01 00:00:00,VEREADORES APROVAM RENOVAÇÃO DE CONVÊNIO COM A SANTA CASA POR 60 DIAS,https://www.cloudsoftcam.com.br/SP/PINDAMONHANGABA/importacao/2024/786_1659hacq5s1nl_noticia.jpeg,https://www.pindamonhangaba.sp.leg.br/imprensa/0/0/0/0/652#pesquisa
2023-01-01 00:00:00,EXECUTIVO SOLICITA E VEREADORES APROVAM LEI QUE REVOGA DOAÇÃO DE ÁREA PARA EMPRESA EM PINDAMONHANGABA,https://www.cloudsoftcam.com.br/SP/PINDAMONHANGABA/importacao/2024/783_4amnpb3spsuvp_noticia.jpeg,https://www.pindamonhangaba.sp.leg.br/imprensa/0/0/0/0/653#pesquisa
2023-01-01 00:00:00,VEREADORES APROVAM CONVÊNIO COM SECRETARIA DO MEIO AMBIENTE QUE CONTEMPLA O MUNICÍPIO COM R$ 430 MIL,https://www.cloudsoftcam.com.br/SP/PINDAMONHANGABA/importacao/2024/780_73lm0mjodldfv_noticia.jpeg,https://www.pindamonhangaba.sp.leg.br/imprensa/0/0/0/0/654#pesquisa
2023-01-01 00:00:00,PLENÁRIO ADIA VOTAÇÃO DO PROJETO DE LEI DE DIRETRIZES ORÇAMENTÁRIAS - 2015,https://www.cloudsoftcam.com.br/SP/PINDAMONHANGABA/importacao/2024/777_1nsj8b2chtuqt_noticia.jpeg,https://www.pindamonhangaba.sp.leg.br/imprensa/0/0/0/0/655#pesquisa
2023-01-01 00:00:00,PROJETO DE LEI DAS DIRETRIZES ORÇAMENTÁRIAS PARA 2015 É MAIS UMA VEZ ADIADO PELOS VEREADORES,https://www.cloudsoftcam.com.br/SP/PINDAMONHANGABA/importacao/2024/774_2tkej7j7ua5fn_noticia.jpeg,https://www.pindamonhangaba.sp.leg.br/imprensa/0/0/0/0/656#pesquisa
2023-01-01 00:00:00,"VEREADORES REALIZAM 2 SESSÕES, DEFINEM A LDO 2015 E APROVAM DIVERSOS PROJETOS DE LEI",https://www.cloudsoftcam.com.br/SP/PINDAMONHANGABA/importacao/2024/771_68nh6l4tfn7i0_noticia.jpeg,https://www.pindamonhangaba.sp.leg.br/imprensa/0/0/0/0/657#pesquisa
2023-01-01 00:00:00,VEREADORES APROVAM CELEBRAÇÃO DE CONVÊNIO COM SALESIANOS DE PINDAMONHANGABA,https://www.cloudsoftcam.com.br/SP/PINDAMONHANGABA/importacao/2024/768_6vkrapt8uu07j_noticia.jpeg,https://www.pindamonhangaba.sp.leg.br/imprensa/0/0/0/0/658#pesquisa
2023-01-01 00:00:00,VEREADORES RETOMAM TRABALHOS LEGISLATIVOS E APROVAM PROJETO QUE PRORROGA PRAZO DE CONVÊNIO COM A SANTA CASA,https://www.cloudsoftcam.com.br/SP/PINDAMONHANGABA/importacao/2024/805_4g1fdprjsalfb_noticia.jpeg,https://www.pindamonhangaba.sp.leg.br/imprensa/0/0/0/0/659#pesquisa
2023-01-01 00:00:00,"VEREADORES APROVAM VERBA PARA AMPLIAÇÃO DA ESCOLA PADRE ZEZINHO, DA VILA SÃO BENEDITO",https://www.cloudsoftcam.com.br/SP/PINDAMONHANGABA/importacao/2024/802_66r4ebgc0rac3_noticia.jpeg,https://www.pindamonhangaba.sp.leg.br/imprensa/0/0/0/0/660#pesquisa
2023-01-01 00:00:00,PLENÁRIO APROVA 6 PROJETOS E VEREADORES PRESTAM HOMENAGEM A POLICIAIS MILITARES DE PINDAMONHANGABA,https://www.cloudsoftcam.com.br/SP/PINDAMONHANGABA/importacao/2024/799_1vnp6ask04eo9_noticia.jpeg,https://www.pindamonhangaba.sp.leg.br/imprensa/0/0/0/0/661#pesquisa
2023-01-01 00:00:00,DIA DO MAÇOM É COMEMORADO NA CÂMARA DE VEREADORES DE PINDAMONHANGABA,https://www.cloudsoftcam.com.br/SP/PINDAMONHANGABA/importacao/2024/796_28ujvicbii1ru_noticia.jpeg,https://www.pindamonhangaba.sp.leg.br/imprensa/0/0/0/0/662#pesquisa
2023-01-01 00:00:00,VEREADORES APROVAM COMODATO PARA INSTALAÇÃO DO POUPATEMPO EM PINDAMONHANGABA,https://www.cloudsoftcam.com.br/SP/PINDAMONHANGABA/importacao/2024/793_41ddfpvqoulil_noticia.jpeg,https://www.pindamonhangaba.sp.leg.br/imprensa/0/0/0/0/663#pesquisa
2023-01-01 00:00:00,CONVÊNIO ENTRE MUNICÍPIO E SANTA CASA TEM NOVA PRORROGAÇÃO APÓS APROVAÇÃO DA CÂMARA,https://www.cloudsoftcam.com.br/SP/PINDAMONHANGABA/importacao/2024/790_i851rhmdhqh9_noticia.jpeg,https://www.pindamonhangaba.sp.leg.br/imprensa/0/0/0/0/664#pesquisa
2023-01-01 00:00:00,VEREADORES APROVAM CONVÊNIO COM A SANTA CASA PARA SERVIÇOS HOSPITALARES AMBULATORIAIS E INTERNAÇÃO DE MÉDIA E ALTA COMPLEXIDADE,https://www.cloudsoftcam.com.br/SP/PINDAMONHANGABA/importacao/2024/787_2orkoddguv9ab_noticia.jpeg,https://www.pindamonhangaba.sp.leg.br/imprensa/0/0/0/0/665#pesquisa
2023-01-01 00:00:00,PROJETO DE CONVÊNIO COM SANTA CASA PARA URGÊNCIAS E EMERGÊNCIAS É ADIADO PELA CÂMARA DE PINDAMONHANGABA,https://www.cloudsoftcam.com.br/SP/PINDAMONHANGABA/importacao/2024/784_4tt84leln1jau_noticia.jpeg,https://www.pindamonhangaba.sp.leg.br/imprensa/0/0/0/0/666#pesquisa
2023-01-01 00:00:00,VEREADORES APROVAM DOAÇÃO DE ÁREA E PRORROGAÇÃO DE CONVÊNIO COM A SANTA CASA,https://www.cloudsoftcam.com.br/SP/PINDAMONHANGABA/importacao/2024/781_78q1uklbsbbe6_noticia.jpeg,https://www.pindamonhangaba.sp.leg.br/imprensa/0/0/0/0/667#pesquisa
2023-01-01 00:00:00,CÂMARA REALIZA DUAS AUDIÊNCIAS PÚBLICAS COM A SECRETARIA DE FINANÇAS,https://www.cloudsoftcam.com.br/SP/PINDAMONHANGABA/importacao/2024/778_79mvq7b1l8tuq_noticia.jpeg,https://www.pindamonhangaba.sp.leg.br/imprensa/0/0/0/0/668#pesquisa
2023-01-01 00:00:00,PROJETO DE LEI APROVADO INCLUI ESTUDANTES DE ENSINO PROFISSIONAL EM DESCONTOS PARA INGRESSOS DE EVENTOS CULTURAIS,https://www.cloudsoftcam.com.br/SP/PINDAMONHANGABA/importacao/2024/775_16bfmfv21qdn_noticia.jpeg,https://www.pindamonhangaba.sp.leg.br/imprensa/0/0/0/0/669#pesquisa
2023-01-01 00:00:00,VEREADORES APROVAM CINCO PROJETOS E ADIAM VOTAÇÃO DE CONVÊNIO COM A SANTA CASA,https://www.cloudsoftcam.com.br/SP/PINDAMONHANGABA/importacao/2024/772_5cobakverudp2_noticia.jpeg,https://www.pindamonhangaba.sp.leg.br/imprensa/0/0/0/0/670#pesquisa
2023-01-01 00:00:00,PRESTAÇÃO DE CONTAS DA SAÚDE DO 2° QUADRIMESTE DE 2014 É TEMA EM AUDIÊNCIA PÚBLICA,https://www.cloudsoftcam.com.br/SP/PINDAMONHANGABA/importacao/2024/769_2jiicgf28v5p7_noticia.jpeg,https://www.pindamonhangaba.sp.leg.br/imprensa/0/0/0/0/671#pesquisa
2023-01-01 00:00:00,"ESTUDANTES PODERÃO FAZER ESTÁGIO NÃO REMUNERADO, DIZ PROJETO APROVADO PELA CÂMARA DE PINDAMONHANGABA",https://www.cloudsoftcam.com.br/SP/PINDAMONHANGABA/importacao/2024/766_72nkj0k8402ti_noticia.jpeg,https://www.pindamonhangaba.sp.leg.br/imprensa/0/0/0/0/672#pesquisa
2023-01-01 00:00:00,SESSÃO SOLENE EM COMEMORAÇÃO AO DIA DO PROFESSOR PRESTA HOMENAGENS,https://www.cloudsoftcam.com.br/SP/PINDAMONHANGABA/importacao/2024/763_224i0gui9515_noticia.jpeg,https://www.pindamonhangaba.sp.leg.br/imprensa/0/0/0/0/673#pesquisa
2023-01-01 00:00:00,CÂMARA AUTORIZA EXECUTIVO A CELEBRAR CONVÊNIO NA ÁREA DE ARTE E CULTURA,https://www.cloudsoftcam.com.br/SP/PINDAMONHANGABA/importacao/2024/760_4ber7t8qalj4d_noticia.jpeg,https://www.pindamonhangaba.sp.leg.br/imprensa/0/0/0/0/674#pesquisa
2023-01-01 00:00:00,AUTORIZAÇÃO PARA NOVO CONVÊNIO ENTRE EXECUTIVO E SANTA CASA É APROVADO PELA CÂMARA DE PINDAMONHANGABA,https://www.cloudsoftcam.com.br/SP/PINDAMONHANGABA/importacao/2024/757_fnknkj9frnlj_noticia.jpeg,https://www.pindamonhangaba.sp.leg.br/imprensa/0/0/0/0/675#pesquisa
2023-01-01 00:00:00,COMERCIÁRIOS RECEBEM HOMENAGEM DA CÂMARA DE PINDAMONHANGABA,https://www.cloudsoftcam.com.br/SP/PINDAMONHANGABA/importacao/2024/754_286v4po4uouhq_noticia.jpeg,https://www.pindamonhangaba.sp.leg.br/imprensa/0/0/0/0/676#pesquisa
2023-01-01 00:00:00,VEREADORES APROVAM TÍTULO DE CIDADÃO “POST MORTEM” E MEDALHA ATHAYDE MARCONDES,https://www.cloudsoftcam.com.br/SP/PINDAMONHANGABA/importacao/2024/751_51vtvkv8smlah_noticia.jpeg,https://www.pindamonhangaba.sp.leg.br/imprensa/0/0/0/0/677#pesquisa
2023-01-01 00:00:00,PROJETO DE CRÉDITO ESPECIAL APROVADO PELOS VEREADORES DEVERÁ SER UTILIZADO PARA AQUISIÇÃO DE ÔNIBUS ESCOLARES,https://www.cloudsoftcam.com.br/SP/PINDAMONHANGABA/importacao/2024/748_63fftstku1ner_noticia.jpeg,https://www.pindamonhangaba.sp.leg.br/imprensa/0/0/0/0/678#pesquisa
2023-01-01 00:00:00,VEREADORES APROVAM REGRAS PARA PARCELAMENTO DE CRÉDITOS TRIBUTÁRIOS E NÃO TRIBUTÁRIOS,https://www.cloudsoftcam.com.br/SP/PINDAMONHANGABA/importacao/2024/785_3ueik1138e0t7_noticia.jpeg,https://www.pindamonhangaba.sp.leg.br/imprensa/0/0/0/0/679#pesquisa
2023-01-01 00:00:00,"COM ECONOMIA DOS RECURSOS DA CÂMARA, BOMBEIROS GANHAM NOVA VIATURA PARA REFORÇO DA CIDADE",https://www.cloudsoftcam.com.br/SP/PINDAMONHANGABA/importacao/2024/782_7knrcpq5s5i94_noticia.jpeg,https://www.pindamonhangaba.sp.leg.br/imprensa/0/0/0/0/680#pesquisa
2023-01-01 00:00:00,PROJETOS SÃO APROVADOS PELOS VEREADORES E ENTIDADES RECEBEM SUBVENÇÃO DO EXECUTIVO MUNICIPAL,https://www.cloudsoftcam.com.br/SP/PINDAMONHANGABA/importacao/2024/779_2d7kc5fsmnthj_noticia.jpeg,https://www.pindamonhangaba.sp.leg.br/imprensa/0/0/0/0/681#pesquisa
2023-01-01 00:00:00,VEREADORES APROVAM ORÇAMENTO DE R$ 456 MILHÕES PARA 2015,https://www.cloudsoftcam.com.br/SP/PINDAMONHANGABA/importacao/2024/776_49lstg22o2agt_noticia.jpeg,https://www.pindamonhangaba.sp.leg.br/imprensa/0/0/0/0/682#pesquisa
2023-01-01 00:00:00,"CÂMARA DE PINDAMONHANGABA DEVOLVE R$ 3.000.000,00 À PREFEITURA",https://www.cloudsoftcam.com.br/SP/PINDAMONHANGABA/importacao/2024/773_2b2b99iv8l404_noticia.jpeg,https://www.pindamonhangaba.sp.leg.br/imprensa/0/0/0/0/683#pesquisa
2023-01-01 00:00:00,VEREADORES ADIAM ÚNICO PROJETO DA ORDEM DO DIA DA 44ª SESSÃO ORDINÁRIA,https://www.cloudsoftcam.com.br/SP/PINDAMONHANGABA/importacao/2024/770_6sk11uqiffp3c_noticia.jpeg,https://www.pindamonhangaba.sp.leg.br/imprensa/0/0/0/0/684#pesquisa
2023-01-01 00:00:00,FELIPE CÉSAR – FC  É ELEITO PRESIDENTE DA CÂMARA DE PINDAMONHANGABA,https://www.cloudsoftcam.com.br/SP/PINDAMONHANGABA/importacao/2024/767_57pq73cmi9tf4_noticia.jpeg,https://www.pindamonhangaba.sp.leg.br/imprensa/0/0/0/0/685#pesquisa
2023-01-01 00:00:00,CÂMARA DE PINDAMONHANGABA REALIZA SESSÃO ESPECIAL PARA ENTREGA DE MEDALHA “ATHAYDE MARCONDES” E TÍTULO “POST MORTEM”,https://www.cloudsoftcam.com.br/SP/PINDAMONHANGABA/importacao/2024/764_15hm2j26cdf7i_noticia.jpeg,https://www.pindamonhangaba.sp.leg.br/imprensa/0/0/0/0/686#pesquisa
2023-01-01 00:00:00,VEREADORES APROVAM TAXA DE ILUMINAÇÃO PÚBLICA PARA 2015,https://www.cloudsoftcam.com.br/SP/PINDAMONHANGABA/importacao/2024/761_4kbf3sppqlbq1_noticia.jpeg,https://www.pindamonhangaba.sp.leg.br/imprensa/0/0/0/0/687#pesquisa
2023-01-01 00:00:00,PROJETOS DE LEI DO EXECUTIVO SÃO APROVADOS EM SESSÃO EXTRAORDINÁRIA,https://www.cloudsoftcam.com.br/SP/PINDAMONHANGABA/importacao/2024/758_65gcrg01oaqk7_noticia.jpeg,https://www.pindamonhangaba.sp.leg.br/imprensa/0/0/0/0/688#pesquisa
2023-01-01 00:00:00,"POR UNANIMIDADE, VEREADORES REJEITAM A REESTRUTURAÇÃO ADMINISTRATIVA DA PREFEITURA DE PINDAMONHANGABA",https://www.cloudsoftcam.com.br/SP/PINDAMONHANGABA/importacao/2024/755_78sqf6ontkv60_noticia.jpeg,https://www.pindamonhangaba.sp.leg.br/imprensa/0/0/0/0/689#pesquisa
2023-01-01 00:00:00,VEREADORES APROVAM DENOMINAÇÃO DA PISTA DE CAMINHADA DO PARQUE DA CIDADE,https://www.cloudsoftcam.com.br/SP/PINDAMONHANGABA/importacao/2024/752_1befej18q0jd7_noticia.jpeg,https://www.pindamonhangaba.sp.leg.br/imprensa/0/0/0/0/690#pesquisa
2023-01-01 00:00:00,MORADORES APRESENTAM DIVERSAS SUGESTÕES NA AUDIÊNCIA PÚBLICA DA MOBILIDADE URBANA,https://www.cloudsoftcam.com.br/SP/PINDAMONHANGABA/importacao/2024/749_ssrf4q71v8pd_noticia.jpeg,https://www.pindamonhangaba.sp.leg.br/imprensa/0/0/0/0/691#pesquisa
2023-01-01 00:00:00,ÁREA DOADA À REMCSAL É RETOMADA PELA PREFEITURA APÓS APROVAÇÃO DE PROJETO PELA CÂMARA DE PINDAMONHANGABA,https://www.cloudsoftcam.com.br/SP/PINDAMONHANGABA/importacao/2024/746_7ku8st96a1b9d_noticia.jpeg,https://www.pindamonhangaba.sp.leg.br/imprensa/0/0/0/0/692#pesquisa
2023-01-01 00:00:00,VEREADORES APROVAM DENOMINAÇÃO DE RUA NO ANDRADE,https://www.cloudsoftcam.com.br/SP/PINDAMONHANGABA/importacao/2024/743_6pdsgl6lekcbk_noticia.jpeg,https://www.pindamonhangaba.sp.leg.br/imprensa/0/0/0/0/693#pesquisa
2023-01-01 00:00:00,"CRÉDITOS PARA EXECUTIVO, NO VALOR DE R$ 9.348.000,00, SÃO AUTORIZADOS PELA CÂMARA DE PINDAMONHANGABA",https://www.cloudsoftcam.com.br/SP/PINDAMONHANGABA/importacao/2024/740_3s5t9e5bkijm8_noticia.jpeg,https://www.pindamonhangaba.sp.leg.br/imprensa/0/0/0/0/694#pesquisa
2023-01-01 00:00:00,SESSÃO É MARCADA POR CONVOCAÇÃO DA SECRETÁRIA DE SAÚDE E HOMENAGEM AO DR. CASÉ,https://www.cloudsoftcam.com.br/SP/PINDAMONHANGABA/importacao/2024/737_35ncof07dgpfg_noticia.jpeg,https://www.pindamonhangaba.sp.leg.br/imprensa/0/0/0/0/695#pesquisa
2023-01-01 00:00:00,"COM PLENÁRIO LOTADO, CÂMARA DE PINDAMONHANGABA REALIZA ABERTURA DA CAMPANHA DA FRATERNIDADE 2015",https://www.cloudsoftcam.com.br/SP/PINDAMONHANGABA/importacao/2024/734_7png8co5ii9t1_noticia.jpeg,https://www.pindamonhangaba.sp.leg.br/imprensa/0/0/0/0/696#pesquisa
2023-01-01 00:00:00,PREFEITURA EXPÕE METAS DO 3º QUADRIMESTRE DE 2014 EM AUDIÊNCIA PÚBLICA NA CÂMARA DE PINDAMONHANGABA,https://www.cloudsoftcam.com.br/SP/PINDAMONHANGABA/importacao/2024/731_30pk5j57eqjfs_noticia.jpeg,https://www.pindamonhangaba.sp.leg.br/imprensa/0/0/0/0/697#pesquisa
2023-01-01 00:00:00,VEREADORES ADIAM VOTAÇÃO DE PROJETOS DA ORDEM DO DIA,https://www.cloudsoftcam.com.br/SP/PINDAMONHANGABA/importacao/2024/728_3v6nddlq0be4d_noticia.jpeg,https://www.pindamonhangaba.sp.leg.br/imprensa/0/0/0/0/698#pesquisa
2023-01-01 00:00:00,CÂMARA COMEMORA DIA INTERNACIONAL DA MULHER COM SESSÃO SOLENE,https://www.cloudsoftcam.com.br/SP/PINDAMONHANGABA/importacao/2024/765_6u8ubp2f7osve_noticia.jpeg,https://www.pindamonhangaba.sp.leg.br/imprensa/0/0/0/0/699#pesquisa
2023-01-01 00:00:00,ILUMINAÇÃO PÚBLICA: AUDIÊNCIA DEBATEU AS NOVAS ATRIBUIÇÕES DE PINDAMONHANGABA,https://www.cloudsoftcam.com.br/SP/PINDAMONHANGABA/importacao/2024/762_3s3vbhijjk8v1_noticia.jpeg,https://www.pindamonhangaba.sp.leg.br/imprensa/0/0/0/0/700#pesquisa
2023-01-01 00:00:00,CÂMARA APROVA CONVÊNIOS PARA PRAÇA DO PASIN E COBERTURA DA QUADRA DO CASTOLIRA,https://www.cloudsoftcam.com.br/SP/PINDAMONHANGABA/importacao/2024/759_3csp5e2h8rf33_noticia.jpeg,https://www.pindamonhangaba.sp.leg.br/imprensa/0/0/0/0/701#pesquisa
2023-01-01 00:00:00,"COM APROVAÇÃO DE PROJETO DE LEI NA CÂMARA, UNIDADE DE FISIOTERAPIA RECEBE NOME DE “CELINA COTAIT”",https://www.cloudsoftcam.com.br/SP/PINDAMONHANGABA/importacao/2024/756_2t51tl8bbp31r_noticia.jpeg,https://www.pindamonhangaba.sp.leg.br/imprensa/0/0/0/0/702#pesquisa
2023-01-01 00:00:00,VEREADORES APROVAM DENOMINAÇÃO DA PISTA PINDA BANKS NO CAMPOS MAIA,https://www.cloudsoftcam.com.br/SP/PINDAMONHANGABA/importacao/2024/753_17mkpu3ilq0na_noticia.jpeg,https://www.pindamonhangaba.sp.leg.br/imprensa/0/0/0/0/703#pesquisa
2023-01-01 00:00:00,PROJETO QUE PREVIA MUDANÇAS NO ITBI TEM VOTAÇÃO ADIADA PELA CÂMARA DE PINDAMONHANGABA,https://www.cloudsoftcam.com.br/SP/PINDAMONHANGABA/importacao/2024/750_1bnkmcclp5lc_noticia.jpeg,https://www.pindamonhangaba.sp.leg.br/imprensa/0/0/0/0/704#pesquisa
2023-01-01 00:00:00,VEREADORES DENOMINAM PRONTO ATENDIMENTO INFANTIL E ROTATÓRIA NA CAIO GOMES FIGUEIREDO,https://www.cloudsoftcam.com.br/SP/PINDAMONHANGABA/importacao/2024/747_775j0mhgkmagp_noticia.jpeg,https://www.pindamonhangaba.sp.leg.br/imprensa/0/0/0/0/705#pesquisa
2023-01-01 00:00:00,PLENÁRIO APROVA CRÉDITO ADICIONAL DE R$ 244 MIL PARA OBRA NO CENTRO DE PINDAMONHANGABA,https://www.cloudsoftcam.com.br/SP/PINDAMONHANGABA/importacao/2024/744_5t9r04mt1j1d0_noticia.jpeg,https://www.pindamonhangaba.sp.leg.br/imprensa/0/0/0/0/706#pesquisa
2023-01-01 00:00:00,VEREADORES APROVAM ALTERAÇÃO NA LEI QUE INSTITUIU O ITBI,https://www.cloudsoftcam.com.br/SP/PINDAMONHANGABA/importacao/2024/741_3snec2ek91jsi_noticia.jpeg,https://www.pindamonhangaba.sp.leg.br/imprensa/0/0/0/0/707#pesquisa
2023-01-01 00:00:00,CONTAS DA PREFEITURA DE 2012 SÃO REJEITADAS PELOS VEREADORES DE PINDAMONHANGABA,https://www.cloudsoftcam.com.br/SP/PINDAMONHANGABA/importacao/2024/738_304u4hvvte9o6_noticia.jpeg,https://www.pindamonhangaba.sp.leg.br/imprensa/0/0/0/0/708#pesquisa
2023-01-01 00:00:00,VEREADORES APROVAM DENOMINAÇÃO DA QUADRA COBERTA DO MANTIQUEIRA,https://www.cloudsoftcam.com.br/SP/PINDAMONHANGABA/importacao/2024/735_ni1ip53eqc4v_noticia.jpeg,https://www.pindamonhangaba.sp.leg.br/imprensa/0/0/0/0/709#pesquisa
2023-01-01 00:00:00,"COM APOIO DOS VEREADORES, SERVIDORES MUNICIPAIS TERÃO REVISÃO SALARIAL DE 7% A PARTIR DE MAIO",https://www.cloudsoftcam.com.br/SP/PINDAMONHANGABA/importacao/2024/732_72k325se7qeih_noticia.jpeg,https://www.pindamonhangaba.sp.leg.br/imprensa/0/0/0/0/710#pesquisa
2023-01-01 00:00:00,"VEREADORES APROVAM CRÉDITO SUPLEMENTAR DE R$ 13,4 MILHÕES PARA RECAPEAMENTO DE RUAS",https://www.cloudsoftcam.com.br/SP/PINDAMONHANGABA/importacao/2024/729_708ftn7bhugfl_noticia.jpeg,https://www.pindamonhangaba.sp.leg.br/imprensa/0/0/0/0/711#pesquisa
2023-01-01 00:00:00,DOAÇÃO DE IMÓVEIS NOS LOTEAMENTOS DE INTERESSE SOCIAL É REGULARIZADA COM APROVAÇÃO DE PROJETO PELOS VEREADORES,https://www.cloudsoftcam.com.br/SP/PINDAMONHANGABA/importacao/2024/726_2g497q7uopojm_noticia.jpeg,https://www.pindamonhangaba.sp.leg.br/imprensa/0/0/0/0/712#pesquisa
2023-01-01 00:00:00,CÂMARA DE PINDAMONHANGABA APROVA OITO PROJETOS DE DENOMINAÇÃO E AUTORIZA CONVÊNIO COM APAE DE TAUBATÉ,https://www.cloudsoftcam.com.br/SP/PINDAMONHANGABA/importacao/2024/723_214gmkrkagqag_noticia.jpeg,https://www.pindamonhangaba.sp.leg.br/imprensa/0/0/0/0/713#pesquisa
2023-01-01 00:00:00,"POR UNANIMIDADE, PROJETO DE LEI É APROVADO E RUA DO ALTO DO CARDOSO RECEBERÁ NOME DE “JORGE DA SILVA”",https://www.cloudsoftcam.com.br/SP/PINDAMONHANGABA/importacao/2024/720_4g50gr2ig9nr0_noticia.jpeg,https://www.pindamonhangaba.sp.leg.br/imprensa/0/0/0/0/714#pesquisa
2023-01-01 00:00:00,CÂMARA APROVA LEI DAS DIRETRIZES ORÇAMENTÁRIAS E PLANO MUNICIPAL DE EDUCAÇÃO,https://www.cloudsoftcam.com.br/SP/PINDAMONHANGABA/importacao/2024/717_2bc55ejlogbcn_noticia.jpeg,https://www.pindamonhangaba.sp.leg.br/imprensa/0/0/0/0/715#pesquisa
2023-01-01 00:00:00,"COM APROVAÇÃO DO PLENÁRIO, PINDAMONHANGABA PODERÁ CONTRATAR OS PARA GERENCIAR UNIDADES DE SAÚDE",https://www.cloudsoftcam.com.br/SP/PINDAMONHANGABA/importacao/2024/714_24j30cot7a68u_noticia.jpeg,https://www.pindamonhangaba.sp.leg.br/imprensa/0/0/0/0/716#pesquisa
2023-01-01 00:00:00,"COM APROVAÇÃO DO PLENÁRIO, PINDAMONHANGABA PODERÁ CONTRATAR OS PARA GERENCIAR UNIDADES DE SAÚDE",https://www.cloudsoftcam.com.br/SP/PINDAMONHANGABA/importacao/2024/711_7npk7bqtm0v2g_noticia.jpeg,https://www.pindamonhangaba.sp.leg.br/imprensa/0/0/0/0/717#pesquisa
2023-01-01 00:00:00,"CÂMARA APROVA DENOMINAÇÃO DE RUA NO VILA ROMANA, CONVÊNIO COM ENTIDADES E ABERTURA DE CRÉDITO ADICIONAL",https://www.cloudsoftcam.com.br/SP/PINDAMONHANGABA/importacao/2024/708_5knvcshte8i1l_noticia.jpeg,https://www.pindamonhangaba.sp.leg.br/imprensa/0/0/0/0/718#pesquisa
2023-01-01 00:00:00,PROJETO DO EXECUTIVO QUE CRIA VAGAS E FUNÇÕES NA EDUCAÇÃO É APROVADO POR UNANIMIDADE,https://www.cloudsoftcam.com.br/SP/PINDAMONHANGABA/importacao/2024/745_6ad9ii3169755_noticia.jpeg,https://www.pindamonhangaba.sp.leg.br/imprensa/0/0/0/0/719#pesquisa
2023-01-01 00:00:00,"CÂMARA RETORNA ÀS ATIVIDADES NA PRÓXIMA SEGUNDA-FEIRA, DIA 3 DE AGOSTO",https://www.cloudsoftcam.com.br/SP/PINDAMONHANGABA/importacao/2024/742_6r64titi67vna_noticia.jpeg,https://www.pindamonhangaba.sp.leg.br/imprensa/0/0/0/0/720#pesquisa
2023-01-01 00:00:00,"VEREADORES CONCEDEM TÍTULO DE CIDADANIA AO PRESIDENTE DO TJSP,  DESEMBARGADOR JOSÉ RENATO NALINI",https://www.cloudsoftcam.com.br/SP/PINDAMONHANGABA/importacao/2024/739_54s5g70rre76a_noticia.jpeg,https://www.pindamonhangaba.sp.leg.br/imprensa/0/0/0/0/721#pesquisa
2023-01-01 00:00:00,UBS DO CIDADE JARDIM RECEBE O NOME DE JOÃO LOURENÇO DE SOUZA,https://www.cloudsoftcam.com.br/SP/PINDAMONHANGABA/importacao/2024/736_7v7ota3aa10id_noticia.jpeg,https://www.pindamonhangaba.sp.leg.br/imprensa/0/0/0/0/722#pesquisa
2023-01-01 00:00:00,"CARGOS EM COMISSÃO DA FUNDAÇÃO ""DR. JOÃO ROMEIRO"" SÃO EXTINTOS APÓS VEREADORES REVOGAREM LEI MUNICIPAL",https://www.cloudsoftcam.com.br/SP/PINDAMONHANGABA/importacao/2024/733_6m2k8gli18dap_noticia.jpeg,https://www.pindamonhangaba.sp.leg.br/imprensa/0/0/0/0/723#pesquisa
2023-01-01 00:00:00,VEREADORES SE UNEM À COMUNIDADE E CELEBRAM A SEMANA NACIONAL DA FAMÍLIA EM SESSÃO SOLENE,https://www.cloudsoftcam.com.br/SP/PINDAMONHANGABA/importacao/2024/730_31rep7u7hcja7_noticia.jpeg,https://www.pindamonhangaba.sp.leg.br/imprensa/0/0/0/0/724#pesquisa
2023-01-01 00:00:00,DIA DO MAÇOM É COMEMORADO NA CÂMARA DE PINDAMONHANGABA,https://www.cloudsoftcam.com.br/SP/PINDAMONHANGABA/importacao/2024/727_7tc6pb1vs8t5t_noticia.jpeg,https://www.pindamonhangaba.sp.leg.br/imprensa/0/0/0/0/725#pesquisa
2023-01-01 00:00:00,"POR UNANIMIDADE, PLENÁRIO CONFIRMA DENOMINAÇÃO DE QUADRA EM HOMENAGEM A NORIVAL JÚNIOR – KI-SUCO",https://www.cloudsoftcam.com.br/SP/PINDAMONHANGABA/importacao/2024/724_52k9g9kssk8td_noticia.jpeg,https://www.pindamonhangaba.sp.leg.br/imprensa/0/0/0/0/726#pesquisa
2023-01-01 00:00:00,CÂMARA APROVA DENOMINAÇÃO DE RUA NO PARQUE SÃO DOMINGOS E ADIAMENTO DE PROJETO DE PERMISSÃO DE ÁREA PARA EMPRESA,https://www.cloudsoftcam.com.br/SP/PINDAMONHANGABA/importacao/2024/721_1htjskd8t2lgh_noticia.jpeg,https://www.pindamonhangaba.sp.leg.br/imprensa/0/0/0/0/727#pesquisa
2023-01-01 00:00:00,PLANO DE MOBILIDADE URBANA É APROVADO COM UMA EMENDA,https://www.cloudsoftcam.com.br/SP/PINDAMONHANGABA/importacao/2024/718_4nf0dgksaraq1_noticia.jpeg,https://www.pindamonhangaba.sp.leg.br/imprensa/0/0/0/0/728#pesquisa
2023-01-01 00:00:00,"COM AUTORIZAÇÃO DA CÂMARA, EMPRESA DE USINAGEM RECEBE PERMISSÃO PARA USO DE BEM PÚBLICO EM PINDAMONHANGABA",https://www.cloudsoftcam.com.br/SP/PINDAMONHANGABA/importacao/2024/715_49spfclq5dcvu_noticia.jpeg,https://www.pindamonhangaba.sp.leg.br/imprensa/0/0/0/0/729#pesquisa
2023-01-01 00:00:00,"CÂMARA DE PINDAMONHANGABA CONCEDE TÍTULO DE CIDADANIA AO PRESIDENTE DO TJSP, DR. JOSÉ RENATO NALINI",https://www.cloudsoftcam.com.br/SP/PINDAMONHANGABA/importacao/2024/712_gk8on6v2crpf_noticia.jpeg,https://www.pindamonhangaba.sp.leg.br/imprensa/0/0/0/0/730#pesquisa
2023-01-01 00:00:00,ESTRADA DO IPIRANGA É DENOMINADA ESTRADA MUNICIPAL ROMEU RONCONI,https://www.cloudsoftcam.com.br/SP/PINDAMONHANGABA/importacao/2024/709_2j4ek8u5fjml2_noticia.jpeg,https://www.pindamonhangaba.sp.leg.br/imprensa/0/0/0/0/731#pesquisa
2023-01-01 00:00:00,"VEREADORES, AUTORIDADES, SINDICALISTAS E TRABALHADORES SE UNEM PARA DISCUTIR RISCOS DO AMBIENTE DO TRABALHO",https://www.cloudsoftcam.com.br/SP/PINDAMONHANGABA/importacao/2024/706_7fp1p0lq4261b_noticia.jpeg,https://www.pindamonhangaba.sp.leg.br/imprensa/0/0/0/0/732#pesquisa
2023-01-01 00:00:00,MOBILIZAÇÃO SOCIAL PELA EDUCAÇÃO É TEMA DE SESSÃO SOLENE NA CÂMARA DE VEREADORES,https://www.cloudsoftcam.com.br/SP/PINDAMONHANGABA/importacao/2024/703_49eumlblpa3oa_noticia.jpeg,https://www.pindamonhangaba.sp.leg.br/imprensa/0/0/0/0/733#pesquisa
2023-01-01 00:00:00,PLENÁRIO REJEITA PROJETO DE AUMENTO DE CADEIRAS E CÂMARA MANTÉM 11 VEREADORES PARA A PRÓXIMA LEGISLATURA,https://www.cloudsoftcam.com.br/SP/PINDAMONHANGABA/importacao/2024/700_1a7ftb99e41ng_noticia.jpeg,https://www.pindamonhangaba.sp.leg.br/imprensa/0/0/0/0/734#pesquisa
2023-01-01 00:00:00,ADMINISTRAÇÃO MUNICIPAL REALIZA AUDIÊNCIA PÚBLICA E APRESENTA NÚMEROS E DADOS FINANCEIROS DO 2º QUADRIMESTRE DE 2015,https://www.cloudsoftcam.com.br/SP/PINDAMONHANGABA/importacao/2024/697_49s6ajuad5tml_noticia.jpeg,https://www.pindamonhangaba.sp.leg.br/imprensa/0/0/0/0/735#pesquisa
2023-01-01 00:00:00,APROVADAS POR UNANIMIDADE AS ADEQUAÇÕES ORÇAMENTÁRIAS PARA 2015 E O PLANO PLURIANUAL 2014 – 2017,https://www.cloudsoftcam.com.br/SP/PINDAMONHANGABA/importacao/2024/694_2dt9ej5euak4u_noticia.jpeg,https://www.pindamonhangaba.sp.leg.br/imprensa/0/0/0/0/736#pesquisa
2023-01-01 00:00:00,NÚMEROS E AÇÕES DA SAÚDE SÃO RELATADOS EM AUDIÊNCIA PÚBLICA NA CÂMARA DE VEREADORES,https://www.cloudsoftcam.com.br/SP/PINDAMONHANGABA/importacao/2024/691_4at7vod4bkfo4_noticia.jpeg,https://www.pindamonhangaba.sp.leg.br/imprensa/0/0/0/0/737#pesquisa
2023-01-01 00:00:00,"CARNÊS DE IPTU E ISS DE PINDAMONHANGABA PODEM TER INFORMAÇÕES SOBRE ISENÇÃO EM 2016, DIZ PROJETO DE LEI APROVADO NA CÂMARA",https://www.cloudsoftcam.com.br/SP/PINDAMONHANGABA/importacao/2024/688_4nsqsu7ira6mg_noticia.jpeg,https://www.pindamonhangaba.sp.leg.br/imprensa/0/0/0/0/738#pesquisa
2023-01-01 00:00:00,PROFESSORES DE PINDAMONHANGABA SÃO HOMENAGEADOS COM SESSÃO SOLENE NA CÂMARA DE VEREADORES,https://www.cloudsoftcam.com.br/SP/PINDAMONHANGABA/importacao/2024/725_6as1fg8v23mld_noticia.jpeg,https://www.pindamonhangaba.sp.leg.br/imprensa/0/0/0/0/739#pesquisa
2023-01-01 00:00:00,PROJETO DE LEI APROVADO PELA CÂMARA PERMITE ALTERAÇÃO DE NOMES DE UNIDADES ESCOLARES DE PINDAMONHANGABA,https://www.cloudsoftcam.com.br/SP/PINDAMONHANGABA/importacao/2024/722_3skfq7824ktpf_noticia.jpeg,https://www.pindamonhangaba.sp.leg.br/imprensa/0/0/0/0/740#pesquisa
2023-01-01 00:00:00,REESTRUTURAÇÃO DE ESCOLAS PROPOSTA PELO GOVERNO DE SP FOI TEMA DE AUDIÊNCIA PÚBLICA NA CÂMARA DE PINDAMONHANGABA,https://www.cloudsoftcam.com.br/SP/PINDAMONHANGABA/importacao/2024/719_17si2cam3pgu8_noticia.jpeg,https://www.pindamonhangaba.sp.leg.br/imprensa/0/0/0/0/741#pesquisa
2023-01-01 00:00:00,"ATENDIMENTOS NA SANTA CASA TEM CONTRATO PRORROGADO POR MAIS UM ANO, APONTAM PROJETOS APROVADOS PELOS VEREADORES",https://www.cloudsoftcam.com.br/SP/PINDAMONHANGABA/importacao/2024/716_65q6trggfot3m_noticia.jpeg,https://www.pindamonhangaba.sp.leg.br/imprensa/0/0/0/0/742#pesquisa
2023-01-01 00:00:00,VEREADORES LEMBRAM QUE CLASSE COMERCIÁRIA AJUDA A CONSTRUIR UM PAÍS MAIS JUSTO E FRATERNO,https://www.cloudsoftcam.com.br/SP/PINDAMONHANGABA/importacao/2024/713_4bif73mlfnt7s_noticia.jpeg,https://www.pindamonhangaba.sp.leg.br/imprensa/0/0/0/0/743#pesquisa
2023-01-01 00:00:00,AUDIÊNCIA PÚBLICA QUE DISCUTIRÁ A SAÚDE DE PINDAMONHANGABA SERÁ REALIZADA NO DIA 26 DE NOVEMBRO,https://www.cloudsoftcam.com.br/SP/PINDAMONHANGABA/importacao/2024/710_gl9tm787devr_noticia.jpeg,https://www.pindamonhangaba.sp.leg.br/imprensa/0/0/0/0/744#pesquisa
2023-01-01 00:00:00,PROJETO DO EXECUTIVO QUE REGULAMENTA ÁREAS INSTITUCIONAIS EM CONDOMÍNIOS É ADIADO PELA CÂMARA,https://www.cloudsoftcam.com.br/SP/PINDAMONHANGABA/importacao/2024/707_3mivu5s2k36po_noticia.jpeg,https://www.pindamonhangaba.sp.leg.br/imprensa/0/0/0/0/745#pesquisa
2023-01-01 00:00:00,VEREADORES AUTORIZAM EXECUTIVO A RATIFICAR CONSÓRCIO PARA IMPLANTAÇÃO DO SAMU EM PINDAMONHANGABA,https://www.cloudsoftcam.com.br/SP/PINDAMONHANGABA/importacao/2024/704_24ps5kha2td48_noticia.jpeg,https://www.pindamonhangaba.sp.leg.br/imprensa/0/0/0/0/746#pesquisa
2023-01-01 00:00:00,DENOMINAÇÕES DE RUAS DO PARQUE SHANGRI-LÁ E DO LOTEAMENTO VEREDAS DOS MANACÁS SÃO APROVADAS PELA CÂMARA DE PINDAMONHANGABA,https://www.cloudsoftcam.com.br/SP/PINDAMONHANGABA/importacao/2024/701_2opks2jgjtr79_noticia.jpeg,https://www.pindamonhangaba.sp.leg.br/imprensa/0/0/0/0/747#pesquisa
2023-01-01 00:00:00,"CLIENTES DEVEM SER INFORMADOS SOBRE TEMPO DE ATENDIMENTO EM BANCOS, DIZ PROJETO DE LEI APROVADO PELOS VEREADORES DE PINDAMONHANGABA",https://www.cloudsoftcam.com.br/SP/PINDAMONHANGABA/importacao/2024/698_67ag2cbqpmi47_noticia.jpeg,https://www.pindamonhangaba.sp.leg.br/imprensa/0/0/0/0/748#pesquisa
2023-01-01 00:00:00,SACERDOTE NIGERIANO PARTICIPA DE SESSÃO SOLENE DO DIA DA CONSCIÊNCIA NEGRA NA CÂMARA DE PINDAMONHANGABA,https://www.cloudsoftcam.com.br/SP/PINDAMONHANGABA/importacao/2024/695_3cee54434lqkq_noticia.jpeg,https://www.pindamonhangaba.sp.leg.br/imprensa/0/0/0/0/749#pesquisa
2023-01-01 00:00:00,"NÚMEROS APRESENTADOS EM AUDIÊNCIA PÚBLICA NA CÂMARA INDICAM QUE ORÇAMENTO 2016 DE PINDAMONHANGABA TERÁ REDUÇÃO DE 0,09%",https://www.cloudsoftcam.com.br/SP/PINDAMONHANGABA/importacao/2024/692_9j0s1iqpvdsr_noticia.jpeg,https://www.pindamonhangaba.sp.leg.br/imprensa/0/0/0/0/750#pesquisa
2023-01-01 00:00:00,BOLINHA ASSUME CADEIRA NA CÂMARA DURANTE AFASTAMENTO DO VEREADOR PROFESSOR ERIC,https://www.cloudsoftcam.com.br/SP/PINDAMONHANGABA/importacao/2024/689_2rp68l74134sr_noticia.jpeg,https://www.pindamonhangaba.sp.leg.br/imprensa/0/0/0/0/751#pesquisa
2023-01-01 00:00:00,PAUTA COM 13 PROJETOS DE LEI MOVIMENTA SESSÃO ORDINÁRIA DA CÂMARA DE PINDAMONHANGABA,https://www.cloudsoftcam.com.br/SP/PINDAMONHANGABA/importacao/2024/686_6331ihl2n09uc_noticia.jpeg,https://www.pindamonhangaba.sp.leg.br/imprensa/0/0/0/0/752#pesquisa
2023-01-01 00:00:00,"NA ÚLTIMA SESSÃO ORDINÁRIA DE 2015, CÂMARA APROVA ORÇAMENTO PARA 2016 E DOAÇÃO DE ÁREA PARA INDÚSTRIA",https://www.cloudsoftcam.com.br/SP/PINDAMONHANGABA/importacao/2024/683_v1uhs9q8hr3r_noticia.jpeg,https://www.pindamonhangaba.sp.leg.br/imprensa/0/0/0/0/753#pesquisa
2023-01-01 00:00:00,AUDIÊNCIA PÚBLICA REÚNE AUTORIDADES E MUNÍCIPES NA BUSCA DE SOLUÇÕES PARA SAÚDE DE PINDAMONHANGABA,https://www.cloudsoftcam.com.br/SP/PINDAMONHANGABA/importacao/2024/680_t9ple0c4680f_noticia.jpeg,https://www.pindamonhangaba.sp.leg.br/imprensa/0/0/0/0/754#pesquisa
2023-01-01 00:00:00,"CÂMARA DE PINDAMONHANGABA DEMONSTRA AUSTERIDADE E TRANSPARÊNCIA E FAZ ECONOMIA DE R$ 14.076.319,99",https://www.cloudsoftcam.com.br/SP/PINDAMONHANGABA/importacao/2024/677_7rt5ovmmht6i0_noticia.jpeg,https://www.pindamonhangaba.sp.leg.br/imprensa/0/0/0/0/755#pesquisa
2023-01-01 00:00:00,APAE E IGREJA DA COMUNIDADE SÃO JOSÉ RECEBERÃO ÁREA APÓS APROVAÇÃO DOS VEREADORES,https://www.cloudsoftcam.com.br/SP/PINDAMONHANGABA/importacao/2024/674_5b6vmjikie8kc_noticia.jpeg,https://www.pindamonhangaba.sp.leg.br/imprensa/0/0/0/0/756#pesquisa
2023-01-01 00:00:00,VEREADORES APROVAM CONVÊNIO COM ENTIDADES PARA REPASSES DE VERBAS ASSISTENCIAIS,https://www.cloudsoftcam.com.br/SP/PINDAMONHANGABA/importacao/2024/671_1qk1m6untmfg1_noticia.jpeg,https://www.pindamonhangaba.sp.leg.br/imprensa/0/0/0/0/757#pesquisa
2023-01-01 00:00:00,VEREADORES APROVAM AS CONTAS DE 2013 DA PREFEITURA,https://www.cloudsoftcam.com.br/SP/PINDAMONHANGABA/importacao/2024/668_5mre6qggntcof_noticia.jpeg,https://www.pindamonhangaba.sp.leg.br/imprensa/0/0/0/0/758#pesquisa
2023-01-01 00:00:00,"CÂMARA DE PINDAMONHANGABA AUTORIZA EXECUTIVO A ABRIR CRÉDITOS ADICIONAIS ESPECIAIS NO VALOR DE R$ 1.274.000,00",https://www.cloudsoftcam.com.br/SP/PINDAMONHANGABA/importacao/2024/705_7h357fmdoova0_noticia.jpeg,https://www.pindamonhangaba.sp.leg.br/imprensa/0/0/0/0/759#pesquisa
2023-01-01 00:00:00,PLENÁRIO É UNÂNIME: CÂMARA ACATA DENÚNCIA E PERMITE ABERTURA DE COMISSÃO PROCESSANTE PARA APURAR CONDUTA DO VEREADOR PROF. ERIC,https://www.cloudsoftcam.com.br/SP/PINDAMONHANGABA/importacao/2024/702_t1kutm4ptf03_noticia.jpeg,https://www.pindamonhangaba.sp.leg.br/imprensa/0/0/0/0/760#pesquisa
2023-01-01 00:00:00,CAMPANHA DA FRATERNIDADE 2016 É OFICIALMENTE ABERTA EM PINDAMONHANGABA EM SESSÃO SOLENE NA CÂMARA DE VEREADORES,https://www.cloudsoftcam.com.br/SP/PINDAMONHANGABA/importacao/2024/699_ooccbrmda6qf_noticia.jpeg,https://www.pindamonhangaba.sp.leg.br/imprensa/0/0/0/0/761#pesquisa
2023-01-01 00:00:00,"EM ELEIÇÃO RÁPIDA, VEREADORES CONFIRMAM TONINHO DA FARMÁCIA PARA OCUPAR O CARGO DE 2º SECRETÁRIO DA MESA DIRETORA",https://www.cloudsoftcam.com.br/SP/PINDAMONHANGABA/importacao/2024/696_s8cdh7dpqhb6_noticia.jpeg,https://www.pindamonhangaba.sp.leg.br/imprensa/0/0/0/0/762#pesquisa
2023-01-01 00:00:00,"EM AUDIÊNCIA PÚBLICA, SECRETARIA DE SAÚDE APRESENTA RELATÓRIO DETALHADO DA ÁREA NO 3º QUADRIMESTRE DE 2015",https://www.cloudsoftcam.com.br/SP/PINDAMONHANGABA/importacao/2024/693_7sjqrsmrsbcmb_noticia.jpeg,https://www.pindamonhangaba.sp.leg.br/imprensa/0/0/0/0/763#pesquisa
2023-01-01 00:00:00,SESSÃO ORDINÁRIA APROVA DENOMINAÇÕES DE RUA E QUADRA POLIESPORTIVA E HOMENAGEIA ATLETA AMADOR,https://www.cloudsoftcam.com.br/SP/PINDAMONHANGABA/importacao/2024/690_62uv1e5p7koj7_noticia.jpeg,https://www.pindamonhangaba.sp.leg.br/imprensa/0/0/0/0/764#pesquisa
2023-01-01 00:00:00,ADMINISTRAÇÃO MUNICIPAL REALIZA AUDIÊNCIA PÚBLICA E EXIBE NÚMEROS E DADOS FINANCEIROS DO 3º QUADRIMESTRE DE 2015,https://www.cloudsoftcam.com.br/SP/PINDAMONHANGABA/importacao/2024/687_4ohtfs0adiq6k_noticia.jpeg,https://www.pindamonhangaba.sp.leg.br/imprensa/0/0/0/0/765#pesquisa
2023-01-01 00:00:00,CRÉDITO ADICIONAL AUTORIZADO PELA CÂMARA PERMITIRÁ AQUISIÇÃO DE NOVOS EQUIPAMENTOS PARA UBS'S DA VILA SÃO BENEDITO E GOIABAL,https://www.cloudsoftcam.com.br/SP/PINDAMONHANGABA/importacao/2024/684_6pio97f650t6s_noticia.jpeg,https://www.pindamonhangaba.sp.leg.br/imprensa/0/0/0/0/766#pesquisa
2023-01-01 00:00:00,TRABALHOS E AÇÕES SOCIAIS DAS MULHERES DE PINDAMONHANGABA SÃO LEMBRADOS EM SESSÃO SOLENE PROMOVIDA NA CÂMARA DE PINDAMONHANGABA,https://www.cloudsoftcam.com.br/SP/PINDAMONHANGABA/importacao/2024/681_6f0lh5utm7ahv_noticia.jpeg,https://www.pindamonhangaba.sp.leg.br/imprensa/0/0/0/0/767#pesquisa
2023-01-01 00:00:00,LEGISLATIVO CONFIRMA VERBA DE R$ 731 MIL PARA REFORMA DO CENTRO DE ESPECIALIDADES MÉDICAS,https://www.cloudsoftcam.com.br/SP/PINDAMONHANGABA/importacao/2024/678_6upiq32sjqt4e_noticia.jpeg,https://www.pindamonhangaba.sp.leg.br/imprensa/0/0/0/0/768#pesquisa
2023-01-01 00:00:00,VEREADORES PRIORIZAM ENTIDADES SOCIAIS: APAE E LAR SÃO VICENTE DE PAULO RECEBERÃO AUXÍLIO FINANCEIRO DO MUNICÍPIO,https://www.cloudsoftcam.com.br/SP/PINDAMONHANGABA/importacao/2024/675_1rlmqbav4r8sb_noticia.jpeg,https://www.pindamonhangaba.sp.leg.br/imprensa/0/0/0/0/769#pesquisa
2023-01-01 00:00:00,"SERVIDORES PÚBLICOS DE PINDAMONHANGABA TERÃO AUMENTO DE 11%. PLENÁRIO LEGISLATIVO REJEITA AUMENTO A PREFEITO, VICE, SECRETÁRIOS E VEREADORES",https://www.cloudsoftcam.com.br/SP/PINDAMONHANGABA/importacao/2024/672_7ibunjcofoo7k_noticia.jpeg,https://www.pindamonhangaba.sp.leg.br/imprensa/0/0/0/0/770#pesquisa
2023-01-01 00:00:00,"COM APROVAÇÃO DE PROJETO, VEREADORES ALERTAM: MORADORES QUE DESCUMPRIREM MEDIDAS DE COMBATE E PREVENÇÃO À DENGUE TERÃO MULTAS PESADAS",https://www.cloudsoftcam.com.br/SP/PINDAMONHANGABA/importacao/2024/669_7qc4nuirt7uje_noticia.jpeg,https://www.pindamonhangaba.sp.leg.br/imprensa/0/0/0/0/771#pesquisa
2023-01-01 00:00:00,"ATLETA ELVIS MARTINS, O CAIÇARA, É HOMENAGEADO NA CÂMARA PELA CONQUISTA DO TÍTULO DE CAMPEÃO PAN-AMERICANO DE JIU-JITSU",https://www.cloudsoftcam.com.br/SP/PINDAMONHANGABA/importacao/2024/666_7nsg2mdjhqep3_noticia.jpeg,https://www.pindamonhangaba.sp.leg.br/imprensa/0/0/0/0/772#pesquisa
2023-01-01 00:00:00,PLENÁRIO DECIDE ADIAR PROJETOS DA ORDEM DO DIA PARA ALTERAÇÕES DO EXECUTIVO E PARECER JURÍDICO DO IBAM,https://www.cloudsoftcam.com.br/SP/PINDAMONHANGABA/importacao/2024/663_u1r1hic5u30b_noticia.jpeg,https://www.pindamonhangaba.sp.leg.br/imprensa/0/0/0/0/773#pesquisa
2023-01-01 00:00:00,"MORAL, RESPEITO E HONRADEZ SÃO EXALTADOS EM CELEBRAÇÃO AO DIA DO ESCOTEIRO NA CÂMARA DE PINDAMONHANGABA",https://www.cloudsoftcam.com.br/SP/PINDAMONHANGABA/importacao/2024/660_72k5tqpvvmj9j_noticia.jpeg,https://www.pindamonhangaba.sp.leg.br/imprensa/0/0/0/0/774#pesquisa
2023-01-01 00:00:00,VEREADORES APROVAM ABERTURA DE CEI PARA APURAR RETIRADA DE BLOQUETES DAS DEPENDÊNCIAS DA CÂMARA,https://www.cloudsoftcam.com.br/SP/PINDAMONHANGABA/importacao/2024/657_7nq73jaq1tm5j_noticia.jpeg,https://www.pindamonhangaba.sp.leg.br/imprensa/0/0/0/0/775#pesquisa
2023-01-01 00:00:00,"CONVIDADO PELA CÂMARA, DIRIGENTE DA SABESP ESCLARECE OS PROBLEMAS DA FALTA DE ÁGUA, COR E QUALIDADE DO PRODUTO EM PINDAMONHANGABA",https://www.cloudsoftcam.com.br/SP/PINDAMONHANGABA/importacao/2024/654_gm08onoeuthd_noticia.jpeg,https://www.pindamonhangaba.sp.leg.br/imprensa/0/0/0/0/776#pesquisa
2023-01-01 00:00:00,PROJETO QUE REGULAMENTA SERVIÇO DE MOTOBOY E DE MOTOTAXISTA EM PINDAMONHANGABA É ADIADO A PEDIDO DO AUTOR,https://www.cloudsoftcam.com.br/SP/PINDAMONHANGABA/importacao/2024/651_58o3j18tk8i5o_noticia.jpeg,https://www.pindamonhangaba.sp.leg.br/imprensa/0/0/0/0/777#pesquisa
2023-01-01 00:00:00,"EM VOTAÇÃO UNÂNIME, VEREADORES CONFIRMAM: ASSOCIAÇÃO PRÓ-COALIZÕES COMUNITÁRIAS ANTIDROGAS DO BRASIL É DECLARADA DE UTILIDADE PÚBLICA",https://www.cloudsoftcam.com.br/SP/PINDAMONHANGABA/importacao/2024/648_67qh75ppki5dn_noticia.jpeg,https://www.pindamonhangaba.sp.leg.br/imprensa/0/0/0/0/778#pesquisa
2023-01-01 00:00:00,"AUDIÊNCIA PÚBLICA NA CÂMARA MOSTRA PROVÁVEL EVOLUÇÃO DE 5,81% NA LDO 2017 DE PINDAMONHANGABA",https://www.cloudsoftcam.com.br/SP/PINDAMONHANGABA/importacao/2024/685_8i9n79uv5qae_noticia.jpeg,https://www.pindamonhangaba.sp.leg.br/imprensa/0/0/0/0/779#pesquisa
2023-01-01 00:00:00,VEREADORES DE PINDAMONHANGABA APROVAM ABERTURA DE CRÉDITO SUPLEMENTAR PARA SECRETARIA DE SAÚDE,https://www.cloudsoftcam.com.br/SP/PINDAMONHANGABA/importacao/2024/682_5qbls6mqqfv24_noticia.jpeg,https://www.pindamonhangaba.sp.leg.br/imprensa/0/0/0/0/780#pesquisa
2023-01-01 00:00:00,CÂMARA DE PINDAMONHANGABA GARANTE RECEBIMENTO DE CRÉDITO ADICIONAL DE R$ 350 MIL AO NÚCLEO TURÍSTICO DO PIRACUAMA PARA REALIZAÇÃO DE FESTIVAL JUNINO 2016,https://www.cloudsoftcam.com.br/SP/PINDAMONHANGABA/importacao/2024/679_6kk5rjgbsi34u_noticia.jpeg,https://www.pindamonhangaba.sp.leg.br/imprensa/0/0/0/0/781#pesquisa
2023-01-01 00:00:00,SECRETÁRIO DE FINANÇAS APRESENTA METAS FISCAIS DA ADMINISTRAÇÃO RELATIVAS AO 1º QUADRIMESTRE DE 2016 EM AUDIÊNCIA PÚBLICA,https://www.cloudsoftcam.com.br/SP/PINDAMONHANGABA/importacao/2024/676_6m8ua9p826v3n_noticia.jpeg,https://www.pindamonhangaba.sp.leg.br/imprensa/0/0/0/0/782#pesquisa
2023-01-01 00:00:00,AUDIÊNCIA PÚBLICA REVELA QUE PINDAMONHANGABA SUPERA META DE INVESTIMENTO EM SAÚDE E NÚMEROS MOSTRADOS INDICAM TOTAL DE 27% APLICADOS NO SETOR,https://www.cloudsoftcam.com.br/SP/PINDAMONHANGABA/importacao/2024/673_76mm7fqcgfj3i_noticia.jpeg,https://www.pindamonhangaba.sp.leg.br/imprensa/0/0/0/0/783#pesquisa
2023-01-01 00:00:00,FUNCIONÁRIOS MUNICIPAIS SOLICITAM APOIO E VEREADORES FORMAM COMISSÃO OFICIAL PARA ANALISAR E PROPOR SOLUÇÕES PARA PROCESSO NO TRIBUNAL DE JUSTIÇA DE SÃO PAULO,https://www.cloudsoftcam.com.br/SP/PINDAMONHANGABA/importacao/2024/670_7kfl65mbb59j0_noticia.jpeg,https://www.pindamonhangaba.sp.leg.br/imprensa/0/0/0/0/784#pesquisa
2023-01-01 00:00:00,CRÉDITO ADICIONAL AUTORIZADO PELOS VEREADORES PERMITIRÁ A CONTINUIDADE DAS OBRAS DA UPA 24 HORAS DO CIDADE NOVA,https://www.cloudsoftcam.com.br/SP/PINDAMONHANGABA/importacao/2024/667_7o3tg9via6pb1_noticia.jpeg,https://www.pindamonhangaba.sp.leg.br/imprensa/0/0/0/0/785#pesquisa
2023-01-01 00:00:00,PLENÁRIO CONSIDERA IMPROCEDENTE AS DENÚNCIAS CONTRA O VEREADOR PROFESSOR ERIC E RELATÓRIO DA COMISSÃO PROCESSANTE É ARQUIVADO,https://www.cloudsoftcam.com.br/SP/PINDAMONHANGABA/importacao/2024/664_e9ing31ili09_noticia.jpeg,https://www.pindamonhangaba.sp.leg.br/imprensa/0/0/0/0/786#pesquisa
2023-01-01 00:00:00,APROVADA CONCESSÃO DE ÁREA PARA A CONSTRUÇÃO DO NOVO FÓRUM TRABALHISTA DE PINDAMONHANGABA,https://www.cloudsoftcam.com.br/SP/PINDAMONHANGABA/importacao/2024/661_7uqsfq37i034o_noticia.jpeg,https://www.pindamonhangaba.sp.leg.br/imprensa/0/0/0/0/787#pesquisa
2023-01-01 00:00:00,LEI DAS DIRETRIZES ORÇAMENTÁRIAS PARA 2017 É APROVADA SEM ALTERAÇÕES,https://www.cloudsoftcam.com.br/SP/PINDAMONHANGABA/importacao/2024/658_7rq6qj3qr163v_noticia.jpeg,https://www.pindamonhangaba.sp.leg.br/imprensa/0/0/0/0/788#pesquisa
2023-01-01 00:00:00,ADMINISTRAÇÃO MUNICIPAL É AUTORIZADA A CELEBRAR CONVÊNIO COM A TENARIS CONFAB PARA DESENVOLVER PROJETO FOTOTECA NO PALACETE 10 DE JULHO,https://www.cloudsoftcam.com.br/SP/PINDAMONHANGABA/importacao/2024/655_7ejufudetd4aa_noticia.jpeg,https://www.pindamonhangaba.sp.leg.br/imprensa/0/0/0/0/789#pesquisa
2023-01-01 00:00:00,VEREADORES CONFIRMAM APOIO E FÓRUM MUNICIPAL DE EDUCAÇÃO – FMEP É INSTITUÍDO EM PINDAMONHANGABA,https://www.cloudsoftcam.com.br/SP/PINDAMONHANGABA/importacao/2024/652_7643b4kh5ak8v_noticia.jpeg,https://www.pindamonhangaba.sp.leg.br/imprensa/0/0/0/0/790#pesquisa
2023-01-01 00:00:00,CÂMARA DE PINDAMONHANGABA RETOMA TRABALHOS LEGISLATIVOS DO 2º SEMESTRE E VEREADORES GARANTEM APROVAÇÃO DE 3 PROJETOS,https://www.cloudsoftcam.com.br/SP/PINDAMONHANGABA/importacao/2024/649_7s258bs9176bm_noticia.jpeg,https://www.pindamonhangaba.sp.leg.br/imprensa/0/0/0/0/791#pesquisa
2023-01-01 00:00:00,"REVERENCIADO PELOS CATÓLICOS DA CIDADE, PADRE OSMAR BARBOSA RECEBE HOMENAGEM PÓSTUMA DA CÂMARA DE PINDAMONHANGABA",https://www.cloudsoftcam.com.br/SP/PINDAMONHANGABA/importacao/2024/646_69dlkbj5p8nqc_noticia.jpeg,https://www.pindamonhangaba.sp.leg.br/imprensa/0/0/0/0/792#pesquisa
2023-01-01 00:00:00,CÂMARA AUTORIZA DOAÇÃO DE TERRENO À PREFEITURA PARA PROLONGAMENTO DE VIA NO SHANGRI-LA,https://www.cloudsoftcam.com.br/SP/PINDAMONHANGABA/importacao/2024/643_abrlhltsmbjl_noticia.jpeg,https://www.pindamonhangaba.sp.leg.br/imprensa/0/0/0/0/793#pesquisa
2023-01-01 00:00:00,"COM PARTICIPAÇÃO DISCRETA NA SOCIEDADE, MAÇONS SÃO HOMENAGEADOS COM SESSÃO SOLENE NA CÂMARA DE PINDAMONHANGABA",https://www.cloudsoftcam.com.br/SP/PINDAMONHANGABA/importacao/2024/640_t88om5jpjl3n_noticia.jpeg,https://www.pindamonhangaba.sp.leg.br/imprensa/0/0/0/0/794#pesquisa
2023-01-01 00:00:00,COMUNICADO  - TRANSMISSÃO OFICIAL DE EVENTOS DO LEGISLATIVO,https://www.cloudsoftcam.com.br/SP/PINDAMONHANGABA/importacao/2024/637_5f5f11k551jpm_noticia.jpeg,https://www.pindamonhangaba.sp.leg.br/imprensa/0/0/0/0/795#pesquisa
2023-01-01 00:00:00,PLENÁRIO É UNÂNIME E CONFIRMA: VALORES DOS SUBSÍDIOS DOS VEREADORES PARA A LEGISLATURA 2017 - 2020 PERMANECEM INALTERADOS,https://www.cloudsoftcam.com.br/SP/PINDAMONHANGABA/importacao/2024/634_7vu60j1eplu2_noticia.jpeg,https://www.pindamonhangaba.sp.leg.br/imprensa/0/0/0/0/796#pesquisa
2023-01-01 00:00:00,"“FAMÍLIA É O ÍCONE DO DEUS QUE É AMOR”, AFIRMA SACERDOTE DURANTE A SESSÃO SOLENE EM COMEMORAÇÃO A “SEMANA NACIONAL DA FAMÍLIA”",https://www.cloudsoftcam.com.br/SP/PINDAMONHANGABA/importacao/2024/631_6120rd72bnjli_noticia.jpeg,https://www.pindamonhangaba.sp.leg.br/imprensa/0/0/0/0/797#pesquisa
2023-01-01 00:00:00,NOME DE SELMA JACINTHO RIBEIRO LEITE É ETERNIZADO PELA CÂMARA DE PINDAMONHANGABA ATRAVÉS DE DENOMINAÇÃO DE ROTATÓRIA NA SP-62,https://www.cloudsoftcam.com.br/SP/PINDAMONHANGABA/importacao/2024/628_kptsbfoq80bg_noticia.jpeg,https://www.pindamonhangaba.sp.leg.br/imprensa/0/0/0/0/798#pesquisa
2023-01-01 00:00:00,VEREADORES GARANTEM APROVAÇÃO E ROTATÓRIA ENTRE VILA SÃO BENEDITO E TERRA DOS IPÊS II GANHA NOVA DENOMINAÇÃO: ALFREDO DA PALMA RODRIGUES,https://www.cloudsoftcam.com.br/SP/PINDAMONHANGABA/importacao/2024/665_7qvimp9a3djdk_noticia.jpeg,https://www.pindamonhangaba.sp.leg.br/imprensa/0/0/0/0/799#pesquisa
2023-01-01 00:00:00,DENOMINAÇÃO DE RUA NO ARARETAMA RESOLVE PROBLEMA DOS MORADORES COM DUPLICIDADE DE NUMERAÇÃO,https://www.cloudsoftcam.com.br/SP/PINDAMONHANGABA/importacao/2024/662_522eiiqk86luo_noticia.jpeg,https://www.pindamonhangaba.sp.leg.br/imprensa/0/0/0/0/800#pesquisa
2023-01-01 00:00:00,CÂMARA DECIDE ADIAR VOTAÇÃO DE PROJETOS DE LEI SOBRE ARBORIZAÇÃO URBANA E CAPOEIRA,https://www.cloudsoftcam.com.br/SP/PINDAMONHANGABA/importacao/2024/659_6mj9p6ghvb1jk_noticia.jpeg,https://www.pindamonhangaba.sp.leg.br/imprensa/0/0/0/0/801#pesquisa
2023-01-01 00:00:00,"“PARA A EDUCAÇÃO MELHORAR, TODOS DEVEM PARTICIPAR” É TEMA DA SESSÃO SOLENE DE ABERTURA DA 7ª SEMANA DA EDUCAÇÃO DE PINDAMONHANGABA",https://www.cloudsoftcam.com.br/SP/PINDAMONHANGABA/importacao/2024/656_vs3ick681gr7_noticia.jpeg,https://www.pindamonhangaba.sp.leg.br/imprensa/0/0/0/0/802#pesquisa
2023-01-01 00:00:00,PARLAMENTARES APROVAM DENOMINAÇÕES DE RUAS E DECLARAM ASSOCIAÇÃO ORQUIDÓFILA DE PINDAMONHANGABA DE UTILIDADE PÚBLICA,https://www.cloudsoftcam.com.br/SP/PINDAMONHANGABA/importacao/2024/653_7apaog53n007h_noticia.jpeg,https://www.pindamonhangaba.sp.leg.br/imprensa/0/0/0/0/803#pesquisa
2023-01-01 00:00:00,PREFEITURA DE PINDAMONHANGABA EXPÕE VALORES E DADOS REFERENTES DAS METAS FISCAIS DO 2° QUADRIMESTRE/2016 NO PLENÁRIO DA CÂMARA DE VEREADORES,https://www.cloudsoftcam.com.br/SP/PINDAMONHANGABA/importacao/2024/650_5pt006eqvm770_noticia.jpeg,https://www.pindamonhangaba.sp.leg.br/imprensa/0/0/0/0/804#pesquisa
2023-01-01 00:00:00,"EM PINDAMONHANGABA, ADMINISTRAÇÃO APLICA 37,69% DA ARRECADAÇÃO NA ÁREA DA SAÚDE DO MUNICÍPIO NO 2º QUADRIMESTRE DE 2016",https://www.cloudsoftcam.com.br/SP/PINDAMONHANGABA/importacao/2024/647_96lv3sjf03_noticia.jpeg,https://www.pindamonhangaba.sp.leg.br/imprensa/0/0/0/0/805#pesquisa
2023-01-01 00:00:00,VEREADORES DE PINDAMONHANGABA DEFINEM NOVO NOME PARA RUA LOCALIZADA ENTRE JARDIM ELOYNA E CIDADE NOVA,https://www.cloudsoftcam.com.br/SP/PINDAMONHANGABA/importacao/2024/644_7fmmrams30df2_noticia.jpeg,https://www.pindamonhangaba.sp.leg.br/imprensa/0/0/0/0/806#pesquisa
2023-01-01 00:00:00,APROVADAS NOVAS DIRETRIZES NA OBRIGATORIEDADE DE PROJETO DE ARBORIZAÇÃO URBANA PARA IMPLANTAÇÃO DE NOVOS LOTEAMENTOS,https://www.cloudsoftcam.com.br/SP/PINDAMONHANGABA/importacao/2024/641_fjdnh1mgjuui_noticia.jpeg,https://www.pindamonhangaba.sp.leg.br/imprensa/0/0/0/0/807#pesquisa
2023-01-01 00:00:00,"COM APENAS 1 VOTO CONTRA, VEREADORES ACATAM VETO DO EXECUTIVO PARA PROJETO QUE DENOMINAVA RUA DO ARARETAMA",https://www.cloudsoftcam.com.br/SP/PINDAMONHANGABA/importacao/2024/638_4vm1dk2q6aqen_noticia.jpeg,https://www.pindamonhangaba.sp.leg.br/imprensa/0/0/0/0/808#pesquisa
2023-01-01 00:00:00,"EM 1 ANO E 10 MESES NA PRESIDÊNCIA DA CÂMARA DE PINDAMONHANGABA, VEREADOR FELIPE CÉSAR CONSEGUE ECONOMIZAR R$ 19.500.000,00",https://www.cloudsoftcam.com.br/SP/PINDAMONHANGABA/importacao/2024/635_7alorliiqsehp_noticia.jpeg,https://www.pindamonhangaba.sp.leg.br/imprensa/0/0/0/0/809#pesquisa
2023-01-01 00:00:00,PROJETO DO VEREADOR CAL DENOMINA DUAS RUAS DO RESIDENCIAL VILA ROMANA,https://www.cloudsoftcam.com.br/SP/PINDAMONHANGABA/importacao/2024/632_5m8asnq7ab8kp_noticia.jpeg,https://www.pindamonhangaba.sp.leg.br/imprensa/0/0/0/0/810#pesquisa
2023-01-01 00:00:00,"VALORIZANDO OS COMERCIÁRIOS DA CIDADE, CÂMARA DE PINDAMONHANGABA REALIZA SESSÃO SOLENE E ENALTECE TRABALHO DA CATEGORIA",https://www.cloudsoftcam.com.br/SP/PINDAMONHANGABA/importacao/2024/629_51iaijesk4l15_noticia.jpeg,https://www.pindamonhangaba.sp.leg.br/imprensa/0/0/0/0/811#pesquisa
2023-01-01 00:00:00,VEREADORES AUTORIZAM PRORROGAÇÃO DE CONTRATO DE SERVIÇOS HOSPITALARES ENTRE PREFEITURA E SANTA CASA DE PINDAMONHANGABA,https://www.cloudsoftcam.com.br/SP/PINDAMONHANGABA/importacao/2024/626_2uvbttriff8fu_noticia.jpeg,https://www.pindamonhangaba.sp.leg.br/imprensa/0/0/0/0/812#pesquisa
2023-01-01 00:00:00,LEGISLATIVO APROVA SUBVENÇÃO PARA CASA TRANSITÓRIA FABIANO DE CRISTO DE PINDAMONHANGABA,https://www.cloudsoftcam.com.br/SP/PINDAMONHANGABA/importacao/2024/623_aja15qejt0d3_noticia.jpeg,https://www.pindamonhangaba.sp.leg.br/imprensa/0/0/0/0/813#pesquisa
2023-01-01 00:00:00,"NO DIA DO PROFESSOR, EDUCADORES RECEBEM HOMENAGEM DA CÂMARA E VEREADORES AFIRMAM QUE EDUCAR É ENSINAR O QUE É MORAL E ÉTICO",https://www.cloudsoftcam.com.br/SP/PINDAMONHANGABA/importacao/2024/620_tu0e214skq97_noticia.jpeg,https://www.pindamonhangaba.sp.leg.br/imprensa/0/0/0/0/814#pesquisa
2023-01-01 00:00:00,"POR UNANIMIDADE, PROJETO APROVADO DÁ NOVO NOME A “ESPAÇO PÚBLICO” DO BAIRRO DAS CAMPININHAS",https://www.cloudsoftcam.com.br/SP/PINDAMONHANGABA/importacao/2024/617_k17buielrc1m_noticia.jpeg,https://www.pindamonhangaba.sp.leg.br/imprensa/0/0/0/0/815#pesquisa
2023-01-01 00:00:00,"EM AUDIÊNCIA PÚBLICA NA CÂMARA, SECRETÁRIO DE FINANÇAS APONTA REDUÇÃO DE 4,99% NO ORÇAMENTO DE PINDAMONHANGABA PARA 2017",https://www.cloudsoftcam.com.br/SP/PINDAMONHANGABA/importacao/2024/614_4khevi64bsgf8_noticia.jpeg,https://www.pindamonhangaba.sp.leg.br/imprensa/0/0/0/0/816#pesquisa
2023-01-01 00:00:00,"PLENÁRIO CONFIRMA CONCESSÃO DE MEDALHA ATHAYDE MARCONDES AO SENHOR JOAQUIM DA FIGUEIRA E DENOMINAÇÃO DE RUA DO RESIDENCIAL ARAGUAIA, EM MOREIRA CÉSAR",https://www.cloudsoftcam.com.br/SP/PINDAMONHANGABA/importacao/2024/611_7p5dahki6cvu3_noticia.jpeg,https://www.pindamonhangaba.sp.leg.br/imprensa/0/0/0/0/817#pesquisa
2023-01-01 00:00:00,PINDAMONHANGABA COMEMORA DIA DA CONSCIÊNCIA NEGRA COM SESSÃO SOLENE NA CÂMARA DE VEREADORES,https://www.cloudsoftcam.com.br/SP/PINDAMONHANGABA/importacao/2024/608_di2t5ikfhq7q_noticia.jpeg,https://www.pindamonhangaba.sp.leg.br/imprensa/0/0/0/0/818#pesquisa
2023-01-01 00:00:00,VEREADORES PROPÕEM E GARANTEM NOVOS NOMES PARA RUAS DO “FLAMBOYANT”; POLÍTICAS CULTURAIS SÃO DEBATIDAS NA TRIBUNA LIVRE,https://www.cloudsoftcam.com.br/SP/PINDAMONHANGABA/importacao/2024/645_43u1quf95j9lj_noticia.jpeg,https://www.pindamonhangaba.sp.leg.br/imprensa/0/0/0/0/819#pesquisa
2023-01-01 00:00:00,"PARLAMENTARES ADIAM PROJETOS DE DENOMINAÇÕES DE VIAS PÚBLICAS E APROVAM NOVA ESTRUTURA DA CASA, QUE FIXA PERCENTUAL MÍNIMO DE EMPREGOS EM COMISSÃO",https://www.cloudsoftcam.com.br/SP/PINDAMONHANGABA/importacao/2024/642_vin1766cbg16_noticia.jpeg,https://www.pindamonhangaba.sp.leg.br/imprensa/0/0/0/0/820#pesquisa
2023-01-01 00:00:00,"POR UNANIMIDADE, VEREADORES DE PINDAMONHANGABA CONFIRMAM E APROVAM REDUÇÃO DE 4,99% NO ORÇAMENTO DE 2017",https://www.cloudsoftcam.com.br/SP/PINDAMONHANGABA/importacao/2024/639_7v0ohr9o2tbl2_noticia.jpeg,https://www.pindamonhangaba.sp.leg.br/imprensa/0/0/0/0/821#pesquisa
2023-01-01 00:00:00,"JUSTIÇA ELEITORAL ENTREGA DIPLOMAS AOS VEREADORES, PREFEITO E VICE-PREFEITO ELEITOS EM PINDAMONHANGABA",https://www.cloudsoftcam.com.br/SP/PINDAMONHANGABA/importacao/2024/636_ciic7kvg2ell_noticia.jpeg,https://www.pindamonhangaba.sp.leg.br/imprensa/0/0/0/0/822#pesquisa
2023-01-01 00:00:00,"PRESIDENTE FELIPE CÉSAR ECONOMIZA MAIS 3,5 MILHÕES E ENCERRA MANDATO DE 2 ANOS COM ECONOMIA DE R$ 23.000.000,00",https://www.cloudsoftcam.com.br/SP/PINDAMONHANGABA/importacao/2024/633_4kr5jc2fhc1k9_noticia.jpeg,https://www.pindamonhangaba.sp.leg.br/imprensa/0/0/0/0/823#pesquisa
2023-01-01 00:00:00,"ÚLTIMA SESSÃO ORDINÁRIA DO ANO É MARCADA PELA APROVAÇÃO DE PROJETOS DE OPERACIONALIZAÇÃO DO SAMU E DA FIXAÇÃO DOS SUBSÍDIOS DO PREFEITO, VICE-PREFEITO E SECRETÁRIOS",https://www.cloudsoftcam.com.br/SP/PINDAMONHANGABA/importacao/2024/630_lokgv95podgp_noticia.jpeg,https://www.pindamonhangaba.sp.leg.br/imprensa/0/0/0/0/824#pesquisa
2023-01-01 00:00:00,"COM GALERIAS LOTADAS, VEREADORES, PREFEITO E VICE-PREFEITO SÃO EMPOSSADOS EM SESSÃO SOLENE NA CÂMARA DE PINDAMONHANGABA",https://www.cloudsoftcam.com.br/SP/PINDAMONHANGABA/importacao/2024/627_mkhf3kdjjfnk_noticia.jpeg,https://www.pindamonhangaba.sp.leg.br/imprensa/0/0/0/0/825#pesquisa
2023-01-01 00:00:00,"VEREADOR CARLOS EDUARDO DE MOURA – MAGRÃO, DO PR, ASSUME A PRESIDÊNCIA DA CÂMARA DE PINDAMONHANGABA NO BIÊNIO 2017/2018",https://www.cloudsoftcam.com.br/SP/PINDAMONHANGABA/importacao/2024/624_7godgo7aselt4_noticia.jpeg,https://www.pindamonhangaba.sp.leg.br/imprensa/0/0/0/0/826#pesquisa
2023-01-01 00:00:00,VEREADORES SE REÚNEM EM SESSÃO EXTRAORDINÁRIA PARA ELEGER MEMBROS DAS COMISSÕES DA CÂMARA DE PINDAMONHANGABA,https://www.cloudsoftcam.com.br/SP/PINDAMONHANGABA/importacao/2024/621_5bhp3ibiupovo_noticia.jpeg,https://www.pindamonhangaba.sp.leg.br/imprensa/0/0/0/0/827#pesquisa
2023-01-01 00:00:00,PLENÁRIO É UNÂNIME E CÂMARA DE PINDAMONHANGABA GARANTE APROVAÇÃO DE REFORMA ADMINISTRATIVA DA PREFEITURA,https://www.cloudsoftcam.com.br/SP/PINDAMONHANGABA/importacao/2024/618_4ekfqh1a79p2p_noticia.jpeg,https://www.pindamonhangaba.sp.leg.br/imprensa/0/0/0/0/828#pesquisa
2023-01-01 00:00:00,DEPARTAMENTOS ADMINISTRATIVO E LEGISLATIVO REALIZAM CONFERÊNCIA PARA VEREADORES E ASSESSORES PARLAMENTARES,https://www.cloudsoftcam.com.br/SP/PINDAMONHANGABA/importacao/2024/615_7us4eah01vkv1_noticia.jpeg,https://www.pindamonhangaba.sp.leg.br/imprensa/0/0/0/0/829#pesquisa
2023-01-01 00:00:00,VEREADORES SE REÚNEM COM COMANDO DO 5º BATALHÃO E DA 2ª COMPANHIA DA POLÍCIA MILITAR DE PINDAMONHANGABA,https://www.cloudsoftcam.com.br/SP/PINDAMONHANGABA/importacao/2024/612_7fmoc4or5kcpl_noticia.jpeg,https://www.pindamonhangaba.sp.leg.br/imprensa/0/0/0/0/830#pesquisa
2023-01-01 00:00:00,CÂMARA REALIZA SESSÃO EXTRAORDINÁRIA PARA COMPOR AS COMISSÕES PERMANENTES DO LEGISLATIVO PINDAMONHANGABENSE,https://www.cloudsoftcam.com.br/SP/PINDAMONHANGABA/importacao/2024/609_4vgglveoma2rv_noticia.jpeg,https://www.pindamonhangaba.sp.leg.br/imprensa/0/0/0/0/831#pesquisa
2023-01-01 00:00:00,PRESIDENTE DA CÂMARA VEREADOR MAGRÃO E MEMBROS DA MESA DIRETORA SE REÚNEM COM SECRETÁRIOS MUNICIPAIS,https://www.cloudsoftcam.com.br/SP/PINDAMONHANGABA/importacao/2024/606_6cp3ifj0flahh_noticia.jpeg,https://www.pindamonhangaba.sp.leg.br/imprensa/0/0/0/0/832#pesquisa
2023-01-01 00:00:00,CÂMARA REALIZA SESSÃO EXTRAORDINÁRIA PARA VOTAR REPASSE DE VERBAS PARA ENTIDADES ASSISTENCIAIS,https://www.cloudsoftcam.com.br/SP/PINDAMONHANGABA/importacao/2024/603_1nia71v7pbhaf_noticia.jpeg,https://www.pindamonhangaba.sp.leg.br/imprensa/0/0/0/0/833#pesquisa
2023-01-01 00:00:00,VEREADORES DEFINEM OS NOVOS MEMBROS DAS COMISSÕES PERMANENTES DA CÂMARA DE PINDAMONHANGABA,https://www.cloudsoftcam.com.br/SP/PINDAMONHANGABA/importacao/2024/600_2f60n63drg3aj_noticia.jpeg,https://www.pindamonhangaba.sp.leg.br/imprensa/0/0/0/0/834#pesquisa
2023-01-01 00:00:00,CÂMARA ABRE O ANO LEGISLATIVO E PLENÁRIO INSTAURA CEI PARA APURAR CONDUTA DE SECRETÁRIO DA PREFEITURA,https://www.cloudsoftcam.com.br/SP/PINDAMONHANGABA/importacao/2024/597_bjuebc8loovj_noticia.jpeg,https://www.pindamonhangaba.sp.leg.br/imprensa/0/0/0/0/835#pesquisa
2023-01-01 00:00:00,"EM SESSÃO EXTRAORDINÁRIA, PARLAMENTARES MANIFESTAM APOIO AO PROJETO QUE PREVÊ VERBAS PARA ENTIDADES ASSISTENCIAIS",https://www.cloudsoftcam.com.br/SP/PINDAMONHANGABA/importacao/2024/594_4kad2vkkg3cl2_noticia.jpeg,https://www.pindamonhangaba.sp.leg.br/imprensa/0/0/0/0/836#pesquisa
2023-01-01 00:00:00,"APÓS REUNIÃO COM DIRIGENTES DA SANTA CASA, CÂMARA VOTA NESTA QUINTA-FEIRA, DIA 02, PRORROGAÇÃO DE CONVÊNIO PARA ATENDIMENTOS DE URGÊNCIA E EMERGÊNCIA NA CIDADE",https://www.cloudsoftcam.com.br/SP/PINDAMONHANGABA/importacao/2024/591_1en6sm8pi8inv_noticia.jpeg,https://www.pindamonhangaba.sp.leg.br/imprensa/0/0/0/0/837#pesquisa
2023-01-01 00:00:00,LEGISLATIVO HOMOLOGA PRORROGAÇÃO DE CONVÊNIO DA SAÚDE ENTRE O MUNICÍPIO E A SANTA CASA DE PINDAMONHANGABA,https://www.cloudsoftcam.com.br/SP/PINDAMONHANGABA/importacao/2024/588_kqs1ropb1t47_noticia.jpeg,https://www.pindamonhangaba.sp.leg.br/imprensa/0/0/0/0/838#pesquisa
2023-01-01 00:00:00,EXECUTIVO SOLICITA RETIRADA DE PROJETOS DE LEI EM TRAMITAÇÃO NA CÂMARA DE PINDAMONHANGABA,https://www.cloudsoftcam.com.br/SP/PINDAMONHANGABA/importacao/2024/625_2t3m1fnjqode5_noticia.jpeg,https://www.pindamonhangaba.sp.leg.br/imprensa/0/0/0/0/839#pesquisa
2023-01-01 00:00:00,PLENÁRIO ACOLHE RETIRADA DE PROJETO DA ORDEM DO DIA; SOLICITAÇÃO FOI DO PREFEITO E ENGLOBOU MAIS TRÊS EM TRAMITAÇÃO NA CASA DE LEI,https://www.cloudsoftcam.com.br/SP/PINDAMONHANGABA/importacao/2024/622_prlt4fiki1s4_noticia.jpeg,https://www.pindamonhangaba.sp.leg.br/imprensa/0/0/0/0/840#pesquisa
2023-01-01 00:00:00,VEREADORES PROPÕEM ENVIO DE PROJETOS DA ORDEM DO DIA AO PODER EXECUTIVO,https://www.cloudsoftcam.com.br/SP/PINDAMONHANGABA/importacao/2024/619_6ke1gamcc5tei_noticia.jpeg,https://www.pindamonhangaba.sp.leg.br/imprensa/0/0/0/0/841#pesquisa
2023-01-01 00:00:00,AUDIÊNCIA PÚBLICA ABRE DISCUSSÃO PARA ELABORAÇÃO DE EDITAL QUE VAI DEFINIR EMPRESA DE TRANSPORTE COLETIVO DE PINDAMONHANGABA,https://www.cloudsoftcam.com.br/SP/PINDAMONHANGABA/importacao/2024/616_618s8eg013ru9_noticia.jpeg,https://www.pindamonhangaba.sp.leg.br/imprensa/0/0/0/0/842#pesquisa
2023-01-01 00:00:00,LEGISLATIVO REALIZA REUNIÃO COM LIDERANÇAS PARA OUVIR REIVINDICAÇÕES SOBRE O TRANSPORTE PÚBLICO,https://www.cloudsoftcam.com.br/SP/PINDAMONHANGABA/importacao/2024/613_nqt4ndoqpg5r_noticia.jpeg,https://www.pindamonhangaba.sp.leg.br/imprensa/0/0/0/0/843#pesquisa
2023-01-01 00:00:00,CÂMARA É UNÂNIME E ACEITA AMPLIAR PRAZOS DE CONVÊNIOS COM ENTIDADES ASSISTENCIAIS ATÉ FINAL DE MAIO,https://www.cloudsoftcam.com.br/SP/PINDAMONHANGABA/importacao/2024/610_55bab6n6it96o_noticia.jpeg,https://www.pindamonhangaba.sp.leg.br/imprensa/0/0/0/0/844#pesquisa
2023-01-01 00:00:00,"APLICAÇÃO DE RECURSOS NA SAÚDE, EDUCAÇÃO E PESSOAL ATINGIU METAS EM 2016, APONTA AUDIÊNCIA PÚBLICA",https://www.cloudsoftcam.com.br/SP/PINDAMONHANGABA/importacao/2024/607_th719e02np2q_noticia.jpeg,https://www.pindamonhangaba.sp.leg.br/imprensa/0/0/0/0/845#pesquisa
2023-01-01 00:00:00,"A PEDIDO DE AUTOR, PROJETO DE LEI DA “VIRADA CULTURAL” É ADIADO PELO PLENÁRIO DA CÂMARA DE PINDAMONHANGABA",https://www.cloudsoftcam.com.br/SP/PINDAMONHANGABA/importacao/2024/604_2dga93ifv4b33_noticia.jpeg,https://www.pindamonhangaba.sp.leg.br/imprensa/0/0/0/0/846#pesquisa
2023-01-01 00:00:00,EXECUTIVO E LEGISLATIVO REALIZAM AUDIÊNCIA SOBRE O TRANSPORTE PÚBLICO DE PINDAMONHANGABA,https://www.cloudsoftcam.com.br/SP/PINDAMONHANGABA/importacao/2024/601_675sjemhk5dvi_noticia.jpeg,https://www.pindamonhangaba.sp.leg.br/imprensa/0/0/0/0/847#pesquisa
2023-01-01 00:00:00,MULHERES SÃO VALORIZADAS E RECEBEM HOMENAGEM EM SESSÃO SOLENE NA CÂMARA DE PINDAMONHANGABA,https://www.cloudsoftcam.com.br/SP/PINDAMONHANGABA/importacao/2024/598_6taariaofap17_noticia.jpeg,https://www.pindamonhangaba.sp.leg.br/imprensa/0/0/0/0/848#pesquisa
2023-01-01 00:00:00,"COM O PROPÓSITO DE PREVENÇÃO, CÂMARA INSTITUI O DIA MUNICIPAL DE COMBATE AO MOSQUITO TRANSMISSOR DA DENGUE",https://www.cloudsoftcam.com.br/SP/PINDAMONHANGABA/importacao/2024/595_7vqecpfkimv87_noticia.jpeg,https://www.pindamonhangaba.sp.leg.br/imprensa/0/0/0/0/849#pesquisa
2023-01-01 00:00:00,"VEREADORES, EXECUTIVO, COMUS E LIDERANÇAS COMUNITÁRIAS DISCUTEM QUESTÃO DO SAMU EM PINDAMONHANGABA",https://www.cloudsoftcam.com.br/SP/PINDAMONHANGABA/importacao/2024/592_549hat762cj9p_noticia.jpeg,https://www.pindamonhangaba.sp.leg.br/imprensa/0/0/0/0/850#pesquisa
2023-01-01 00:00:00,CAMPANHA DA FRATERNIDADE É LANÇADA OFICIALMENTE EM PINDAMONHANGABA EM SOLENIDADE NA CÂMARA DE VEREADORES,https://www.cloudsoftcam.com.br/SP/PINDAMONHANGABA/importacao/2024/589_7moiplh98pg07_noticia.jpeg,https://www.pindamonhangaba.sp.leg.br/imprensa/0/0/0/0/851#pesquisa
2023-01-01 00:00:00,"EM AUDIÊNCIA PÚBLICA, SECRETARIA DE SAÚDE RELATA QUE NÃO HOUVE REGISTRO DE MORTES POR DENGUE EM PINDAMONHANGABA",https://www.cloudsoftcam.com.br/SP/PINDAMONHANGABA/importacao/2024/586_bdj945co5ov5_noticia.jpeg,https://www.pindamonhangaba.sp.leg.br/imprensa/0/0/0/0/852#pesquisa
2023-01-01 00:00:00,"ANISTIA DE JUROS E MULTAS DE IMPOSTOS PERMITIRÁ PAGAMENTO EM ATÉ 10 VEZES, DIZ PROJETO APROVADO PELOS VEREADORES",https://www.cloudsoftcam.com.br/SP/PINDAMONHANGABA/importacao/2024/583_72boinfmdk9il_noticia.jpeg,https://www.pindamonhangaba.sp.leg.br/imprensa/0/0/0/0/853#pesquisa
2023-01-01 00:00:00,"CEI QUE APURA CONDUTA DE SECRETÁRIO DE GABINETE DO PREFEITO TEM PRIMEIRA SESSÃO PÚBLICA NESTA TERÇA-FEIRA, DIA 21 DE MARÇO",https://www.cloudsoftcam.com.br/SP/PINDAMONHANGABA/importacao/2024/580_1k1o5jlrqu2b6_noticia.jpeg,https://www.pindamonhangaba.sp.leg.br/imprensa/0/0/0/0/854#pesquisa
2023-01-01 00:00:00,PROJETO DE LEI INCLUI EXPOSIÇÃO NACIONAL DE ORQUÍDEAS NAS COMEMORAÇÕES DO ANIVERSÁRIO DE PINDAMONHANGABA,https://www.cloudsoftcam.com.br/SP/PINDAMONHANGABA/importacao/2024/577_htpv0acb76i9_noticia.jpeg,https://www.pindamonhangaba.sp.leg.br/imprensa/0/0/0/0/855#pesquisa
2023-01-01 00:00:00,IRANI LIMA PRESTA DEPOIMENTO À “CEI DO VANONE” E CONFIRMA INFORMAÇÕES POSTADAS EM SEU BLOG,https://www.cloudsoftcam.com.br/SP/PINDAMONHANGABA/importacao/2024/574_7p2g3ppgq7e8l_noticia.jpeg,https://www.pindamonhangaba.sp.leg.br/imprensa/0/0/0/0/856#pesquisa
2023-01-01 00:00:00,LEGISLATIVO RECONHECE ATUAÇÃO DO DR. MONTECLARO CÉSAR E ADVOGADO TERÁ NOME PERPETUADO EM PRAÇA DO FLAMBOYANT,https://www.cloudsoftcam.com.br/SP/PINDAMONHANGABA/importacao/2024/571_eeuua1st230p_noticia.jpeg,https://www.pindamonhangaba.sp.leg.br/imprensa/0/0/0/0/857#pesquisa
2023-01-01 00:00:00,PRESIDENTE DA “CEI DO VANONE” AFIRMA QUE OITIVA DE SECRETÁRIO DE GABINETE SERÁ NO DIA 06 DE ABRIL,https://www.cloudsoftcam.com.br/SP/PINDAMONHANGABA/importacao/2024/568_2qohgol4lr297_noticia.jpeg,https://www.pindamonhangaba.sp.leg.br/imprensa/0/0/0/0/858#pesquisa
2023-01-01 00:00:00,CÂMARA PROMOVE PALESTRA MOTIVACIONAL,https://www.cloudsoftcam.com.br/SP/PINDAMONHANGABA/importacao/2024/605_7r990kqslre84_noticia.jpeg,https://www.pindamonhangaba.sp.leg.br/imprensa/0/0/0/0/859#pesquisa
2023-01-01 00:00:00,LEGISLATIVO APROVA DOAÇÃO DE TRÊS ÁREAS EM MOREIRA CÉSAR PARA IMPLANTAÇÃO DE CONJUNTO HABITACIONAL DA CHDU,https://www.cloudsoftcam.com.br/SP/PINDAMONHANGABA/importacao/2024/602_6qeje2516uh6d_noticia.jpeg,https://www.pindamonhangaba.sp.leg.br/imprensa/0/0/0/0/860#pesquisa
2023-01-01 00:00:00,"EM DEPOIMENTO À CEI, SECRETÁRIO FABIANO VANONE NEGA SER AUTOR DE ÁUDIO DIVULGADO NO BLOG “IRANI LIMA”",https://www.cloudsoftcam.com.br/SP/PINDAMONHANGABA/importacao/2024/599_6orvacslae34f_noticia.jpeg,https://www.pindamonhangaba.sp.leg.br/imprensa/0/0/0/0/861#pesquisa
2023-01-01 00:00:00,PLENÁRIO MANIFESTA APOIO E CÂMARA INCLUI SEMANA DA VIRADA CULTURAL NO CALENDÁRIO OFICIAL DO MUNICÍPIO,https://www.cloudsoftcam.com.br/SP/PINDAMONHANGABA/importacao/2024/596_7de6egapmlngn_noticia.jpeg,https://www.pindamonhangaba.sp.leg.br/imprensa/0/0/0/0/862#pesquisa
2023-01-01 00:00:00,PARLAMENTARES APROVAM CRIAÇÃO DA SEMANA DA ADOÇÃO DE CÃES E GATOS EM PINDAMONHANGABA,https://www.cloudsoftcam.com.br/SP/PINDAMONHANGABA/importacao/2024/593_72h00o9nvervk_noticia.jpeg,https://www.pindamonhangaba.sp.leg.br/imprensa/0/0/0/0/863#pesquisa
2023-01-01 00:00:00,VEREADORES VISITAM SABESP E CONHECEM TÉCNICAS E PROCESSOS DO TRATAMENTO DA ÁGUA DISTRIBUÍDA À POPULAÇÃO DA CIDADE,https://www.cloudsoftcam.com.br/SP/PINDAMONHANGABA/importacao/2024/590_i4lv697s4u7i_noticia.jpeg,https://www.pindamonhangaba.sp.leg.br/imprensa/0/0/0/0/864#pesquisa
2023-01-01 00:00:00,"POR UNANIMIDADE, CÂMARA GARANTE ABERTURA DE CRÉDITO ADICIONAL PARA FUNDO DO IDOSO",https://www.cloudsoftcam.com.br/SP/PINDAMONHANGABA/importacao/2024/587_7df46gkhm5m2d_noticia.jpeg,https://www.pindamonhangaba.sp.leg.br/imprensa/0/0/0/0/865#pesquisa
2023-01-01 00:00:00,"EM NOITE SOLENE, POLÍCIAS CIVIL, MILITAR E CORPO DE BOMBEIROS RECEBEM GRATIDÃO E RECONHECIMENTO DA CÂMARA DE PINDAMONHANGABA",https://www.cloudsoftcam.com.br/SP/PINDAMONHANGABA/importacao/2024/584_74cn10gmb8li1_noticia.jpeg,https://www.pindamonhangaba.sp.leg.br/imprensa/0/0/0/0/866#pesquisa
2023-01-01 00:00:00,CÂMARA REALIZA SOLENIDADE EM COMEMORAÇÃO AO DIA DO ESCOTEIRO,https://www.cloudsoftcam.com.br/SP/PINDAMONHANGABA/importacao/2024/581_14r501ns52cji_noticia.jpeg,https://www.pindamonhangaba.sp.leg.br/imprensa/0/0/0/0/867#pesquisa
2023-01-01 00:00:00,NOTA DE ESCLARECIMENTO,https://www.cloudsoftcam.com.br/SP/PINDAMONHANGABA/importacao/2024/578_3tuufnu6ue2qm_noticia.jpeg,https://www.pindamonhangaba.sp.leg.br/imprensa/0/0/0/0/868#pesquisa
2023-01-01 00:00:00,CÂMARA APROVA CRIAÇÃO DA FRENTE PARLAMENTAR EM DEFESA DOS DIREITOS HUMANOS DA MULHER,https://www.cloudsoftcam.com.br/SP/PINDAMONHANGABA/importacao/2024/575_6matgc3eue18b_noticia.jpeg,https://www.pindamonhangaba.sp.leg.br/imprensa/0/0/0/0/869#pesquisa
2023-01-01 00:00:00,MORAL E EDUCAÇÃO FORAM TEMAS ENALTECIDOS EM HOMENAGEM AO DIA DO ESCOTEIRO NA CÂMARA DE PINDAMONHANGABA,https://www.cloudsoftcam.com.br/SP/PINDAMONHANGABA/importacao/2024/572_74eknck0jms58_noticia.jpeg,https://www.pindamonhangaba.sp.leg.br/imprensa/0/0/0/0/870#pesquisa
2023-01-01 00:00:00,LEGISLATIVO CRIA FRENTE PARLAMENTAR E REFORÇA A LUTA PELA GARANTIA DE POLÍTICAS PÚBLICAS DE PROTEÇÃO DOS ANIMAIS,https://www.cloudsoftcam.com.br/SP/PINDAMONHANGABA/importacao/2024/569_gvdkj1huvuvj_noticia.jpeg,https://www.pindamonhangaba.sp.leg.br/imprensa/0/0/0/0/871#pesquisa
2023-01-01 00:00:00,NOVA COMANDANTE DA 2ª CIA DA POLÍCIA MILITAR DE PINDAMONHANGABA É APRESENTADA AOS VEREADORES,https://www.cloudsoftcam.com.br/SP/PINDAMONHANGABA/importacao/2024/566_j2uvcuvqvg8m_noticia.jpeg,https://www.pindamonhangaba.sp.leg.br/imprensa/0/0/0/0/872#pesquisa
2023-01-01 00:00:00,"VEREADORES APROVAM 6,58% DE REPOSIÇÃO SALARIAL PARA O FUNCIONALISMO DE PINDAMONHANGABA",https://www.cloudsoftcam.com.br/SP/PINDAMONHANGABA/importacao/2024/563_7m8ns2vm3mn3g_noticia.jpeg,https://www.pindamonhangaba.sp.leg.br/imprensa/0/0/0/0/873#pesquisa
2023-01-01 00:00:00,NOTA OFICIAL - ADIAMENTO DA AUDIÊNCIA PÚBLICA – PS MUNICIPAL,https://www.cloudsoftcam.com.br/SP/PINDAMONHANGABA/importacao/2024/560_6j8r34vlbag7v_noticia.jpeg,https://www.pindamonhangaba.sp.leg.br/imprensa/0/0/0/0/874#pesquisa
2023-01-01 00:00:00,UNANIMIDADE DE VOTOS NO PLENÁRIO DA CÂMARA PRIORIZA A DOAÇÃO DE ÁREA À EMPRESA BONTAZ CENTRE DO BRASIL,https://www.cloudsoftcam.com.br/SP/PINDAMONHANGABA/importacao/2024/557_7muiup3p5bqgc_noticia.jpeg,https://www.pindamonhangaba.sp.leg.br/imprensa/0/0/0/0/875#pesquisa
2023-01-01 00:00:00,LEGISLATIVO DE PINDAMONHANGABA ADERE À CAMPANHA MAIO AMARELO,https://www.cloudsoftcam.com.br/SP/PINDAMONHANGABA/importacao/2024/554_7fql2fercd7q_noticia.jpeg,https://www.pindamonhangaba.sp.leg.br/imprensa/0/0/0/0/876#pesquisa
2023-01-01 00:00:00,COMISSÕES DA CÂMARA SE REÚNEM PARA DISCUTIR PROJETOS E PROPOR SOLUÇÕES PARA OS PROBLEMAS DO MUNICÍPIO,https://www.cloudsoftcam.com.br/SP/PINDAMONHANGABA/importacao/2024/551_6r5bjajvo5jvn_noticia.jpeg,https://www.pindamonhangaba.sp.leg.br/imprensa/0/0/0/0/877#pesquisa
2023-01-01 00:00:00,CÂMARA DE VEREADORES DE PINDAMONHANGABA PARTICIPA ATIVAMENTE DA CAMPANHA DO AGASALHO 2017,https://www.cloudsoftcam.com.br/SP/PINDAMONHANGABA/importacao/2024/548_6l756ov91766u_noticia.jpeg,https://www.pindamonhangaba.sp.leg.br/imprensa/0/0/0/0/878#pesquisa
2023-01-01 00:00:00,AUDIÊNCIA PÚBLICA DEBATEU A SAÚDE NO MUNICÍPIO DE PINDAMONHANGABA,https://www.cloudsoftcam.com.br/SP/PINDAMONHANGABA/importacao/2024/585_7tug6nahl5odf_noticia.jpeg,https://www.pindamonhangaba.sp.leg.br/imprensa/0/0/0/0/879#pesquisa
2023-01-01 00:00:00,FRENTE PARLAMENTAR DE DEFESA DOS DIREITOS DA CRIANÇA E DO ADOLESCENTE INICIA SEUS TRABALHOS VISANDO INTERAÇÃO ENTRE AS ENTIDADES,https://www.cloudsoftcam.com.br/SP/PINDAMONHANGABA/importacao/2024/582_7hii2j30tdp7j_noticia.jpeg,https://www.pindamonhangaba.sp.leg.br/imprensa/0/0/0/0/880#pesquisa
2023-01-01 00:00:00,"EM SESSÃO EXTRAORDINÁRIA, CÂMARA APROVA ALTERAÇÃO QUE BENEFICIA ENTIDADES DO MUNICÍPIO",https://www.cloudsoftcam.com.br/SP/PINDAMONHANGABA/importacao/2024/579_3nqkf81u32pnh_noticia.jpeg,https://www.pindamonhangaba.sp.leg.br/imprensa/0/0/0/0/881#pesquisa
2023-01-01 00:00:00,"APÓS INÚMERAS RECLAMAÇÕES, CÂMARA VAI REALIZAR AUDIÊNCIA PÚBLICA PARA DEBATER PROCEDIMENTOS PARA LIGAÇÃO DE ENERGIA ELÉTRICA EM PINDAMONHANGABA",https://www.cloudsoftcam.com.br/SP/PINDAMONHANGABA/importacao/2024/576_77i264ckd1roc_noticia.jpeg,https://www.pindamonhangaba.sp.leg.br/imprensa/0/0/0/0/882#pesquisa
2023-01-01 00:00:00,PRESIDENTE MAGRÃO REPRESENTA O LEGISLATIVO NA INAUGURAÇÃO DA UBS DO JARDIM AZEREDO,https://www.cloudsoftcam.com.br/SP/PINDAMONHANGABA/importacao/2024/573_7addr8uobq9dt_noticia.jpeg,https://www.pindamonhangaba.sp.leg.br/imprensa/0/0/0/0/883#pesquisa
2023-01-01 00:00:00,"APÓS COBRANÇA DOS VEREADORES E A REALIZAÇÃO DE AUDIÊNCIA PÚBLICA, PREFEITURA APRESENTA SOLUÇÕES PARA ILUMINAÇÃO PÚBLICA EM PINDAMONHANGABA",https://www.cloudsoftcam.com.br/SP/PINDAMONHANGABA/importacao/2024/570_2sc0ii9ebqrni_noticia.jpeg,https://www.pindamonhangaba.sp.leg.br/imprensa/0/0/0/0/884#pesquisa
2023-01-01 00:00:00,PROJETOS AMBIENTAIS SÃO APRESENTADOS EM REUNIÃO DA COMISSÃO DE EDUCAÇÃO E CULTURA DA CÂMARA,https://www.cloudsoftcam.com.br/SP/PINDAMONHANGABA/importacao/2024/567_6e4pqf09d0anq_noticia.jpeg,https://www.pindamonhangaba.sp.leg.br/imprensa/0/0/0/0/885#pesquisa
2023-01-01 00:00:00,IDEIAS E SUGESTÕES PARA CÓDIGO DE POSTURAS PODERÃO SER APRESENTADAS EM AUDIÊNCIA PÚBLICA NA CÂMARA DE PINDAMONHANGABA,https://www.cloudsoftcam.com.br/SP/PINDAMONHANGABA/importacao/2024/564_64vammm465b6l_noticia.jpeg,https://www.pindamonhangaba.sp.leg.br/imprensa/0/0/0/0/886#pesquisa
2023-01-01 00:00:00,"NA ABERTURA DO SEMESTRE LEGISLATIVO, PROJETOS DE LEI SÃO ADIADOS E CÂMARA COMEMORA OS 11 ANOS DA “LEI MARIA DA PENHA”",https://www.cloudsoftcam.com.br/SP/PINDAMONHANGABA/importacao/2024/561_7548bdukjm1sl_noticia.jpeg,https://www.pindamonhangaba.sp.leg.br/imprensa/0/0/0/0/887#pesquisa
2023-01-01 00:00:00,AUDIÊNCIA PÚBLICA REALIZADA NA CÂMARA OUVIU SUGESTÕES PARA ATUALIZAÇÃO DO CÓDIGO DE POSTURAS DO MUNICÍPIO,https://www.cloudsoftcam.com.br/SP/PINDAMONHANGABA/importacao/2024/558_pv2v7bm1fbbn_noticia.jpeg,https://www.pindamonhangaba.sp.leg.br/imprensa/0/0/0/0/888#pesquisa
2023-01-01 00:00:00,CÂMARA APROVA CRIAÇÃO DA FRENTE PARLAMENTAR DE PREVENÇÃO E COMBATE AO CÂNCER E VEREADOR CAL TOMA POSSE COMO PRIMEIRO SUPLENTE,https://www.cloudsoftcam.com.br/SP/PINDAMONHANGABA/importacao/2024/555_6bdft5qqidntd_noticia.jpeg,https://www.pindamonhangaba.sp.leg.br/imprensa/0/0/0/0/889#pesquisa
2023-01-01 00:00:00,CÂMARA REALIZA AUDIÊNCIA PÚBLICA PARA CRIAÇÃO DO CONSELHO MUNICIPAL DE TRÂNSITO,https://www.cloudsoftcam.com.br/SP/PINDAMONHANGABA/importacao/2024/552_6ah3qs3rhuvuk_noticia.jpeg,https://www.pindamonhangaba.sp.leg.br/imprensa/0/0/0/0/890#pesquisa
2023-01-01 00:00:00,COMUNIDADE EVANGÉLICA LOTA PLENÁRIO E CÂMARA DE PINDAMONHANGABA PROMOVE SESSÃO SOLENE PARA LEMBRAR OS 500 ANOS DA REFORMA PROTESTANTE,https://www.cloudsoftcam.com.br/SP/PINDAMONHANGABA/importacao/2024/549_7n678735biap4_noticia.jpeg,https://www.pindamonhangaba.sp.leg.br/imprensa/0/0/0/0/891#pesquisa
2023-01-01 00:00:00,BENEFÍCIOS AOS IDOSOS SÃO DESTAQUE DE PROJETOS APROVADOS NA SESSÃO ORDINÁRIA DA CÂMARA DE PINDAMONHANGABA,https://www.cloudsoftcam.com.br/SP/PINDAMONHANGABA/importacao/2024/546_7rdpn4r0mimh2_noticia.jpeg,https://www.pindamonhangaba.sp.leg.br/imprensa/0/0/0/0/892#pesquisa
2023-01-01 00:00:00,CEI DO IPTU COMPLEMENTAR FAZ PRIMEIRA REUNIÃO DE TRABALHO E SOLICITA DIVERSOS DOCUMENTOS AO EXECUTIVO,https://www.cloudsoftcam.com.br/SP/PINDAMONHANGABA/importacao/2024/543_54a64j8vjim95_noticia.jpeg,https://www.pindamonhangaba.sp.leg.br/imprensa/0/0/0/0/893#pesquisa
2023-01-01 00:00:00,DIA DO MAÇOM É COMEMORADO COM HOMENAGENS EM SESSÃO SOLENE NA CÂMARA DE PINDAMONHANGABA,https://www.cloudsoftcam.com.br/SP/PINDAMONHANGABA/importacao/2024/540_je1rb0306mo6_noticia.jpeg,https://www.pindamonhangaba.sp.leg.br/imprensa/0/0/0/0/894#pesquisa
2023-01-01 00:00:00,TRÂNSITO E MOBILIDADE URBANA SÃO DEBATIDOS EM AUDIÊNCIA PÚBLICA E VEREADORES LUTAM PELA CRIAÇÃO DO CONSELHO MUNICIPAL DE TRÂNSITO,https://www.cloudsoftcam.com.br/SP/PINDAMONHANGABA/importacao/2024/537_5iun08p4egm3g_noticia.jpeg,https://www.pindamonhangaba.sp.leg.br/imprensa/0/0/0/0/895#pesquisa
2023-01-01 00:00:00,"CÂMARA DE PINDAMONHANGABA RECEBE ""OFICINA DA INTERLEGIS"" E PROPÕE DEBATE SOBRE REGIMENTO INTERNO E LEI ORGÂNICA MUNICIPAL",https://www.cloudsoftcam.com.br/SP/PINDAMONHANGABA/importacao/2024/534_4jmj9i65dotsc_noticia.jpeg,https://www.pindamonhangaba.sp.leg.br/imprensa/0/0/0/0/896#pesquisa
2023-01-01 00:00:00,CÂMARA INSTITUI SEMANA DE COMBATE AO ABUSO E À EXPLORAÇÃO SEXUAL DE CRIANÇAS E ADOLESCENTES E APROVA DENOMINAÇÕES DE RUAS,https://www.cloudsoftcam.com.br/SP/PINDAMONHANGABA/importacao/2024/531_6rta0v6igeskv_noticia.jpeg,https://www.pindamonhangaba.sp.leg.br/imprensa/0/0/0/0/897#pesquisa
2023-01-01 00:00:00,SEMANA NACIONAL DA FAMÍLIA É CELEBRADA EM SESSÃO SOLENE QUE DESTACOU PARÓQUIAS E CASAIS RELIGIOSOS DE PINDAMONHANGABA,https://www.cloudsoftcam.com.br/SP/PINDAMONHANGABA/importacao/2024/528_75efsdjiejf8d_noticia.jpeg,https://www.pindamonhangaba.sp.leg.br/imprensa/0/0/0/0/898#pesquisa
2023-01-01 00:00:00,"CONFIRMADO PELO PLENÁRIO, PROJETO DE LEI DETERMINA A CRIAÇÃO DE CADASTRO ÚNICO PARA ASSOCIAÇÕES DE BAIRRO DE PINDAMONHANGABA",https://www.cloudsoftcam.com.br/SP/PINDAMONHANGABA/importacao/2024/565_5i7gro2sm8br9_noticia.jpeg,https://www.pindamonhangaba.sp.leg.br/imprensa/0/0/0/0/899#pesquisa
2023-01-01 00:00:00,PLENÁRIO APROVA DOIS PROJETOS NA ÁREA DA SAÚDE QUE BENEFICIAM POPULAÇÃO,https://www.cloudsoftcam.com.br/SP/PINDAMONHANGABA/importacao/2024/562_u2rcap53mble_noticia.jpeg,https://www.pindamonhangaba.sp.leg.br/imprensa/0/0/0/0/900#pesquisa
2023-01-01 00:00:00,CÂMARA DE PINDAMONHANGABA REALIZA OFICINA PARA ATUALIZAÇÃO LEGISLATIVA ATRAVÉS DE CONVÊNIO COM O SENADO FEDERAL,https://www.cloudsoftcam.com.br/SP/PINDAMONHANGABA/importacao/2024/559_g5u3mvmsc0bp_noticia.jpeg,https://www.pindamonhangaba.sp.leg.br/imprensa/0/0/0/0/901#pesquisa
2023-01-01 00:00:00,"DIA DE CONSCIENTIZAÇÃO DO AUTISMO SERÁ COMEMORADO ANUALMENTE EM ABRIL, DIZ PROJETO DE LEI APROVADO PELO LEGISLATIVO DE PINDAMONHANGABA",https://www.cloudsoftcam.com.br/SP/PINDAMONHANGABA/importacao/2024/556_51kmhakicig2q_noticia.jpeg,https://www.pindamonhangaba.sp.leg.br/imprensa/0/0/0/0/902#pesquisa
2023-01-01 00:00:00,FRENTE PARLAMENTAR EM DEFESA DO ANIMAIS DISCUTE AÇÕES PREVENTIVAS EM PINDAMONHANGABA,https://www.cloudsoftcam.com.br/SP/PINDAMONHANGABA/importacao/2024/553_qbt5839m3b0n_noticia.jpeg,https://www.pindamonhangaba.sp.leg.br/imprensa/0/0/0/0/903#pesquisa
2023-01-01 00:00:00,RELATÓRIO DA SAÚDE DO 2º QUADRIMESTRE É APRESENTADO EM AUDIÊNCIA PÚBLICA NA CÂMARA DE PINDAMONHANGABA,https://www.cloudsoftcam.com.br/SP/PINDAMONHANGABA/importacao/2024/550_qhkhbcq6n40q_noticia.jpeg,https://www.pindamonhangaba.sp.leg.br/imprensa/0/0/0/0/904#pesquisa
2023-01-01 00:00:00,SESSÃO SOLENE MARCA ABERTURA DA 8ª SEMANA DA MOBILIZAÇÃO PELA EDUCAÇÃO DE PINDAMONHANGABA,https://www.cloudsoftcam.com.br/SP/PINDAMONHANGABA/importacao/2024/547_sgoq1a8e8nvr_noticia.jpeg,https://www.pindamonhangaba.sp.leg.br/imprensa/0/0/0/0/905#pesquisa
2023-01-01 00:00:00,VEREADORES DE PINDAMONHANGABA APROVAM AS CONTAS DA PREFEITURA DE 2015,https://www.cloudsoftcam.com.br/SP/PINDAMONHANGABA/importacao/2024/544_st8hrcit6ph0_noticia.jpeg,https://www.pindamonhangaba.sp.leg.br/imprensa/0/0/0/0/906#pesquisa
2023-01-01 00:00:00,ADMINISTRAÇÃO MUNICIPAL APRESENTA NÚMEROS E DADOS FINANCEIROS DO 2º QUADRIMESTRE DE 2017,https://www.cloudsoftcam.com.br/SP/PINDAMONHANGABA/importacao/2024/541_7m00t467ija10_noticia.jpeg,https://www.pindamonhangaba.sp.leg.br/imprensa/0/0/0/0/907#pesquisa
2023-01-01 00:00:00,"POR 7 A 3, CÂMARA GARANTE APROVAÇÃO DE PROJETO DE LEI DO EXECUTIVO QUE AUMENTA ALÍQUOTA DE ISSQN",https://www.cloudsoftcam.com.br/SP/PINDAMONHANGABA/importacao/2024/538_6gpnh96t0qhgk_noticia.jpeg,https://www.pindamonhangaba.sp.leg.br/imprensa/0/0/0/0/908#pesquisa
2023-01-01 00:00:00,"CÂMARA COMEMORA DIA DO VEREADOR HOMENAGEANDO FRANCISCO PIORINO FILHO, EX-VEREADOR E PRESIDENTE DO LEGISLATIVO",https://www.cloudsoftcam.com.br/SP/PINDAMONHANGABA/importacao/2024/535_8fdjsruquuen_noticia.jpeg,https://www.pindamonhangaba.sp.leg.br/imprensa/0/0/0/0/909#pesquisa
2023-01-01 00:00:00,"EM AUDIÊNCIA PÚBLICA DE MAIS DE 3 HORAS, VEREADORES E SECRETÁRIOS MUNICIPAIS DEBATEM PPA DE PINDAMONHANGABA 2018-2021",https://www.cloudsoftcam.com.br/SP/PINDAMONHANGABA/importacao/2024/532_5tg7o8qf9bd3l_noticia.jpeg,https://www.pindamonhangaba.sp.leg.br/imprensa/0/0/0/0/910#pesquisa
2023-01-01 00:00:00,PROJETO DE LEI QUE ABORDA QUESTÕES DE DIREITOS E DEVERES DE PACIENTES DA CIDADE TEM VOTAÇÃO ADIADA,https://www.cloudsoftcam.com.br/SP/PINDAMONHANGABA/importacao/2024/529_5ln7rielh3vb_noticia.jpeg,https://www.pindamonhangaba.sp.leg.br/imprensa/0/0/0/0/911#pesquisa
2023-01-01 00:00:00,PROFISSIONAIS DA CONSTRUÇÃO CIVIL RECEBEM HONRARIAS EM SESSÃO SOLENE NO LEGISLATIVO DE PINDAMONHANGABA,https://www.cloudsoftcam.com.br/SP/PINDAMONHANGABA/importacao/2024/526_d98uj7mni4pb_noticia.jpeg,https://www.pindamonhangaba.sp.leg.br/imprensa/0/0/0/0/912#pesquisa
2023-01-01 00:00:00,SESSÃO SOLENE MARCA PARTICIPAÇÃO DA CÂMARA DE PINDAMONHANGABA NA CAMPANHA DE PREVENÇÃO AO CÂNCER DE MAMA “EM OUTUBRO PENSE ROSA”,https://www.cloudsoftcam.com.br/SP/PINDAMONHANGABA/importacao/2024/523_2e2c8811q8bm9_noticia.jpeg,https://www.pindamonhangaba.sp.leg.br/imprensa/0/0/0/0/913#pesquisa
2023-01-01 00:00:00,FRENTE PARLAMENTAR DE PROTEÇÃO E DEFESA DOS ANIMAIS DEFINE DATA DE REUNIÃO COM PREFEITO DE PINDAMONHANGABA,https://www.cloudsoftcam.com.br/SP/PINDAMONHANGABA/importacao/2024/520_4gqfnjosmct8k_noticia.jpeg,https://www.pindamonhangaba.sp.leg.br/imprensa/0/0/0/0/914#pesquisa
2023-01-01 00:00:00,VEREADORES APROVAM A CRIAÇÃO DE CADASTRO ÚNICO PARA ASSOCIAÇÕES DE BAIRRO DE PINDAMONHANGABA,https://www.cloudsoftcam.com.br/SP/PINDAMONHANGABA/importacao/2024/517_4ubqp09kv8os5_noticia.jpeg,https://www.pindamonhangaba.sp.leg.br/imprensa/0/0/0/0/915#pesquisa
2023-01-01 00:00:00,CÂMARA ADIA AUDIÊNCIA PÚBLICA DO TRANSPORTE COLETIVO DE PINDAMONHANGABA,https://www.cloudsoftcam.com.br/SP/PINDAMONHANGABA/importacao/2024/514_225tdskr09bev_noticia.jpeg,https://www.pindamonhangaba.sp.leg.br/imprensa/0/0/0/0/916#pesquisa
2023-01-01 00:00:00,CÂMARA DE PINDAMONHANGABA REALIZA SESSÃO SOLENE EM COMEMORAÇÃO AO “MÊS DA PREVENÇÃO AO CÂNCER DE MAMA – EM OUTUBRO PENSE ROSA”,https://www.cloudsoftcam.com.br/SP/PINDAMONHANGABA/importacao/2024/511_7mghb5g3huumc_noticia.jpeg,https://www.pindamonhangaba.sp.leg.br/imprensa/0/0/0/0/917#pesquisa
2023-01-01 00:00:00,"EM SESSÃO SOLENE, COMERCIÁRIOS RECEBEM O RECONHECIMENTO E A GRATIDÃO DA CÂMARA DE PINDAMONHANGABA",https://www.cloudsoftcam.com.br/SP/PINDAMONHANGABA/importacao/2024/508_6uhmpgsvfscem_noticia.jpeg,https://www.pindamonhangaba.sp.leg.br/imprensa/0/0/0/0/918#pesquisa
2023-01-01 00:00:00,"POR UNANIMIDADE, CÂMARA APROVA PRORROGAÇÃO DE CONVÊNIO ENTRE PREFEITURA E SANTA CASA DE PINDAMONHANGABA",https://www.cloudsoftcam.com.br/SP/PINDAMONHANGABA/importacao/2024/545_7q9hfti423jbr_noticia.jpeg,https://www.pindamonhangaba.sp.leg.br/imprensa/0/0/0/0/919#pesquisa
2023-01-01 00:00:00,PROFESSORES DE PINDAMONHANGABA RECEBEM HOMENAGEM DA CÂMARA DE VEREADORES PELA PASSAGEM DO DIA DO PROFESSOR,https://www.cloudsoftcam.com.br/SP/PINDAMONHANGABA/importacao/2024/542_rphjd684ugdv_noticia.jpeg,https://www.pindamonhangaba.sp.leg.br/imprensa/0/0/0/0/920#pesquisa
2023-01-01 00:00:00,AUTORIDADES MUNICIPAIS E EMPRESÁRIO SÃO OUVIDOS EM SESSÃO DA CEI DO IPTU COMPLEMENTAR,https://www.cloudsoftcam.com.br/SP/PINDAMONHANGABA/importacao/2024/539_fk40u8mlb43j_noticia.jpeg,https://www.pindamonhangaba.sp.leg.br/imprensa/0/0/0/0/921#pesquisa
2023-01-01 00:00:00,"COM INTUITO DE PROMOVER A INCLUSÃO E A TRANSFORMAÇÃO SOCIAL DE CRIANÇAS E ADOLESCENTES, PROGRAMA ADOTANDO AS PISTAS DE SKATE É APROVADO POR UNANIMIDADE PELO LEGISLATIVO",https://www.cloudsoftcam.com.br/SP/PINDAMONHANGABA/importacao/2024/536_73j2s536u5eo_noticia.jpeg,https://www.pindamonhangaba.sp.leg.br/imprensa/0/0/0/0/922#pesquisa
2023-01-01 00:00:00,"CONCESSIONÁRIAS DEVEM RETIRAR FIOS INUTILIZADOS NOS POSTES, PREVÊ PROJETO DE LEI APROVADO PELA CÂMARA DE PINDAMONHANGABA",https://www.cloudsoftcam.com.br/SP/PINDAMONHANGABA/importacao/2024/533_6bbq4gdclfmrp_noticia.jpeg,https://www.pindamonhangaba.sp.leg.br/imprensa/0/0/0/0/923#pesquisa
2023-01-01 00:00:00,AUDIÊNCIA PÚBLICA NA CÂMARA BUSCA ALTERNATIVAS PARA QUESTÕES DA EDUCAÇÃO DE PINDAMONHANGABA,https://www.cloudsoftcam.com.br/SP/PINDAMONHANGABA/importacao/2024/530_o4pl4nde148q_noticia.jpeg,https://www.pindamonhangaba.sp.leg.br/imprensa/0/0/0/0/924#pesquisa
2023-01-01 00:00:00,CÂMARA REALIZA AUDIÊNCIA PÚBLICA PARA APRESENTAÇÃO DA LEI ORÇAMENTÁRIA ANUAL PARA 2018,https://www.cloudsoftcam.com.br/SP/PINDAMONHANGABA/importacao/2024/527_6jrj6rgjjktkm_noticia.jpeg,https://www.pindamonhangaba.sp.leg.br/imprensa/0/0/0/0/925#pesquisa
2023-01-01 00:00:00,"COM CAPOEIRA E CANDIDATAS A MISS BELEZA NEGRA, CÂMARA COMEMORA DIA DA CONSCIÊNCIA NEGRA COM HOMENAGENS E PEDIDOS PELO FIM DA DISCRIMINAÇÃO",https://www.cloudsoftcam.com.br/SP/PINDAMONHANGABA/importacao/2024/524_prure8huhkmr_noticia.jpeg,https://www.pindamonhangaba.sp.leg.br/imprensa/0/0/0/0/926#pesquisa
2023-01-01 00:00:00,APROVADO POR UNANIMIDADE PLANO PLURIANUAL PARA O PERÍODO DE 2018 A 2021 DO MUNICÍPIO DE PINDAMONHANGABA,https://www.cloudsoftcam.com.br/SP/PINDAMONHANGABA/importacao/2024/521_5k6f2osjg86et_noticia.jpeg,https://www.pindamonhangaba.sp.leg.br/imprensa/0/0/0/0/927#pesquisa
2023-01-01 00:00:00,VEREADORES SE REÚNEM COM DIRIGENTES DA PREFEITURA PARA TRATAR DAS REFORMAS EM ESCOLAS MUNICIPAIS,https://www.cloudsoftcam.com.br/SP/PINDAMONHANGABA/importacao/2024/518_g2asakuvttjd_noticia.jpeg,https://www.pindamonhangaba.sp.leg.br/imprensa/0/0/0/0/928#pesquisa
2023-01-01 00:00:00,EMENDAS SÃO APROVADAS E PROGRAMA PPP DO EXECUTIVO É CONFIRMADO PELOS VEREADORES DE PINDAMONHANGABA,https://www.cloudsoftcam.com.br/SP/PINDAMONHANGABA/importacao/2024/515_lncofujrtrm5_noticia.jpeg,https://www.pindamonhangaba.sp.leg.br/imprensa/0/0/0/0/929#pesquisa
2023-01-01 00:00:00,FRENTE PARLAMENTAR DE DEFESA DOS ANIMAIS QUER MAIOR CONSCIENTIZAÇÃO CONTRA O ABANDONO ANIMAL EM PINDAMONHANGABA,https://www.cloudsoftcam.com.br/SP/PINDAMONHANGABA/importacao/2024/512_5vonao87104f5_noticia.jpeg,https://www.pindamonhangaba.sp.leg.br/imprensa/0/0/0/0/930#pesquisa
2023-01-01 00:00:00,PARLAMENTARES APROVAM PROJETO QUE OBRIGA O MUNICÍPIO A DIVULGAR O BENEFÍCIO DO SEPULTAMENTO DE PESSOAS CARENTES E BAIXA RENDA,https://www.cloudsoftcam.com.br/SP/PINDAMONHANGABA/importacao/2024/509_5bmmopr9n57h2_noticia.jpeg,https://www.pindamonhangaba.sp.leg.br/imprensa/0/0/0/0/931#pesquisa
2023-01-01 00:00:00,"ORÇAMENTO 2018 RECEBE 57 EMENDAS E, POR UNANIMIDADE, VEREADORES APROVAM VALORES E AÇÕES PROPOSTAS PARA PINDAMONHANGABA",https://www.cloudsoftcam.com.br/SP/PINDAMONHANGABA/importacao/2024/506_reec78mak7o_noticia.jpeg,https://www.pindamonhangaba.sp.leg.br/imprensa/0/0/0/0/932#pesquisa
2023-01-01 00:00:00,"AUDIÊNCIA PÚBLICA REÚNE VEREADORES, AUTORIDADES E POPULAÇÃO PARA NOVO DEBATE SOBRE A SAÚDE DE PINDAMONHANGABA",https://www.cloudsoftcam.com.br/SP/PINDAMONHANGABA/importacao/2024/503_6ek0dvjeu1u0h_noticia.jpeg,https://www.pindamonhangaba.sp.leg.br/imprensa/0/0/0/0/933#pesquisa
2023-01-01 00:00:00,"COM SERIEDADE, COMPETÊNCIA E TRANSPARÊNCIA, VEREADOR MAGRÃO MARCA SEU PRIMEIRO ANO DE GESTÃO NA PRESIDÊNCIA COM MELHORIAS E RENOVAÇÕES",https://www.cloudsoftcam.com.br/SP/PINDAMONHANGABA/importacao/2024/500_klvmk77dbllf_noticia.jpeg,https://www.pindamonhangaba.sp.leg.br/imprensa/0/0/0/0/934#pesquisa
2023-01-01 00:00:00,"COM PAUTA CARREGADA, VEREADORES APROVAM PROJETO BOLSA ATLETA; DERRUBAM VETO DO PREFEITO E CONFIRMAM PROGRAMA ADOTANDO PISTAS DE SKATE",https://www.cloudsoftcam.com.br/SP/PINDAMONHANGABA/importacao/2024/497_gvdvtijudod7_noticia.jpeg,https://www.pindamonhangaba.sp.leg.br/imprensa/0/0/0/0/935#pesquisa
2023-01-01 00:00:00,VEREADORES DA COMISSÃO DE EDUCAÇÃO FAZEM VISTORIA EM ESCOLAS DE PINDAMONHANGABA,https://www.cloudsoftcam.com.br/SP/PINDAMONHANGABA/importacao/2024/494_6n39m2otnr120_noticia.jpeg,https://www.pindamonhangaba.sp.leg.br/imprensa/0/0/0/0/936#pesquisa
2023-01-01 00:00:00,"COM ECONOMICIDADE E TRANSPARÊNCIA PRESIDENTE CARLOS MOURA - MAGRÃO DEVOLVE R$ 8.875.844,97 DO DUODÉCIMO DA CÂMARA",https://www.cloudsoftcam.com.br/SP/PINDAMONHANGABA/importacao/2024/491_12mokrr4hf436_noticia.jpeg,https://www.pindamonhangaba.sp.leg.br/imprensa/0/0/0/0/937#pesquisa
2023-01-01 00:00:00,"CÂMARA DE VEREADORES DE PINDAMONHANGABA RETOMA OS TRABALHOS LEGISLATIVOS A PARTIR DESTA SEGUNDA-FEIRA, DIA 29 DE JANEIRO",https://www.cloudsoftcam.com.br/SP/PINDAMONHANGABA/importacao/2024/488_4ffn7bq4hl6sa_noticia.jpeg,https://www.pindamonhangaba.sp.leg.br/imprensa/0/0/0/0/938#pesquisa
2023-01-01 00:00:00,PRIMEIRA SESSÃO ORDINÁRIA DE 2018 É MARCADA COM APROVAÇÃO DE PROJETOS QUE GARANTEM VERBAS PARA OBRAS NA CIDADE,https://www.cloudsoftcam.com.br/SP/PINDAMONHANGABA/importacao/2024/525_15qqh8mler703_noticia.jpeg,https://www.pindamonhangaba.sp.leg.br/imprensa/0/0/0/0/939#pesquisa
2023-01-01 00:00:00,VEREADORES ACATAM VETO PARCIAL DO EXECUTIVO AO PROJETO DE LEI DO PROGRAMA PPP E APROVAM DENOMINAÇÃO DA QUADRA DO CRISPIM,https://www.cloudsoftcam.com.br/SP/PINDAMONHANGABA/importacao/2024/522_6ga0q11ff689t_noticia.jpeg,https://www.pindamonhangaba.sp.leg.br/imprensa/0/0/0/0/940#pesquisa
2023-01-01 00:00:00,FRENTE PARLAMENTAR DE DEFESA DOS ANIMAIS INICIA 2018 CONVOCANDO O DIRETOR DO DEPARTAMENTO DE PROTEÇÃO AOS RISCOS E AGRAVOS À SAÚDE,https://www.cloudsoftcam.com.br/SP/PINDAMONHANGABA/importacao/2024/519_4qf2mrjbskh2v_noticia.jpeg,https://www.pindamonhangaba.sp.leg.br/imprensa/0/0/0/0/941#pesquisa
2023-01-01 00:00:00,"VEREADORES REALIZAM 3ª SESSÃO ORDINÁRIA DE 2018, APROVAM 1 VETO E REJEITAM OUTROS 2 DO PODER EXECUTIVO",https://www.cloudsoftcam.com.br/SP/PINDAMONHANGABA/importacao/2024/516_2nh2jcpfs8db6_noticia.jpeg,https://www.pindamonhangaba.sp.leg.br/imprensa/0/0/0/0/942#pesquisa
2023-01-01 00:00:00,“CASTRAMÓVEL” E SITUAÇÃO DE ANIMAIS EM EMPREENDIMENTO DO ARARETAMA FORAM DISCUTIDOS EM REUNIÃO DA FRENTE PARLAMENTAR DOS ANIMAIS,https://www.cloudsoftcam.com.br/SP/PINDAMONHANGABA/importacao/2024/513_7lugdpdafc8lt_noticia.jpeg,https://www.pindamonhangaba.sp.leg.br/imprensa/0/0/0/0/943#pesquisa
2023-01-01 00:00:00,CÂMARA DERRUBA VETO E OBRIGA O EXECUTIVO INFORMAR AO LEGISLATIVO SOBRE ALTERAÇÕES NAS TARIFAS DO TRANSPORTE PÚBLICO,https://www.cloudsoftcam.com.br/SP/PINDAMONHANGABA/importacao/2024/510_srbgmuhqj096_noticia.jpeg,https://www.pindamonhangaba.sp.leg.br/imprensa/0/0/0/0/944#pesquisa
2023-01-01 00:00:00,"COM TEMA “SUPERAÇÃO DA VIOLÊNCIA”, CÂMARA PROMOVE, EM ATO SOLENE, O LANÇAMENTO OFICIAL DA CAMPANHA DA FRATERNIDADE EM PINDAMONHANGABA",https://www.cloudsoftcam.com.br/SP/PINDAMONHANGABA/importacao/2024/507_e93st0oatfah_noticia.jpeg,https://www.pindamonhangaba.sp.leg.br/imprensa/0/0/0/0/945#pesquisa
2023-01-01 00:00:00,ALUNOS DA ESCOLA CRIANÇA &AMP; COMPANHIA VISITAM CÂMARA DE VEREADORES DE PINDAMONHANGABA,https://www.cloudsoftcam.com.br/SP/PINDAMONHANGABA/importacao/2024/504_tl72f9lubhr9_noticia.jpeg,https://www.pindamonhangaba.sp.leg.br/imprensa/0/0/0/0/946#pesquisa
2023-01-01 00:00:00,NOVOS CRÉDITOS ADICIONAIS PARA SAÚDE E FUNDO SOCIAL SÃO CONFIRMADOS PELOS VEREADORES DE PINDAMONHANGABA,https://www.cloudsoftcam.com.br/SP/PINDAMONHANGABA/importacao/2024/501_6n9j2eln30ngd_noticia.jpeg,https://www.pindamonhangaba.sp.leg.br/imprensa/0/0/0/0/947#pesquisa
2023-01-01 00:00:00,ADMINISTRAÇÃO MUNICIPAL APRESENTA NÚMEROS E DADOS FINANCEIROS DO 3º QUADRIMESTRE DE 2017 E CONCLUI A PRESTAÇÃO DE CONTAS DO EXECUTIVO,https://www.cloudsoftcam.com.br/SP/PINDAMONHANGABA/importacao/2024/498_5ilnvc1c6od1b_noticia.jpeg,https://www.pindamonhangaba.sp.leg.br/imprensa/0/0/0/0/948#pesquisa
2023-01-01 00:00:00,CÂMARA APROVA POR UNANIMIDADE PROGRAMA DE DESLIGAMENTO VOLUNTÁRIO – PDV PROPOSTO PELA PREFEITURA DE PINDAMONHANGABA,https://www.cloudsoftcam.com.br/SP/PINDAMONHANGABA/importacao/2024/495_7paadpchj78n8_noticia.jpeg,https://www.pindamonhangaba.sp.leg.br/imprensa/0/0/0/0/949#pesquisa
2023-01-01 00:00:00,CÂMARA DE PINDAMONHANGABA REALIZA SESSÃO SOLENE EM HOMENAGEM AO DIA INTERNACIONAL DA MULHER,https://www.cloudsoftcam.com.br/SP/PINDAMONHANGABA/importacao/2024/492_vcqal9idbqih_noticia.jpeg,https://www.pindamonhangaba.sp.leg.br/imprensa/0/0/0/0/950#pesquisa
2023-01-01 00:00:00,"BANCOS DEVERÃO TER CAIXAS ELETRÔNICOS COM ALTURA REDUZIDA, DIZ PROJETO DE LEI APROVADO PELOS VEREADORES DE PINDAMONHANGABA",https://www.cloudsoftcam.com.br/SP/PINDAMONHANGABA/importacao/2024/489_umaiqm4nvr2e_noticia.jpeg,https://www.pindamonhangaba.sp.leg.br/imprensa/0/0/0/0/951#pesquisa
2023-01-01 00:00:00,REUNIÃO NA CÂMARA DE VEREADORES DE PINDAMONHANGABA DISCUTE PROBLEMA DA SEGURANÇA DO TÚNEL MOLHADO SOB A VIA DUTRA,https://www.cloudsoftcam.com.br/SP/PINDAMONHANGABA/importacao/2024/486_slrnt9gaskld_noticia.jpeg,https://www.pindamonhangaba.sp.leg.br/imprensa/0/0/0/0/952#pesquisa
2023-01-01 00:00:00,FRENTE PARLAMENTAR DE DEFESA DOS ANIMAIS DECIDE MARCAR REUNIÃO COM SECRETÁRIA DE SAÚDE,https://www.cloudsoftcam.com.br/SP/PINDAMONHANGABA/importacao/2024/483_3317dcgbg6pik_noticia.jpeg,https://www.pindamonhangaba.sp.leg.br/imprensa/0/0/0/0/953#pesquisa
2023-01-01 00:00:00,RELATÓRIO DA “CEI DO VANONE” É LIDO EM PLENÁRIO E PREFEITO RETIRA PROJETO QUE AUTORIZA SERVIDORES A DIRIGIR VEÍCULOS OFICIAIS,https://www.cloudsoftcam.com.br/SP/PINDAMONHANGABA/importacao/2024/480_585hnn98h108u_noticia.jpeg,https://www.pindamonhangaba.sp.leg.br/imprensa/0/0/0/0/954#pesquisa
2023-01-01 00:00:00,"EM AUDIÊNCIA PÚBLICA, SECRETÁRIA DE SAÚDE CONFIRMA: ATENDIMENTO AOS MORADORES DO “BEM VIVER” É PRIORIDADE DO EXECUTIVO",https://www.cloudsoftcam.com.br/SP/PINDAMONHANGABA/importacao/2024/477_geemq5gg5uud_noticia.jpeg,https://www.pindamonhangaba.sp.leg.br/imprensa/0/0/0/0/955#pesquisa
2023-01-01 00:00:00,"POR UNANIMIDADE, VEREADORES GARANTEM APROVAÇÃO DO PLANO DIRETOR DO TURISMO DE PINDAMONHANGABA",https://www.cloudsoftcam.com.br/SP/PINDAMONHANGABA/importacao/2024/474_ep7jvlfhkvk9_noticia.jpeg,https://www.pindamonhangaba.sp.leg.br/imprensa/0/0/0/0/956#pesquisa
2023-01-01 00:00:00,CEI DO “IPTU COMPLEMENTAR” É FINALIZADA E RELATÓRIO FINAL É LIDO EM PLENÁRIO,https://www.cloudsoftcam.com.br/SP/PINDAMONHANGABA/importacao/2024/471_18v4nl95bg90_noticia.jpeg,https://www.pindamonhangaba.sp.leg.br/imprensa/0/0/0/0/957#pesquisa
2023-01-01 00:00:00,CÂMARA APROVA ADEQUAÇÃO ORÇAMENTÁRIA DO FUNDO MUNICIPAL DE ILUMINAÇÃO PÚBLICA,https://www.cloudsoftcam.com.br/SP/PINDAMONHANGABA/importacao/2024/468_v33p2bc407mm_noticia.jpeg,https://www.pindamonhangaba.sp.leg.br/imprensa/0/0/0/0/958#pesquisa
2023-01-01 00:00:00,CÂMARA DEFENDE CIDADE LIMPA E APROVA PROJETO DE LEI QUE IMPÕE MULTA PESADA PARA PICHADORES DE PINDAMONHANGABA,https://www.cloudsoftcam.com.br/SP/PINDAMONHANGABA/importacao/2024/505_6soc7helh2l6c_noticia.jpeg,https://www.pindamonhangaba.sp.leg.br/imprensa/0/0/0/0/959#pesquisa
2023-01-01 00:00:00,VEREADORES APROVAM VERBA SUPLEMENTAR PARA O FUNDO MUNICIPAL DE CULTURA E CONVÊNIO COM O GOVERNO DO ESTADO,https://www.cloudsoftcam.com.br/SP/PINDAMONHANGABA/importacao/2024/502_7t5t119n23tit_noticia.jpeg,https://www.pindamonhangaba.sp.leg.br/imprensa/0/0/0/0/960#pesquisa
2023-01-01 00:00:00,CÂMARA DE PINDAMONHANGABA CONFIRMA APROVAÇÃO DE CRÉDITOS ADICIONAIS PARA ASSISTÊNCIA SOCIAL,https://www.cloudsoftcam.com.br/SP/PINDAMONHANGABA/importacao/2024/499_7fjdlhfak0kip_noticia.jpeg,https://www.pindamonhangaba.sp.leg.br/imprensa/0/0/0/0/961#pesquisa
2023-01-01 00:00:00,"CHEFES, ESCOTEIROS, ESCOTISTAS E LOBINHOS LOTAM PLENÁRIO DA CÂMARA PARA SESSÃO SOLENE COMEMORATIVA AO DIA DO ESCOTEIRO",https://www.cloudsoftcam.com.br/SP/PINDAMONHANGABA/importacao/2024/496_djmuhjsrn3df_noticia.jpeg,https://www.pindamonhangaba.sp.leg.br/imprensa/0/0/0/0/962#pesquisa
2023-01-01 00:00:00,"EM REUNIÃO ORDINÁRIA, MEMBROS DA FRENTE PARLAMENTAR DE DEFESA DOS ANIMAIS COBRAM A CONSTRUÇÃO DO CEPATAS",https://www.cloudsoftcam.com.br/SP/PINDAMONHANGABA/importacao/2024/493_63m27cr4adm96_noticia.jpeg,https://www.pindamonhangaba.sp.leg.br/imprensa/0/0/0/0/963#pesquisa
2023-01-01 00:00:00,CÂMARA AUTORIZA INSTALAÇÃO DE RESTAURANTE E LANCHONETE NO PARQUE DA CIDADE,https://www.cloudsoftcam.com.br/SP/PINDAMONHANGABA/importacao/2024/490_7s9j4inbiugq_noticia.jpeg,https://www.pindamonhangaba.sp.leg.br/imprensa/0/0/0/0/964#pesquisa
2023-01-01 00:00:00,VEREADORES ANALISAM E APROVAM ALTERAÇÕES PROPOSTAS PELO EXECUTIVO NA ESTRUTURA ORÇAMENTÁRIA DA LDO 2018,https://www.cloudsoftcam.com.br/SP/PINDAMONHANGABA/importacao/2024/487_77lhl037t5rcu_noticia.jpeg,https://www.pindamonhangaba.sp.leg.br/imprensa/0/0/0/0/965#pesquisa
2023-01-01 00:00:00,CÂMARA REALIZA SESSÃO SOLENE EM HOMENAGEM AO DIA MUNICIPAL DO POLICIAL MILITAR E CIVIL,https://www.cloudsoftcam.com.br/SP/PINDAMONHANGABA/importacao/2024/484_mo3q24cevthp_noticia.jpeg,https://www.pindamonhangaba.sp.leg.br/imprensa/0/0/0/0/966#pesquisa
2023-01-01 00:00:00,"LEGISLATIVO DE PINDAMONHANGABA PARTICIPA, POR MAIS UM ANO, DA CAMPANHA MAIO AMARELO",https://www.cloudsoftcam.com.br/SP/PINDAMONHANGABA/importacao/2024/481_7it4llo20kpcn_noticia.jpeg,https://www.pindamonhangaba.sp.leg.br/imprensa/0/0/0/0/967#pesquisa
2023-01-01 00:00:00,CÂMARA APROVA CRIAÇÃO DO CONSELHO MUNICIPAL DE TURISMO E INSTITUI O DIA MUNICIPAL DO ADMINISTRADOR,https://www.cloudsoftcam.com.br/SP/PINDAMONHANGABA/importacao/2024/478_p78cnnn88mva_noticia.jpeg,https://www.pindamonhangaba.sp.leg.br/imprensa/0/0/0/0/968#pesquisa
2023-01-01 00:00:00,"CÂMARA AUTORIZA CRÉDITOS ADICIONAIS NO VALOR DE R$ 993 MIL PARA EDUCAÇÃO, SAÚDE E APAE",https://www.cloudsoftcam.com.br/SP/PINDAMONHANGABA/importacao/2024/475_6tp346kmm6g6q_noticia.jpeg,https://www.pindamonhangaba.sp.leg.br/imprensa/0/0/0/0/969#pesquisa
2023-01-01 00:00:00,AUDIÊNCIA PÚBLICA NA CÂMARA DISCUTIRÁ DIRETRIZES ORÇAMENTÁRIAS PARA 2019,https://www.cloudsoftcam.com.br/SP/PINDAMONHANGABA/importacao/2024/472_7phicto35q0oj_noticia.jpeg,https://www.pindamonhangaba.sp.leg.br/imprensa/0/0/0/0/970#pesquisa
2023-01-01 00:00:00,"VEREADORES MAGRÃO, PROFESSOR OSVALDO E RODERLEY MIOTTO FISCALIZAM PRONTO SOCORRO E VISITAM OBRAS DO PS INFANTIL",https://www.cloudsoftcam.com.br/SP/PINDAMONHANGABA/importacao/2024/469_sat3inb1mvah_noticia.jpeg,https://www.pindamonhangaba.sp.leg.br/imprensa/0/0/0/0/971#pesquisa
2023-01-01 00:00:00,"EM 4 HORAS DE AUDIÊNCIA PÚBLICA NA CÂMARA, LDO 2019 DE PINDAMONHANGABA É APRESENTADA PELO EXECUTIVO",https://www.cloudsoftcam.com.br/SP/PINDAMONHANGABA/importacao/2024/466_602aqujn8s2ri_noticia.jpeg,https://www.pindamonhangaba.sp.leg.br/imprensa/0/0/0/0/972#pesquisa
2023-01-01 00:00:00,NOTA DE ESCLARECIMENTO,https://www.cloudsoftcam.com.br/SP/PINDAMONHANGABA/importacao/2024/463_7tdnov4d3bhoc_noticia.jpeg,https://www.pindamonhangaba.sp.leg.br/imprensa/0/0/0/0/973#pesquisa
2023-01-01 00:00:00,"PARLAMENTARES APROVAM PROJETO DO EXECUTIVO QUE DESTINA CERCA DE R$ 1,3 MILHÃO DE SUBVENÇÕES A ENTIDADES ASSISTENCIAIS DE PINDAMONHANGABA",https://www.cloudsoftcam.com.br/SP/PINDAMONHANGABA/importacao/2024/460_jacm4t9f5pnp_noticia.jpeg,https://www.pindamonhangaba.sp.leg.br/imprensa/0/0/0/0/974#pesquisa
2023-01-01 00:00:00,ADMINISTRAÇÃO MUNICIPAL APRESENTA NÚMEROS E DADOS FINANCEIROS DO 1º QUADRIMESTRE DE 2018 EM AUDIÊNCIA PÚBLICA,https://www.cloudsoftcam.com.br/SP/PINDAMONHANGABA/importacao/2024/457_6tmfnjpm59kmg_noticia.jpeg,https://www.pindamonhangaba.sp.leg.br/imprensa/0/0/0/0/975#pesquisa
2023-01-01 00:00:00,"PROJETO DE LEI APROVADO REAFIRMA: SUBSÍDIOS DE VEREADORES, PREFEITO, VICE E SECRETÁRIOS NÃO TERÃO REAJUSTE ESTE ANO",https://www.cloudsoftcam.com.br/SP/PINDAMONHANGABA/importacao/2024/454_nf6s27pl9j2s_noticia.jpeg,https://www.pindamonhangaba.sp.leg.br/imprensa/0/0/0/0/976#pesquisa
2023-01-01 00:00:00,CÂMARA APROVA DOAÇÃO DE ÁREA ONDE ESTÁ INSTALADA A DELEGACIA DO 1º DP DE PINDAMONHANGABA PARA A FAZENDA DO ESTADO DE SÃO PAULO,https://www.cloudsoftcam.com.br/SP/PINDAMONHANGABA/importacao/2024/451_7bpppoucqphte_noticia.jpeg,https://www.pindamonhangaba.sp.leg.br/imprensa/0/0/0/0/977#pesquisa
2023-01-01 00:00:00,VEREADORES PARTICIPAM DE REUNIÃO COM A SECRETÁRIA DE SAÚDE PARA TRATAR DA INTERVENÇÃO NO PRONTO SOCORRO MUNICIPAL,https://www.cloudsoftcam.com.br/SP/PINDAMONHANGABA/importacao/2024/448_4vatpt6pd6uot_noticia.jpeg,https://www.pindamonhangaba.sp.leg.br/imprensa/0/0/0/0/978#pesquisa
2023-01-01 00:00:00,VERBAS PÚBLICAS E CÓDIGO DE POSTURAS SÃO DEBATIDOS EM REUNIÃO DA FRENTE PARLAMENTAR DE DEFESA DOS ANIMAIS,https://www.cloudsoftcam.com.br/SP/PINDAMONHANGABA/importacao/2024/485_6pu379le50pk5_noticia.jpeg,https://www.pindamonhangaba.sp.leg.br/imprensa/0/0/0/0/979#pesquisa
2023-01-01 00:00:00,"POR 7 VOTOS A 3, VEREADORES GARANTEM APROVAÇÃO DO AUMENTO DE 2,07% PARA SALÁRIOS DOS SERVIDORES DE PINDAMONHANGABA",https://www.cloudsoftcam.com.br/SP/PINDAMONHANGABA/importacao/2024/482_67aq45kdvei9v_noticia.jpeg,https://www.pindamonhangaba.sp.leg.br/imprensa/0/0/0/0/980#pesquisa
2023-01-01 00:00:00,SECRETARIA DE SAÚDE REALIZA AUDIÊNCIA PÚBLICA PARA APRESENTAÇÃO DO RELATÓRIO DETALHADO DO 1º QUADRIMESTRE DE 2018,https://www.cloudsoftcam.com.br/SP/PINDAMONHANGABA/importacao/2024/479_6t6s22gghd86r_noticia.jpeg,https://www.pindamonhangaba.sp.leg.br/imprensa/0/0/0/0/981#pesquisa
2023-01-01 00:00:00,PARLAMENTARES APROVAM PROJETO DO EXECUTIVO QUE FIXA AS DIRETRIZES ORÇAMENTÁRIAS PARA 2019,https://www.cloudsoftcam.com.br/SP/PINDAMONHANGABA/importacao/2024/476_67mh4hv3lk3fj_noticia.jpeg,https://www.pindamonhangaba.sp.leg.br/imprensa/0/0/0/0/982#pesquisa
2023-01-01 00:00:00,CÂMARA MANIFESTA APOIO E “PROJETO GERIZIM” É DECLARADO DE UTILIDADE PÚBLICA EM PINDAMONHANGABA,https://www.cloudsoftcam.com.br/SP/PINDAMONHANGABA/importacao/2024/473_vj5pmffg95u1_noticia.jpeg,https://www.pindamonhangaba.sp.leg.br/imprensa/0/0/0/0/983#pesquisa
2023-01-01 00:00:00,CÂMARA APROVA CONVÊNIOS NO VALOR DE R$ 9 MILHÕES PARA ASFALTAMENTO DE RUAS E AQUISIÇÃO DE MÁQUINA PAVIMENTADORA PARA ASFALTO,https://www.cloudsoftcam.com.br/SP/PINDAMONHANGABA/importacao/2024/470_752altri6bkgc_noticia.jpeg,https://www.pindamonhangaba.sp.leg.br/imprensa/0/0/0/0/984#pesquisa
2023-01-01 00:00:00,"COMISSÃO DE INDÚSTRIA, COMÉRCIO, CIÊNCIA E TECNOLOGIA PROMOVE REUNIÃO NA CÂMARA PARA APRESENTAÇÃO DO PROJETO “CIDADE EMPREENDEDORA”",https://www.cloudsoftcam.com.br/SP/PINDAMONHANGABA/importacao/2024/467_udb66ulvit13_noticia.jpeg,https://www.pindamonhangaba.sp.leg.br/imprensa/0/0/0/0/985#pesquisa
2023-01-01 00:00:00,"CÂMARA DE PINDAMONHANGABA FAZ ECONOMIA E DEVOLVE R$ 4.700.000,00 NO PRIMEIRO SEMESTRE DE 2018",https://www.cloudsoftcam.com.br/SP/PINDAMONHANGABA/importacao/2024/464_2fg7oc3snfln7_noticia.jpeg,https://www.pindamonhangaba.sp.leg.br/imprensa/0/0/0/0/986#pesquisa
2023-01-01 00:00:00,LEGISLATIVO DE PINDAMONHANGABA ESTÁ COM ATENDIMENTO NORMAL DURANTE RECESSO PARLAMENTAR,https://www.cloudsoftcam.com.br/SP/PINDAMONHANGABA/importacao/2024/461_6t1viu52ppqe8_noticia.jpeg,https://www.pindamonhangaba.sp.leg.br/imprensa/0/0/0/0/987#pesquisa
2023-01-01 00:00:00,VEREADORES SE REÚNEM COM DIRETOR DA EDP BANDEIRANTE PARA DISCUTIR RETIRADA DE FIOS EM POSTES DA CIDADE,https://www.cloudsoftcam.com.br/SP/PINDAMONHANGABA/importacao/2024/458_5trbe158ki26q_noticia.jpeg,https://www.pindamonhangaba.sp.leg.br/imprensa/0/0/0/0/988#pesquisa
2023-01-01 00:00:00,CÂMARA DE PINDAMONHANGABA APOIA EXECUTIVO E AUTORIZA A CRIAÇÃO DA ESCOLA DO SERVIDOR PÚBLICO,https://www.cloudsoftcam.com.br/SP/PINDAMONHANGABA/importacao/2024/455_3eknha9mnn6do_noticia.jpeg,https://www.pindamonhangaba.sp.leg.br/imprensa/0/0/0/0/989#pesquisa
2023-01-01 00:00:00,VEREADORES REÚNEM-SE COM REPRESENTANTES DA NOVADUTRA E DEPARTAMENTO DE TRÂNSITO PARA SOLUCIONAR TRÂNSITO DE CAMINHÕES PESADOS NA CIDADE,https://www.cloudsoftcam.com.br/SP/PINDAMONHANGABA/importacao/2024/452_5pv4lvoscdd10_noticia.jpeg,https://www.pindamonhangaba.sp.leg.br/imprensa/0/0/0/0/990#pesquisa
2023-01-01 00:00:00,CÂMARA APROVA ABERTURA DE CRÉDITOS ADICIONAIS NO VALOR DE R$ 690 MIL PARA SECRETARIA DE SAÚDE E A DENOMINAÇÃO PARA SEDE DO SETOR DE TRANSPORTES,https://www.cloudsoftcam.com.br/SP/PINDAMONHANGABA/importacao/2024/449_7dae7qt9nd84v_noticia.jpeg,https://www.pindamonhangaba.sp.leg.br/imprensa/0/0/0/0/991#pesquisa
2023-01-01 00:00:00,"MORRE AOS 81 ANOS, O EX-VEREADOR PAULO DE ANDRADE",https://www.cloudsoftcam.com.br/SP/PINDAMONHANGABA/importacao/2024/446_5vibgkm0cdfme_noticia.jpeg,https://www.pindamonhangaba.sp.leg.br/imprensa/0/0/0/0/992#pesquisa
2023-01-01 00:00:00,PROJETO SOCIAL RAYANE É DECLARADO DE “UTILIDADE PÚBLICA” COM APOIO DOS VEREADORES DE PINDAMONHANGABA,https://www.cloudsoftcam.com.br/SP/PINDAMONHANGABA/importacao/2024/443_6h47e6i8mao4n_noticia.jpeg,https://www.pindamonhangaba.sp.leg.br/imprensa/0/0/0/0/993#pesquisa
2023-01-01 00:00:00,SESSÃO SOLENE: CATÓLICOS E EVANGÉLICOS CELEBRAM “SEMANA DA FAMÍLIA” NA CÂMARA DE PINDAMONHANGABA,https://www.cloudsoftcam.com.br/SP/PINDAMONHANGABA/importacao/2024/440_74jfpnnn7snih_noticia.jpeg,https://www.pindamonhangaba.sp.leg.br/imprensa/0/0/0/0/994#pesquisa
2023-01-01 00:00:00,CÂMARA DE PINDAMONHANGABA COMEMORA O DIA DO MAÇOM COM ENTREGA DE HONRARIA EM SESSÃO SOLENE,https://www.cloudsoftcam.com.br/SP/PINDAMONHANGABA/importacao/2024/437_6imtdvmbnjmsp_noticia.jpeg,https://www.pindamonhangaba.sp.leg.br/imprensa/0/0/0/0/995#pesquisa
2023-01-01 00:00:00,CÂMARA HOMENAGEIA O PRESIDENTE DO LAR IRMÃ TEREZINHA E LAR IRMÃ JÚLIA COM ENTREGA DA COMENDA CAPITÃO ANTÔNIO BICUDO LEME,https://www.cloudsoftcam.com.br/SP/PINDAMONHANGABA/importacao/2024/434_7i7eu4ucdlo4g_noticia.jpeg,https://www.pindamonhangaba.sp.leg.br/imprensa/0/0/0/0/996#pesquisa
2023-01-01 00:00:00,"CÂMARA DE PINDAMONHANGABA PRIORIZA CULTURA, INSTITUI O “DIA DA CAPOEIRA” E INCLUI FESTIVAL DE MÚSICA CRISTÃ EM CALENDÁRIO DE EVENTOS OFICIAIS DA CIDADE",https://www.cloudsoftcam.com.br/SP/PINDAMONHANGABA/importacao/2024/431_shd299a2m0ns_noticia.jpeg,https://www.pindamonhangaba.sp.leg.br/imprensa/0/0/0/0/997#pesquisa
2023-01-01 00:00:00,CÂMARA APROVA CRÉDITO ESPECIAL DE R$ 200 MIL PARA APLICAÇÃO NA CULTURA E A CONCESSÃO DA MEDALHA “MÉRITO ATHAYDE MARCONDES” À BANDA EUTERPE,https://www.cloudsoftcam.com.br/SP/PINDAMONHANGABA/importacao/2024/428_7eb8ve3rqhmmp_noticia.jpeg,https://www.pindamonhangaba.sp.leg.br/imprensa/0/0/0/0/998#pesquisa
2023-01-01 00:00:00,COMISSÃO DE EDUCAÇÃO DA CÂMARA PROMOVE AUDIÊNCIA PÚBLICA PARA DEBATER QUESTÕES DA FORMAÇÃO DE CLASSES DAS ESCOLAS DE PINDAMONHANGABA,https://www.cloudsoftcam.com.br/SP/PINDAMONHANGABA/importacao/2024/465_65rvgrm2psolh_noticia.jpeg,https://www.pindamonhangaba.sp.leg.br/imprensa/0/0/0/0/999#pesquisa
2023-01-01 00:00:00,"POR UNANIMIDADE, LEI DA CONTRIBUIÇÃO DE ILUMINAÇÃO PÚBLICA É REVOGADA PELA CÂMARA DE PINDAMONHANGABA",https://www.cloudsoftcam.com.br/SP/PINDAMONHANGABA/importacao/2024/462_n5j2onns6sjj_noticia.jpeg,https://www.pindamonhangaba.sp.leg.br/imprensa/0/0/0/0/1000#pesquisa
2023-01-01 00:00:00,"EDUCAÇÃO E COMPROMISSO: PROFESSORES, GESTORES E ESCOLAS RECEBEM O RECONHECIMENTO DA CÂMARA DE PINDAMONHANGABA",https://www.cloudsoftcam.com.br/SP/PINDAMONHANGABA/importacao/2024/459_7r4mh2hek1vrs_noticia.jpeg,https://www.pindamonhangaba.sp.leg.br/imprensa/0/0/0/0/1001#pesquisa
2023-01-01 00:00:00,AUDIÊNCIA PÚBLICA PARA DEBATER EDUCAÇÃO DE PINDAMONHANGABA É ADIADA,https://www.cloudsoftcam.com.br/SP/PINDAMONHANGABA/importacao/2024/456_1hds2nutbtrt1_noticia.jpeg,https://www.pindamonhangaba.sp.leg.br/imprensa/0/0/0/0/1002#pesquisa
2023-01-01 00:00:00,CÂMARA APROVA POR UNANIMIDADE REGULAMENTAÇÃO PARA SELEÇÃO E CONTRATAÇÃO DE ESTAGIÁRIOS,https://www.cloudsoftcam.com.br/SP/PINDAMONHANGABA/importacao/2024/453_6mnohqu541p4g_noticia.jpeg,https://www.pindamonhangaba.sp.leg.br/imprensa/0/0/0/0/1003#pesquisa
2023-01-01 00:00:00,VEREADORES REÚNEM-SE COM DIRETORES DA EDP BANDEIRANTE PARA TRATAR SOBRE A COBRANÇA DA CIP,https://www.cloudsoftcam.com.br/SP/PINDAMONHANGABA/importacao/2024/450_4nukhrs0t6sl_noticia.jpeg,https://www.pindamonhangaba.sp.leg.br/imprensa/0/0/0/0/1004#pesquisa
2023-01-01 00:00:00,AUDIÊNCIA PÚBLICA PARA DEBATER O TRANSPORTE PÚBLICO DE PINDAMONHANGABA É CANCELADA,https://www.cloudsoftcam.com.br/SP/PINDAMONHANGABA/importacao/2024/447_7bjsmek1uvht5_noticia.jpeg,https://www.pindamonhangaba.sp.leg.br/imprensa/0/0/0/0/1005#pesquisa
2023-01-01 00:00:00,"EM AUDIÊNCIA PÚBLICA, PREFEITURA COMPROVA APLICAÇÃO DE R$ 84 MILHÕES EM SAÚDE E R$ 54 MILHÕES EM EDUCAÇÃO NO 2º QUADRIMESTRE DE 2018",https://www.cloudsoftcam.com.br/SP/PINDAMONHANGABA/importacao/2024/444_70nd8nj85276v_noticia.jpeg,https://www.pindamonhangaba.sp.leg.br/imprensa/0/0/0/0/1006#pesquisa
2023-01-01 00:00:00,ALTERAÇÕES EM PROJETO DE LEI QUE BENEFICIA PROFESSORES SÃO APROVADAS PELOS VEREADORES DE PINDAMONHANGABA,https://www.cloudsoftcam.com.br/SP/PINDAMONHANGABA/importacao/2024/441_lrajddc8besi_noticia.jpeg,https://www.pindamonhangaba.sp.leg.br/imprensa/0/0/0/0/1007#pesquisa
2023-01-01 00:00:00,AUDIÊNCIA PÚBLICA DA SECRETARIA DE SAÚDE APRESENTA RELATÓRIO DETALHADO DO 2º QUADRIMESTRE DE 2018,https://www.cloudsoftcam.com.br/SP/PINDAMONHANGABA/importacao/2024/438_72vu0qiq4hsk2_noticia.jpeg,https://www.pindamonhangaba.sp.leg.br/imprensa/0/0/0/0/1008#pesquisa
2023-01-01 00:00:00,AUDIÊNCIA PÚBLICA PARA DISCUTIR EDUCAÇÃO DURA 30 MINUTOS E FRUSTRA DOCENTES E PAIS DE PINDAMONHANGABA,https://www.cloudsoftcam.com.br/SP/PINDAMONHANGABA/importacao/2024/435_4mnhur6gh80i3_noticia.jpeg,https://www.pindamonhangaba.sp.leg.br/imprensa/0/0/0/0/1009#pesquisa
2023-01-01 00:00:00,POR UNANIMIDADE CÂMARA APROVA DESAFETAÇÃO DE ÁREA PARA REGULARIZAÇÃO DO NÚCLEO QUEIROZ E CRÉDITO ADICIONAL DE R$ 900 MIL PARA A SAÚDE,https://www.cloudsoftcam.com.br/SP/PINDAMONHANGABA/importacao/2024/432_vtnth7e87f2a_noticia.jpeg,https://www.pindamonhangaba.sp.leg.br/imprensa/0/0/0/0/1010#pesquisa
2023-01-01 00:00:00,SESSÃO SOLENE MARCA PARTICIPAÇÃO DA CÂMARA DE PINDAMONHANGABA NA CAMPANHA DE PREVENÇÃO AO CÂNCER DE MAMA “EM OUTUBRO PENSE ROSA”,https://www.cloudsoftcam.com.br/SP/PINDAMONHANGABA/importacao/2024/429_408gl4dkmvkk2_noticia.jpeg,https://www.pindamonhangaba.sp.leg.br/imprensa/0/0/0/0/1011#pesquisa
2023-01-01 00:00:00,REVISÃO DE HORÁRIOS E ITINERÁRIOS E NOVA LICITAÇÃO DOMINARAM OS DEBATES DA AUDIÊNCIA PÚBLICA DO TRANSPORTE NA CÂMARA DE PINDAMONHANGABA,https://www.cloudsoftcam.com.br/SP/PINDAMONHANGABA/importacao/2024/426_icldse6tp74q_noticia.jpeg,https://www.pindamonhangaba.sp.leg.br/imprensa/0/0/0/0/1012#pesquisa
2023-01-01 00:00:00,VEREADORES MANIFESTAM APOIO E PROJETO QUE INCLUI “NATAL SOLIDÁRIO – AMIGOS DO ARARETAMA” NO CALENDÁRIO OFICIAL DA CIDADE É APROVADO,https://www.cloudsoftcam.com.br/SP/PINDAMONHANGABA/importacao/2024/423_19rm40s8mobi9_noticia.jpeg,https://www.pindamonhangaba.sp.leg.br/imprensa/0/0/0/0/1013#pesquisa
2023-01-01 00:00:00,PROFESSORES SÃO HOMENAGEADOS COM DIPLOMAS DE HONRA AO MÉRITO PELA CÂMARA DE PINDAMONHANGABA PELA PASSAGEM DO SEU DIA,https://www.cloudsoftcam.com.br/SP/PINDAMONHANGABA/importacao/2024/420_jq9cahqnvu7o_noticia.jpeg,https://www.pindamonhangaba.sp.leg.br/imprensa/0/0/0/0/1014#pesquisa
2023-01-01 00:00:00,"CONVOCADA, FARMACÊUTICA É SABATINADA PELOS VEREADORES E EXPLICA O FUNCIONAMENTO, O ATENDIMENTO E A FALTA DE MEDICAMENTOS NA FARMÁCIA CENTRAL",https://www.cloudsoftcam.com.br/SP/PINDAMONHANGABA/importacao/2024/417_7s3dot7gucp9p_noticia.jpeg,https://www.pindamonhangaba.sp.leg.br/imprensa/0/0/0/0/1015#pesquisa
2023-01-01 00:00:00,"SUPERAÇÃO E ENGAJAMENTO NA LUTA CONTRA O CÂNCER DE MAMA MARCAM OS RELATOS NA SESSÃO SOLENE “EM OUTUBRO, PENSE ROSA”",https://www.cloudsoftcam.com.br/SP/PINDAMONHANGABA/importacao/2024/414_l3qutnfe67do_noticia.jpeg,https://www.pindamonhangaba.sp.leg.br/imprensa/0/0/0/0/1016#pesquisa
2023-01-01 00:00:00,VEREADORES DERRUBAM PROJETO QUE PREVIA COBRANÇA ABUSIVA DA CONTRIBUIÇÃO DE ILUMINAÇÃO PÚBLICA – CIP EM PINDAMONHANGABA,https://www.cloudsoftcam.com.br/SP/PINDAMONHANGABA/importacao/2024/411_5b3li5n84cdam_noticia.jpeg,https://www.pindamonhangaba.sp.leg.br/imprensa/0/0/0/0/1017#pesquisa
2023-01-01 00:00:00,"USO DE CEROL E DE LINHA CHILENA ESTÃO PROIBIDOS EM PINDAMONHANGABA, APONTA PROJETO DE LEI APROVADO PELO PLENÁRIO DA CÂMARA DE VEREADORES",https://www.cloudsoftcam.com.br/SP/PINDAMONHANGABA/importacao/2024/408_fgcpc8s11e6g_noticia.jpeg,https://www.pindamonhangaba.sp.leg.br/imprensa/0/0/0/0/1018#pesquisa
2023-01-01 00:00:00,CÂMARA HOMENAGEIA COMERCIÁRIOS EM SESSÃO SOLENE PELA PASSAGEM DO SEU DIA,https://www.cloudsoftcam.com.br/SP/PINDAMONHANGABA/importacao/2024/445_gksqb5lj09dn_noticia.jpeg,https://www.pindamonhangaba.sp.leg.br/imprensa/0/0/0/0/1019#pesquisa
2023-01-01 00:00:00,VEREADORES ADIAM PROPOSTA DO EXECUTIVO PARA CRIAÇÃO DE VAGAS DE DIRETOR DE ESCOLA NOS QUADROS DE FUNCIONÁRIOS DA PREFEITURA,https://www.cloudsoftcam.com.br/SP/PINDAMONHANGABA/importacao/2024/442_lmv5bb6cppqv_noticia.jpeg,https://www.pindamonhangaba.sp.leg.br/imprensa/0/0/0/0/1020#pesquisa
2023-01-01 00:00:00,PLENÁRIO PEDE ADIAMENTO DO PROJETO QUE REGULAMENTA TRANSPORTE ESCOLAR DE PINDAMONHANGABA,https://www.cloudsoftcam.com.br/SP/PINDAMONHANGABA/importacao/2024/439_vvcft08vq5s8_noticia.jpeg,https://www.pindamonhangaba.sp.leg.br/imprensa/0/0/0/0/1021#pesquisa
2023-01-01 00:00:00,CÂMARA REALIZA AUDIÊNCIA PÚBLICA PARA APRESENTAÇÃO DA LEI ORÇAMENTÁRIA ANUAL PARA 2019,https://www.cloudsoftcam.com.br/SP/PINDAMONHANGABA/importacao/2024/436_nl8kfup1msci_noticia.jpeg,https://www.pindamonhangaba.sp.leg.br/imprensa/0/0/0/0/1022#pesquisa
2023-01-01 00:00:00,VEREADORES ADIAM PROJETO QUE OBRIGA OS POSTOS DE GASOLINA INFORMAREM SE A GASOLINA OFERECIDA AOS CLIENTES É FORMULADA OU REFINADA,https://www.cloudsoftcam.com.br/SP/PINDAMONHANGABA/importacao/2024/433_5i4dho2q5k1ap_noticia.jpeg,https://www.pindamonhangaba.sp.leg.br/imprensa/0/0/0/0/1023#pesquisa
2023-01-01 00:00:00,"COM RECONHECIMENTO, HONRARIAS E RESPEITO, “DIA DA CONSCIÊNCIA NEGRA” É COMEMORADO EM SESSÃO SOLENE NA CÂMARA DE PINDAMONHANGABA",https://www.cloudsoftcam.com.br/SP/PINDAMONHANGABA/importacao/2024/430_v64dec1nb91a_noticia.jpeg,https://www.pindamonhangaba.sp.leg.br/imprensa/0/0/0/0/1024#pesquisa
2023-01-01 00:00:00,PLENÁRIO GARANTE APROVAÇÃO DE PROJETOS DA “SEMANA DE VALORIZAÇÃO DO ECA” E DE REVOGAÇÃO DAS CLÁUSULAS URBANÍSTICAS RESTRITIVAS DE BAIRROS DE PINDAMONHANGABA,https://www.cloudsoftcam.com.br/SP/PINDAMONHANGABA/importacao/2024/427_6ok71obn9n6me_noticia.jpeg,https://www.pindamonhangaba.sp.leg.br/imprensa/0/0/0/0/1025#pesquisa
2023-01-01 00:00:00,CÂMARA DE PINDAMONHANGABA TERÁ SESSÃO EXTRAORDINÁRIA PARA ELEIÇÃO DE NOVO PRESIDENTE E DAS COMISSÕES PERMANENTES,https://www.cloudsoftcam.com.br/SP/PINDAMONHANGABA/importacao/2024/424_5hvgkijnggpo2_noticia.jpeg,https://www.pindamonhangaba.sp.leg.br/imprensa/0/0/0/0/1026#pesquisa
2023-01-01 00:00:00,FELIPE CÉSAR – FC VENCE ELEIÇÃO DA MESA DIRETORA E VAI COMANDAR A CÂMARA DE PINDAMONHANGABA PELA QUARTA VEZ,https://www.cloudsoftcam.com.br/SP/PINDAMONHANGABA/importacao/2024/421_6ljiuf3jpkm09_noticia.jpeg,https://www.pindamonhangaba.sp.leg.br/imprensa/0/0/0/0/1027#pesquisa
2023-01-01 00:00:00,"VEREADORES APROVAM ORÇAMENTO PARA 2019 COM 107 EMENDAS, SENDO DESTAS 106 IMPOSITIVAS QUE OBRIGA O EXECUTIVO A APLICAR A VERBA ESPECÍFICA DURANTE O ANO",https://www.cloudsoftcam.com.br/SP/PINDAMONHANGABA/importacao/2024/418_1p0rffpr72r47_noticia.jpeg,https://www.pindamonhangaba.sp.leg.br/imprensa/0/0/0/0/1028#pesquisa
2023-01-01 00:00:00,"COM FOCO NA GERAÇÃO DE EMPREGO E RENDA, CÂMARA DE PINDAMONHANGABA APROVA DOAÇÃO DE ÁREA PARA 2 EMPRESAS",https://www.cloudsoftcam.com.br/SP/PINDAMONHANGABA/importacao/2024/415_6b9deovkfc0u1_noticia.jpeg,https://www.pindamonhangaba.sp.leg.br/imprensa/0/0/0/0/1029#pesquisa
2023-01-01 00:00:00,"POR UNANIMIDADE, VEREADORES APROVAM A CRIAÇÃO DA GUARDA CIVIL METROPOLITANA DE PINDAMONHANGABA E SUBVENÇÕES A ENTIDADES ASSISTENCIAIS",https://www.cloudsoftcam.com.br/SP/PINDAMONHANGABA/importacao/2024/412_c51k2ft21g4d_noticia.jpeg,https://www.pindamonhangaba.sp.leg.br/imprensa/0/0/0/0/1030#pesquisa
2023-01-01 00:00:00,"VEREADORES APROVAM PROJETO DO EXECUTIVO PARA ESTRUTURAÇÃO DOS CARGOS DE SECRETÁRIOS, DE PROVIMENTO EM COMISSÃO, DAS FUNÇÕES DE CONFIANÇA E GRATIFICADAS",https://www.cloudsoftcam.com.br/SP/PINDAMONHANGABA/importacao/2024/409_5jmtc99b2uk3s_noticia.jpeg,https://www.pindamonhangaba.sp.leg.br/imprensa/0/0/0/0/1031#pesquisa
2023-01-01 00:00:00,"COM ECONOMICIDADE E TRANSPARÊNCIA PRESIDENTE CARLOS MOURA - MAGRÃO DEVOLVE R$ 8.767.130,02 DO DUODÉCIMO DA CÂMARA",https://www.cloudsoftcam.com.br/SP/PINDAMONHANGABA/importacao/2024/406_5fjt7tto702vl_noticia.jpeg,https://www.pindamonhangaba.sp.leg.br/imprensa/0/0/0/0/1032#pesquisa
2023-01-01 00:00:00,"COM SERIEDADE, COMPETÊNCIA E TRANSPARÊNCIA, PRESIDENTE MAGRÃO ENCERRA GESTÃO NA CÂMARA, COM MELHORIAS E RENOVAÇÕES",https://www.cloudsoftcam.com.br/SP/PINDAMONHANGABA/importacao/2024/403_k9lgr77br948_noticia.jpeg,https://www.pindamonhangaba.sp.leg.br/imprensa/0/0/0/0/1033#pesquisa
2023-01-01 00:00:00,"COM A EXPERIÊNCIA DE 7 MANDATOS LEGISLATIVOS, VEREADOR FELIPE CÉSAR – FC ASSUME A PRESIDÊNCIA DA CÂMARA DE PINDAMONHANGABA PELA 4ª VEZ",https://www.cloudsoftcam.com.br/SP/PINDAMONHANGABA/importacao/2024/400_7juok54ffk2pr_noticia.jpeg,https://www.pindamonhangaba.sp.leg.br/imprensa/0/0/0/0/1034#pesquisa
2023-01-01 00:00:00,CÂMARA DE PINDAMONHANGABA PRESTA HOMENAGEM E PISTA DE MOUNTAIN BIKE DO PARQUE DA CIDADE RECEBE O NOME DE JAURO FERREIRA - CEARÁ,https://www.cloudsoftcam.com.br/SP/PINDAMONHANGABA/importacao/2024/397_7htogovpa9lcc_noticia.jpeg,https://www.pindamonhangaba.sp.leg.br/imprensa/0/0/0/0/1035#pesquisa
2023-01-01 00:00:00,CÂMARA APROVA AS CONTAS DA PREFEITURA DO EXERCÍCIO DE 2016,https://www.cloudsoftcam.com.br/SP/PINDAMONHANGABA/importacao/2024/394_7chpepofceolm_noticia.jpeg,https://www.pindamonhangaba.sp.leg.br/imprensa/0/0/0/0/1036#pesquisa
2023-01-01 00:00:00,VEREADORES APROVAM POR UNANIMIDADE ACORDO DA PREFEITURA COM O SINDICATO PARA O PAGAMENTO DO DSR AOS SERVIDORES PÚBLICOS MUNICIPAIS,https://www.cloudsoftcam.com.br/SP/PINDAMONHANGABA/importacao/2024/391_np0druaopp8i_noticia.jpeg,https://www.pindamonhangaba.sp.leg.br/imprensa/0/0/0/0/1037#pesquisa
2023-01-01 00:00:00,VEREADORES ACATAM VETO DO PREFEITO À EMENDA MODIFICATIVA AO ORÇAMENTO DO MUNICÍPIO E APROVAM DENOMINAÇÃO DE VIA PÚBLICA NO COLMEIA,https://www.cloudsoftcam.com.br/SP/PINDAMONHANGABA/importacao/2024/388_f6pgmblhrqt8_noticia.jpeg,https://www.pindamonhangaba.sp.leg.br/imprensa/0/0/0/0/1038#pesquisa
2023-01-01 00:00:00,"COM DEBATES INTENSOS, CÂMARA DE PINDAMONHANGABA CONFIRMA POR 6 VOTOS A APROVAÇÃO DE PROJETO QUE CRIA EMPREGOS DE DIRETOR DE ESCOLA",https://www.cloudsoftcam.com.br/SP/PINDAMONHANGABA/importacao/2024/425_hf07kiea9io0_noticia.jpeg,https://www.pindamonhangaba.sp.leg.br/imprensa/0/0/0/0/1039#pesquisa
2023-01-01 00:00:00,METAS FISCAIS DO 3º QUADRIMESTRE DE 2018 SÃO APRESENTADAS EM AUDIÊNCIA PÚBLICA NO PLENÁRIO DA CÂMARA,https://www.cloudsoftcam.com.br/SP/PINDAMONHANGABA/importacao/2024/422_6n0t49bi8n8st_noticia.jpeg,https://www.pindamonhangaba.sp.leg.br/imprensa/0/0/0/0/1040#pesquisa
2023-01-01 00:00:00,ALUNOS E PROFESSORES DA ESCOLA “CRIANÇA &AMP; COMPANHIA” REALIZAM VISITA MONITORADA NA CÂMARA DE PINDAMONHANGABA,https://www.cloudsoftcam.com.br/SP/PINDAMONHANGABA/importacao/2024/419_7n362p1fokk4i_noticia.jpeg,https://www.pindamonhangaba.sp.leg.br/imprensa/0/0/0/0/1041#pesquisa
2023-01-01 00:00:00,PROJETO DE LEI QUE REGULAMENTA FALTAS ABONADAS E LICENÇA-PRÊMIO É ADIADO DEVIDO A INCLUSÃO DE EMENDA MODIFICATIVA,https://www.cloudsoftcam.com.br/SP/PINDAMONHANGABA/importacao/2024/416_62sfiglor3fr9_noticia.jpeg,https://www.pindamonhangaba.sp.leg.br/imprensa/0/0/0/0/1042#pesquisa
2023-01-01 00:00:00,"PROJETO QUE DETERMINA A DISPONIBILIZAÇÃO, POR MEIOS ELETRÔNICOS, DE LEIS E ATOS NORMATIVOS DO EXECUTIVO RECEBE EMENDA E TEM VOTAÇÃO ADIADA",https://www.cloudsoftcam.com.br/SP/PINDAMONHANGABA/importacao/2024/413_788app5809v7d_noticia.jpeg,https://www.pindamonhangaba.sp.leg.br/imprensa/0/0/0/0/1043#pesquisa
2023-01-01 00:00:00,"EM SESSÃO SOLENE, VEREADORES RECONHECEM TRABALHO E ELOGIAM ATUAÇÃO DAS MULHERES DE PINDAMONHANGABA",https://www.cloudsoftcam.com.br/SP/PINDAMONHANGABA/importacao/2024/410_7tf27mltrgh4t_noticia.jpeg,https://www.pindamonhangaba.sp.leg.br/imprensa/0/0/0/0/1044#pesquisa
2023-01-01 00:00:00,SESSÃO SOLENE NA CÂMARA DE VEREADORES MARCA ABERTURA OFICIAL DA CAMPANHA DA FRATERNIDADE 2019 EM PINDAMONHANGABA,https://www.cloudsoftcam.com.br/SP/PINDAMONHANGABA/importacao/2024/407_7occvbtpsv6ep_noticia.jpeg,https://www.pindamonhangaba.sp.leg.br/imprensa/0/0/0/0/1045#pesquisa
2023-01-01 00:00:00,"VEREADORES APROVAM PROJETO QUE DETERMINA MAIS TRANSPARÊNCIA AO EXECUTIVO COM A DISPONIBILIZAÇÃO DAS LEIS, DECRETOS, PORTARIAS E ATOS NORMATIVOS POR MEIOS ELETRÔNICOS",https://www.cloudsoftcam.com.br/SP/PINDAMONHANGABA/importacao/2024/404_kq9ie019fsvn_noticia.jpeg,https://www.pindamonhangaba.sp.leg.br/imprensa/0/0/0/0/1046#pesquisa
2023-01-01 00:00:00,SECRETARIA DE SAÚDE REALIZA AUDIÊNCIA PÚBLICA PARA APRESENTAÇÃO DO RELATÓRIO DETALHADO DO 3º QUADRIMESTRE DE 2018,https://www.cloudsoftcam.com.br/SP/PINDAMONHANGABA/importacao/2024/401_7e5mtk29m9i63_noticia.jpeg,https://www.pindamonhangaba.sp.leg.br/imprensa/0/0/0/0/1047#pesquisa
2023-01-01 00:00:00,CÂMARA APROVA VERBA PARA ENTIDADES ASSISTENCIAIS E CONVÊNIO COM A SECRETARIA DE CULTURA DO ESTADO PARA REALIZAÇÃO DE PROJETO LINGUAGENS ARTÍSTICAS,https://www.cloudsoftcam.com.br/SP/PINDAMONHANGABA/importacao/2024/398_c3rhkqjeq16l_noticia.jpeg,https://www.pindamonhangaba.sp.leg.br/imprensa/0/0/0/0/1048#pesquisa
2023-01-01 00:00:00,ALUNOS DA ESCOLA PROFª ESCOLÁSTICA ANTUNES SALGADO REALIZARAM VISITA MONITORADA NA CÂMARA DE VEREADORES,https://www.cloudsoftcam.com.br/SP/PINDAMONHANGABA/importacao/2024/395_heh6ec1b44u4_noticia.jpeg,https://www.pindamonhangaba.sp.leg.br/imprensa/0/0/0/0/1049#pesquisa
2023-01-01 00:00:00,CÂMARA APROVA ISENÇÃO DE IPTU PARA AS 1.536 UNIDADES DO RESIDENCIAL BEM VIVER POR 10 ANOS,https://www.cloudsoftcam.com.br/SP/PINDAMONHANGABA/importacao/2024/392_6p8av0slq9onq_noticia.jpeg,https://www.pindamonhangaba.sp.leg.br/imprensa/0/0/0/0/1050#pesquisa
2023-01-01 00:00:00,VEREADORES MANIFESTAM APOIO E APROVAM CRIAÇÃO DA SEMANA DE PREVENÇÃO DE DOENÇAS RENAIS EM PINDAMONHANGABA,https://www.cloudsoftcam.com.br/SP/PINDAMONHANGABA/importacao/2024/389_7qckoetf7r0e6_noticia.jpeg,https://www.pindamonhangaba.sp.leg.br/imprensa/0/0/0/0/1051#pesquisa
2023-01-01 00:00:00,"VEREADORES DE PINDAMONHANGABA AUTORIZAM RECURSOS NO VALOR DE R$ 911.116,00  PARA AUXÍLIO E CUSTEIO A ENTIDADES ASSISTENCIAIS",https://www.cloudsoftcam.com.br/SP/PINDAMONHANGABA/importacao/2024/386_pafb7g8ms99g_noticia.jpeg,https://www.pindamonhangaba.sp.leg.br/imprensa/0/0/0/0/1052#pesquisa
2023-01-01 00:00:00,"EM VOTAÇÃO UNÂNIME, CÂMARA DE PINDAMONHANGABA APROVA PROJETO QUE PREVÊ ALTERAÇÃO DE LEI SOBRE COMPENSAÇÃO DE CRÉDITOS TRIBUTÁRIOS",https://www.cloudsoftcam.com.br/SP/PINDAMONHANGABA/importacao/2024/383_jcp7ju9dvoqo_noticia.jpeg,https://www.pindamonhangaba.sp.leg.br/imprensa/0/0/0/0/1053#pesquisa
2023-01-01 00:00:00,"COM HONRAS LEGISLATIVAS, VEREADORES DE PINDAMONHANGABA REALIZAM SESSÃO SOLENE, RECONHECEM TRABALHO E CONDECORAM ESCOTEIROS DA CIDADE",https://www.cloudsoftcam.com.br/SP/PINDAMONHANGABA/importacao/2024/380_pa2joamv2o2_noticia.jpeg,https://www.pindamonhangaba.sp.leg.br/imprensa/0/0/0/0/1054#pesquisa
2023-01-01 00:00:00,VEREADORES APROVAM REGULAMENTAÇÃO DE FALTAS ABONADAS E LICENÇA-PRÊMIO AOS SERVIDORES MUNICIPAIS DE PINDAMONHANGABA,https://www.cloudsoftcam.com.br/SP/PINDAMONHANGABA/importacao/2024/377_4j3irlna4t82f_noticia.jpeg,https://www.pindamonhangaba.sp.leg.br/imprensa/0/0/0/0/1055#pesquisa
2023-01-01 00:00:00,CÂMARA COMEMORA DIA DO POLICIAL CIVIL E MILITAR COM SESSÃO SOLENE EM HOMENAGEM AOS SERVIDORES DA SEGURANÇA PÚBLICA,https://www.cloudsoftcam.com.br/SP/PINDAMONHANGABA/importacao/2024/374_8enbbu075uud_noticia.jpeg,https://www.pindamonhangaba.sp.leg.br/imprensa/0/0/0/0/1056#pesquisa
2023-01-01 00:00:00,CÂMARA DE PINDAMONHANGABA GARANTE APROVAÇÃO DO PROJETO DE LEI QUE REGULAMENTA PADRÃO PARA “TRAVESSIA ELEVADA” NO MUNICÍPIO,https://www.cloudsoftcam.com.br/SP/PINDAMONHANGABA/importacao/2024/371_vhbdba51dpcd_noticia.jpeg,https://www.pindamonhangaba.sp.leg.br/imprensa/0/0/0/0/1057#pesquisa
2023-01-01 00:00:00,FRATERNIDADE E UNIÃO MARCAM A SESSÃO SOLENE QUE COMEMOROU O “DIA MUNICIPAL DE LIBERDADE RELIGIOSA E CIDADANIA” EM PINDAMONHANGABA,https://www.cloudsoftcam.com.br/SP/PINDAMONHANGABA/importacao/2024/368_7kiosepcm7mi9_noticia.jpeg,https://www.pindamonhangaba.sp.leg.br/imprensa/0/0/0/0/1058#pesquisa
2023-01-01 00:00:00,"PELO 5º ANO CONSECUTIVO, VEREADORES, PREFEITO, VICE E SECRETÁRIOS NÃO TERÃO REAJUSTE NOS SEUS SUBSÍDIOS. REAJUSTE DOS SERVIDORES DO EXECUTIVO SERÁ PAUTA DE REUNIÃO COM A ADMINISTRAÇÃO",https://www.cloudsoftcam.com.br/SP/PINDAMONHANGABA/importacao/2024/405_73ea3ho1sa2dn_noticia.jpeg,https://www.pindamonhangaba.sp.leg.br/imprensa/0/0/0/0/1059#pesquisa
2023-01-01 00:00:00,CRÉDITO ADICIONAL DE R$ 689 MIL APROVADO PELA CÂMARA DE PINDAMONHANGABA DEVERÁ SER USADO PARA CONSTRUÇÃO DA UBS DO BAIRRO VILA RICA,https://www.cloudsoftcam.com.br/SP/PINDAMONHANGABA/importacao/2024/402_o5ktcmddi6g5_noticia.jpeg,https://www.pindamonhangaba.sp.leg.br/imprensa/0/0/0/0/1060#pesquisa
2023-01-01 00:00:00,CÂMARA APROVA O DIA MUNICIPAL DA LUTA CONTRA A CORRUPÇÃO E ADIA VOTAÇÃO DO AUMENTO DO SALÁRIO DO FUNCIONALISMO MUNICIPAL,https://www.cloudsoftcam.com.br/SP/PINDAMONHANGABA/importacao/2024/399_55599226pi92d_noticia.jpeg,https://www.pindamonhangaba.sp.leg.br/imprensa/0/0/0/0/1061#pesquisa
2023-01-01 00:00:00,AUDIÊNCIA PÚBLICA: PREFEITURA APONTA QUE “RECEITA ARRECADADA” NOS PRIMEIROS 4 MESES DE 2019 FICOU ABAIXO DO ESPERADO,https://www.cloudsoftcam.com.br/SP/PINDAMONHANGABA/importacao/2024/396_7orqfkt5k84r6_noticia.jpeg,https://www.pindamonhangaba.sp.leg.br/imprensa/0/0/0/0/1062#pesquisa
2023-01-01 00:00:00,ALUNOS E PROFESSORES DA ESCOLA “PROFESSORA IOLANDA VELLUTINI” VISITAM A CÂMARA PARA CONHECER A INFLUÊNCIA E ATUAÇÃO DO PODER LEGISLATIVO NA CIDADE,https://www.cloudsoftcam.com.br/SP/PINDAMONHANGABA/importacao/2024/393_8eb32gdg7s9j_noticia.jpeg,https://www.pindamonhangaba.sp.leg.br/imprensa/0/0/0/0/1063#pesquisa
2023-01-01 00:00:00,CÂMARA REALIZA AUDIÊNCIA PÚBLICA PARA APRESENTAÇÃO DA LDO – LEI DE DIRETRIZES ORÇAMENTÁRIAS PARA 2020,https://www.cloudsoftcam.com.br/SP/PINDAMONHANGABA/importacao/2024/390_ok7npmgv1l79_noticia.jpeg,https://www.pindamonhangaba.sp.leg.br/imprensa/0/0/0/0/1064#pesquisa
2023-01-01 00:00:00,PROJETO DE LEI DE AUMENTO SALARIAL DE 4% PARA OS SERVIDORES FOI APROVADO PELA CÂMARA DE PINDAMONHANGABA,https://www.cloudsoftcam.com.br/SP/PINDAMONHANGABA/importacao/2024/387_4jo5ifuqb2q5k_noticia.jpeg,https://www.pindamonhangaba.sp.leg.br/imprensa/0/0/0/0/1065#pesquisa
2023-01-01 00:00:00,PROJETO QUE OBRIGA O COMÉRCIO A FORNECER CANUDOS RECICLÁVEIS E VETO PARCIAL AO PROJETO DE LEI DO EXECUTIVO SOBRE O PLANO DE CARREIRA DO MAGISTÉRIO SÃO APROVADOS PELA CÂMARA DE VEREADORES,https://www.cloudsoftcam.com.br/SP/PINDAMONHANGABA/importacao/2024/384_7vulfmp2g7glg_noticia.jpeg,https://www.pindamonhangaba.sp.leg.br/imprensa/0/0/0/0/1066#pesquisa
2023-01-01 00:00:00,"EM AUDIÊNCIA PÚBLICA NA CÂMARA, SECRETARIA DE SAÚDE DO MUNICÍPIO ANUNCIA AS AÇÕES E INVESTIMENTOS DA PASTA EM PINDAMONHANGABA",https://www.cloudsoftcam.com.br/SP/PINDAMONHANGABA/importacao/2024/381_77qqah9rta7mm_noticia.jpeg,https://www.pindamonhangaba.sp.leg.br/imprensa/0/0/0/0/1067#pesquisa
2023-01-01 00:00:00,VETO PARCIAL DO EXECUTIVO AO ARTIGO DA LEI DE “LICENÇA-PRÊMIO” É ACATADO PELOS VEREADORES DE PINDAMONHANGABA,https://www.cloudsoftcam.com.br/SP/PINDAMONHANGABA/importacao/2024/378_44djv2gu5f3gf_noticia.jpeg,https://www.pindamonhangaba.sp.leg.br/imprensa/0/0/0/0/1068#pesquisa
2023-01-01 00:00:00,AUDIÊNCIA PÚBLICA NA CÂMARA APRESENTOU E DEBATEU COM A POPULAÇÃO A REVISÃO DO PLANO DIRETOR DE PINDAMONHANGABA,https://www.cloudsoftcam.com.br/SP/PINDAMONHANGABA/importacao/2024/375_vqu3ap7dpml8_noticia.jpeg,https://www.pindamonhangaba.sp.leg.br/imprensa/0/0/0/0/1069#pesquisa
2023-01-01 00:00:00,PROJETO QUE ALTERA CRITÉRIO DE DESEMPATE NA CLASSIFICAÇÃO DE VAGAS NAS CRECHES MUNICIPAIS É RETIRADO PELO AUTOR,https://www.cloudsoftcam.com.br/SP/PINDAMONHANGABA/importacao/2024/372_65autl9cjhkpq_noticia.jpeg,https://www.pindamonhangaba.sp.leg.br/imprensa/0/0/0/0/1070#pesquisa
2023-01-01 00:00:00,PROJETOS DE LEI DE SUBVENÇÃO PARA ENTIDADES DE PINDAMONHANGABA SÃO APROVADOS PELOS VEREADORES,https://www.cloudsoftcam.com.br/SP/PINDAMONHANGABA/importacao/2024/369_505hlf5kpl2pp_noticia.jpeg,https://www.pindamonhangaba.sp.leg.br/imprensa/0/0/0/0/1071#pesquisa
2023-01-01 00:00:00,CÂMARA APROVA DOIS PROJETOS DO EXECUTIVO PARA ABERTURA DE CRÉDITOS ADICIONAIS ESPECIAIS DE SOBRA DE SALDO BANCÁRIO DE 2018 E EMENDAS IMPOSITIVAS,https://www.cloudsoftcam.com.br/SP/PINDAMONHANGABA/importacao/2024/366_7mpomtaichqbc_noticia.jpeg,https://www.pindamonhangaba.sp.leg.br/imprensa/0/0/0/0/1072#pesquisa
2023-01-01 00:00:00,"APÓS ADIAMENTO, DEBATES E AUDIÊNCIA PÚBLICA, LEI ORÇAMENTÁRIA DE 2020 DO MUNICÍPIO É APROVADA PELOS VEREADORES DE PINDAMONHANGABA",https://www.cloudsoftcam.com.br/SP/PINDAMONHANGABA/importacao/2024/363_ut70qpsbpivq_noticia.jpeg,https://www.pindamonhangaba.sp.leg.br/imprensa/0/0/0/0/1073#pesquisa
2023-01-01 00:00:00,PLENÁRIO APROVA E CONFIRMA ABERTURA DE CEI PARA APURAR SUPOSTAS IRREGULARIDADES EM “PAGAMENTOS DE VEÍCULOS ALUGADOS” PELO EXECUTIVO,https://www.cloudsoftcam.com.br/SP/PINDAMONHANGABA/importacao/2024/360_4tesjrqhh9q81_noticia.jpeg,https://www.pindamonhangaba.sp.leg.br/imprensa/0/0/0/0/1074#pesquisa
2023-01-01 00:00:00,"EM RECESSO OFICIAL, CÂMARA DE PINDAMONHANGABA MANTÉM ATENDIMENTO NORMAL NA ÁREA ADMINISTRATIVA E NOS GABINETES DOS VEREADORES",https://www.cloudsoftcam.com.br/SP/PINDAMONHANGABA/importacao/2024/357_2fh4f56c6s9tj_noticia.jpeg,https://www.pindamonhangaba.sp.leg.br/imprensa/0/0/0/0/1075#pesquisa
2023-01-01 00:00:00,PLENÁRIO DA CÂMARA DE PINDAMONHANGABA DEVE VOTAR 3 PROJETOS NA RETOMADA DAS SESSÕES ORDINÁRIAS DO SEGUNDO SEMESTRE,https://www.cloudsoftcam.com.br/SP/PINDAMONHANGABA/importacao/2024/354_5can68v9vdkaj_noticia.jpeg,https://www.pindamonhangaba.sp.leg.br/imprensa/0/0/0/0/1076#pesquisa
2023-01-01 00:00:00,CÂMARA REALIZA PRIMEIRA SESSÃO ORDINÁRIA DO 2º SEMESTRE COM TRÊS PROPOSITURAS NA ORDEM DO DIA,https://www.cloudsoftcam.com.br/SP/PINDAMONHANGABA/importacao/2024/351_5256b75kpfids_noticia.jpeg,https://www.pindamonhangaba.sp.leg.br/imprensa/0/0/0/0/1077#pesquisa
2023-01-01 00:00:00,DENÚNCIAS E IRREGULARIDADES EM CONCURSO PÚBLICO SERÃO APURADAS EM NOVA CEI ABERTA PELOS VEREADORES DE PINDAMONHANGABA,https://www.cloudsoftcam.com.br/SP/PINDAMONHANGABA/importacao/2024/348_49gnnh77rlhbg_noticia.jpeg,https://www.pindamonhangaba.sp.leg.br/imprensa/0/0/0/0/1078#pesquisa
2023-01-01 00:00:00,"EM AUDIÊNCIA COM O PREFEITO, MESA DIRETORA DA CÂMARA DE PINDAMONHANGABA FAZ DEVOLUÇÃO DE DUODÉCIMO NO VALOR DE R$ 4.000.000,00",https://www.cloudsoftcam.com.br/SP/PINDAMONHANGABA/importacao/2024/385_38rni1jbag0ke_noticia.jpeg,https://www.pindamonhangaba.sp.leg.br/imprensa/0/0/0/0/1079#pesquisa
2023-01-01 00:00:00,"CÂMARA APROVA 13 DENOMINAÇÕES DE VIAS PÚBLICAS NOS BAIRROS RESIDENCIAL NOVA DUTRA, MANTIQUEIRA E VIVER MELHOR",https://www.cloudsoftcam.com.br/SP/PINDAMONHANGABA/importacao/2024/382_r7dqbc1il4gh_noticia.jpeg,https://www.pindamonhangaba.sp.leg.br/imprensa/0/0/0/0/1080#pesquisa
2023-01-01 00:00:00,"EM AUDIÊNCIA PÚBLICA NA CÂMARA DE PINDAMONHANGABA, VEREADORES, PROFISSIONAIS E POPULAÇÃO DEBATERAM A REGULAMENTAÇÃO DE TRANSPORTE POR APLICATIVO",https://www.cloudsoftcam.com.br/SP/PINDAMONHANGABA/importacao/2024/379_ah9vrdho8p1q_noticia.jpeg,https://www.pindamonhangaba.sp.leg.br/imprensa/0/0/0/0/1081#pesquisa
2023-01-01 00:00:00,"“A MAÇONARIA É A CIÊNCIA DA ALMA”, AFIRMA IRMÃO OBREIRO HOMENAGEADO EM SESSÃO DA CÂMARA DE PINDAMONHANGABA QUE COMEMOROU “DIA DO MAÇOM”",https://www.cloudsoftcam.com.br/SP/PINDAMONHANGABA/importacao/2024/376_6ougn36v7ncuk_noticia.jpeg,https://www.pindamonhangaba.sp.leg.br/imprensa/0/0/0/0/1082#pesquisa
2023-01-01 00:00:00,"VEREADORES DE PINDAMONHANGABA PRIORIZAM MEIO AMBIENTE E APROVAM PROJETO QUE PROÍBE CANUDOS E COPOS PLÁSTICOS EM BARES, RESTAURANTES E COMÉRCIO AMBULANTE",https://www.cloudsoftcam.com.br/SP/PINDAMONHANGABA/importacao/2024/373_8pkaf6ab2rqn_noticia.jpeg,https://www.pindamonhangaba.sp.leg.br/imprensa/0/0/0/0/1083#pesquisa
2023-01-01 00:00:00,CÂMARA DE PINDAMONHANGABA COMEMORA SEMANA NACIONAL DA FAMÍLIA COM SESSÃO SOLENE,https://www.cloudsoftcam.com.br/SP/PINDAMONHANGABA/importacao/2024/370_vaa0v7kguuub_noticia.jpeg,https://www.pindamonhangaba.sp.leg.br/imprensa/0/0/0/0/1084#pesquisa
2023-01-01 00:00:00,ALUNOS DA ESCOLA ESTADUAL DR. DEMÉTRIO IVAHY BADARÓ VISITAM A CÂMARA DE VEREADORES,https://www.cloudsoftcam.com.br/SP/PINDAMONHANGABA/importacao/2024/367_60m7833rk2l0s_noticia.jpeg,https://www.pindamonhangaba.sp.leg.br/imprensa/0/0/0/0/1085#pesquisa
2023-01-01 00:00:00,AUDIÊNCIA PÚBLICA NA CÂMARA DE PINDAMONHANGABA DEBATEU O TEMA PARTO NORMAL E A HUMANIZAÇÃO DA ASSISTÊNCIA ÀS GESTANTES,https://www.cloudsoftcam.com.br/SP/PINDAMONHANGABA/importacao/2024/364_g313dnrs6hsr_noticia.jpeg,https://www.pindamonhangaba.sp.leg.br/imprensa/0/0/0/0/1086#pesquisa
2023-01-01 00:00:00,"COM APROVAÇÃO UNÂNIME DO PLENÁRIO, RUAS DO LOTEAMENTO SANTA CLARA GANHAM NOVAS DENOMINAÇÕES",https://www.cloudsoftcam.com.br/SP/PINDAMONHANGABA/importacao/2024/361_7toaqmpoj4dpc_noticia.jpeg,https://www.pindamonhangaba.sp.leg.br/imprensa/0/0/0/0/1087#pesquisa
2023-01-01 00:00:00,PROJETOS DO VEREADOR RAFAEL GOFFI E DA VEREADORA GISLENE CARDOSO FORAM APROVADOS POR UNANIMIDADE,https://www.cloudsoftcam.com.br/SP/PINDAMONHANGABA/importacao/2024/358_52mp2e8gr8pa4_noticia.jpeg,https://www.pindamonhangaba.sp.leg.br/imprensa/0/0/0/0/1088#pesquisa
2023-01-01 00:00:00,CÂMARA DE PINDAMONHANGABA APROVA DENOMINAÇÃO DE VIA PÚBLICA NO LOTEAMENTO SANTA CLARA,https://www.cloudsoftcam.com.br/SP/PINDAMONHANGABA/importacao/2024/355_6qgvon73gre56_noticia.jpeg,https://www.pindamonhangaba.sp.leg.br/imprensa/0/0/0/0/1089#pesquisa
2023-01-01 00:00:00,VEREADORES APOIAM PROJETOS DE LEI E RUAS E ESTRADA TERÃO NOVOS NOMES EM PINDAMONHANGABA,https://www.cloudsoftcam.com.br/SP/PINDAMONHANGABA/importacao/2024/352_ou7qnl0d6q43_noticia.jpeg,https://www.pindamonhangaba.sp.leg.br/imprensa/0/0/0/0/1090#pesquisa
2023-01-01 00:00:00,"EM AUDIÊNCIA PÚBLICA, NOVO SECRETÁRIO DE FINANÇAS APRESENTA AS CONTAS DA PREFEITURA DO 2º QUADRIMESTRE/2019",https://www.cloudsoftcam.com.br/SP/PINDAMONHANGABA/importacao/2024/349_r7icbbvifto_noticia.jpeg,https://www.pindamonhangaba.sp.leg.br/imprensa/0/0/0/0/1091#pesquisa
2023-01-01 00:00:00,"NOVAS RUAS DO RESIDENCIAL SANTA CLARA, SHANGRI-LÁ E VILA VERDE RECEBEM DENOMINAÇÕES DOS PARLAMENTARES EM PINDAMONHANGABA",https://www.cloudsoftcam.com.br/SP/PINDAMONHANGABA/importacao/2024/346_r5fnfjob9tmm_noticia.jpeg,https://www.pindamonhangaba.sp.leg.br/imprensa/0/0/0/0/1092#pesquisa
2023-01-01 00:00:00,SECRETARIA DE SAÚDE REALIZA AUDIÊNCIA PÚBLICA PARA APRESENTAÇÃO DO RELATÓRIO DETALHADO DO 2º QUADRIMESTRE DE 2019 E COMPROVA APLICAÇÃO DE 35% NA SAÚDE,https://www.cloudsoftcam.com.br/SP/PINDAMONHANGABA/importacao/2024/343_6dkmu1tbq158j_noticia.jpeg,https://www.pindamonhangaba.sp.leg.br/imprensa/0/0/0/0/1093#pesquisa
2023-01-01 00:00:00,CÂMARA DE PINDAMONHANGABA ACATA VETOS DO EXECUTIVO A 4 PROJETOS DE LEI APROVADOS COM DENOMINAÇÕES DE RUAS,https://www.cloudsoftcam.com.br/SP/PINDAMONHANGABA/importacao/2024/340_e3ihlgo20u3g_noticia.jpeg,https://www.pindamonhangaba.sp.leg.br/imprensa/0/0/0/0/1094#pesquisa
2023-01-01 00:00:00,COMERCIÁRIOS DE PINDAMONHANGABA SÃO HOMENAGEADOS EM SESSÃO SOLENE NA CÂMARA DE PINDAMONHANGABA,https://www.cloudsoftcam.com.br/SP/PINDAMONHANGABA/importacao/2024/337_gb8np4k55i45_noticia.jpeg,https://www.pindamonhangaba.sp.leg.br/imprensa/0/0/0/0/1095#pesquisa
2023-01-01 00:00:00,"PARLAMENTARES APROVAM POR UNANIMIDADE PROJETO DE LEI INCLUSO NA ORDEM DO DIA, ONDE DENOMINA O PRÉDIO DA ESF – ESTRATÉGIA SAÚDE DA FAMÍLIA DO JARDIM ELOYNA",https://www.cloudsoftcam.com.br/SP/PINDAMONHANGABA/importacao/2024/334_61td5mmho7d3l_noticia.jpeg,https://www.pindamonhangaba.sp.leg.br/imprensa/0/0/0/0/1096#pesquisa
2023-01-01 00:00:00,"EM NOITE MARCADA PELA GRATIDÃO E RESPEITO, CÂMARA DE PINDAMONHANGABA PROMOVE SESSÃO SOLENE E CELEBRA O ‘DIA DO PROFESSOR’",https://www.cloudsoftcam.com.br/SP/PINDAMONHANGABA/importacao/2024/331_pf255p4u3c2h_noticia.jpeg,https://www.pindamonhangaba.sp.leg.br/imprensa/0/0/0/0/1097#pesquisa
2023-01-01 00:00:00,37ª SESSÃO ORDINÁRIA: VEREADORES APROVAM PROJETO DE LEI SOBRE PRORROGAÇÃO DA LICENÇA-PATERNIDADE PARA SERVIDOR PÚBLICO MUNICIPAL,https://www.cloudsoftcam.com.br/SP/PINDAMONHANGABA/importacao/2024/328_hleoeh94de3l_noticia.jpeg,https://www.pindamonhangaba.sp.leg.br/imprensa/0/0/0/0/1098#pesquisa
2023-01-01 00:00:00,CÂMARA DE PINDAMONHANGABA ACOLHE PASTORES E MEMBROS DAS IGREJAS EVANGÉLICAS E COMEMORA OS 502 ANOS DA REFORMA PROTESTANTE,https://www.cloudsoftcam.com.br/SP/PINDAMONHANGABA/importacao/2024/365_om0s73q1idsv_noticia.jpeg,https://www.pindamonhangaba.sp.leg.br/imprensa/0/0/0/0/1099#pesquisa
2023-01-01 00:00:00,"CONSCIÊNCIA, EXPERIÊNCIAS E EMOÇÃO MARCARAM A SESSÃO SOLENE “OUTUBRO ROSA” NA CÂMARA DE PINDAMONHANGABA",https://www.cloudsoftcam.com.br/SP/PINDAMONHANGABA/importacao/2024/362_7ipim3q76nprq_noticia.jpeg,https://www.pindamonhangaba.sp.leg.br/imprensa/0/0/0/0/1100#pesquisa
2023-01-01 00:00:00,"CÂMARA INSTITUI COM APROVAÇÃO UNÂNIME DIA MUNICIPAL DO IDOSO E O SETEMBRO AMARELO, PARA AJUDAR NA PREVENÇÃO AO SUICÍDIO",https://www.cloudsoftcam.com.br/SP/PINDAMONHANGABA/importacao/2024/359_m2uvmd5acskb_noticia.jpeg,https://www.pindamonhangaba.sp.leg.br/imprensa/0/0/0/0/1101#pesquisa
2023-01-01 00:00:00,VEREADORES RECEPCIONAM ALUNOS E PROFESSORA DO COLÉGIO TABLEAU DE PINDAMONHANGABA PARA DEBATER A IMPORTÂNCIA DA DEMOCRACIA,https://www.cloudsoftcam.com.br/SP/PINDAMONHANGABA/importacao/2024/356_5opsnakglnvd6_noticia.jpeg,https://www.pindamonhangaba.sp.leg.br/imprensa/0/0/0/0/1102#pesquisa
2023-01-01 00:00:00,PLENÁRIO CONFIRMA APROVAÇÃO DE PROJETO DE LEI QUE INSTITUI E INCLUI NO CALENDÁRIO OFICIAL A ‘SEMANA MUNICIPAL DO LIXO ZERO’ EM PINDAMONHANGABA,https://www.cloudsoftcam.com.br/SP/PINDAMONHANGABA/importacao/2024/353_qgc5daf9a6on_noticia.jpeg,https://www.pindamonhangaba.sp.leg.br/imprensa/0/0/0/0/1103#pesquisa
2023-01-01 00:00:00,CÂMARA DE PINDAMONHANGABA TERÁ SERVIÇOS E ACESSOS ON-LINE INDISPONÍVEIS NO PRÓXIMO FINAL DE SEMANA,https://www.cloudsoftcam.com.br/SP/PINDAMONHANGABA/importacao/2024/350_7uhnt34tcnhbq_noticia.jpeg,https://www.pindamonhangaba.sp.leg.br/imprensa/0/0/0/0/1104#pesquisa
2023-01-01 00:00:00,AUDIÊNCIA PÚBLICA DA LOA: PROJETO DE LEI APRESENTA DESPESAS E RECEITAS PARA PINDAMONHANGABA EM 2020,https://www.cloudsoftcam.com.br/SP/PINDAMONHANGABA/importacao/2024/347_dt1k7auaffth_noticia.jpeg,https://www.pindamonhangaba.sp.leg.br/imprensa/0/0/0/0/1105#pesquisa
2023-01-01 00:00:00,"CÂMARA APROVA LEI QUE NORMATIZA ATENDIMENTO NOS CAIXAS DE SUPERMERCADOS, HIPERMERCADOS E ESTABELECIMENTOS SIMILARES DE PINDAMONHANGABA",https://www.cloudsoftcam.com.br/SP/PINDAMONHANGABA/importacao/2024/344_7gmit9vsr5gne_noticia.jpeg,https://www.pindamonhangaba.sp.leg.br/imprensa/0/0/0/0/1106#pesquisa
2023-01-01 00:00:00,PLENÁRIO APROVA PROJETO DE LEI E RUA DO RESIDENCIAL SANTA CLARA RECEBERÁ NOVA DENOMINAÇÃO,https://www.cloudsoftcam.com.br/SP/PINDAMONHANGABA/importacao/2024/341_7pp4s2c3f4gd7_noticia.jpeg,https://www.pindamonhangaba.sp.leg.br/imprensa/0/0/0/0/1107#pesquisa
2023-01-01 00:00:00,DIA DA CONSCIÊNCIA NEGRA É COMEMORADO COM SESSÃO SOLENE NA CÂMARA DE VEREADORES DE PINDAMONHANGABA,https://www.cloudsoftcam.com.br/SP/PINDAMONHANGABA/importacao/2024/338_psaa4h6f67ev_noticia.jpeg,https://www.pindamonhangaba.sp.leg.br/imprensa/0/0/0/0/1108#pesquisa
2023-01-01 00:00:00,GINÁSTICA ARTÍSTICA DE PINDAMONHANGABA É HOMENAGEADA NA CÂMARA DE VEREADORES DE PINDAMONHANGABA,https://www.cloudsoftcam.com.br/SP/PINDAMONHANGABA/importacao/2024/335_6jlvofeafo5hv_noticia.jpeg,https://www.pindamonhangaba.sp.leg.br/imprensa/0/0/0/0/1109#pesquisa
2023-01-01 00:00:00,ESTUDANTES DO SESI DE PINDAMONHANGABA VISITAM A CÂMARA DE VEREADORES NO PROJETO ESCOLA VAI À CÂMARA,https://www.cloudsoftcam.com.br/SP/PINDAMONHANGABA/importacao/2024/332_7mh5id8ntn763_noticia.jpeg,https://www.pindamonhangaba.sp.leg.br/imprensa/0/0/0/0/1110#pesquisa
2023-01-01 00:00:00,43ª SESSÃO ORDINÁRIA: PROJETO DE LEI APROVADO CRIA O “DIA MUNICIPAL DE MOBILIZAÇÃO EM MEMÓRIA ÀS VÍTIMAS DE TRÂNSITO”,https://www.cloudsoftcam.com.br/SP/PINDAMONHANGABA/importacao/2024/329_fbiivv7uhi26_noticia.jpeg,https://www.pindamonhangaba.sp.leg.br/imprensa/0/0/0/0/1111#pesquisa
2023-01-01 00:00:00,"CÂMARA APROVA ORÇAMENTO PARA O MUNICÍPIO EM 2020, COM REDUÇÃO DE 23% PARA O LEGISLATIVO",https://www.cloudsoftcam.com.br/SP/PINDAMONHANGABA/importacao/2024/326_jfp7rkeig18s_noticia.jpeg,https://www.pindamonhangaba.sp.leg.br/imprensa/0/0/0/0/1112#pesquisa
2023-01-01 00:00:00,OPERAÇÕES DE CRÉDITO SOLICITADAS PELO EXECUTIVO SÃO REJEITADAS PELOS VEREADORES,https://www.cloudsoftcam.com.br/SP/PINDAMONHANGABA/importacao/2024/323_5nmpi7okpfk0n_noticia.jpeg,https://www.pindamonhangaba.sp.leg.br/imprensa/0/0/0/0/1113#pesquisa
2023-01-01 00:00:00,"EM RECESSO OFICIAL, CÂMARA DE PINDAMONHANGABA MANTÉM ATENDIMENTO NORMAL NA ÁREA ADMINISTRATIVA E NOS GABINETES DOS VEREADORES",https://www.cloudsoftcam.com.br/SP/PINDAMONHANGABA/importacao/2024/320_4t1q22k7q1ahb_noticia.jpeg,https://www.pindamonhangaba.sp.leg.br/imprensa/0/0/0/0/1114#pesquisa
2023-01-01 00:00:00,"CÂMARA DE VEREADORES DE PINDAMONHANGABA RETOMA OS TRABALHOS LEGISLATIVOS A PARTIR DESTA SEGUNDA-FEIRA, DIA 27 DE JANEIRO",https://www.cloudsoftcam.com.br/SP/PINDAMONHANGABA/importacao/2024/317_30hg7vggtd575_noticia.jpeg,https://www.pindamonhangaba.sp.leg.br/imprensa/0/0/0/0/1115#pesquisa
2023-01-01 00:00:00,PROJETO DE LEI APROVADO PELOS VEREADORES PROMOVE ALTERAÇÕES NA SESSÃO SOLENE DE PREVENÇÃO AO CÂNCER DE MAMA,https://www.cloudsoftcam.com.br/SP/PINDAMONHANGABA/importacao/2024/314_6fopf6bddcao7_noticia.jpeg,https://www.pindamonhangaba.sp.leg.br/imprensa/0/0/0/0/1116#pesquisa
2023-01-01 00:00:00,"EM VOTAÇÃO UNÂNIME, CÂMARA DE PINDAMONHANGABA APROVA PROJETO DO EXECUTIVO COM AJUSTES ADMINISTRATIVOS NO PARQUE DO TRABIJU",https://www.cloudsoftcam.com.br/SP/PINDAMONHANGABA/importacao/2024/311_1p809kojkiovn_noticia.jpeg,https://www.pindamonhangaba.sp.leg.br/imprensa/0/0/0/0/1117#pesquisa
2023-01-01 00:00:00,PROJETO DE CONCESSÃO DE CESTA BÁSICA AOS SERVIDORES MUNICIPAIS TÊM VOTAÇÃO ADIADA APÓS PEDIDOS DE VEREADORES DE PINDAMONHANGABA,https://www.cloudsoftcam.com.br/SP/PINDAMONHANGABA/importacao/2024/308_7o4neb5df4ppr_noticia.jpeg,https://www.pindamonhangaba.sp.leg.br/imprensa/0/0/0/0/1118#pesquisa
2023-01-01 00:00:00,CÂMARA PRIORIZA NOVAS NORMAS E VEREADORES APROVAM SUBSTITUTIVO AO PROJETO DE LEI PARA REGULAMENTAR SERVIÇO DE TÁXI EM PINDAMONHANGABA,https://www.cloudsoftcam.com.br/SP/PINDAMONHANGABA/importacao/2024/345_63h4a0b6id9lk_noticia.jpeg,https://www.pindamonhangaba.sp.leg.br/imprensa/0/0/0/0/1119#pesquisa
2023-01-01 00:00:00,VEREADORES APROVAM PROJETO DE LEI E PRAÇA DO ALTO DO CARDOSO RECEBERÁ O NOME DE “JOSÉ MONTEIRO FERRAZ”,https://www.cloudsoftcam.com.br/SP/PINDAMONHANGABA/importacao/2024/342_3vmfj5gvplo10_noticia.jpeg,https://www.pindamonhangaba.sp.leg.br/imprensa/0/0/0/0/1120#pesquisa
2023-01-01 00:00:00,"SALÁRIO E REFERÊNCIA DOS AGENTES COMUNITÁRIOS DE SAÚDE SERÃO REENQUADRADOS PELA PREFEITURA, GARANTE PROJETO DE LEI APROVADO NA CÂMARA DE PINDAMONHANGABA",https://www.cloudsoftcam.com.br/SP/PINDAMONHANGABA/importacao/2024/339_17g2nlibg74cs_noticia.jpeg,https://www.pindamonhangaba.sp.leg.br/imprensa/0/0/0/0/1121#pesquisa
2023-01-01 00:00:00,"INCISO DA LEI N° 6.299/2019, QUE TRATA DO ORÇAMENTO DO MUNICÍPIO PARA 2020 É RETIFICADO PELOS VEREADORES DE PINDAMONHANGABA",https://www.cloudsoftcam.com.br/SP/PINDAMONHANGABA/importacao/2024/336_55ajqjgf1rnr0_noticia.jpeg,https://www.pindamonhangaba.sp.leg.br/imprensa/0/0/0/0/1122#pesquisa
2023-01-01 00:00:00,PROJETOS DE LEI DA ORDEM DO DIA TEM VOTAÇÃO ADIADA PELOS VEREADORES DE PINDAMONHANGABA,https://www.cloudsoftcam.com.br/SP/PINDAMONHANGABA/importacao/2024/333_dds10mi0fie2_noticia.jpeg,https://www.pindamonhangaba.sp.leg.br/imprensa/0/0/0/0/1123#pesquisa
2023-01-01 00:00:00,VEREADORES APROVAM PROJETO DE LEI QUE PREVÊ ADEQUAÇÕES NO CONSELHO DE MEIO AMBIENTE DE PINDAMONHANGABA,https://www.cloudsoftcam.com.br/SP/PINDAMONHANGABA/importacao/2024/330_79qa0jmkrmfj_noticia.jpeg,https://www.pindamonhangaba.sp.leg.br/imprensa/0/0/0/0/1124#pesquisa
2023-01-01 00:00:00,RECONHECIMENTO: PRESIDENTE DA LIGA DE FUTSAL É HOMENAGEADO PELOS VEREADORES DE PINDAMONHANGABA,https://www.cloudsoftcam.com.br/SP/PINDAMONHANGABA/importacao/2024/327_5qp0vki2662kl_noticia.jpeg,https://www.pindamonhangaba.sp.leg.br/imprensa/0/0/0/0/1125#pesquisa
2023-01-01 00:00:00,CONTAS DO EXECUTIVO DE 2017 SÃO APROVADAS PELA CÂMARA DE PINDAMONHANGABA,https://www.cloudsoftcam.com.br/SP/PINDAMONHANGABA/importacao/2024/324_ub0mb73l2r60_noticia.jpeg,https://www.pindamonhangaba.sp.leg.br/imprensa/0/0/0/0/1126#pesquisa
2023-01-01 00:00:00,VEREADORES APROVAM PROJETO DE LEI E ESF DO BAIRRO SANTA CECÍLIA RECEBE O NOME DE “ANTONIO VIDAL FILHO”,https://www.cloudsoftcam.com.br/SP/PINDAMONHANGABA/importacao/2024/321_7a3f9fqlq6asd_noticia.jpeg,https://www.pindamonhangaba.sp.leg.br/imprensa/0/0/0/0/1127#pesquisa
2023-01-01 00:00:00,COVID-19: MESA DIRETORA PUBLICA ATO COM NORMAS E DIRETRIZES DE PREVENÇÃO AO “CORONAVÍRUS” NO ÂMBITO DA CÂMARA DE PINDAMONHANGABA,https://www.cloudsoftcam.com.br/SP/PINDAMONHANGABA/importacao/2024/318_35pb04ht8ahhr_noticia.jpeg,https://www.pindamonhangaba.sp.leg.br/imprensa/0/0/0/0/1128#pesquisa
2023-01-01 00:00:00,PROJETO DE LEI QUE REVOGA LEI SOBRE ATIVIDADES NO MERCADO MUNICIPAL TEM APROVAÇÃO UNÂNIME DOS VEREADORES DE PINDAMONHANGABA,https://www.cloudsoftcam.com.br/SP/PINDAMONHANGABA/importacao/2024/315_6u1eg7vkq6rej_noticia.jpeg,https://www.pindamonhangaba.sp.leg.br/imprensa/0/0/0/0/1129#pesquisa
2023-01-01 00:00:00,VEREADORES DE PINDAMONHANGABA REJEITAM PEDIDO DE ABERTURA DE COMISSÃO PROCESSANTE CONTRA O EXECUTIVO,https://www.cloudsoftcam.com.br/SP/PINDAMONHANGABA/importacao/2024/312_7oi312t2b18ga_noticia.jpeg,https://www.pindamonhangaba.sp.leg.br/imprensa/0/0/0/0/1130#pesquisa
2023-01-01 00:00:00,"MESA DIRETORA DIVULGA ATO E SUSPENDE, POR PRAZO INDETERMINADO, O EXPEDIENTE NA CÂMARA DE PINDAMONHANGABA",https://www.cloudsoftcam.com.br/SP/PINDAMONHANGABA/importacao/2024/309_5fq8i86em5049_noticia.jpeg,https://www.pindamonhangaba.sp.leg.br/imprensa/0/0/0/0/1131#pesquisa
2023-01-01 00:00:00,"EM NOVO ATO, MESA DIRETORA DETERMINA A REALIZAÇÃO DE SESSÕES ORDINÁRIAS SEM PÚBLICO, MAS EXPEDIENTE CONTINUA SUSPENSO POR PRAZO INDETERMINADO NA CÂMARA DE PINDAMONHANGABA",https://www.cloudsoftcam.com.br/SP/PINDAMONHANGABA/importacao/2024/306_7j1rqbatata6u_noticia.jpeg,https://www.pindamonhangaba.sp.leg.br/imprensa/0/0/0/0/1132#pesquisa
2023-01-01 00:00:00,CÂMARA REALIZA SESSÃO ORDINÁRIA E APROVA PROJETO QUE AUTORIZA EXECUTIVO A CONCEDER SUBVENÇÃO SOCIAL À ENTIDADE DE PINDAMONHANGABA,https://www.cloudsoftcam.com.br/SP/PINDAMONHANGABA/importacao/2024/303_1lud0kkmm1ujp_noticia.jpeg,https://www.pindamonhangaba.sp.leg.br/imprensa/0/0/0/0/1133#pesquisa
2023-01-01 00:00:00,"BAIRRO CURUÇA, NA VILA SÃO BENEDITO TERÁ REGULARIZAÇÃO FUNDIÁRIA, PREVÊ PROJETO DE LEI APROVADO NA CÂMARA DE PINDAMONHANGABA",https://www.cloudsoftcam.com.br/SP/PINDAMONHANGABA/importacao/2024/300_3uhvlh9fka9sn_noticia.jpeg,https://www.pindamonhangaba.sp.leg.br/imprensa/0/0/0/0/1134#pesquisa
2023-01-01 00:00:00,CÂMARA DE PINDAMONHANGABA APROVA PROJETO DE LEI DO PODER EXECUTIVO COM ALTERAÇÕES DE METAS E INDICADORES DAS LEIS ORÇAMENTÁRIAS,https://www.cloudsoftcam.com.br/SP/PINDAMONHANGABA/importacao/2024/297_issdh1ldc0gg_noticia.jpeg,https://www.pindamonhangaba.sp.leg.br/imprensa/0/0/0/0/1135#pesquisa
2023-01-01 00:00:00,"COM AUTORIZAÇÃO DA CÂMARA DE PINDAMONHANGABA, PREFEITURA ABRE CRÉDITO ADICIONAL ESPECIAL PARA ENFRENTAMENTO DO CORONAVIRUS NO MUNICÍPIO",https://www.cloudsoftcam.com.br/SP/PINDAMONHANGABA/importacao/2024/294_3luobr5dtojab_noticia.jpeg,https://www.pindamonhangaba.sp.leg.br/imprensa/0/0/0/0/1136#pesquisa
2023-01-01 00:00:00,CÂMARA CONFIRMA APROVAÇÃO DE PROJETOS DE LEI QUE CONCEDEM AUMENTO AOS SALÁRIOS DOS SERVIDORES DE PINDAMONHANGABA,https://www.cloudsoftcam.com.br/SP/PINDAMONHANGABA/importacao/2024/291_e8j1ctsrfb3l_noticia.jpeg,https://www.pindamonhangaba.sp.leg.br/imprensa/0/0/0/0/1137#pesquisa
2023-01-01 00:00:00,ADEQUAÇÕES DO CONSELHO MUNICIPAL DO PATRIMÔNIO HISTÓRICO DE PINDAMONHANGABA SÃO APROVADAS PELO PLENÁRIO DA CÂMARA DE VEREADORES,https://www.cloudsoftcam.com.br/SP/PINDAMONHANGABA/importacao/2024/288_3bi7g06mkcqsm_noticia.jpeg,https://www.pindamonhangaba.sp.leg.br/imprensa/0/0/0/0/1138#pesquisa
2023-01-01 00:00:00,CÂMARA DE PINDAMONHANGABA ADIA VOTAÇÃO DE PROJETOS DE LEI DA ORDEM DO DIA DA 14ª SESSÃO ORDINÁRIA,https://www.cloudsoftcam.com.br/SP/PINDAMONHANGABA/importacao/2024/325_1bs01suhqhe6n_noticia.jpeg,https://www.pindamonhangaba.sp.leg.br/imprensa/0/0/0/0/1139#pesquisa
2023-01-01 00:00:00,VEREADORES DECIDEM ADIAR VOTAÇÃO DO PROJETO QUE CRIA O CONSELHO MUNICIPAL DE TRÂNSITO E MOBILIDADE URBANA,https://www.cloudsoftcam.com.br/SP/PINDAMONHANGABA/importacao/2024/322_5e05do2gnofo8_noticia.jpeg,https://www.pindamonhangaba.sp.leg.br/imprensa/0/0/0/0/1140#pesquisa
2023-01-01 00:00:00,PROJETO DE LEI QUE INSTITUI O PLANO DE GESTÃO INTEGRADA DE RESÍDUOS SÓLIDOS RECEBE EMENDA E TEM VOTAÇÃO ADIADA PELOS VEREADORES DE PINDAMONHANGABA,https://www.cloudsoftcam.com.br/SP/PINDAMONHANGABA/importacao/2024/319_7gkug71kdj0lu_noticia.jpeg,https://www.pindamonhangaba.sp.leg.br/imprensa/0/0/0/0/1141#pesquisa
2023-01-01 00:00:00,CÂMARA DE PINDAMONHANGABA APROVA PROJETO DE LEI QUE DISPONIBILIZA AVISO SONORO PARA ATENDIMENTO ÀS PESSOAS COM DEFICIÊNCIA VISUAL,https://www.cloudsoftcam.com.br/SP/PINDAMONHANGABA/importacao/2024/316_52hns3770vlmu_noticia.jpeg,https://www.pindamonhangaba.sp.leg.br/imprensa/0/0/0/0/1142#pesquisa
2023-01-01 00:00:00,"COM APROVAÇÃO DOS VEREADORES DE PINDAMONHANGABA, VIELAS DO BAIRRO SÃO BENEDITO, EM MOREIRA CÉSAR, RECEBERÃO NOVAS DENOMINAÇÕES",https://www.cloudsoftcam.com.br/SP/PINDAMONHANGABA/importacao/2024/313_km8krokljl64_noticia.jpeg,https://www.pindamonhangaba.sp.leg.br/imprensa/0/0/0/0/1143#pesquisa
2023-01-01 00:00:00,ALTERAÇÕES NA LEI COMPLEMENTAR DO FUNDO DE PREVIDÊNCIA MUNICIPAL SÃO APROVADAS NA CÂMARA DE PINDAMONHANGABA,https://www.cloudsoftcam.com.br/SP/PINDAMONHANGABA/importacao/2024/310_2erf75ev1djrp_noticia.jpeg,https://www.pindamonhangaba.sp.leg.br/imprensa/0/0/0/0/1144#pesquisa
2023-01-01 00:00:00,VEREADORES ADIAM VOTAÇÃO DE PROJETO DE LEI QUE INSTITUI POLÍTICA DE PROTEÇÃO AOS ANIMAIS DE PINDAMONHANGABA,https://www.cloudsoftcam.com.br/SP/PINDAMONHANGABA/importacao/2024/307_7bp0vusgbt37l_noticia.jpeg,https://www.pindamonhangaba.sp.leg.br/imprensa/0/0/0/0/1145#pesquisa
2023-01-01 00:00:00,"COM PROJETO DE LEI APROVADO PELO PLENÁRIO DA CÂMARA DE PINDAMONHANGABA, UBS DO VILA RICA TERÁ NOVA DENOMINAÇÃO",https://www.cloudsoftcam.com.br/SP/PINDAMONHANGABA/importacao/2024/304_5umledoaji715_noticia.jpeg,https://www.pindamonhangaba.sp.leg.br/imprensa/0/0/0/0/1146#pesquisa
2023-01-01 00:00:00,VEREADORES DE PINDAMONHANGABA AUTORIZAM PREFEITURA A ABRIR CRÉDITO ADICIONAL SUPLEMENTAR E ESPECIAL PARA EMENDAS IMPOSITIVAS,https://www.cloudsoftcam.com.br/SP/PINDAMONHANGABA/importacao/2024/301_2hlbbnsb4soha_noticia.jpeg,https://www.pindamonhangaba.sp.leg.br/imprensa/0/0/0/0/1147#pesquisa
2023-01-01 00:00:00,"PROPOSTA PELO EXECUTIVO, CRIAÇÃO DE CONSELHO MUNICIPAL DO TRABALHO, EMPREGO E RENDA É APROVADA PELO PLENÁRIO DA CÂMARA DE PINDAMONHANGABA",https://www.cloudsoftcam.com.br/SP/PINDAMONHANGABA/importacao/2024/298_3u7jfrhsfmp8k_noticia.jpeg,https://www.pindamonhangaba.sp.leg.br/imprensa/0/0/0/0/1148#pesquisa
2023-01-01 00:00:00,"POR VOTAÇÃO UNÂNIME, CÂMARA DE PINDAMONHANGABA APROVA PROJETO DE LEI DE DIRETRIZES ORÇAMENTÁRIAS PARA 2021",https://www.cloudsoftcam.com.br/SP/PINDAMONHANGABA/importacao/2024/295_2aptjgrse0p21_noticia.jpeg,https://www.pindamonhangaba.sp.leg.br/imprensa/0/0/0/0/1149#pesquisa
2023-01-01 00:00:00,"RUAS, UPA DE MOREIRA CÉSAR E ESTRADA MUNICIPAL GANHAM NOVOS NOMES APÓS APROVAÇÃO DE PROJETOS DE LEI NA CÂMARA DE PINDAMONHANGABA",https://www.cloudsoftcam.com.br/SP/PINDAMONHANGABA/importacao/2024/292_3rlu4bima0n1r_noticia.jpeg,https://www.pindamonhangaba.sp.leg.br/imprensa/0/0/0/0/1150#pesquisa
2023-01-01 00:00:00,"EM RECESSO OFICIAL, CÂMARA DE PINDAMONHANGABA MANTÉM ATENDIMENTO ADMINISTRATIVO NORMALIZADO",https://www.cloudsoftcam.com.br/SP/PINDAMONHANGABA/importacao/2024/289_2rrj9n5t9eebl_noticia.jpeg,https://www.pindamonhangaba.sp.leg.br/imprensa/0/0/0/0/1151#pesquisa
2023-01-01 00:00:00,"SESSÕES ORDINÁRIAS DA CÂMARA DE PINDAMONHANGABA SERÃO RETOMADAS NA SEGUNDA-FEIRA, DIA 3 DE AGOSTO",https://www.cloudsoftcam.com.br/SP/PINDAMONHANGABA/importacao/2024/286_f66t4faeffeh_noticia.jpeg,https://www.pindamonhangaba.sp.leg.br/imprensa/0/0/0/0/1152#pesquisa
2023-01-01 00:00:00,VEREADORES RETOMAM SESSÕES ORDINÁRIAS E REJEITAM VETO AO PROJETO QUE OBRIGA A DIVULGAÇÃO DE LISTAGENS DE PACIENTES QUE AGUARDAM CONSULTAS E CIRURGIAS,https://www.cloudsoftcam.com.br/SP/PINDAMONHANGABA/importacao/2024/283_1r2q3ml579ha_noticia.jpeg,https://www.pindamonhangaba.sp.leg.br/imprensa/0/0/0/0/1153#pesquisa
2023-01-01 00:00:00,"IDOSOS, GESTANTES E PESSOAS COM DEFICIÊNCIA TERÃO ESPAÇOS ESPECIAIS EM SHOPPING, BARES E RESTAURANTES, DIZ PROJETO DE LEI APROVADO EM PINDAMONHANGABA",https://www.cloudsoftcam.com.br/SP/PINDAMONHANGABA/importacao/2024/280_4d2v7mrkr78g4_noticia.jpeg,https://www.pindamonhangaba.sp.leg.br/imprensa/0/0/0/0/1154#pesquisa
2023-01-01 00:00:00,"POR UNANIMIDADE, VEREADORES APROVAM DECLARAÇÃO DE UTILIDADE PÚBLICA PARA A ONG OBSERVATÓRIO SOCIAL DO BRASIL - PINDAMONHANGABA",https://www.cloudsoftcam.com.br/SP/PINDAMONHANGABA/importacao/2024/277_hs6r30gs0fst_noticia.jpeg,https://www.pindamonhangaba.sp.leg.br/imprensa/0/0/0/0/1155#pesquisa
2023-01-01 00:00:00,29ª SESSÃO ORDINÁRIA: PLENÁRIO ENALTECE PESSOAS DA COMUNIDADE E APROVA DENOMINAÇÃO DE RUA E AVENIDA EM PINDAMONHANGABA,https://www.cloudsoftcam.com.br/SP/PINDAMONHANGABA/importacao/2024/274_766hkel6dre5j_noticia.jpeg,https://www.pindamonhangaba.sp.leg.br/imprensa/0/0/0/0/1156#pesquisa
2023-01-01 00:00:00,RECOMENDAÇÃO MINISTÉRIO PÚBLICO ELEITORAL,https://www.cloudsoftcam.com.br/SP/PINDAMONHANGABA/importacao/2024/271_6vhun36318prp_noticia.jpeg,https://www.pindamonhangaba.sp.leg.br/imprensa/0/0/0/0/1157#pesquisa
2023-01-01 00:00:00,"COM APRESENTAÇÃO DE EMENDA, FUNDO MUNICIPAL DE TURISMO - FUMTUR TEM VOTAÇÃO ADIADA NA CÂMARA DE PINDAMONHANGABA",https://www.cloudsoftcam.com.br/SP/PINDAMONHANGABA/importacao/2024/268_3l18dv5ddb2kn_noticia.jpeg,https://www.pindamonhangaba.sp.leg.br/imprensa/0/0/0/0/1158#pesquisa
2023-01-01 00:00:00,"POR UNANIMIDADE, PLENÁRIO APROVA PROJETOS DE LEI E VIA DA VILA SÃO BENEDITO E ESF CRUZ GRANDE RECEBEM NOVOS NOMES",https://www.cloudsoftcam.com.br/SP/PINDAMONHANGABA/importacao/2024/305_444ej9ku0dm27_noticia.jpeg,https://www.pindamonhangaba.sp.leg.br/imprensa/0/0/0/0/1159#pesquisa
2023-01-01 00:00:00,"COM PROJETOS APROVADOS PELOS VEREADORES, RUAS DA VILA SÃO BENEDITO E ESF DO RESIDENCIAL ARARETAMA GANHAM NOVAS DENOMINAÇÕES EM PINDAMONHANGABA",https://www.cloudsoftcam.com.br/SP/PINDAMONHANGABA/importacao/2024/302_6e2jks23bt8ot_noticia.jpeg,https://www.pindamonhangaba.sp.leg.br/imprensa/0/0/0/0/1160#pesquisa
2023-01-01 00:00:00,"APROVADO PELA CÂMARA DE PINDAMONHANGABA, PROJETO DE LEI INSTITUI A ""SEMANA MUNICIPAL DA CRIANÇA E DO ADOLESCENTE"" NO MUNICÍPIO",https://www.cloudsoftcam.com.br/SP/PINDAMONHANGABA/importacao/2024/299_7hi504fijjurc_noticia.jpeg,https://www.pindamonhangaba.sp.leg.br/imprensa/0/0/0/0/1161#pesquisa
2023-01-01 00:00:00,VEREADORES CONFIRMAM NOVA DENOMINAÇÃO PARA ESPAÇO GASTRONÔMICO DA PRAÇA DA BÍBLIA EM PINDAMONHANGABA,https://www.cloudsoftcam.com.br/SP/PINDAMONHANGABA/importacao/2024/296_4qso1tu21mivd_noticia.jpeg,https://www.pindamonhangaba.sp.leg.br/imprensa/0/0/0/0/1162#pesquisa
2023-01-01 00:00:00,"PLENÁRIO GARANTE APROVAÇÃO E AVENIDA DO PORTAL DOS EUCALIPTOS, NO DISTRITO DE MOREIRA CÉSAR, TERÁ NOVA DENOMINAÇÃO",https://www.cloudsoftcam.com.br/SP/PINDAMONHANGABA/importacao/2024/293_6noa910qp4sc_noticia.jpeg,https://www.pindamonhangaba.sp.leg.br/imprensa/0/0/0/0/1163#pesquisa
2023-01-01 00:00:00,"COM UMA EMENDA, VEREADORES APROVAM A CRIAÇÃO DO FUMTUR - FUNDO MUNICIPAL DE TURISMO DE PINDAMONHANGABA",https://www.cloudsoftcam.com.br/SP/PINDAMONHANGABA/importacao/2024/290_fo7qm5j5b66n_noticia.jpeg,https://www.pindamonhangaba.sp.leg.br/imprensa/0/0/0/0/1164#pesquisa
2023-01-01 00:00:00,PROJETO APROVADO NA CÂMARA DE PINDAMONHANGABA VETA HOMENAGENS ÀS PESSOAS QUE COMETERAM VIOLÊNCIA CONTRA A MULHER E MAUS TRATOS COM ANIMAIS,https://www.cloudsoftcam.com.br/SP/PINDAMONHANGABA/importacao/2024/287_34mrn07a2nrgo_noticia.jpeg,https://www.pindamonhangaba.sp.leg.br/imprensa/0/0/0/0/1165#pesquisa
2023-01-01 00:00:00,CÂMARA DE PINDAMONHANGABA ADIA PROJETO DE LEI QUE AUTORIZAVA EXECUTIVO A ABRIR CRÉDITO ESPECIAL  PARA A SAÚDE,https://www.cloudsoftcam.com.br/SP/PINDAMONHANGABA/importacao/2024/284_1l7jndm53q5su_noticia.jpeg,https://www.pindamonhangaba.sp.leg.br/imprensa/0/0/0/0/1166#pesquisa
2023-01-01 00:00:00,COMISSÃO DE JUSTIÇA E REDAÇÃO SOLICITA E PLENÁRIO APROVA O ADIAMENTO DO SUBSTITUTIVO AO PROJETO DE LEI QUE REGULAMENTA ATIVIDADES DE “MOTOTAXISTA” E “MOTOBOY”,https://www.cloudsoftcam.com.br/SP/PINDAMONHANGABA/importacao/2024/281_6t8i9l2oe1a7_noticia.jpeg,https://www.pindamonhangaba.sp.leg.br/imprensa/0/0/0/0/1167#pesquisa
2023-01-01 00:00:00,PROJETO DO EXECUTIVO COM CRÉDITO ADICIONAL PARA A SECRETARIA DE SAÚDE É ADIADO PELA CÂMARA DE PINDAMONHANGABA,https://www.cloudsoftcam.com.br/SP/PINDAMONHANGABA/importacao/2024/278_1v3h5fvni2om4_noticia.jpeg,https://www.pindamonhangaba.sp.leg.br/imprensa/0/0/0/0/1168#pesquisa
2023-01-01 00:00:00,PELO 6º ANO CONSECUTIVO CÂMARA APROVA POR UNANIMIDADE O MESMO VALOR DE SUBSÍDIO PARA OS VEREADORES DA PRÓXIMA LEGISLATURA,https://www.cloudsoftcam.com.br/SP/PINDAMONHANGABA/importacao/2024/275_4flcbd4j5gkq9_noticia.jpeg,https://www.pindamonhangaba.sp.leg.br/imprensa/0/0/0/0/1169#pesquisa
2023-01-01 00:00:00,"AVENIDA 20 DO RESIDENCIAL PORTAL DOS EUCALIPTOS RECEBE DENOMINAÇÃO DE “JOSÉ MARCHIORI”, APROVADA POR UNANIMIDADE PELO LEGISLATIVO PINDAMONHANGABENSE",https://www.cloudsoftcam.com.br/SP/PINDAMONHANGABA/importacao/2024/272_p0q3lrriinc8_noticia.jpeg,https://www.pindamonhangaba.sp.leg.br/imprensa/0/0/0/0/1170#pesquisa
2023-01-01 00:00:00,"SUBSTITUTIVO AO PROJETO DE LEI QUE PERMITE A ATIVIDADE DE ""MOTOTAXISTA"" E ""MOTOBOY"" É APROVADO PELA CÂMARA DE PINDAMONHANGABA",https://www.cloudsoftcam.com.br/SP/PINDAMONHANGABA/importacao/2024/269_qlkigi5ge89t_noticia.jpeg,https://www.pindamonhangaba.sp.leg.br/imprensa/0/0/0/0/1171#pesquisa
2023-01-01 00:00:00,"COM 162 EMENDAS IMPOSITIVAS, CÂMARA DE PINDAMONHANGABA CONFIRMA APROVAÇÃO DO ORÇAMENTO DE PINDAMONHANGABA PARA 2021",https://www.cloudsoftcam.com.br/SP/PINDAMONHANGABA/importacao/2024/266_63063af74433k_noticia.jpeg,https://www.pindamonhangaba.sp.leg.br/imprensa/0/0/0/0/1172#pesquisa
2023-01-01 00:00:00,"45ª SESSÃO ORDINÁRIA: PROJETO QUE DECLARA DE ""UTILIDADE PÚBLICA"" A ASSOCIAÇÃO DE COMERCIANTES DO MERCADO MUNICIPAL, FEIRANTES E AMBULANTES É APROVADO PELOS VEREADORES DE PINDAMONHANGABA",https://www.cloudsoftcam.com.br/SP/PINDAMONHANGABA/importacao/2024/263_2g5a6a67mlrht_noticia.jpeg,https://www.pindamonhangaba.sp.leg.br/imprensa/0/0/0/0/1173#pesquisa
2023-01-01 00:00:00,"CERIMÔNIA DE POSSE DOS ELEITOS EM 2020 SERÁ REALIZADA NA SEXTA-FEIRA, DIA 1º DE JANEIRO, NA CÂMARA DE PINDAMONHANGABA",https://www.cloudsoftcam.com.br/SP/PINDAMONHANGABA/importacao/2024/260_5jfda9hnd30vq_noticia.jpeg,https://www.pindamonhangaba.sp.leg.br/imprensa/0/0/0/0/1174#pesquisa
2023-01-01 00:00:00,"EM SESSÃO RESERVADA NA CÂMARA DE PINDAMONHANGABA, VEREADORES, PREFEITO E VICE-PREFEITO SÃO EMPOSSADOS OFICIALMENTE PARA MANDATO 2021-2024",https://www.cloudsoftcam.com.br/SP/PINDAMONHANGABA/importacao/2024/257_7optr3vpkd5sf_noticia.jpeg,https://www.pindamonhangaba.sp.leg.br/imprensa/0/0/0/0/1175#pesquisa
2023-01-01 00:00:00,"POR UNANIMIDADE, VEREADOR JOSÉ CARLOS GOMES - CAL É ELEITO O NOVO PRESIDENTE DA CÂMARA DE PINDAMONHANGABA PARA O BIÊNIO 2021-2022",https://www.cloudsoftcam.com.br/SP/PINDAMONHANGABA/importacao/2024/254_h92ur3t3l7n2_noticia.jpeg,https://www.pindamonhangaba.sp.leg.br/imprensa/0/0/0/0/1176#pesquisa
2023-01-01 00:00:00,"EM 2020, MESA DIRETORA DA CÂMARA DE PINDAMONHANGABA FAZ ECONOMIA E DEVOLVE R$ 8.158.891,30 AO EXECUTIVO",https://www.cloudsoftcam.com.br/SP/PINDAMONHANGABA/importacao/2024/251_4icatpn7sa4cq_noticia.jpeg,https://www.pindamonhangaba.sp.leg.br/imprensa/0/0/0/0/1177#pesquisa
2023-01-01 00:00:00,CÂMARA REALIZA SESSÃO EXTRAORDINÁRIA E APROVA PROJETO DO EXECUTIVO QUE ALTERA ESTRUTURA ORGANIZACIONAL DA PREFEITURA,https://www.cloudsoftcam.com.br/SP/PINDAMONHANGABA/importacao/2024/248_4q7u6skjo8uh1_noticia.jpeg,https://www.pindamonhangaba.sp.leg.br/imprensa/0/0/0/0/1178#pesquisa
2023-01-01 00:00:00,VEREADORES E ASSESSORES DA CÂMARA DE PINDAMONHANGABA RECEBEM EXPLANAÇÃO E TREINAMENTOS SOBRE O TRABALHO LEGISLATIVO,https://www.cloudsoftcam.com.br/SP/PINDAMONHANGABA/importacao/2024/285_79oj66cf42pr8_noticia.jpeg,https://www.pindamonhangaba.sp.leg.br/imprensa/0/0/0/0/1179#pesquisa
2023-01-01 00:00:00,PROJETOS DE LEI DA 1ª SESSÃO ORDINÁRIA TEM VOTAÇÃO ADIADA PELOS VEREADORES DE PINDAMONHANGABA,https://www.cloudsoftcam.com.br/SP/PINDAMONHANGABA/importacao/2024/282_7ppbeahlql0do_noticia.jpeg,https://www.pindamonhangaba.sp.leg.br/imprensa/0/0/0/0/1180#pesquisa
2023-01-01 00:00:00,"POR VOTAÇÃO UNÂNIME E COM 2 EMENDAS, CÂMARA DECIDE APROVAR O CMTM - CONSELHO MUNICIPAL DE TRÂNSITO, TRANSPORTE E MOBILIDADE URBANA DE PINDAMONHANGABA",https://www.cloudsoftcam.com.br/SP/PINDAMONHANGABA/importacao/2024/279_i1iifuk076hg_noticia.jpeg,https://www.pindamonhangaba.sp.leg.br/imprensa/0/0/0/0/1181#pesquisa
2023-01-01 00:00:00,VEREADORES SE REÚNEM COM REPRESENTANTES DA PREFEITURA E DA EMPRESA GEOBRASILIS PARA APRESENTAÇÃO DA MINUTA DE LEI DO PLANO DIRETOR DE PINDAMONHANGABA,https://www.cloudsoftcam.com.br/SP/PINDAMONHANGABA/importacao/2024/276_55eg15q842l6m_noticia.jpeg,https://www.pindamonhangaba.sp.leg.br/imprensa/0/0/0/0/1182#pesquisa
2023-01-01 00:00:00,PROJETO DE LEI APROVADO PELA CÂMARA DETERMINA QUE EMPRESAS DE ESTAMPAGEM DE PLACAS VEICULARES TERÃO QUE SER CREDENCIADAS JUNTO AO DETRAN SP,https://www.cloudsoftcam.com.br/SP/PINDAMONHANGABA/importacao/2024/273_1rgcg07dcan9v_noticia.jpeg,https://www.pindamonhangaba.sp.leg.br/imprensa/0/0/0/0/1183#pesquisa
2023-01-01 00:00:00,4ª SESSÃO ORDINÁRIA: PROJETO DE LEI QUE CONCEDE ANISTIA DE MULTAS E JUROS DE CONTRIBUINTES DO MUNICÍPIO EM ATÉ 90% É APROVADO PELA CÂMARA DE PINDAMONHANGABA,https://www.cloudsoftcam.com.br/SP/PINDAMONHANGABA/importacao/2024/270_c4omql67lsfb_noticia.jpeg,https://www.pindamonhangaba.sp.leg.br/imprensa/0/0/0/0/1184#pesquisa
2023-01-01 00:00:00,"PLANEJAMENTO DE AÇÕES GERA ECONOMIA E CÂMARA DE PINDAMONHANGABA APROVA CRÉDITO ADICIONAL COM DEVOLUÇÃO DE R$ 4.500.000,00 PARA ""URGÊNCIAS E EMERGÊNCIAS"" NA SAÚDE DA CIDADE",https://www.cloudsoftcam.com.br/SP/PINDAMONHANGABA/importacao/2024/267_7h0sq5igsduor_noticia.jpeg,https://www.pindamonhangaba.sp.leg.br/imprensa/0/0/0/0/1185#pesquisa
2023-01-01 00:00:00,PLENÁRIO CONFIRMA APROVAÇÃO DE PROJETO DE RESOLUÇÃO E PINDAMONHANGABA TERÁ COMISSÃO DE VEREADORES PARA FISCALIZAR LICITAÇÃO DO TRANSPORTE PÚBLICO MUNICIPAL,https://www.cloudsoftcam.com.br/SP/PINDAMONHANGABA/importacao/2024/264_5vuhscesk6gki_noticia.jpeg,https://www.pindamonhangaba.sp.leg.br/imprensa/0/0/0/0/1186#pesquisa
2023-01-01 00:00:00,"APÓS APROVAÇÃO DE REQUERIMENTO DA VEREADORA REGININHA, DIRETORAS DA SECRETARIA DE SAÚDE DE PINDAMONHANGABA EXPLICAM AOS VEREADORES O FLUXO DE ATENDIMENTO DE MUNÍCIPES",https://www.cloudsoftcam.com.br/SP/PINDAMONHANGABA/importacao/2024/261_nhlvjkog423e_noticia.jpeg,https://www.pindamonhangaba.sp.leg.br/imprensa/0/0/0/0/1187#pesquisa
2023-01-01 00:00:00,"COM ESTADO DE SP NA FASE VERMELHA, CÂMARA DE PINDAMONHANGABA SUSPENDE, TEMPORARIAMENTE, ACESSO DO PÚBLICO ÀS SESSÕES ORDINÁRIAS",https://www.cloudsoftcam.com.br/SP/PINDAMONHANGABA/importacao/2024/258_5tptqs3m9q3p6_noticia.jpeg,https://www.pindamonhangaba.sp.leg.br/imprensa/0/0/0/0/1188#pesquisa
2023-01-01 00:00:00,VEREADOR TEM TESTE POSITIVO DE COVID-19 CONFIRMADO E CÂMARA DE PINDAMONHANGABA TEM SESSÃO ORDINÁRIA ADIADA PARA QUINTA-FEIRA,https://www.cloudsoftcam.com.br/SP/PINDAMONHANGABA/importacao/2024/255_410uultqco9ft_noticia.jpeg,https://www.pindamonhangaba.sp.leg.br/imprensa/0/0/0/0/1189#pesquisa
2023-01-01 00:00:00,"POR UNANIMIDADE, VEREADORES CONFIRMAM APROVAÇÃO DE PROJETO DE LEI QUE AUTORIZA PINDAMONHANGABA A PARTICIPAR DE CONSÓRCIO PARA COMPRA DE VACINAS CONTRA O CORONAVÍRUS",https://www.cloudsoftcam.com.br/SP/PINDAMONHANGABA/importacao/2024/252_423e1j1cgodd4_noticia.jpeg,https://www.pindamonhangaba.sp.leg.br/imprensa/0/0/0/0/1190#pesquisa
2023-01-01 00:00:00,CÂMARA APROVA LEI QUE OBRIGA A PREFEITURA A DISPONIBILIZAR NO SITE A RELAÇÃO DE MEDICAMENTOS EXISTENTES NA REDE MUNICIPAL DE SAÚDE,https://www.cloudsoftcam.com.br/SP/PINDAMONHANGABA/importacao/2024/249_73nprr9srg9sv_noticia.jpeg,https://www.pindamonhangaba.sp.leg.br/imprensa/0/0/0/0/1191#pesquisa
2023-01-01 00:00:00,VEREADORES APROVAM REESTRUTURAÇÃO DO CONSELHO MUNICIPAL DE ACOMPANHAMENTO E CONTROLE SOCIAL DO FUNDO DE MANUTENÇÃO E DESENVOLVIMENTO DA EDUCAÇÃO BÁSICA - FUNDEB,https://www.cloudsoftcam.com.br/SP/PINDAMONHANGABA/importacao/2024/246_nq94gl15ehh8_noticia.jpeg,https://www.pindamonhangaba.sp.leg.br/imprensa/0/0/0/0/1192#pesquisa
2023-01-01 00:00:00,CÂMARA APROVA LEI QUE PROÍBE FOGOS DE ARTIFÍCIOS DE ESTAMPIDO E ARTEFATOS PIROTÉCNICOS DE EFEITO SONORO RUIDOSO NO MUNICÍPIO DE PINDAMONHANGABA,https://www.cloudsoftcam.com.br/SP/PINDAMONHANGABA/importacao/2024/243_550b685uv84gu_noticia.jpeg,https://www.pindamonhangaba.sp.leg.br/imprensa/0/0/0/0/1193#pesquisa
2023-01-01 00:00:00,"PROJETOS DE LEI QUE ALTERAM E INCLUEM METAS, INDICADORES E AÇÕES DAS DIRETRIZES ORÇAMENTÁRIAS DE 2021 TEM APROVAÇÃO UNÂNIME DOS VEREADORES DE PINDAMONHANGABA",https://www.cloudsoftcam.com.br/SP/PINDAMONHANGABA/importacao/2024/240_5aj343dfl8jfq_noticia.jpeg,https://www.pindamonhangaba.sp.leg.br/imprensa/0/0/0/0/1194#pesquisa
2023-01-01 00:00:00,"COM APOIO TOTAL E VOTAÇÃO UNÂNIME DOS VEREADORES, FESTIVAL ""PINDA HIP HOP"" É INCLUÍDO NO CALENDÁRIO OFICIAL DE EVENTOS DE PINDAMONHANGABA",https://www.cloudsoftcam.com.br/SP/PINDAMONHANGABA/importacao/2024/237_4mgdpbltm4910_noticia.jpeg,https://www.pindamonhangaba.sp.leg.br/imprensa/0/0/0/0/1195#pesquisa
2023-01-01 00:00:00,PARLAMENTARES APROVAM A CONCESSÃO DE SUBVENÇÃO ECONÔMICA PARA CONCESSIONÁRIA DO TRANSPORTE COLETIVO DE PINDAMONHANGABA,https://www.cloudsoftcam.com.br/SP/PINDAMONHANGABA/importacao/2024/234_67uqr9th170e8_noticia.jpeg,https://www.pindamonhangaba.sp.leg.br/imprensa/0/0/0/0/1196#pesquisa
2023-01-01 00:00:00,PROJETO DE LEI QUE ASSEGURA AOS USUÁRIOS COM DEFICIÊNCIA  O DIREITO DE DESEMBARQUE ENTRE OS PONTOS DE ÔNIBUS É APROVADO NA CÂMARA DE PINDAMONHANGABA,https://www.cloudsoftcam.com.br/SP/PINDAMONHANGABA/importacao/2024/231_4b1fueq0edt81_noticia.jpeg,https://www.pindamonhangaba.sp.leg.br/imprensa/0/0/0/0/1197#pesquisa
2023-01-01 00:00:00,"VEREADORES GARANTEM APROVAÇÃO DE CRÉDITO ADICIONAL SUPLEMENTAR E ESPECIAL DE R$ 2.636.271,36 PARA AÇÕES DE COMBATE À COVID-19",https://www.cloudsoftcam.com.br/SP/PINDAMONHANGABA/importacao/2024/228_viqkgq6vr1uv_noticia.jpeg,https://www.pindamonhangaba.sp.leg.br/imprensa/0/0/0/0/1198#pesquisa
2023-01-01 00:00:00,17ª SESSÃO ORDINÁRIA: PROJETO DE RESOLUÇÃO QUE ASSEGURA AOS MUNÍCIPES O DIREITO DE ACESSO ÀS INFORMAÇÕES DA CÂMARA DE PINDAMONHANGABA É APROVADO PELO PLENÁRIO,https://www.cloudsoftcam.com.br/SP/PINDAMONHANGABA/importacao/2024/265_7g1nvqduq0cot_noticia.jpeg,https://www.pindamonhangaba.sp.leg.br/imprensa/0/0/0/0/1199#pesquisa
2023-01-01 00:00:00,"COM PLENÁRIO ABERTO AO PÚBLICO, AUDIÊNCIA PÚBLICA NA CÂMARA DE PINDAMONHANGABA DEBATE A LDO 2022",https://www.cloudsoftcam.com.br/SP/PINDAMONHANGABA/importacao/2024/262_2au3qj3ih7v3t_noticia.jpeg,https://www.pindamonhangaba.sp.leg.br/imprensa/0/0/0/0/1200#pesquisa
2023-01-01 00:00:00,"PRÉDIOS LOCADOS PELA ADMINISTRAÇÃO MUNICIPAL SERÃO OBRIGADOS A TER PLACAS INDICATIVAS, DETERMINA PROJETO DE LEI APROVADO PELA CÂMARA DE PINDAMONHANGABA",https://www.cloudsoftcam.com.br/SP/PINDAMONHANGABA/importacao/2024/259_6ppobhlor2ala_noticia.jpeg,https://www.pindamonhangaba.sp.leg.br/imprensa/0/0/0/0/1201#pesquisa
2023-01-01 00:00:00,"APROVADO EM VOTAÇÃO UNÂNIME DOS VEREADORES, PROJETO TORNA OBRIGATÓRIA A COLOCAÇÃO DE PLACA DE IDENTIFICAÇÃO NOS IMÓVEIS DE PROPRIEDADE DA PREFEITURA DE PINDAMONHANGABA",https://www.cloudsoftcam.com.br/SP/PINDAMONHANGABA/importacao/2024/256_9qgsfvh09p81_noticia.jpeg,https://www.pindamonhangaba.sp.leg.br/imprensa/0/0/0/0/1202#pesquisa
2023-01-01 00:00:00,CÂMARA DE PINDAMONHANGABA REALIZA AUDIÊNCIA PÚBLICA E SECRETÁRIOS DA PREFEITURA APRESENTAM DADOS E AÇÕES DA LDO 2022,https://www.cloudsoftcam.com.br/SP/PINDAMONHANGABA/importacao/2024/253_i4rnujap553n_noticia.jpeg,https://www.pindamonhangaba.sp.leg.br/imprensa/0/0/0/0/1203#pesquisa
2023-01-01 00:00:00,"CÂMARA DE VEREADORES APROVA A MEDALHA ""PERCY LACERDA"" E A HONRARIA SERÁ CONCEDIDA A RADIALISTA DE PINDAMONHANGABA",https://www.cloudsoftcam.com.br/SP/PINDAMONHANGABA/importacao/2024/250_os1ulj8sd74g_noticia.jpeg,https://www.pindamonhangaba.sp.leg.br/imprensa/0/0/0/0/1204#pesquisa
2023-01-01 00:00:00,21ª SESSÃO ORDINÁRIA: SEMANA MUNICIPAL DA ENFERMAGEM É CRIADA NO MUNICÍPIO APÓS APROVAÇÃO DE PROJETO DE LEI PELOS VEREADORES DE PINDAMONHANGABA,https://www.cloudsoftcam.com.br/SP/PINDAMONHANGABA/importacao/2024/247_7uejcd1c53dok_noticia.jpeg,https://www.pindamonhangaba.sp.leg.br/imprensa/0/0/0/0/1205#pesquisa
2023-01-01 00:00:00,PROJETO QUE NORMATIZA PROCESSO DE PRESERVAÇÃO DO PATRIMÔNIO CULTURAL DE PINDAMONHANGABA É APROVADO PELOS VEREADORES,https://www.cloudsoftcam.com.br/SP/PINDAMONHANGABA/importacao/2024/244_6q5rk7192tl93_noticia.jpeg,https://www.pindamonhangaba.sp.leg.br/imprensa/0/0/0/0/1206#pesquisa
2023-01-01 00:00:00,CÂMARA ABRE CANAIS PARA ENVIO DE DÚVIDAS E SUGESTÕES SOBRE O PROJETO DE LEI DO PLANO DIRETOR PARTICIPATIVO DE PINDAMONHANGABA,https://www.cloudsoftcam.com.br/SP/PINDAMONHANGABA/importacao/2024/241_3mluloajc40f9_noticia.jpeg,https://www.pindamonhangaba.sp.leg.br/imprensa/0/0/0/0/1207#pesquisa
2023-01-01 00:00:00,"COM PROJETO APROVADO PELOS VEREADORES, PINDAMONHANGABA TERÁ ""DIA DA CONSCIENTIZAÇÃO DA ESCLERODERMIA"" EM SEU CALENDÁRIO OFICIAL DE EVENTOS",https://www.cloudsoftcam.com.br/SP/PINDAMONHANGABA/importacao/2024/238_r7larbvo7btj_noticia.jpeg,https://www.pindamonhangaba.sp.leg.br/imprensa/0/0/0/0/1208#pesquisa
2023-01-01 00:00:00,"INCLUÍDO NA ORDEM DO DIA, PROJETO DO EXECUTIVO QUE AMPLIA PRAZO PARA PAGAMENTO DE IMPOSTOS COM REDUÇÃO DE MULTAS E JUROS EM ATÉ 90% É APROVADO PELOS VEREADORES",https://www.cloudsoftcam.com.br/SP/PINDAMONHANGABA/importacao/2024/235_7nr5dhbnkn4fn_noticia.jpeg,https://www.pindamonhangaba.sp.leg.br/imprensa/0/0/0/0/1209#pesquisa
2023-01-01 00:00:00,"APÓS VOTAÇÃO EM 2º TURNO, VEREADORES DE PINDAMONHANGABA CONFIRMAM APROVAÇÃO DE EMENDA À LEI ORGÂNICA DO MUNICÍPIO",https://www.cloudsoftcam.com.br/SP/PINDAMONHANGABA/importacao/2024/232_3ocvoiub419i4_noticia.jpeg,https://www.pindamonhangaba.sp.leg.br/imprensa/0/0/0/0/1210#pesquisa
2023-01-01 00:00:00,"CÂMARA DE PINDAMONHANGABA APROVA DENOMINAÇÃO DE AVENIDA, ROTATÓRIA E CONCESSÃO DE TÍTULO DE CIDADÃO PINDAMONHANGABENSE",https://www.cloudsoftcam.com.br/SP/PINDAMONHANGABA/importacao/2024/229_7rqpurd5bv9od_noticia.jpeg,https://www.pindamonhangaba.sp.leg.br/imprensa/0/0/0/0/1211#pesquisa
2023-01-01 00:00:00,"APÓS ADIAMENTO, PROJETO DO EXECUTIVO QUE ESTABELECE NOVAS REGRAS PARA PARCELAMENTO DE IMPOSTOS É APROVADO EM SESSÃO EXTRAORDINÁRIA",https://www.cloudsoftcam.com.br/SP/PINDAMONHANGABA/importacao/2024/226_6pf07bvsmggj_noticia.jpeg,https://www.pindamonhangaba.sp.leg.br/imprensa/0/0/0/0/1212#pesquisa
2023-01-01 00:00:00,"COM FIM DO RECESSO PARLAMENTAR, CÂMARA DE PINDAMONHANGABA REINICIA TRABALHOS COM SESSÃO ORDINÁRIA NO DIA 02 DE AGOSTO, ÀS 14 HORAS",https://www.cloudsoftcam.com.br/SP/PINDAMONHANGABA/importacao/2024/223_65je79v2vh2ls_noticia.jpeg,https://www.pindamonhangaba.sp.leg.br/imprensa/0/0/0/0/1213#pesquisa
2023-01-01 00:00:00,"NO RETORNO DAS SESSÕES ORDINÁRIAS, VEREADORES DE PINDAMONHANGABA APROVAM PROJETO DE DECRETO LEGISLATIVO COM A CRIAÇÃO DO ""DIA MUNICIPAL DO ADVOGADO""",https://www.cloudsoftcam.com.br/SP/PINDAMONHANGABA/importacao/2024/220_5r1a1181ja648_noticia.jpeg,https://www.pindamonhangaba.sp.leg.br/imprensa/0/0/0/0/1214#pesquisa
2023-01-01 00:00:00,"CÂMARA DE PINDAMONHANGABA PRESTA HOMENAGEM A ""CARLINHOS NÓBREGA"" COM DENOMINAÇÃO OFICIAL DO DECK DA ENTRADA PRINCIPAL DA CIDADE",https://www.cloudsoftcam.com.br/SP/PINDAMONHANGABA/importacao/2024/217_79d1ej5i11ubr_noticia.jpeg,https://www.pindamonhangaba.sp.leg.br/imprensa/0/0/0/0/1215#pesquisa
2023-01-01 00:00:00,"COM 4 EMENDAS, PLENÁRIO DA CÂMARA CONFIRMA APOIO E APROVA PROJETO DO EXECUTIVO QUE DETERMINA DIRETRIZES PARA O TRANSPORTE COLETIVO DE PINDAMONHANGABA",https://www.cloudsoftcam.com.br/SP/PINDAMONHANGABA/importacao/2024/214_4jo63hathr4q1_noticia.jpeg,https://www.pindamonhangaba.sp.leg.br/imprensa/0/0/0/0/1216#pesquisa
2023-01-01 00:00:00,SEMANA DE COMBATE À LEISHMANIOSE É INSTITUÍDA EM PINDAMONHANGABA APÓS APROVAÇÃO DE PROJETO DE LEI PELOS VEREADORES,https://www.cloudsoftcam.com.br/SP/PINDAMONHANGABA/importacao/2024/211_vlbj924bctgu_noticia.jpeg,https://www.pindamonhangaba.sp.leg.br/imprensa/0/0/0/0/1217#pesquisa
2023-01-01 00:00:00,PARLAMENTARES DE PINDAMONHANGABA ENALTECEM TRABALHO DE SYLVIO CEZAR E APROVAM PROJETO COM  DENOMINAÇÃO DE VIA NO LOTEAMENTO SANTA CLARA,https://www.cloudsoftcam.com.br/SP/PINDAMONHANGABA/importacao/2024/208_1rt97v1cqqbo_noticia.jpeg,https://www.pindamonhangaba.sp.leg.br/imprensa/0/0/0/0/1218#pesquisa
2023-01-01 00:00:00,APROVAÇÃO DE SUBSTITUTIVO PROMOVE ALTERAÇÕES EM LEI DO EXECUTIVO SOBRE COBRANÇA DE PEDÁGIO EM PINDAMONHANGABA,https://www.cloudsoftcam.com.br/SP/PINDAMONHANGABA/importacao/2024/245_sfsk745uicb4_noticia.jpeg,https://www.pindamonhangaba.sp.leg.br/imprensa/0/0/0/0/1219#pesquisa
2023-01-01 00:00:00,"PLENÁRIO DA CÂMARA DE PINDAMONHANGABA AUTORIZA CRÉDITOS ADICIONAIS DE ATÉ  R$ 73.500.000,00 À PREFEITURA MUNICIPAL",https://www.cloudsoftcam.com.br/SP/PINDAMONHANGABA/importacao/2024/242_5q5knv94g4vj4_noticia.jpeg,https://www.pindamonhangaba.sp.leg.br/imprensa/0/0/0/0/1220#pesquisa
2023-01-01 00:00:00,"COM APROVAÇÃO UNÂNIME DOS VEREADORES, PRÉDIO QUE ABRIGA O ""PROJETO GENTE MIÚDA"" RECEBE NOVA DENOMINAÇÃO",https://www.cloudsoftcam.com.br/SP/PINDAMONHANGABA/importacao/2024/239_7513atcmokji_noticia.jpeg,https://www.pindamonhangaba.sp.leg.br/imprensa/0/0/0/0/1221#pesquisa
2023-01-01 00:00:00,32ª SESSÃO ORDINÁRIA: PLENÁRIO DETERMINA O ADIAMENTO DE 2 PROJETOS E APROVA DENOMINAÇÃO DE RUA NO RESIDENCIAL SANTA CLARA NO CRISPIM,https://www.cloudsoftcam.com.br/SP/PINDAMONHANGABA/importacao/2024/236_7q44nnnfgtq78_noticia.jpeg,https://www.pindamonhangaba.sp.leg.br/imprensa/0/0/0/0/1222#pesquisa
2023-01-01 00:00:00,"CULTURA E TRADIÇÃO: CÂMARA DE PINDAMONHANGABA CONCEDE MEDALHA ""ATHAYDE MARCONDES"" À FAZENDA NOVA GOKULA",https://www.cloudsoftcam.com.br/SP/PINDAMONHANGABA/importacao/2024/233_7rksoalbddp3i_noticia.jpeg,https://www.pindamonhangaba.sp.leg.br/imprensa/0/0/0/0/1223#pesquisa
2023-01-01 00:00:00,"CÂMARA DE PINDAMONHANGABA ENALTECE EDUCADORES, GESTORES, PAIS E ALUNOS E CELEBRA A 11ª SEMANA DA MOBILIZAÇÃO SOCIAL PELA EDUCAÇÃO",https://www.cloudsoftcam.com.br/SP/PINDAMONHANGABA/importacao/2024/230_ucu1ninleh51_noticia.jpeg,https://www.pindamonhangaba.sp.leg.br/imprensa/0/0/0/0/1224#pesquisa
2023-01-01 00:00:00,"PREFEITO DR. ISAEL DOMINGUES E EX-VEREADOR DR. MARCOS AURÉLIO RECEBEM ""TÍTULO DE CIDADÃO PINDAMONHANGABENSE"" EM SESSÃO SOLENE NO LEGISLATIVO MUNICIPAL",https://www.cloudsoftcam.com.br/SP/PINDAMONHANGABA/importacao/2024/227_6jfjbhc4p99h5_noticia.jpeg,https://www.pindamonhangaba.sp.leg.br/imprensa/0/0/0/0/1225#pesquisa
2023-01-01 00:00:00,PROJETOS DE LEI COM CRÉDITOS ADICIONAIS PARA ASSISTÊNCIA SOCIAL E ESPORTES SÃO APROVADOS PELOS VEREADORES DE PINDAMONHANGABA,https://www.cloudsoftcam.com.br/SP/PINDAMONHANGABA/importacao/2024/224_5r79ei1ok5d31_noticia.jpeg,https://www.pindamonhangaba.sp.leg.br/imprensa/0/0/0/0/1226#pesquisa
2023-01-01 00:00:00,"NOVAS DENOMINAÇÕES DE RUAS DO RESIDENCIAL SANTA CLARA, PARQUE SHANGRILÁ E CAMPININHA SÃO APROVADAS PELO PLENÁRIO DA CÂMARA DE PINDAMONHANGABA",https://www.cloudsoftcam.com.br/SP/PINDAMONHANGABA/importacao/2024/221_du33nkn7mpvr_noticia.jpeg,https://www.pindamonhangaba.sp.leg.br/imprensa/0/0/0/0/1227#pesquisa
2023-01-01 00:00:00,CÂMARA SEGUE PARECER DO TRIBUNAL E APROVA AS CONTAS DA PREFEITURA DE 2018 POR UNANIMIDADE,https://www.cloudsoftcam.com.br/SP/PINDAMONHANGABA/importacao/2024/218_r50iv461qav5_noticia.jpeg,https://www.pindamonhangaba.sp.leg.br/imprensa/0/0/0/0/1228#pesquisa
2023-01-01 00:00:00,504 ANOS DA REFORMA PROTESTANTE E 19ª SEMANA EVANGÉLICA SÃO TEMAS DE SESSÃO SOLENE NA CÂMARA DE PINDAMONHANGABA,https://www.cloudsoftcam.com.br/SP/PINDAMONHANGABA/importacao/2024/215_cdqhni0g50fr_noticia.jpeg,https://www.pindamonhangaba.sp.leg.br/imprensa/0/0/0/0/1229#pesquisa
2023-01-01 00:00:00,"COM PROJETO DE LEI APROVADO PELOS VEREADORES, PINDAMONHANGABA TERÁ EVENTOS DE PREVENÇÃO E CONSCIENTIZAÇÃO DE PRIMEIROS SOCORROS PARA PROFISSIONAIS DA REDE ESCOLAR",https://www.cloudsoftcam.com.br/SP/PINDAMONHANGABA/importacao/2024/212_6u9ar2mb1f0p5_noticia.jpeg,https://www.pindamonhangaba.sp.leg.br/imprensa/0/0/0/0/1230#pesquisa
2023-01-01 00:00:00,VEREADORES APROVAM PROJETO DE LEI E AUTORIZAM PODER EXECUTIVO A CONTRATAR OPERAÇÃO DE CRÉDITO COM A CAIXA ECONÔMICA FEDERAL,https://www.cloudsoftcam.com.br/SP/PINDAMONHANGABA/importacao/2024/209_1oh44qp58938l_noticia.jpeg,https://www.pindamonhangaba.sp.leg.br/imprensa/0/0/0/0/1231#pesquisa
2023-01-01 00:00:00,DIA DO PROFESSOR: CÂMARA DE PINDAMONHANGABA REALIZA SESSÃO SOLENE E MOSTRA RECONHECIMENTO E GRATIDÃO AOS PROFISSIONAIS DO MUNICÍPIO,https://www.cloudsoftcam.com.br/SP/PINDAMONHANGABA/importacao/2024/206_5eupee8dpaqaj_noticia.jpeg,https://www.pindamonhangaba.sp.leg.br/imprensa/0/0/0/0/1232#pesquisa
2023-01-01 00:00:00,CÂMARA REALIZA AUDIÊNCIA PÚBLICA PARA APRESENTAÇÃO DO PLANO PLURIANUAL – PPA 2022 – 2025 E A LDO – LEI DAS DIRETRIZES ORÇAMENTÁRIAS PARA 2022,https://www.cloudsoftcam.com.br/SP/PINDAMONHANGABA/importacao/2024/203_6adi5omqijbt_noticia.jpeg,https://www.pindamonhangaba.sp.leg.br/imprensa/0/0/0/0/1233#pesquisa
2023-01-01 00:00:00,"POR UNANIMIDADE, CÂMARA DE PINDAMONHANGABA CONCEDE A COMENDA CAPITÃO BICUDO LEME AO EX-PREFEITO DA CIDADE, JOÃO BOSCO NOGUEIRA",https://www.cloudsoftcam.com.br/SP/PINDAMONHANGABA/importacao/2024/200_5e8bkv2sdpbkr_noticia.jpeg,https://www.pindamonhangaba.sp.leg.br/imprensa/0/0/0/0/1234#pesquisa
2023-01-01 00:00:00,PROJETOS DE LEI DO PLANO PLURIANUAL 2022-2025 E DIRETRIZES ORÇAMENTÁRIAS PARA 2022 SÃO APROVADOS PELO PLENÁRIO DA CÂMARA DE PINDAMONHANGABA,https://www.cloudsoftcam.com.br/SP/PINDAMONHANGABA/importacao/2024/197_4utdsrsbggu11_noticia.jpeg,https://www.pindamonhangaba.sp.leg.br/imprensa/0/0/0/0/1235#pesquisa
2023-01-01 00:00:00,"AUDIÊNCIA PÚBLICA PROPÕE ANÁLISE, DEBATE E DISCUSSÃO SOBRE EMENDAS APRESENTADAS AO PLANO DIRETOR PARTICIPATIVO DE PINDAMONHANGABA",https://www.cloudsoftcam.com.br/SP/PINDAMONHANGABA/importacao/2024/194_3qurfjhifb92m_noticia.jpeg,https://www.pindamonhangaba.sp.leg.br/imprensa/0/0/0/0/1236#pesquisa
2023-01-01 00:00:00,"CÂMARA DE PINDAMONHANGABA OUTORGA COMENDA ""JOÃO CARLOS DE OLIVEIRA"" À JOVEM ATLETA DA GINÁSTICA RÍTMICA DA CIDADE",https://www.cloudsoftcam.com.br/SP/PINDAMONHANGABA/importacao/2024/191_6jhktok85r8gg_noticia.jpeg,https://www.pindamonhangaba.sp.leg.br/imprensa/0/0/0/0/1237#pesquisa
2023-01-01 00:00:00,"PESSOAS COM DEFICIÊNCIA DEVEM SER VALORIZADAS EM PEÇAS PUBLICITÁRIAS DO MUNICÍPIO, ENFATIZA PROJETO DE LEI APROVADO PELA CÂMARA DE PINDAMONHANGABA",https://www.cloudsoftcam.com.br/SP/PINDAMONHANGABA/importacao/2024/188_4muju6hb6480g_noticia.jpeg,https://www.pindamonhangaba.sp.leg.br/imprensa/0/0/0/0/1238#pesquisa
2023-01-01 00:00:00,"CÂMARA DE PINDAMONHANGABA CONFIRMA APROVAÇÃO DE CRÉDITOS ADICIONAIS PARA AS ÁREAS DE EDUCAÇÃO, SAÚDE, ESPORTES E SERVIÇOS PÚBLICOS",https://www.cloudsoftcam.com.br/SP/PINDAMONHANGABA/importacao/2024/225_nraukg734l88_noticia.jpeg,https://www.pindamonhangaba.sp.leg.br/imprensa/0/0/0/0/1239#pesquisa
2023-01-01 00:00:00,"APÓS AUDIÊNCIA PÚBLICA E COM 17 EMENDAS CONFIRMADAS, PLANO DIRETOR PARTICIPATIVO TEM APROVAÇÃO UNÂNIME DOS VEREADORES DE PINDAMONHANGABA",https://www.cloudsoftcam.com.br/SP/PINDAMONHANGABA/importacao/2024/222_7nkbbcf552me7_noticia.jpeg,https://www.pindamonhangaba.sp.leg.br/imprensa/0/0/0/0/1240#pesquisa
2023-01-01 00:00:00,CONSCIÊNCIA NEGRA: VEREADORES REALIZAM SESSÃO SOLENE E ENALTECEM MEMBROS DA COMUNIDADE NEGRA DE PINDAMONHANGABA,https://www.cloudsoftcam.com.br/SP/PINDAMONHANGABA/importacao/2024/219_thtfqudsqtj4_noticia.jpeg,https://www.pindamonhangaba.sp.leg.br/imprensa/0/0/0/0/1241#pesquisa
2023-01-01 00:00:00,"ORÇAMENTO MUNICIPAL DE R$ 621.977.000,00 PARA PINDAMONHANGABA EM 2022 É APROVADO POR UNANIMIDADE PELA CÂMARA DE VEREADORES",https://www.cloudsoftcam.com.br/SP/PINDAMONHANGABA/importacao/2024/216_5iod4qhk535gt_noticia.jpeg,https://www.pindamonhangaba.sp.leg.br/imprensa/0/0/0/0/1242#pesquisa
2023-01-01 00:00:00,"POR 10 VOTOS, PLENÁRIO DA CÂMARA DE PINDAMONHANGABA APROVA PROJETO DO EXECUTIVO QUE PREVÊ CONCESSÃO DE ABONO-FUNDEB AOS PROFESSORES DA CIDADE",https://www.cloudsoftcam.com.br/SP/PINDAMONHANGABA/importacao/2024/213_7icevqdc1vbhb_noticia.jpeg,https://www.pindamonhangaba.sp.leg.br/imprensa/0/0/0/0/1243#pesquisa
2023-01-01 00:00:00,FESTE TEM INCLUSÃO NO CALENDÁRIO OFICIAL DO MUNICÍPIO APROVADA PELA CÂMARA DE PINDAMONHANGABA,https://www.cloudsoftcam.com.br/SP/PINDAMONHANGABA/importacao/2024/210_5ljj8ku1mecl4_noticia.jpeg,https://www.pindamonhangaba.sp.leg.br/imprensa/0/0/0/0/1244#pesquisa
2023-01-01 00:00:00,"EM 2021, MESA DIRETORA DA CÂMARA DE PINDAMONHANGABA FAZ DEVOLUÇÃO DE R$ 10.335.021,98 PARA A PREFEITURA",https://www.cloudsoftcam.com.br/SP/PINDAMONHANGABA/importacao/2024/207_jrgb08hvod5e_noticia.jpeg,https://www.pindamonhangaba.sp.leg.br/imprensa/0/0/0/0/1245#pesquisa
2023-01-01 00:00:00,"EM SESSÃO EXTRAORDINÁRIA NESTA SEXTA-FEIRA, CÂMARA DE PINDAMONHANGABA ANALISA E VOTA 2 PROJETOS DE LEI DO EXECUTIVO",https://www.cloudsoftcam.com.br/SP/PINDAMONHANGABA/importacao/2024/204_31p3ksu7tt585_noticia.jpeg,https://www.pindamonhangaba.sp.leg.br/imprensa/0/0/0/0/1246#pesquisa
2023-01-01 00:00:00,"POR UNANIMIDADE, CÂMARA DE PINDAMONHANGABA APROVA PROJETO DE LEI E TODOS OS PROFISSIONAIS DA EDUCAÇÃO DO MUNICÍPIO RECEBERÃO ABONO DO FUNDEB",https://www.cloudsoftcam.com.br/SP/PINDAMONHANGABA/importacao/2024/201_3qramis5nu94_noticia.jpeg,https://www.pindamonhangaba.sp.leg.br/imprensa/0/0/0/0/1247#pesquisa
2023-01-01 00:00:00,CÂMARA DE PINDAMONHANGABA AUTORIZA PODER EXECUTIVO A DESAFETAR E PERMUTAR ÁREA PÚBLICA PARA REALOCAR VIELA NO DISTRITO DE MOREIRA CÉSAR,https://www.cloudsoftcam.com.br/SP/PINDAMONHANGABA/importacao/2024/198_5i95lc2nrm9fv_noticia.jpeg,https://www.pindamonhangaba.sp.leg.br/imprensa/0/0/0/0/1248#pesquisa
2023-01-01 00:00:00,CÂMARA APROVA PROJETO QUE DETERMINA QUE BANCOS FORNEÇAM ÁLCOOL EM GEL NOS CAIXAS ELETRÔNICOS,https://www.cloudsoftcam.com.br/SP/PINDAMONHANGABA/importacao/2024/195_f2sl8d0tlbjh_noticia.jpeg,https://www.pindamonhangaba.sp.leg.br/imprensa/0/0/0/0/1249#pesquisa
2023-01-01 00:00:00,VEREADORES APROVAM CONVÊNIO COM AGÊNCIA DE FOMENTO DESENVOLVE SP PARA OPERAÇÕES DE CRÉDITO DE ATÉ R$ 15 MILHÕES PARA RECAPEAMENTO DE 21 KM DE RUAS E AVENIDAS,https://www.cloudsoftcam.com.br/SP/PINDAMONHANGABA/importacao/2024/192_7u2cup4dn8lp2_noticia.jpeg,https://www.pindamonhangaba.sp.leg.br/imprensa/0/0/0/0/1250#pesquisa
2023-01-01 00:00:00,APROVADA DENOMINAÇÃO DA PRAÇA DO PARQUE DAS PALMEIRAS DE WANDA FREIRE DA COSTA,https://www.cloudsoftcam.com.br/SP/PINDAMONHANGABA/importacao/2024/189_i7snqgimqnlc_noticia.jpeg,https://www.pindamonhangaba.sp.leg.br/imprensa/0/0/0/0/1251#pesquisa
2023-01-01 00:00:00,VEREADORES CONFIRMAM A APROVAÇÃO DA FRENTE PARLAMENTAR MUNICIPAL DE APOIO À REATIVAÇÃO DA ESTRADA DE FERRO CAMPOS DO JORDÃO,https://www.cloudsoftcam.com.br/SP/PINDAMONHANGABA/importacao/2024/186_56jdbh0pt1tfq_noticia.jpeg,https://www.pindamonhangaba.sp.leg.br/imprensa/0/0/0/0/1252#pesquisa
2023-01-01 00:00:00,ADMINISTRAÇÃO MUNICIPAL APRESENTA NÚMEROS E DADOS FINANCEIROS DO 3º QUADRIMESTRE DE 2021 E CONCLUI A PRESTAÇÃO DE CONTAS DO EXECUTIVO,https://www.cloudsoftcam.com.br/SP/PINDAMONHANGABA/importacao/2024/183_6essvucll3ivb_noticia.jpeg,https://www.pindamonhangaba.sp.leg.br/imprensa/0/0/0/0/1253#pesquisa
2023-01-01 00:00:00,SECRETARIA DE SAÚDE REALIZA AUDIÊNCIA PÚBLICA PARA APRESENTAÇÃO DO RELATÓRIO DETALHADO DO 3º QUADRIMESTRE DE 2021,https://www.cloudsoftcam.com.br/SP/PINDAMONHANGABA/importacao/2024/180_7tv9b9qidbgu5_noticia.jpeg,https://www.pindamonhangaba.sp.leg.br/imprensa/0/0/0/0/1254#pesquisa
2023-01-01 00:00:00,CÂMARA DE PINDAMONHANGABA APROVA PROJETO QUE ALTERA A LEI COMPLEMENTAR QUE INSTITUI A CIP PARA AS GRANDES INDÚSTRIAS DA CIDADE,https://www.cloudsoftcam.com.br/SP/PINDAMONHANGABA/importacao/2024/177_5u9ad2qv444v7_noticia.jpeg,https://www.pindamonhangaba.sp.leg.br/imprensa/0/0/0/0/1255#pesquisa
2023-01-01 00:00:00,VEREADORES DE PINDAMONHANGABA APROVAM MOÇÃO DE REPÚDIO CONTRA O DEPUTADO ESTADUAL ARTHUR DO VAL - MAMÃE FALEI E COBRAM ABERTURA DE PROCESSO DISCIPLINAR POR FALTA DE DECORO PARLAMENTAR,https://www.cloudsoftcam.com.br/SP/PINDAMONHANGABA/importacao/2024/174_3hgle6q0ub132_noticia.jpeg,https://www.pindamonhangaba.sp.leg.br/imprensa/0/0/0/0/1256#pesquisa
2023-01-01 00:00:00,"""PRECISAMOS CONTINUAR BUSCANDO CONSTRUIR UM MUNDO MAIS JUSTO"", DIZ ORADORA OFICIAL DE SESSÃO SOLENE QUE COMEMOROU O DIA INTERNACIONAL DA MULHER NA CÂMARA DE PINDAMONHANGABA",https://www.cloudsoftcam.com.br/SP/PINDAMONHANGABA/importacao/2024/171_5ahhba8d7t2qf_noticia.jpeg,https://www.pindamonhangaba.sp.leg.br/imprensa/0/0/0/0/1257#pesquisa
2023-01-01 00:00:00,VEREADORES CONFIRMAM APROVAÇÃO DE PROJETO E EXECUTIVO DEVERÁ OUTORGAR CONCESSÃO DE OPERAÇÕES DE TERMINAIS RODOVIÁRIOS DE PINDAMONHANGABA E DE MOREIRA CÉSAR,https://www.cloudsoftcam.com.br/SP/PINDAMONHANGABA/importacao/2024/168_7ulorsrff4hr_noticia.jpeg,https://www.pindamonhangaba.sp.leg.br/imprensa/0/0/0/0/1258#pesquisa
2023-01-01 00:00:00,PLENÁRIO GARANTE APROVAÇÃO E SEMANA MUNICIPAL DE COMBATE À CORRUPÇÃO É INCLUÍDA NO CALENDÁRIO OFICIAL DE COMEMORAÇÕES DE PINDAMONHANGABA,https://www.cloudsoftcam.com.br/SP/PINDAMONHANGABA/importacao/2024/205_pg5d4819vod4_noticia.jpeg,https://www.pindamonhangaba.sp.leg.br/imprensa/0/0/0/0/1259#pesquisa
2023-01-01 00:00:00,"COM PROJETO DE LEI APROVADO, CÂMARA DE PINDAMONHANGABA INSTITUI A COMEMORAÇÃO ANUAL DO DIA MUNICIPAL DO EDUCADOR FÍSICO",https://www.cloudsoftcam.com.br/SP/PINDAMONHANGABA/importacao/2024/202_7b5bbs5flijju_noticia.jpeg,https://www.pindamonhangaba.sp.leg.br/imprensa/0/0/0/0/1260#pesquisa
2023-01-01 00:00:00,1ª REUNIÃO DA FRENTE PARLAMENTAR MUNICIPAL DE APOIO À REATIVAÇÃO DA EFCJ DEVE OCORRER NO DIA 13 DE ABRIL NO PLENÁRIO DA CÂMARA DE PINDAMONHANGABA,https://www.cloudsoftcam.com.br/SP/PINDAMONHANGABA/importacao/2024/199_2ovjp9oom1n1h_noticia.jpeg,https://www.pindamonhangaba.sp.leg.br/imprensa/0/0/0/0/1261#pesquisa
2023-01-01 00:00:00,"POR UNANIMIDADE, VEREADORES GARANTEM APROVAÇÃO E ESTAÇÃO VIDA SAUDÁVEL DO PARQUE DAS PALMEIRAS TERÁ NOVA DENOMINAÇÃO",https://www.cloudsoftcam.com.br/SP/PINDAMONHANGABA/importacao/2024/196_rgided48trg5_noticia.jpeg,https://www.pindamonhangaba.sp.leg.br/imprensa/0/0/0/0/1262#pesquisa
2023-01-01 00:00:00,"MÉDICOS DO MUNICÍPIO SERÃO HOMENAGEADOS EM SESSÃO SOLENE, APONTA PROJETO DE LEI APROVADO PELA CÂMARA DE PINDAMONHANGABA",https://www.cloudsoftcam.com.br/SP/PINDAMONHANGABA/importacao/2024/193_77kjrnp47k18e_noticia.jpeg,https://www.pindamonhangaba.sp.leg.br/imprensa/0/0/0/0/1263#pesquisa
2023-01-01 00:00:00,VEREADORES E AUTORIDADES DISCUTEM PRIMEIRAS AÇÕES NA 1ª REUNIÃO DA FRENTE PARLAMENTAR DE APOIO À REATIVAÇÃO DA EFCJ DA CÂMARA DE PINDAMONHANGABA,https://www.cloudsoftcam.com.br/SP/PINDAMONHANGABA/importacao/2024/190_6517tv18cm8lr_noticia.jpeg,https://www.pindamonhangaba.sp.leg.br/imprensa/0/0/0/0/1264#pesquisa
2023-01-01 00:00:00,"COM VOTOS FAVORÁVEIS DOS VEREADORES DE PINDAMONHANGABA, SERVIDORES MUNICIPAIS E AGENTES POLÍTICOS DO EXECUTIVO TERÃO MAJORAÇÃO SALARIAL EM 2022",https://www.cloudsoftcam.com.br/SP/PINDAMONHANGABA/importacao/2024/187_3enfocc2tjaps_noticia.jpeg,https://www.pindamonhangaba.sp.leg.br/imprensa/0/0/0/0/1265#pesquisa
2023-01-01 00:00:00,"PLENÁRIO DA CÂMARA DE PINDAMONHANGABA APROVA HOMENAGEM E EX-VEREADOR E JORNALISTA ALEXANDRE PIÓ RECEBERÁ O DIPLOMA ""DR. JOÃO ROMEIRO""",https://www.cloudsoftcam.com.br/SP/PINDAMONHANGABA/importacao/2024/184_6id94d6g084a_noticia.jpeg,https://www.pindamonhangaba.sp.leg.br/imprensa/0/0/0/0/1266#pesquisa
2023-01-01 00:00:00,"PARA COMEMORAR DIA DO ESCOTEIRO, CÂMARA DE PINDAMONHANGABA REALIZA SESSÃO SOLENE E ENALTECE CHEFES E INTEGRANTES DO GRUPO ITAPEVA 97/SP",https://www.cloudsoftcam.com.br/SP/PINDAMONHANGABA/importacao/2024/181_enaem5smm0o_noticia.jpeg,https://www.pindamonhangaba.sp.leg.br/imprensa/0/0/0/0/1267#pesquisa
2023-01-01 00:00:00,"EM NOITE FESTIVA, SOCIEDADE SÃO VICENTE DE PAULO RECEBE HOMENAGENS E HONRARIAS EM SESSÃO SOLENE COMEMORATIVA NA CÂMARA DE PINDAMONHANGABA",https://www.cloudsoftcam.com.br/SP/PINDAMONHANGABA/importacao/2024/178_fmgelvlqbtff_noticia.jpeg,https://www.pindamonhangaba.sp.leg.br/imprensa/0/0/0/0/1268#pesquisa
2023-01-01 00:00:00,"BARES, RESTAURANTES E CASAS NOTURNAS TERÃO QUE ADOTAR MEDIDAS DE AUXÍLIO PARA MULHERES EM SITUAÇÃO DE RISCO, APONTA PROJETO DE LEI APROVADO NA CÂMARA DE PINDAMONHANGABA",https://www.cloudsoftcam.com.br/SP/PINDAMONHANGABA/importacao/2024/175_67sna5h8vubaf_noticia.jpeg,https://www.pindamonhangaba.sp.leg.br/imprensa/0/0/0/0/1269#pesquisa
2023-01-01 00:00:00,POLICIAIS MILITARES E CIVIS SÃO ENALTECIDOS E AGRACIADOS COM DIPLOMAS DE HONRA AO MÉRITO EM SESSÃO SOLENE NA CÂMARA DE PINDAMONHANGABA,https://www.cloudsoftcam.com.br/SP/PINDAMONHANGABA/importacao/2024/172_7gk3cqesg9ptc_noticia.jpeg,https://www.pindamonhangaba.sp.leg.br/imprensa/0/0/0/0/1270#pesquisa
2023-01-01 00:00:00,"COM 10 VOTOS FAVORÁVEIS, PROJETO DE LEI DETERMINA QUE PRAÇA DO BAIRRO VILA VERDE TENHA A DENOMINAÇÃO DE ""MILTON GONÇALVES DOS SANTOS""",https://www.cloudsoftcam.com.br/SP/PINDAMONHANGABA/importacao/2024/169_7pa3fo9ttgf0_noticia.jpeg,https://www.pindamonhangaba.sp.leg.br/imprensa/0/0/0/0/1271#pesquisa
2023-01-01 00:00:00,"PROJETO APROVADO POR VEREADORES DE PINDAMONHANGABA AUTORIZA PODER EXECUTIVO A OUTORGAR CONCESSÃO DO ESPAÇO PÚBLICO DO ""MIRANTE GASTRÔMICO""",https://www.cloudsoftcam.com.br/SP/PINDAMONHANGABA/importacao/2024/166_rg8b53utqqsq_noticia.jpeg,https://www.pindamonhangaba.sp.leg.br/imprensa/0/0/0/0/1272#pesquisa
2023-01-01 00:00:00,"COM DIGNIDADE, EMOÇÃO E RESPEITO, SOLENIDADE NA CÂMARA DE PINDAMONHANGABA COMEMORA DIA MUNICIPAL DA ASSISTENTE SOCIAL",https://www.cloudsoftcam.com.br/SP/PINDAMONHANGABA/importacao/2024/163_r9gj4n0j7p3g_noticia.jpeg,https://www.pindamonhangaba.sp.leg.br/imprensa/0/0/0/0/1273#pesquisa
2023-01-01 00:00:00,"COM AVAL DOS VEREADORES, PINDAMONHANGABA DEVE INSTITUIR O CONSELHO MUNICIPAL DA CIDADE - CONCID",https://www.cloudsoftcam.com.br/SP/PINDAMONHANGABA/importacao/2024/160_eqkusu1j6uq4_noticia.jpeg,https://www.pindamonhangaba.sp.leg.br/imprensa/0/0/0/0/1274#pesquisa
2023-01-01 00:00:00,AUDIÊNCIAS PÚBLICAS DA LDO 2023 E DAS METAS FISCAIS DA SECRETARIA DE FINANÇAS MOVIMENTARAM O PLENÁRIO DA CÂMARA DE PINDAMONHANGABA,https://www.cloudsoftcam.com.br/SP/PINDAMONHANGABA/importacao/2024/157_644tqvn89v787_noticia.jpeg,https://www.pindamonhangaba.sp.leg.br/imprensa/0/0/0/0/1275#pesquisa
2023-01-01 00:00:00,"EM VOTAÇÃO TRANQUILA, ALTERAÇÕES NA LEI DO CÓDIGO DE EDIFICAÇÕES DE PINDAMONHANGABA SÃO APROVADAS POR UNANIMIDADE PELA CÂMARA DE VEREADORES",https://www.cloudsoftcam.com.br/SP/PINDAMONHANGABA/importacao/2024/154_3nm605nk9og08_noticia.jpeg,https://www.pindamonhangaba.sp.leg.br/imprensa/0/0/0/0/1276#pesquisa
2023-01-01 00:00:00,"PROJETO DE LEI APROVADO PELOS VEREADORES APONTA QUE PRÉDIO DA ESF DO GOIABAL RECEBERÁ A DENOMINAÇÃO DE ""JOSÉ PINTO DA SILVA""",https://www.cloudsoftcam.com.br/SP/PINDAMONHANGABA/importacao/2024/151_52sgoil5leul9_noticia.jpeg,https://www.pindamonhangaba.sp.leg.br/imprensa/0/0/0/0/1277#pesquisa
2023-01-01 00:00:00,DIA DA IMPRENSA: CÂMARA DE PINDAMONHANGABA MANIFESTA APOIO AOS PROFISSIONAIS E CONCEDE HOMENAGEM AO JORNALISTA ODIRLEY PEREIRA,https://www.cloudsoftcam.com.br/SP/PINDAMONHANGABA/importacao/2024/148_k35o2ff07pel_noticia.jpeg,https://www.pindamonhangaba.sp.leg.br/imprensa/0/0/0/0/1278#pesquisa
2023-01-01 00:00:00,"COM RESSALVAS DO TCE-SP, VEREADORES CONFIRMAM APROVAÇÃO DE CONTAS DA PREFEITURA DE PINDAMONHANGABA DO EXERCÍCIO DE 2019",https://www.cloudsoftcam.com.br/SP/PINDAMONHANGABA/importacao/2024/185_uug4v1o8g8t3_noticia.jpeg,https://www.pindamonhangaba.sp.leg.br/imprensa/0/0/0/0/1279#pesquisa
2023-01-01 00:00:00,RECOMENDAÇÃO ADMINISTRATIVA,https://www.cloudsoftcam.com.br/SP/PINDAMONHANGABA/importacao/2024/182_6e21f0qsa5g5m_noticia.jpeg,https://www.pindamonhangaba.sp.leg.br/imprensa/0/0/0/0/1280#pesquisa
2023-01-01 00:00:00,"ORGANIZAÇÕES DA SOCIEDADE CIVIL PODERÃO TER ISENÇÃO DE TAXAS EM DOCUMENTOS DA PREFEITURA, PROPÕE PROJETO APROVADO PELOS VEREADORES DE PINDAMONHANGABA",https://www.cloudsoftcam.com.br/SP/PINDAMONHANGABA/importacao/2024/179_mmsvuq03nbl9_noticia.jpeg,https://www.pindamonhangaba.sp.leg.br/imprensa/0/0/0/0/1281#pesquisa
2023-01-01 00:00:00,DIRIGENTES DO COMAD PARTICIPAM DA SESSÃO ORDINÁRIA DA CÂMARA DE PINDAMONHANGABA,https://www.cloudsoftcam.com.br/SP/PINDAMONHANGABA/importacao/2024/176_2ig6g96146ihp_noticia.jpeg,https://www.pindamonhangaba.sp.leg.br/imprensa/0/0/0/0/1282#pesquisa
2023-01-01 00:00:00,VEREADORES DE PINDAMONHANGABA PRIORIZAM APOIO AOS SERVIDORES E APROVAM PROJETO DO EXECUTIVO COM REENQUADRAMENTO DOS EMPREGOS DE AGENTES COMUNITÁRIOS DE SAÚDE E DE CONTROLE DE VETOR,https://www.cloudsoftcam.com.br/SP/PINDAMONHANGABA/importacao/2024/173_2dbqvoooufl21_noticia.jpeg,https://www.pindamonhangaba.sp.leg.br/imprensa/0/0/0/0/1283#pesquisa
2023-01-01 00:00:00,VEREADORES DE PINDAMONHANGABA APOIAM CRESCIMENTO DA CIDADE E APROVAM PROJETO COM ALTERAÇÃO NA ESTRUTURA DA PREFEITURA E CRIAÇÃO DE NOVAS SECRETARIAS,https://www.cloudsoftcam.com.br/SP/PINDAMONHANGABA/importacao/2024/170_7sbincg3i7qv7_noticia.jpeg,https://www.pindamonhangaba.sp.leg.br/imprensa/0/0/0/0/1284#pesquisa
2023-01-01 00:00:00,"COM GRANDE PÚBLICO E PASTORES PRESENTES, DIA DA ASSEMBLEIA DE DEUS É COMEMORADO COM SESSÃO SOLENE NA CÂMARA DE PINDAMONHANGABA",https://www.cloudsoftcam.com.br/SP/PINDAMONHANGABA/importacao/2024/167_ou4gt5h8tcfi_noticia.jpeg,https://www.pindamonhangaba.sp.leg.br/imprensa/0/0/0/0/1285#pesquisa
2023-01-01 00:00:00,HOMENAGENS E REFLEXÃO MARCAM A NOITE SOLENE COMEMORATIVA AO 'DIA MUNICIPAL DE COMBATE ÀS DROGAS' NA CÂMARA DE PINDAMONHANGABA,https://www.cloudsoftcam.com.br/SP/PINDAMONHANGABA/importacao/2024/164_5m4abdb6a3mno_noticia.jpeg,https://www.pindamonhangaba.sp.leg.br/imprensa/0/0/0/0/1286#pesquisa
2023-01-01 00:00:00,"POR UNANIMIDADE, VEREADORES APROVAM PROJETO DE LEI COM AS DIRETRIZES ORÇAMENTÁRIAS DE PINDAMONHANGABA PARA O EXERCÍCIO DE 2023",https://www.cloudsoftcam.com.br/SP/PINDAMONHANGABA/importacao/2024/161_jhvvo0eetrl9_noticia.jpeg,https://www.pindamonhangaba.sp.leg.br/imprensa/0/0/0/0/1287#pesquisa
2023-01-01 00:00:00,"CÂMARA DE PINDAMONHANGABA CONCEDERÁ COMENDA ""CAPITÃO BICUDO LEME"" AO ARCEBISPO DOM MILTON SANTOS",https://www.cloudsoftcam.com.br/SP/PINDAMONHANGABA/importacao/2024/158_7tqn78vek1n0h_noticia.jpeg,https://www.pindamonhangaba.sp.leg.br/imprensa/0/0/0/0/1288#pesquisa
2023-01-01 00:00:00,LEGISLATIVO PINDAMONHANGABENSE REALIZA ATO SOLENE E PROMOVE ENTREGA DE HONRARIAS A DEPUTADOS E BENFEITORES DA CIDADE,https://www.cloudsoftcam.com.br/SP/PINDAMONHANGABA/importacao/2024/155_31bqcv46jh2ql_noticia.jpeg,https://www.pindamonhangaba.sp.leg.br/imprensa/0/0/0/0/1289#pesquisa
2023-01-01 00:00:00,"ATIVIDADES LEGISLATIVAS ENTRAM EM RECESSO OFICIAL, MAS CÂMARA DE PINDAMONHANGABA MANTÉM ATENDIMENTO NORMAL NA ADMINISTRAÇÃO E GABINETES",https://www.cloudsoftcam.com.br/SP/PINDAMONHANGABA/importacao/2024/152_71od529a1dhud_noticia.jpeg,https://www.pindamonhangaba.sp.leg.br/imprensa/0/0/0/0/1290#pesquisa
2023-01-01 00:00:00,"CÂMARA DE PINDAMONHANGABA RETOMA TRABALHOS LEGISLATIVOS COM SESSÃO ORDINÁRIA NA SEGUNDA-FEIRA, ÀS 18 HORAS",https://www.cloudsoftcam.com.br/SP/PINDAMONHANGABA/importacao/2024/149_3igj89mqe6gh9_noticia.jpeg,https://www.pindamonhangaba.sp.leg.br/imprensa/0/0/0/0/1291#pesquisa
2023-01-01 00:00:00,"EM NOVO HORÁRIO, VEREADORES DE PINDAMONHANGABA REINICIAM ATIVIDADES LEGISLATIVAS E APROVAM 3 PROJETOS EM SESSÃO ORDINÁRIA NA SEGUNDA-FEIRA",https://www.cloudsoftcam.com.br/SP/PINDAMONHANGABA/importacao/2024/146_74rvf6u0954u9_noticia.jpeg,https://www.pindamonhangaba.sp.leg.br/imprensa/0/0/0/0/1292#pesquisa
2023-01-01 00:00:00,PROJETO DE LEI QUE ISENTA IPTU DE IMÓVEIS EDIFICADOS ATINGIDOS POR ENCHENTES E ALAGAMENTOS EM PINDAMONHANGABA É APROVADO PELOS VEREADORES,https://www.cloudsoftcam.com.br/SP/PINDAMONHANGABA/importacao/2024/143_v9qo0fe0i6mu_noticia.jpeg,https://www.pindamonhangaba.sp.leg.br/imprensa/0/0/0/0/1293#pesquisa
2023-01-01 00:00:00,"CÂMARA DE PINDAMONHANGABA CONCEDERÁ DIPLOMA ""DR. JOSÉ ALBERTO MONTECLARO CÉSAR"" A ADVOGADOS DO MUNICÍPIO NA PRÓXIMA SESSÃO ORDINÁRIA",https://www.cloudsoftcam.com.br/SP/PINDAMONHANGABA/importacao/2024/140_3loih8q194jvr_noticia.jpeg,https://www.pindamonhangaba.sp.leg.br/imprensa/0/0/0/0/1294#pesquisa
2023-01-01 00:00:00,"PLENÁRIO APROVA PROJETOS DE LEI DO EXECUTIVO COM A CRIAÇÃO DE EMPREGOS PÚBLICOS NA FUNDAÇÃO ""JOÃO ROMEIRO"" E PREFEITURA DE PINDAMONHANGABA",https://www.cloudsoftcam.com.br/SP/PINDAMONHANGABA/importacao/2024/137_6mgja11sh1j8p_noticia.jpeg,https://www.pindamonhangaba.sp.leg.br/imprensa/0/0/0/0/1295#pesquisa
2023-01-01 00:00:00,SERVIDORES DA BRIGADA DE INCÊNDIO REALIZAM TREINAMENTO E AVCB DA CÂMARA DE PINDAMONHANGABA É RENOVADO,https://www.cloudsoftcam.com.br/SP/PINDAMONHANGABA/importacao/2024/134_7fpl0h10s7r8h_noticia.jpeg,https://www.pindamonhangaba.sp.leg.br/imprensa/0/0/0/0/1296#pesquisa
2023-01-01 00:00:00,CÂMARA DE PINDAMONHANGABA PRIORIZA SAÚDE E CONFIRMA APROVAÇÃO DO 'DIA MUNICIPAL DE CONSCIENTIZAÇÃO DA HEMOFILIA',https://www.cloudsoftcam.com.br/SP/PINDAMONHANGABA/importacao/2024/131_75f5a1bnh1csh_noticia.jpeg,https://www.pindamonhangaba.sp.leg.br/imprensa/0/0/0/0/1297#pesquisa
2023-01-01 00:00:00,'DIA DO MAÇOM' E OS '100 ANOS DO GRANDE ORIENTE DE SÃO PAULO' SÃO ENALTECIDOS EM SESSÃO SOLENE NA CÂMARA DE PINDAMONHANGABA,https://www.cloudsoftcam.com.br/SP/PINDAMONHANGABA/importacao/2024/128_dl69k7hbnvof_noticia.jpeg,https://www.pindamonhangaba.sp.leg.br/imprensa/0/0/0/0/1298#pesquisa
2023-01-01 00:00:00,PROJETO QUE PROPÕE IMPLANTAÇÃO DE MEDIDAS CONTRA A VIOLÊNCIA OBSTÉTRICA RECEBE APROVAÇÃO UNÂNIME DOS VEREADORES DE PINDAMONHANGABA,https://www.cloudsoftcam.com.br/SP/PINDAMONHANGABA/importacao/2024/165_5padh9pom6gbm_noticia.jpeg,https://www.pindamonhangaba.sp.leg.br/imprensa/0/0/0/0/1299#pesquisa
2023-01-01 00:00:00,'GALERIA LILÁS' É INAUGURADA E VEREADORAS QUE ATUARAM NA CIDADE RECEBEM HOMENAGEM DA CÂMARA DE PINDAMONHANGABA,https://www.cloudsoftcam.com.br/SP/PINDAMONHANGABA/importacao/2024/162_8754g91fm1b6_noticia.jpeg,https://www.pindamonhangaba.sp.leg.br/imprensa/0/0/0/0/1300#pesquisa
2023-01-01 00:00:00,ALUNOS DO COLÉGIO PROGRESSÃO PARTICIPAM DE VISITA MONITORADA NA CÂMARA DE PINDAMONHANGABA E DEBATEM O PAPEL DO LEGISLATIVO NA SOCIEDADE,https://www.cloudsoftcam.com.br/SP/PINDAMONHANGABA/importacao/2024/159_448eenea9lo5o_noticia.jpeg,https://www.pindamonhangaba.sp.leg.br/imprensa/0/0/0/0/1301#pesquisa
2023-01-01 00:00:00,"PLENÁRIO VOTA FAVORÁVEL E PROPOSTA DE ALTERAÇÃO NO SERVIÇO DE ""TÁXI"" NA CIDADE É CONFIRMADA PELA CÂMARA DE PINDAMONHANGABA",https://www.cloudsoftcam.com.br/SP/PINDAMONHANGABA/importacao/2024/156_60snlbq4aotf_noticia.jpeg,https://www.pindamonhangaba.sp.leg.br/imprensa/0/0/0/0/1302#pesquisa
2023-01-01 00:00:00,VEREADORES DE PINDAMONHANGABA GARANTEM APROVAÇÃO DE PROJETO DE LEI QUE DISPONIBILIZA EQUIPAMENTOS DIMENSIONADOS PARA PESSOAS COM SOBREPESO OU OBESIDADE,https://www.cloudsoftcam.com.br/SP/PINDAMONHANGABA/importacao/2024/153_3nf3oggb31s9r_noticia.jpeg,https://www.pindamonhangaba.sp.leg.br/imprensa/0/0/0/0/1303#pesquisa
2023-01-01 00:00:00,"COM HOMENAGENS AOS PASTORES DA CIDADE, MEMBROS DA IGREJA ASSEMBLEIA DE DEUS PARTICIPAM DE SESSÃO SOLENE NA CÂMARA DE PINDAMONHANGABA",https://www.cloudsoftcam.com.br/SP/PINDAMONHANGABA/importacao/2024/150_614fj8vasuvrd_noticia.jpeg,https://www.pindamonhangaba.sp.leg.br/imprensa/0/0/0/0/1304#pesquisa
2023-01-01 00:00:00,"POR APROVAÇÃO UNÂNIME DO PLENÁRIO DA CÂMARA DE  PINDAMONHANGABA, GABINETES E SALAS DE ÓRGÃOS PÚBLICOS E PRIVADOS TERÃO IDENTIFICAÇÃO EM BRAILE",https://www.cloudsoftcam.com.br/SP/PINDAMONHANGABA/importacao/2024/147_3ebh90mi5ngrs_noticia.jpeg,https://www.pindamonhangaba.sp.leg.br/imprensa/0/0/0/0/1305#pesquisa
2023-01-01 00:00:00,"PROJETO APROVADO PELA CÂMARA DE PINDAMONHANGABA INSTITUI O DIPLOMA ""RÔMULO CAMPOS D’ARACE”",https://www.cloudsoftcam.com.br/SP/PINDAMONHANGABA/importacao/2024/144_7vqodokc6b3s5_noticia.jpeg,https://www.pindamonhangaba.sp.leg.br/imprensa/0/0/0/0/1306#pesquisa
2023-01-01 00:00:00,"CÂMARA DE PINDAMONHANGABA REALIZA SESSÃO SOLENE PARA LEMBRAR E COMEMORAR O ""DIA DO SURDO""",https://www.cloudsoftcam.com.br/SP/PINDAMONHANGABA/importacao/2024/141_6sp1u1m1i9kik_noticia.jpeg,https://www.pindamonhangaba.sp.leg.br/imprensa/0/0/0/0/1307#pesquisa
2023-01-01 00:00:00,"EDUCAÇÃO É PRIORIDADE: CÂMARA REÚNE EDUCADORES, PAIS E ALUNOS EM SESSÃO SOLENE PARA CELEBRAR A SEMANA DA MOBILIZAÇÃO SOCIAL DE PINDAMONHANGABA",https://www.cloudsoftcam.com.br/SP/PINDAMONHANGABA/importacao/2024/138_7t7sailvrom48_noticia.jpeg,https://www.pindamonhangaba.sp.leg.br/imprensa/0/0/0/0/1308#pesquisa
2023-01-01 00:00:00,"ÓRGÃOS PÚBLICOS TERÃO QR CODE PARA ATENDIMENTO ÀS PESSOAS COM DEFICIÊNCIA AUDITIVA, DIZ PROJETO DE LEI APROVADO PELOS VEREADORES DE PINDAMONHANGABA",https://www.cloudsoftcam.com.br/SP/PINDAMONHANGABA/importacao/2024/135_oa9sk1r2ukp7_noticia.jpeg,https://www.pindamonhangaba.sp.leg.br/imprensa/0/0/0/0/1309#pesquisa
2023-01-01 00:00:00,"EM NOITE DE AMOR À VIDA, CÂMARA DE PINDAMONHANGABA REALIZA SESSÃO SOLENE ""OUTUBRO ROSA"" E REVIVE RELATOS DE SUPERAÇÃO E GRATIDÃO DE MULHERES QUE VENCERAM A DOENÇA",https://www.cloudsoftcam.com.br/SP/PINDAMONHANGABA/importacao/2024/132_rv83ne1bo3gm_noticia.jpeg,https://www.pindamonhangaba.sp.leg.br/imprensa/0/0/0/0/1310#pesquisa
2023-01-01 00:00:00,"PROJETO QUE PREVÊ A SUBSTITUIÇÃO DE SIRENES E ALARMES UTILIZADOS EM AULAS, PROVAS E RECREIO DE ESCOLAS É APROVADO PELOS VEREADORES DE PINDAMONHANGABA",https://www.cloudsoftcam.com.br/SP/PINDAMONHANGABA/importacao/2024/129_7mvc59vodtp36_noticia.jpeg,https://www.pindamonhangaba.sp.leg.br/imprensa/0/0/0/0/1311#pesquisa
2023-01-01 00:00:00,"POR RELEVANTE CONTRIBUIÇÃO PARA A CULTURA, VEREADORES DE PINDAMONHANGABA CONCEDEM MEDALHA ""ATHAYDE MARCONDES"" À PROFESSORA GISLENE ALVES",https://www.cloudsoftcam.com.br/SP/PINDAMONHANGABA/importacao/2024/126_cor9vmo8tjdf_noticia.jpeg,https://www.pindamonhangaba.sp.leg.br/imprensa/0/0/0/0/1312#pesquisa
2023-01-01 00:00:00,CÂMARA DE PINDAMONHANGABA PROMOVE SESSÃO SOLENE E PROFESSORES SÃO HOMENAGEADOS COM DIPLOMAS PELO TRABALHO E DEDICAÇÃO À EDUCAÇÃO DO MUNICÍPIO,https://www.cloudsoftcam.com.br/SP/PINDAMONHANGABA/importacao/2024/123_3nbnrcv88rljf_noticia.jpeg,https://www.pindamonhangaba.sp.leg.br/imprensa/0/0/0/0/1313#pesquisa
2023-01-01 00:00:00,CÂMARA DE PINDAMONHANGABA RECONHECE TRABALHO E ATUAÇÃO DOS COMERCIÁRIOS E EM SESSÃO SOLENE CONCEDE DIPLOMAS AOS PROFISSIONAIS DA ÁREA,https://www.cloudsoftcam.com.br/SP/PINDAMONHANGABA/importacao/2024/120_hr9keahrm0t2_noticia.jpeg,https://www.pindamonhangaba.sp.leg.br/imprensa/0/0/0/0/1314#pesquisa
2023-01-01 00:00:00,"SESSÃO SOLENE REÚNE PASTORES, EVANGELISTAS E AUTORIDADES PARA CELEBRAÇÃO DOS 505 ANOS DA REFORMA PROTESTANTE NA CÂMARA DE PINDAMONHANGABA",https://www.cloudsoftcam.com.br/SP/PINDAMONHANGABA/importacao/2024/117_6im14oocqqt6l_noticia.jpeg,https://www.pindamonhangaba.sp.leg.br/imprensa/0/0/0/0/1315#pesquisa
2023-01-01 00:00:00,PROJETO QUE IMPLANTA MEDIDAS DE INFORMAÇÃO E PROTEÇÃO À GESTANTE É APROVADO PELO PLENÁRIO DA CÂMARA DE PINDAMONHANGABA,https://www.cloudsoftcam.com.br/SP/PINDAMONHANGABA/importacao/2024/114_lb1ik45ell90_noticia.jpeg,https://www.pindamonhangaba.sp.leg.br/imprensa/0/0/0/0/1316#pesquisa
2023-01-01 00:00:00,"CÂMARA DE PINDAMONHANGABA PROMOVE SESSÃO SOLENE COMEMORATIVA E CELEBRA ""DIA DO SERVIDOR PÚBLICO"" NO MUNICÍPIO",https://www.cloudsoftcam.com.br/SP/PINDAMONHANGABA/importacao/2024/111_50e5ltlnffqpc_noticia.jpeg,https://www.pindamonhangaba.sp.leg.br/imprensa/0/0/0/0/1317#pesquisa
2023-01-01 00:00:00,"PROJETO DE LEI DO ORÇAMENTO DE 2023 SERÁ ANALISADO E DEBATIDO EM AUDIÊNCIA PÚBLICA NO DIA 22 DE NOVEMBRO, NA CÂMARA DA PINDAMONHANGABA",https://www.cloudsoftcam.com.br/SP/PINDAMONHANGABA/importacao/2024/108_2f3qlktfblci2_noticia.jpeg,https://www.pindamonhangaba.sp.leg.br/imprensa/0/0/0/0/1318#pesquisa
2023-01-01 00:00:00,"COM 10 VOTOS FAVORÁVEIS, VEREADORES DE PINDAMONHANGABA REJEITAM VETO DO EXECUTIVO AO PROJETO DE LEI QUE TRATA DO SERVIÇO DE TÁXI",https://www.cloudsoftcam.com.br/SP/PINDAMONHANGABA/importacao/2024/145_7j3gmtnipaudn_noticia.jpeg,https://www.pindamonhangaba.sp.leg.br/imprensa/0/0/0/0/1319#pesquisa
2023-01-01 00:00:00,"39ª SESSÃO ORDINÁRIA: VEREADORES APROVAM DENOMINAÇÃO DE RUAS DO BOSQUE DA IMPERATRIZ E CRÉDITO ADICIONAL DE R$ 2.100.000,00 PARA PREFEITURA DE PINDAMONHANGABA",https://www.cloudsoftcam.com.br/SP/PINDAMONHANGABA/importacao/2024/142_7envkdbo248se_noticia.jpeg,https://www.pindamonhangaba.sp.leg.br/imprensa/0/0/0/0/1320#pesquisa
2023-01-01 00:00:00,PROJETO DE RESOLUÇÃO QUE REGULAMENTA O PROCESSO LEGISLATIVO ELETRÔNICO NA CÂMARA DE PINDAMONHANGABA É APROVADO,https://www.cloudsoftcam.com.br/SP/PINDAMONHANGABA/importacao/2024/139_5b182nl03rqsp_noticia.jpeg,https://www.pindamonhangaba.sp.leg.br/imprensa/0/0/0/0/1321#pesquisa
2023-01-01 00:00:00,PROJETO DE LEI QUE IMPEDE NOMEAÇÃO DE PESSOAS CONDENADAS POR VIOLÊNCIA DOMÉSTICA É APROVADO POR UNANIMIDADE PELOS VEREADORES DE PINDAMONHANGABA,https://www.cloudsoftcam.com.br/SP/PINDAMONHANGABA/importacao/2024/136_ppf0cv63ar5k_noticia.jpeg,https://www.pindamonhangaba.sp.leg.br/imprensa/0/0/0/0/1322#pesquisa
2023-01-01 00:00:00,"PERSONALIDADES DA COMUNIDADE NEGRA RECEBEM HONRARIAS EM SESSÃO SOLENE QUE COMEMORA O ""DIA DA CONSCIÊNCIA NEGRA"" NA CÂMARA DE PINDAMONHANGABA",https://www.cloudsoftcam.com.br/SP/PINDAMONHANGABA/importacao/2024/133_7oqcl9nnphcec_noticia.jpeg,https://www.pindamonhangaba.sp.leg.br/imprensa/0/0/0/0/1323#pesquisa
2023-01-01 00:00:00,PARLAMENTARES APOIAM E APROVAM A CRIAÇÃO DE MAIS UMA JARI NO DEPARTAMENTO DE TRÂNSITO DE PINDAMONHANGABA,https://www.cloudsoftcam.com.br/SP/PINDAMONHANGABA/importacao/2024/130_6ntf26skkus1a_noticia.jpeg,https://www.pindamonhangaba.sp.leg.br/imprensa/0/0/0/0/1324#pesquisa
2023-01-01 00:00:00,ESPORTISTA DO ANO: CÂMARA DE PINDAMONHANGABA PROMOVE SESSÃO SOLENE E ENTREGA DIPLOMAS AOS ATLETAS E DIRIGENTES DA CIDADE,https://www.cloudsoftcam.com.br/SP/PINDAMONHANGABA/importacao/2024/127_6hf0ejgaoqhg_noticia.jpeg,https://www.pindamonhangaba.sp.leg.br/imprensa/0/0/0/0/1325#pesquisa
2023-01-01 00:00:00,"COM APROVAÇÃO DOS VEREADORES, PINDAMONHANGABA TERÁ ESTATUTO DE BEM-ESTAR ANIMAL E CONTROLE DAS POPULAÇÕES DE ANIMAIS DOMÉSTICOS",https://www.cloudsoftcam.com.br/SP/PINDAMONHANGABA/importacao/2024/124_6fqlr7qk7afaq_noticia.jpeg,https://www.pindamonhangaba.sp.leg.br/imprensa/0/0/0/0/1326#pesquisa
2023-01-01 00:00:00,"POR UNANIMIDADE, VEREADOR NORBERTINHO É ELEITO PRESIDENTE DA CÂMARA DE PINDAMONHANGABA PARA O BIÊNIO 2023-2024",https://www.cloudsoftcam.com.br/SP/PINDAMONHANGABA/importacao/2024/121_bt1oi24jk0o0_noticia.jpeg,https://www.pindamonhangaba.sp.leg.br/imprensa/0/0/0/0/1327#pesquisa
2023-01-01 00:00:00,"""DIA INTERNACIONAL DA PESSOA COM DEFICIÊNCIA"" É COMEMORADO COM SESSÃO SOLENE NA CÂMARA DE DE VEREADORES DE PINDAMONHANGABA",https://www.cloudsoftcam.com.br/SP/PINDAMONHANGABA/importacao/2024/118_vtgh3p904gmc_noticia.jpeg,https://www.pindamonhangaba.sp.leg.br/imprensa/0/0/0/0/1328#pesquisa
2023-01-01 00:00:00,"VEREADORES DE PINDAMONHANGABA APROVAM ORÇAMENTO MUNICIPAL DE R$ 904.763.000,00 E 302 EMENDAS IMPOSITIVAS PARA O ANO DE 2023",https://www.cloudsoftcam.com.br/SP/PINDAMONHANGABA/importacao/2024/115_5ceqclld56lrt_noticia.jpeg,https://www.pindamonhangaba.sp.leg.br/imprensa/0/0/0/0/1329#pesquisa
2023-01-01 00:00:00,PLENÁRIO DA CÂMARA DE PINDAMONHANGABA VOTA E APROVA PROJETO DE REORGANIZAÇÃO ADMINISTRATIVA DO REGIME PRÓPRIO DE PREVIDÊNCIA SOCIAL DA CIDADE,https://www.cloudsoftcam.com.br/SP/PINDAMONHANGABA/importacao/2024/112_ea7ejce12ea3_noticia.jpeg,https://www.pindamonhangaba.sp.leg.br/imprensa/0/0/0/0/1330#pesquisa
2023-01-01 00:00:00,PROJETO QUE DETERMINA ANISTIA DE JUROS E MULTAS DE IMPOSTOS ATRASADOS É APROVADO EM SESSÃO EXTRAORDINÁRIA NA CÂMARA DE PINDAMONHANGABA,https://www.cloudsoftcam.com.br/SP/PINDAMONHANGABA/importacao/2024/109_4ti92cld6ijjo_noticia.jpeg,https://www.pindamonhangaba.sp.leg.br/imprensa/0/0/0/0/1331#pesquisa
2023-01-01 00:00:00,AGILIDADE E ECONOMIA: CÂMARA DE PINDAMONHANGABA INTRODUZ NOVO PROCESSO DIGITAL DE TRAMITAÇÃO DE DOCUMENTOS OFICIAIS,https://www.cloudsoftcam.com.br/SP/PINDAMONHANGABA/importacao/2024/106_4lanhbu9uk97e_noticia.jpeg,https://www.pindamonhangaba.sp.leg.br/imprensa/0/0/0/0/1332#pesquisa
2023-01-01 00:00:00,"COM AUTORIDADES E CONVIDADOS ESPECIAIS, MESA DIRETORA 2023-2024 É EMPOSSADA OFICIALMENTE NA CÂMARA DE PINDAMONHANGABA",https://www.cloudsoftcam.com.br/SP/PINDAMONHANGABA/importacao/2024/103_kcf8k9utjp60_noticia.jpeg,https://www.pindamonhangaba.sp.leg.br/imprensa/0/0/0/0/1333#pesquisa
2023-01-01 00:00:00,"NA RETOMADA DOS TRABALHOS LEGISLATIVOS, VEREADORES DE PINDAMONHANGABA APROVAM 5 PROJETOS NA 1ª SESSÃO ORDINÁRIA DE 2023",https://www.cloudsoftcam.com.br/SP/PINDAMONHANGABA/importacao/2024/100_r70p33drs6gr_noticia.jpeg,https://www.pindamonhangaba.sp.leg.br/imprensa/0/0/0/0/1334#pesquisa
2023-01-01 00:00:00,"PRESIDENTE DA CÂMARA, VEREADOR NORBERTO MORAES, RECEBE COMANDANTE DO BAEP E DISCUTE AÇÕES DE COMBATE AO CRIME EM PINDAMONHANGABA",https://www.cloudsoftcam.com.br/SP/PINDAMONHANGABA/importacao/2024/97_72nff48kftcn2_noticia.jpeg,https://www.pindamonhangaba.sp.leg.br/imprensa/0/0/0/0/1335#pesquisa
2023-01-01 00:00:00,PROJETO DE LEI APROVADO PELA CÂMARA DE PINDAMONHANGABA DETERMINA QUE PLACAS DE OBRAS PÚBLICAS DEVERÃO TER INSERÇÃO DE QR CODE,https://www.cloudsoftcam.com.br/SP/PINDAMONHANGABA/importacao/2024/94_3u2beqpdoto5d_noticia.jpeg,https://www.pindamonhangaba.sp.leg.br/imprensa/0/0/0/0/1336#pesquisa
2023-01-01 00:00:00,"POR 10 VOTOS FAVORÁVEIS, CÂMARA DE PINDAMONHANGABA APROVA PROJETO QUE ESTABELECE PRAZO DE VALIDADE INDETERMINADO PARA O LAUDO DE TEA NO MUNICÍPIO",https://www.cloudsoftcam.com.br/SP/PINDAMONHANGABA/importacao/2024/91_60qc1j00h3kma_noticia.jpeg,https://www.pindamonhangaba.sp.leg.br/imprensa/0/0/0/0/1337#pesquisa
2023-01-01 00:00:00,PARLAMENTARES APROVAM PROJETO DE LEI QUE DETERMINA A INSTALAÇÃO DE CÂMERAS DE MONITORAMENTO NAS ESCOLAS E CRECHES DO MUNICÍPIO,https://www.cloudsoftcam.com.br/SP/PINDAMONHANGABA/importacao/2024/88_6p11keurqj9hj_noticia.jpeg,https://www.pindamonhangaba.sp.leg.br/imprensa/0/0/0/0/1338#pesquisa
2023-01-01 00:00:00,VEREADORES APROVAM AMPLIAÇÃO DE VAGAS DE EDUCADOR SOCIAL NOS QUADROS DA PREFEITURA DE PINDAMONHANGABA,https://www.cloudsoftcam.com.br/SP/PINDAMONHANGABA/importacao/2024/125_69s4iu9oc6di6_noticia.jpeg,https://www.pindamonhangaba.sp.leg.br/imprensa/0/0/0/0/1339#pesquisa
2023-01-01 00:00:00,"PRESIDENTE DA CÂMARA, NORBERTO MORAES REALIZA REUNIÃO COM REPRESENTANTES DA EDP SÃO PAULO E PEDE PRAZO PARA MELHORIAS",https://www.cloudsoftcam.com.br/SP/PINDAMONHANGABA/importacao/2024/122_33srjriiadfdp_noticia.jpeg,https://www.pindamonhangaba.sp.leg.br/imprensa/0/0/0/0/1340#pesquisa
2023-01-01 00:00:00,"VEREADOR NORBERTO MORAES, PRESIDENTE DO LEGISLATIVO, PEDE APOIO DA 11ª COMPANHIA DE ENGENHARIA DE COMBATE MECANIZADA PARA MANUTENÇÃO DAS ESTRADAS RURAIS",https://www.cloudsoftcam.com.br/SP/PINDAMONHANGABA/importacao/2024/119_23hhiaho74ehn_noticia.jpeg,https://www.pindamonhangaba.sp.leg.br/imprensa/0/0/0/0/1341#pesquisa
2023-01-01 00:00:00,"COM APROVAÇÃO UNÂNIME, VEREADORES APOIAM PROJETO QUE INCENTIVA A PRÁTICA DE COMPOSTAGEM EM DOMICÍLIOS, ESCOLAS E INSTITUIÇÕES DE PINDAMONHANGABA",https://www.cloudsoftcam.com.br/SP/PINDAMONHANGABA/importacao/2024/116_710a8982cfi5n_noticia.jpeg,https://www.pindamonhangaba.sp.leg.br/imprensa/0/0/0/0/1342#pesquisa
2023-01-01 00:00:00,"COM HISTÓRIAS INSPIRADORAS E DE SUPERAÇÃO, SESSÃO SOLENE COMEMORA DIA INTERNACIONAL DA MULHER NA CÂMARA DE PINDAMONHANGABA",https://www.cloudsoftcam.com.br/SP/PINDAMONHANGABA/importacao/2024/113_nu1r3ktp65dj_noticia.jpeg,https://www.pindamonhangaba.sp.leg.br/imprensa/0/0/0/0/1343#pesquisa
2023-01-01 00:00:00,"CÂMARA DE PINDAMONHANGABA APOIA E CONFIRMA APROVAÇÃO DE PROJETO QUE TRATA DA ISENÇÃO DE IMPOSTOS AOS MORADORES DO ""BEM VIVER”",https://www.cloudsoftcam.com.br/SP/PINDAMONHANGABA/importacao/2024/110_6phh9oe9ln6re_noticia.jpeg,https://www.pindamonhangaba.sp.leg.br/imprensa/0/0/0/0/1344#pesquisa
2023-01-01 00:00:00,"COM PARTICIPAÇÃO DO PRESIDENTE NORBERTO MORAES, EDP BANDEIRANTE MANTÉM REUNIÃO NA CÂMARA DE PINDAMONHANGABA E APRESENTA DADOS DE SERVIÇOS EXECUTADOS E PROVISÕES PARA 2023",https://www.cloudsoftcam.com.br/SP/PINDAMONHANGABA/importacao/2024/107_5r7fsgpfmd2ci_noticia.jpeg,https://www.pindamonhangaba.sp.leg.br/imprensa/0/0/0/0/1345#pesquisa
2023-01-01 00:00:00,PROPOSTA DE EMENDA À LEI ORGÂNICA QUE ALTERA PERCENTUAL DE EMENDAS IMPOSITIVAS É APROVADO POR UNANIMIDADE PELOS VEREADORES EM PRIMEIRA DISCUSSÃO,https://www.cloudsoftcam.com.br/SP/PINDAMONHANGABA/importacao/2024/104_6g2eg5fc82ii5_noticia.jpeg,https://www.pindamonhangaba.sp.leg.br/imprensa/0/0/0/0/1346#pesquisa
2023-01-01 00:00:00,"SHOPPING, CASAS NOTURNAS E HIPERMERCADOS DEVERÃO TER “BRIGADAS DE BOMBEIROS CIVIS”, DETERMINA PROJETO DE LEI CONFIRMADO PELA CÂMARA DE PINDAMONHANGABA",https://www.cloudsoftcam.com.br/SP/PINDAMONHANGABA/importacao/2024/101_609rlsnmoo105_noticia.jpeg,https://www.pindamonhangaba.sp.leg.br/imprensa/0/0/0/0/1347#pesquisa
2023-01-01 00:00:00,CÂMARA DE PINDAMONHANGABA BUSCA APOIO DO EXÉRCITO PARA A REALIZAÇÃO DE MELHORIAS EM ESTRADAS DA ZONA RURAL,https://www.cloudsoftcam.com.br/SP/PINDAMONHANGABA/importacao/2024/98_f5ltfv203ltj_noticia.jpeg,https://www.pindamonhangaba.sp.leg.br/imprensa/0/0/0/0/1348#pesquisa
2023-01-01 00:00:00,"EM SEGUNDO TURNO E POR UNANIMIDADE, CÂMARA DE PINDAMONHANGABA CONFIRMA APROVAÇÃO DA PROPOSTA DE EMENDA À LEI ORGÂNICA QUE ALTERA PERCENTUAL DE EMENDAS IMPOSITIVAS",https://www.cloudsoftcam.com.br/SP/PINDAMONHANGABA/importacao/2024/95_1mpcl03ap0stj_noticia.jpeg,https://www.pindamonhangaba.sp.leg.br/imprensa/0/0/0/0/1349#pesquisa
2023-01-01 00:00:00,VEREADORES RECONHECEM CONQUISTAS E HOMENAGEIAM ATLETAS DO VÔLEI ADAPTADO E BAILARINAS DA COMPANHIA DE DANÇA ‘LAGO DO CISNE’ DE MOREIRA CÉSAR,https://www.cloudsoftcam.com.br/SP/PINDAMONHANGABA/importacao/2024/92_j1hrrbr59b1e_noticia.jpeg,https://www.pindamonhangaba.sp.leg.br/imprensa/0/0/0/0/1350#pesquisa
2023-01-01 00:00:00,"ECONOMIA DE DINHEIRO PÚBLICO, TRANSPARÊNCIA E AGILIDADE. COM ESSE OBJETIVO, CÂMARA DE PINDAMONHANGABA IMPLANTA E REALIZA 1º PREGÃO ELETRÔNICO DE 2023",https://www.cloudsoftcam.com.br/SP/PINDAMONHANGABA/importacao/2024/89_5vf3suf4l8cko_noticia.jpeg,https://www.pindamonhangaba.sp.leg.br/imprensa/0/0/0/0/1351#pesquisa
2023-01-01 00:00:00,"PLENÁRIO APROVA REAJUSTE DE 8% PARA SERVIDORES MUNICIPAIS DA PREFEITURA, CÂMARA E PARA AGENTES POLÍTICOS DE PINDAMONHANGABA",https://www.cloudsoftcam.com.br/SP/PINDAMONHANGABA/importacao/2024/86_5fatrst3594lk_noticia.jpeg,https://www.pindamonhangaba.sp.leg.br/imprensa/0/0/0/0/1352#pesquisa
2023-01-01 00:00:00,"PROJETO DE DECRETO LEGISLATIVO IMPLEMENTA COMEMORAÇÃO ANUAL DO DIA DO POLICIAL MILITAR, CIVIL E GUARDA MUNICIPAL NA CÂMARA DE PINDAMONHANGABA",https://www.cloudsoftcam.com.br/SP/PINDAMONHANGABA/importacao/2024/83_7kt2mkdr2fkc9_noticia.jpeg,https://www.pindamonhangaba.sp.leg.br/imprensa/0/0/0/0/1353#pesquisa
2023-01-01 00:00:00,PRESIDENTE E SERVIDORES DA CÂMARA DE PINDAMONHANGABA PARTICIPAM DE CICLO DE DEBATES DO TCE-SP EM SÃO JOSÉ DOS CAMPOS,https://www.cloudsoftcam.com.br/SP/PINDAMONHANGABA/importacao/2024/80_6kcqce0bat5sb_noticia.jpeg,https://www.pindamonhangaba.sp.leg.br/imprensa/0/0/0/0/1354#pesquisa
2023-01-01 00:00:00,"NA COMEMORAÇÃO DO DIA DO ESCOTEIRO, CÂMARA DE PINDAMONHANGABA PROMOVE SESSÃO SOLENE E ENTREGA HONRARIAS A ESCOTISTAS, LOBINHOS E ESCOTEIROS",https://www.cloudsoftcam.com.br/SP/PINDAMONHANGABA/importacao/2024/77_67jrun924fgd4_noticia.jpeg,https://www.pindamonhangaba.sp.leg.br/imprensa/0/0/0/0/1355#pesquisa
2023-01-01 00:00:00,VOTAÇÃO UNÂNIME NA PRIMEIRA DISCUSSÃO GARANTE APROVAÇÃO PELOS VEREADORES DE PINDAMONHANGABA  DE PELOM QUE ALTERA LEI ORGÂNICA DO MUNICÍPIO,https://www.cloudsoftcam.com.br/SP/PINDAMONHANGABA/importacao/2024/74_7of37l9vvng1l_noticia.jpeg,https://www.pindamonhangaba.sp.leg.br/imprensa/0/0/0/0/1356#pesquisa
2023-01-01 00:00:00,CÂMARA DE PINDAMONHANGABA EVIDENCIA TRABALHO E AÇÕES DOS VICENTINOS DA CIDADE E PARABENIZA SOCIEDADE SÃO VICENTE DE PAULO,https://www.cloudsoftcam.com.br/SP/PINDAMONHANGABA/importacao/2024/71_5kcjn9220ssbk_noticia.jpeg,https://www.pindamonhangaba.sp.leg.br/imprensa/0/0/0/0/1357#pesquisa
2023-01-01 00:00:00,PROJETO DE LEI QUE ESTIMULA AÇÕES DE CONSCIENTIZAÇÃO E PROMOÇÃO DA SAÚDE MENTAL MATERNA É APROVADO PELA CÂMARA DE PINDAMONHANGABA,https://www.cloudsoftcam.com.br/SP/PINDAMONHANGABA/importacao/2024/68_6oos5c46i822e_noticia.jpeg,https://www.pindamonhangaba.sp.leg.br/imprensa/0/0/0/0/1358#pesquisa
2023-01-01 00:00:00,"PELA PRIMEIRA VEZ, CÂMARA DE PINDAMONHANGABA MANIFESTA APOIO À CLASSE METALÚRGICA E REALIZA SESSÃO SOLENE PARA COMEMORAR O DIA DA CATEGORIA",https://www.cloudsoftcam.com.br/SP/PINDAMONHANGABA/importacao/2024/105_bb27887j0qfq_noticia.jpeg,https://www.pindamonhangaba.sp.leg.br/imprensa/0/0/0/0/1359#pesquisa
2023-01-01 00:00:00,"COM AVAL DA CÂMARA DE PINDAMONHANGABA, PREFEITURA ABRE “CRÉDITO ADICIONAL ESPECIAL” DE R$ 288.363,00 PARA ADEQUAÇÕES ÀS EMENDAS IMPOSITIVAS",https://www.cloudsoftcam.com.br/SP/PINDAMONHANGABA/importacao/2024/102_44ldru9bjrcdm_noticia.jpeg,https://www.pindamonhangaba.sp.leg.br/imprensa/0/0/0/0/1360#pesquisa
2023-01-01 00:00:00,DIRETRIZES ORÇAMENTÁRIAS PARA 2024 SERÃO DEBATIDAS EM AUDIÊNCIA PÚBLICA NA CÂMARA DE PINDAMONHANGABA,https://www.cloudsoftcam.com.br/SP/PINDAMONHANGABA/importacao/2024/99_7kkq6dmhiadkj_noticia.jpeg,https://www.pindamonhangaba.sp.leg.br/imprensa/0/0/0/0/1361#pesquisa
2023-01-01 00:00:00,VEREADORES APOIAM APROVAÇÃO DE PROJETO DE LEI QUE CRIA “SELO LILÁS” DE RECONHECIMENTO ÀS EMPRESAS ATUANTES NO COMBATE A VIOLÊNCIA CONTRA A MULHER,https://www.cloudsoftcam.com.br/SP/PINDAMONHANGABA/importacao/2024/96_6g8q1j0kv2298_noticia.jpeg,https://www.pindamonhangaba.sp.leg.br/imprensa/0/0/0/0/1362#pesquisa
2023-01-01 00:00:00,"COM HINOS DE LOUVOR E HOMENAGENS, 100 ANOS DA IGREJA METODISTA É CELEBRADO EM SESSÃO SOLENE NA CÂMARA DE PINDAMONHANGABA",https://www.cloudsoftcam.com.br/SP/PINDAMONHANGABA/importacao/2024/93_qvaenv9r3qbn_noticia.jpeg,https://www.pindamonhangaba.sp.leg.br/imprensa/0/0/0/0/1363#pesquisa
2023-01-01 00:00:00,CÂMARA DE PINDAMONHANGABA ABRE PROCESSO DE SELEÇÃO PÚBLICA DE ESTAGIÁRIOS POR MEIO DE CONVÊNIO COM O CIEE,https://www.cloudsoftcam.com.br/SP/PINDAMONHANGABA/importacao/2024/90_720hjb8s9nsf8_noticia.jpeg,https://www.pindamonhangaba.sp.leg.br/imprensa/0/0/0/0/1364#pesquisa
2023-01-01 00:00:00,PROJETO DE LEI APROVADO PELOS VEREADORES DETERMINA A INSTALAÇÃO DE DETECTORES DE METAIS EM GRANDES CENTROS COMERCIAIS E REPARTIÇÕES PÚBLICAS DE PINDAMONHANGABA,https://www.cloudsoftcam.com.br/SP/PINDAMONHANGABA/importacao/2024/87_7h66nl4jap98l_noticia.jpeg,https://www.pindamonhangaba.sp.leg.br/imprensa/0/0/0/0/1365#pesquisa
2023-01-01 00:00:00,"CÂMARA DE PINDAMONHANGABA PROMOVE SESSÃO SOLENE, ELOGIA FORÇAS DE SEGURANÇA E ENTREGA HONRARIAS À POLICIAIS CIVIS, MILITARES E GCM DA CIDADE",https://www.cloudsoftcam.com.br/SP/PINDAMONHANGABA/importacao/2024/84_58fpg88hv94ha_noticia.jpeg,https://www.pindamonhangaba.sp.leg.br/imprensa/0/0/0/0/1366#pesquisa
2023-01-01 00:00:00,PROJETO SOBRE REGULARIZAÇÃO DE EDIFICAÇÕES TEM APROVAÇÃO UNÂNIME DOS VEREADORES DE PINDAMONHANGABA,https://www.cloudsoftcam.com.br/SP/PINDAMONHANGABA/importacao/2024/81_75utd8ngagkp8_noticia.jpeg,https://www.pindamonhangaba.sp.leg.br/imprensa/0/0/0/0/1367#pesquisa
2023-01-01 00:00:00,"EM NOITE FESTIVA, ASSISTENTES SOCIAIS TEM TRABALHO RECONHECIDO E SÃO AGRACIADOS COM DIPLOMAS EM SESSÃO SOLENE NA CÂMARA DE PINDAMONHANGABA",https://www.cloudsoftcam.com.br/SP/PINDAMONHANGABA/importacao/2024/78_662iui8f2pk1c_noticia.jpeg,https://www.pindamonhangaba.sp.leg.br/imprensa/0/0/0/0/1368#pesquisa
2023-01-01 00:00:00,"VEREADORES APROVAM PROJETO E ROTATÓRIA ENTRE AS RUAS MARTIN CABRAL, DOS ANDRADAS E JOÃO RIBEIRO RECEBE NOVA DENOMINAÇÃO EM PINDAMONHANGABA",https://www.cloudsoftcam.com.br/SP/PINDAMONHANGABA/importacao/2024/75_66g3c7iedokj2_noticia.jpeg,https://www.pindamonhangaba.sp.leg.br/imprensa/0/0/0/0/1369#pesquisa
2023-01-01 00:00:00,INCLUSÃO DE EVENTO DE DEFESA DOS DIREITOS DAS PESSOAS COM NANISMO NO CALENDÁRIO OFICIAL É APROVADA PELOS VEREADORES DE PINDAMONHANGABA,https://www.cloudsoftcam.com.br/SP/PINDAMONHANGABA/importacao/2024/72_7ulnericb0ac2_noticia.jpeg,https://www.pindamonhangaba.sp.leg.br/imprensa/0/0/0/0/1370#pesquisa
2023-01-01 00:00:00,"COM AVAL DOS VEREADORES DE PINDAMONHANGABA, PROJETO QUE ALTERA LEI DO CONSELHO MUNICIPAL DE POLÍTICAS SOBRE DROGAS É APROVADO",https://www.cloudsoftcam.com.br/SP/PINDAMONHANGABA/importacao/2024/69_7l2c86207qcju_noticia.jpeg,https://www.pindamonhangaba.sp.leg.br/imprensa/0/0/0/0/1371#pesquisa
2023-01-01 00:00:00,CÂMARA DE PINDAMONHANGABA PARABENIZA E HOMENAGEIA EVANGÉLICOS EM SESSÃO SOLENE QUE COMEMOROU O ‘DIA DAS ASSEMBLEIAS DE DEUS’,https://www.cloudsoftcam.com.br/SP/PINDAMONHANGABA/importacao/2024/66_vb40ak6rnso6_noticia.jpeg,https://www.pindamonhangaba.sp.leg.br/imprensa/0/0/0/0/1372#pesquisa
2023-01-01 00:00:00,"PLANO DIRETOR DE TURISMO DE PINDAMONHANGABA DEVERÁ SER REVISADO ATÉ ABRIL DE 2025, APONTA PROJETO DE LEI APROVADO NA 22ª SESSÃO ORDINÁRIA",https://www.cloudsoftcam.com.br/SP/PINDAMONHANGABA/importacao/2024/63_6ql8h4765vlem_noticia.jpeg,https://www.pindamonhangaba.sp.leg.br/imprensa/0/0/0/0/1373#pesquisa
2023-01-01 00:00:00,VEREADORES DE PINDAMONHANGABA PRIORIZAM ASSISTÊNCIA SOCIAL E APROVAM INCLUSÃO DA SEMANA DE ATENÇÃO AO IDOSO NO CALENDÁRIO DE EVENTOS DA CIDADE,https://www.cloudsoftcam.com.br/SP/PINDAMONHANGABA/importacao/2024/60_sp985pc5mcv3_noticia.jpeg,https://www.pindamonhangaba.sp.leg.br/imprensa/0/0/0/0/1374#pesquisa
2023-01-01 00:00:00,TRANSPARÊNCIA E SERIEDADE: PODER LEGISLATIVO DE PINDAMONHANGABA INSTITUI A OUVIDORIA E NOMEIA SERVIDOR EFETIVO PARA EXERCER CARGO,https://www.cloudsoftcam.com.br/SP/PINDAMONHANGABA/importacao/2024/57_41l12cbh4es7n_noticia.jpeg,https://www.pindamonhangaba.sp.leg.br/imprensa/0/0/0/0/1375#pesquisa
2023-01-01 00:00:00,"FOCANDO NO DESENVOLVIMENTO DA CIDADE, CÂMARA DE PINDAMONHANGABA APROVA PROJETO DE LEI COM AS DIRETRIZES ORÇAMENTÁRIAS DE 2024",https://www.cloudsoftcam.com.br/SP/PINDAMONHANGABA/importacao/2024/54_7h7qrqkkqjfgi_noticia.jpeg,https://www.pindamonhangaba.sp.leg.br/imprensa/0/0/0/0/1376#pesquisa
2023-01-01 00:00:00,"CÂMARA DE PINDAMONHANGABA REINICIA TRABALHOS, VEREADORES REALIZAM SESSÃO ORDINÁRIA E APROVAM PROJETOS DE LEI DA ORDEM DO DIA",https://www.cloudsoftcam.com.br/SP/PINDAMONHANGABA/importacao/2024/51_m0imgiloo33d_noticia.jpeg,https://www.pindamonhangaba.sp.leg.br/imprensa/0/0/0/0/1377#pesquisa
2023-01-01 00:00:00,"APÓS 6 ANOS E PENSANDO EM RENOVAÇÃO, CÂMARA DE PINDAMONHANGABA CONTRATA 10 NOVOS ESTAGIÁRIOS",https://www.cloudsoftcam.com.br/SP/PINDAMONHANGABA/importacao/2024/48_u46mri0rdtmd_noticia.jpeg,https://www.pindamonhangaba.sp.leg.br/imprensa/0/0/0/0/1378#pesquisa
2023-01-01 00:00:00,UTILIZAÇÃO DOS VEÍCULOS OFICIAIS DA CÂMARA DE PINDAMONHANGABA TEM REGULAMENTAÇÃO APROVADA PELOS VEREADORES DA CIDADE,https://www.cloudsoftcam.com.br/SP/PINDAMONHANGABA/importacao/2024/85_7ao6ekq1nodv9_noticia.jpeg,https://www.pindamonhangaba.sp.leg.br/imprensa/0/0/0/0/1379#pesquisa
2023-01-01 00:00:00,VEREADORES DE PINDAMONHANGABA APROVAM PROJETO DE LEI QUE MUNICIPALIZA TRAVESSA LOCALIZADA NO BAIRRO CRUZ PEQUENA,https://www.cloudsoftcam.com.br/SP/PINDAMONHANGABA/importacao/2024/82_jdidl7v7109c_noticia.jpeg,https://www.pindamonhangaba.sp.leg.br/imprensa/0/0/0/0/1380#pesquisa
2023-01-01 00:00:00,"COM AVAL DA CÂMARA DE PINDAMONHANGABA, PREFEITURA É AUTORIZADA A FAZER DOAÇÃO DE IMÓVEIS PÚBLICOS NO DISTRITO DE MOREIRA CÉSAR E FEITAL",https://www.cloudsoftcam.com.br/SP/PINDAMONHANGABA/importacao/2024/79_363dfmjip6cfa_noticia.jpeg,https://www.pindamonhangaba.sp.leg.br/imprensa/0/0/0/0/1381#pesquisa
2023-01-01 00:00:00,VEREADORES DE PINDAMONHANGABA APROVAM ALTERAÇÃO EM PROJETO DE LEI DO EXECUTIVO QUE TRATA DE PENALIDADES POR DESCARTE IRREGULAR DE LIXO,https://www.cloudsoftcam.com.br/SP/PINDAMONHANGABA/importacao/2024/76_477h6nfkr5asf_noticia.jpeg,https://www.pindamonhangaba.sp.leg.br/imprensa/0/0/0/0/1382#pesquisa
2023-01-01 00:00:00,CÂMARA DE PINDAMONHANGABA DOA E ENTREGA 2 VEÍCULOS PARA SECRETARIA DE SEGURANÇA PÚBLICA DA CIDADE,https://www.cloudsoftcam.com.br/SP/PINDAMONHANGABA/importacao/2024/73_4lqlqj4jo25ne_noticia.jpeg,https://www.pindamonhangaba.sp.leg.br/imprensa/0/0/0/0/1383#pesquisa
2023-01-01 00:00:00,DIPLOMA “DR. JOÃO ROMEIRO” TEM APROVAÇÃO UNÂNIME DOS VEREADORES E SERÁ CONCEDIDO À JORNALISTA E DIRETORA DE JORNAL DE PINDAMONHANGABA,https://www.cloudsoftcam.com.br/SP/PINDAMONHANGABA/importacao/2024/70_neati2lfl7cg_noticia.jpeg,https://www.pindamonhangaba.sp.leg.br/imprensa/0/0/0/0/1384#pesquisa
2023-01-01 00:00:00,"NO DIA DO EDUCADOR FÍSICO, VEREADORES DE PINDAMONHANGABA PROMOVEM ATO SOLENE E EXALTAM  PROFISSIONAIS QUE ALIAM SAÚDE À QUALIDADE DE VIDA",https://www.cloudsoftcam.com.br/SP/PINDAMONHANGABA/importacao/2024/67_6q9flj53qq71v_noticia.jpeg,https://www.pindamonhangaba.sp.leg.br/imprensa/0/0/0/0/1385#pesquisa
2023-01-01 00:00:00,LÍDERES RELIGIOSOS EVANGÉLICOS RECEBEM GRATIDÃO E HOMENAGEM EM SESSÃO SOLENE NA CÂMARA DE PINDAMONHANGABA,https://www.cloudsoftcam.com.br/SP/PINDAMONHANGABA/importacao/2024/64_9p8g9c0sc5l4_noticia.jpeg,https://www.pindamonhangaba.sp.leg.br/imprensa/0/0/0/0/1386#pesquisa
2023-01-01 00:00:00,"PROJETO DE LEI APROVADO PELA CÂMARA DE PINDAMONHANGABA AUTORIZA EXECUTIVO A SUBSIDIAR EM R$ 1,80 A TARIFA DO TRANSPORTE COLETIVO DA CIDADE",https://www.cloudsoftcam.com.br/SP/PINDAMONHANGABA/importacao/2024/61_423hc4bmvb2fo_noticia.jpeg,https://www.pindamonhangaba.sp.leg.br/imprensa/0/0/0/0/1387#pesquisa
2023-01-01 00:00:00,VEREADORES DE PINDAMONHANGABA APROVAM DENOMINAÇÃO DA SALA DE OUVIDORIA DA CÂMARA E GALERIA DE FOTOS DOS EX-PRESIDENTES DA CASA DE LEIS,https://www.cloudsoftcam.com.br/SP/PINDAMONHANGABA/importacao/2024/58_6qlck7cudlfbt_noticia.jpeg,https://www.pindamonhangaba.sp.leg.br/imprensa/0/0/0/0/1388#pesquisa
2023-01-01 00:00:00,"COM MÚSICA E ORAÇÃO, CÂMARA DE VEREADORES DE PINDAMONHANGABA COMEMORA A 21ª SEMANA EVANGÉLICA",https://www.cloudsoftcam.com.br/SP/PINDAMONHANGABA/importacao/2024/55_tt9i0eul9ir7_noticia.jpeg,https://www.pindamonhangaba.sp.leg.br/imprensa/0/0/0/0/1389#pesquisa
2023-01-01 00:00:00,SAÚDE E BEM-ESTAR: PROJETO APROVADO PELA CÂMARA DE PINDAMONHANGABA DETERMINA QUE PAIS DE CRIANÇAS E ADOLESCENTES PODERÃO ESTAR PRESENTES EM CONSULTAS E EXAMES REALIZADOS NA CIDADE,https://www.cloudsoftcam.com.br/SP/PINDAMONHANGABA/importacao/2024/52_5p2rau6ad612c_noticia.jpeg,https://www.pindamonhangaba.sp.leg.br/imprensa/0/0/0/0/1390#pesquisa
2023-01-01 00:00:00,REFORMA NO ESTACIONAMENTO INTERNO DA CÂMARA DE PINDAMONHANGABA É CONCLUÍDA E ABRANGE TROCA E AMPLIAÇÃO DE NOVOS MÓDULOS DE COBERTURA PARA VEÍCULOS,https://www.cloudsoftcam.com.br/SP/PINDAMONHANGABA/importacao/2024/49_go2obmchbppf_noticia.jpeg,https://www.pindamonhangaba.sp.leg.br/imprensa/0/0/0/0/1391#pesquisa
2023-01-01 00:00:00,PROJETO DE LEI DE COMBATE AO PRECONCEITO E DISCRIMINAÇÃO RECEBE APOIO DA CÂMARA E É APROVADO PELOS VEREADORES DE PINDAMONHANGABA,https://www.cloudsoftcam.com.br/SP/PINDAMONHANGABA/importacao/2024/46_6tkk218gqp53m_noticia.jpeg,https://www.pindamonhangaba.sp.leg.br/imprensa/0/0/0/0/1392#pesquisa
2023-01-01 00:00:00,"REFLEXÕES, ALERTAS E AMOR À VIDA MARCARAM A COMEMORAÇÃO DO “OUTUBRO ROSA” EM SESSÃO SOLENE NA CÂMARA DE PINDAMONHANGABA",https://www.cloudsoftcam.com.br/SP/PINDAMONHANGABA/importacao/2024/43_k7qkaltiejv6_noticia.jpeg,https://www.pindamonhangaba.sp.leg.br/imprensa/0/0/0/0/1393#pesquisa
2023-01-01 00:00:00,"COM AVAL DA CÂMARA DE PINDAMONHANGABA, PRÉDIO DA UBS DO PARQUE DAS NAÇÕES RECEBE NOVA DENOMINAÇÃO",https://www.cloudsoftcam.com.br/SP/PINDAMONHANGABA/importacao/2024/40_h28nmusb7tb1_noticia.jpeg,https://www.pindamonhangaba.sp.leg.br/imprensa/0/0/0/0/1394#pesquisa
2023-01-01 00:00:00,"“TODOS PRECISAM DO COMÉRCIO E O COMÉRCIO PRECISA DOS TRABALHADORES”, DIZ ORADOR OFICIAL EM SESSÃO SOLENE QUE COMEMOROU DIA DO COMERCIÁRIO NA CÂMARA DE PINDAMONHANGABA",https://www.cloudsoftcam.com.br/SP/PINDAMONHANGABA/importacao/2024/37_4rsst8ha3l5ja_noticia.jpeg,https://www.pindamonhangaba.sp.leg.br/imprensa/0/0/0/0/1395#pesquisa
2023-01-01 00:00:00,"EM VOTAÇÃO UNÂNIME, PROJETO QUE PREVÊ O PARCELAMENTO DO ITBI RECEBE APROVAÇÃO DOS VEREADORES DE PINDAMONHANGABA",https://www.cloudsoftcam.com.br/SP/PINDAMONHANGABA/importacao/2024/34_i2eegckqdpm_noticia.jpeg,https://www.pindamonhangaba.sp.leg.br/imprensa/0/0/0/0/1396#pesquisa
2023-01-01 00:00:00,"EMOÇÃO, GRATIDÃO E RECONHECIMENTO: EM NOITE FESTIVA, CÂMARA DE PINDAMONHANGABA REALIZA SESSÃO SOLENE E CELEBRA “DIA DO PROFESSOR”",https://www.cloudsoftcam.com.br/SP/PINDAMONHANGABA/importacao/2024/31_6pjpn4l5cmklo_noticia.jpeg,https://www.pindamonhangaba.sp.leg.br/imprensa/0/0/0/0/1397#pesquisa
2023-01-01 00:00:00,"COM APROVAÇÃO UNÂNIME DOS VEREADORES DE PINDAMONHANGABA, NOVO CEMITÉRIO DE MOREIRA CÉSAR RECEBE DENOMINAÇÃO DE “PAULO PIÓ”",https://www.cloudsoftcam.com.br/SP/PINDAMONHANGABA/importacao/2024/28_6d6q2hbn3umm8_noticia.jpeg,https://www.pindamonhangaba.sp.leg.br/imprensa/0/0/0/0/1398#pesquisa
2023-01-01 00:00:00,SOLENIDADE COMEMORATIVA DOS “506 ANOS DA REFORMA PROTESTANTE” É REALIZADA NA CÂMARA DE VEREADORES DE PINDAMONHANGABA,https://www.cloudsoftcam.com.br/SP/PINDAMONHANGABA/importacao/2024/65_rcks5j2abgsa_noticia.jpeg,https://www.pindamonhangaba.sp.leg.br/imprensa/0/0/0/0/1399#pesquisa
2023-01-01 00:00:00,CÂMARA DE PINDAMONHANGABA ACATA VETO DO EXECUTIVO E APROVA PROJETO QUE PREVÊ ATENDIMENTO DE IDOSOS E PCD EM TERMINAIS DE AUTOATENDIMENTO,https://www.cloudsoftcam.com.br/SP/PINDAMONHANGABA/importacao/2024/62_6h721lbvmfi04_noticia.jpeg,https://www.pindamonhangaba.sp.leg.br/imprensa/0/0/0/0/1400#pesquisa
2023-01-01 00:00:00,"COMEMORAÇÃO DO “DIA DO SERVIDOR PÚBLICO”: CÂMARA DE PINDAMONHANGABA REALIZA SESSÃO SOLENE, RECONHECE E PARABENIZA O TRABALHO DO FUNCIONALISMO PÚBLICO DA CIDADE",https://www.cloudsoftcam.com.br/SP/PINDAMONHANGABA/importacao/2024/59_2qcnv7gg6cb8d_noticia.jpeg,https://www.pindamonhangaba.sp.leg.br/imprensa/0/0/0/0/1401#pesquisa
2023-01-01 00:00:00,AUDIÊNCIA PÚBLICA PARA DEBATE E DISCUSSÃO SOBRE A PRESTAÇÃO DE SERVIÇO DA EDP SÃO PAULO DISTRIBUIÇÃO DE ENERGIA S.A.,https://www.cloudsoftcam.com.br/SP/PINDAMONHANGABA/importacao/2024/56_5utanmqvbst2c_noticia.jpeg,https://www.pindamonhangaba.sp.leg.br/imprensa/0/0/0/0/1402#pesquisa
2023-01-01 00:00:00,VETOS DO EXECUTIVO SÃO DERRUBADOS PELOS VEREADORES E PROJETO DE LEI SOBRE RACISMO RECEBE APROVAÇÃO UNÂNIME NA CÂMARA DE PINDAMONHANGABA,https://www.cloudsoftcam.com.br/SP/PINDAMONHANGABA/importacao/2024/53_6k09vo92vofth_noticia.jpeg,https://www.pindamonhangaba.sp.leg.br/imprensa/0/0/0/0/1403#pesquisa
2023-01-01 00:00:00,"AUDIÊNCIA PÚBLICA PARA DISCUSSÃO DO PROJETO DE LEI Nº 208/2023 QUE ""ESTIMA A RECEITA E FIXA A DESPESA DO MUNICÍPIO PARA O EXERCÍCIO DE 2024""",https://www.cloudsoftcam.com.br/SP/PINDAMONHANGABA/importacao/2024/50_6q6uo9hqn5c9m_noticia.jpeg,https://www.pindamonhangaba.sp.leg.br/imprensa/0/0/0/0/1404#pesquisa
2023-01-01 00:00:00,‘SEMANA DE CONSCIENTIZAÇÃO DA ASSISTÊNCIA AOS IDOSOS COM DOENÇAS DEGENERATIVAS’ É INSTITUÍDA NA CIDADE APÓS APROVAÇÃO DA CÂMARA DE PINDAMONHANGABA,https://www.cloudsoftcam.com.br/SP/PINDAMONHANGABA/importacao/2024/47_c719at46hn9k_noticia.jpeg,https://www.pindamonhangaba.sp.leg.br/imprensa/0/0/0/0/1405#pesquisa
2023-01-01 00:00:00,SESSÃO ORDINÁRIA: PROJETOS DE LEI RELACIONADOS NA ORDEM DO DIA TEM VOTAÇÃO ADIADA NA CÂMARA DE PINDAMONHANGABA,https://www.cloudsoftcam.com.br/SP/PINDAMONHANGABA/importacao/2024/44_7uq416f3a9s01_noticia.jpeg,https://www.pindamonhangaba.sp.leg.br/imprensa/0/0/0/0/1406#pesquisa
2023-01-01 00:00:00,PERSONALIDADES DA COMUNIDADE NEGRA SÃO EXALTADAS E RECEBEM HOMENAGENS EM SESSÃO SOLENE NA CÂMARA DE PINDAMONHANGABA,https://www.cloudsoftcam.com.br/SP/PINDAMONHANGABA/importacao/2024/41_715754homgpqq_noticia.jpeg,https://www.pindamonhangaba.sp.leg.br/imprensa/0/0/0/0/1407#pesquisa
2023-01-01 00:00:00,42ª SESSÃO ORDINÁRIA TEM HORÁRIO ALTERADO E SERÁ ANTECIPADA PARA O PERÍODO DA MANHÃ,https://www.cloudsoftcam.com.br/SP/PINDAMONHANGABA/importacao/2024/38_d23hini5mqo1_noticia.jpeg,https://www.pindamonhangaba.sp.leg.br/imprensa/0/0/0/0/1408#pesquisa
2023-01-01 00:00:00,"COM 10 VOTOS FAVORÁVEIS, VEREADORES DE PINDAMONHANGABA REJEITAM VETO DO PODER EXECUTIVO QUE TRATA DO PARCELAMENTO DO ITBI",https://www.cloudsoftcam.com.br/SP/PINDAMONHANGABA/importacao/2024/35_6rqr0h2sp0l0v_noticia.jpeg,https://www.pindamonhangaba.sp.leg.br/imprensa/0/0/0/0/1409#pesquisa
2023-01-01 00:00:00,PROJETO DE LEI QUE ESTABELECE LIMITES PARA O PLANTIO DE ÁRVORES DE GRANDE PORTE JUNTO À REDE ELÉTRICA NO MUNICÍPIO É APROVADO NA CÂMARA DE PINDAMONHANGABA,https://www.cloudsoftcam.com.br/SP/PINDAMONHANGABA/importacao/2024/32_csjlgc1bhmau_noticia.jpeg,https://www.pindamonhangaba.sp.leg.br/imprensa/0/0/0/0/1410#pesquisa
2023-01-01 00:00:00,"AUDIÊNCIA PÚBLICA REFERENTE AO PROJETO DE LEI N° 209/2023, QUE “DISPÕE SOBRE O CÓDIGO DE POSTURAS DO MUNICÍPIO DE PINDAMONHANGABA”",https://www.cloudsoftcam.com.br/SP/PINDAMONHANGABA/importacao/2024/29_2hi490vpuumqo_noticia.jpeg,https://www.pindamonhangaba.sp.leg.br/imprensa/0/0/0/0/1411#pesquisa
2023-01-01 00:00:00,"ORÇAMENTO MUNICIPAL ESTIMADO EM R$ 960.721.000,00 PARA 2024 RECEBE 529 EMENDAS E TEM APROVAÇÃO UNÂNIME NA CÂMARA DE PINDAMONHANGABA",https://www.cloudsoftcam.com.br/SP/PINDAMONHANGABA/importacao/2024/26_5k5stke9o48c1_noticia.jpeg,https://www.pindamonhangaba.sp.leg.br/imprensa/0/0/0/0/1412#pesquisa
2023-01-01 00:00:00,DESTAQUES DO ESPORTE DA CIDADE RECEBEM HOMENAGENS E DIPLOMAS DE HONRA AO MÉRITO EM SESSÃO SOLENE NA CÂMARA DE PINDAMONHANGABA,https://www.cloudsoftcam.com.br/SP/PINDAMONHANGABA/importacao/2024/23_rpt5mdfeitfp_noticia.jpeg,https://www.pindamonhangaba.sp.leg.br/imprensa/0/0/0/0/1413#pesquisa
2023-01-01 00:00:00,SESSÃO SOLENE MARCA AS FESTIVIDADES DO ‘DIA MUNICIPAL DA PESSOA COM DEFICIÊNCIA’ NA CÂMARA DE PINDAMONHANGABA,https://www.cloudsoftcam.com.br/SP/PINDAMONHANGABA/importacao/2024/20_qrrodohjdeds_noticia.jpeg,https://www.pindamonhangaba.sp.leg.br/imprensa/0/0/0/0/1414#pesquisa
2023-01-01 00:00:00,CÂMARA DE PINDAMONHANGABA REALIZA A ÚLTIMA SESSÃO ORDINÁRIA DE 2023 E VEREADORES APROVAM 6 PROJETOS DE LEI DA ORDEM DO DIA E OUTRAS 6 INCLUSÕES,https://www.cloudsoftcam.com.br/SP/PINDAMONHANGABA/importacao/2024/17_74nblb95fk3qn_noticia.jpeg,https://www.pindamonhangaba.sp.leg.br/imprensa/0/0/0/0/1415#pesquisa
2023-01-01 00:00:00,CÂMARA DE PINDAMONHANGABA ABRE CONCURSO PÚBLICO PARA CARGOS DO QUADRO PERMANENTE,https://www.cloudsoftcam.com.br/SP/PINDAMONHANGABA/importacao/2024/14_792se5f3hscml_noticia.jpeg,https://www.pindamonhangaba.sp.leg.br/imprensa/0/0/0/0/1416#pesquisa
2023-01-01 00:00:00,"COM FIM DO RECESSO OFICIAL, EXPEDIENTE ADMINISTRATIVO DA CÂMARA DE VEREADORES DE PINDAMONHANGABA REINICIOU NO DIA 08 DE JANEIRO",https://www.cloudsoftcam.com.br/SP/PINDAMONHANGABA/importacao/2024/11_6hb7suimf43su_noticia.jpeg,https://www.pindamonhangaba.sp.leg.br/imprensa/0/0/0/0/1417#pesquisa
2023-01-01 00:00:00,CÂMARA DE PINDAMONHANGABA INFORMA REABERTURA DE PRAZO DO CONCURSO PÚBLICO,https://www.cloudsoftcam.com.br/SP/PINDAMONHANGABA/importacao/2024/8_70eh507uv2dq4_noticia.jpeg,https://www.pindamonhangaba.sp.leg.br/imprensa/0/0/0/0/1418#pesquisa
