data,titulo,ementa,autoria,link
2025-06-30 10:30:06,PROJETO DE RESOLUÇÃO N.º 022/2025,"Fica alterada a redação do inciso I  do Artigo 320 do Regimento Interno.
 ",Renato Cebola; Marco Mayor; Rogério Ramos; Felipe César Filho - FC; Professor Everton; Gari Abençoado; Professor Felipe Guimarães; Carlos Moura - Magrão; Gilson Nagrin; Norberto Moraes; Ana Paula Goffi,https://www.pindamonhangaba.sp.leg.br/proposicoes/0/0/0/0/136754#pesquisa
2025-06-16 16:48:37,PROJETO DE RESOLUÇÃO N.º 021/2025,"Institui, no âmbito da Câmara Municipal de Pindamonhangaba, o Selo ‘Amigo da Pessoa Idosa’ e dá outras providências",Ana Paula Goffi,https://www.pindamonhangaba.sp.leg.br/proposicoes/0/0/0/0/136542#pesquisa
2025-06-16 16:47:41,PROJETO DE RESOLUÇÃO N.º 020/2025,"Institui, no âmbito da Câmara Municipal de Pindamonhangaba, a homenagem anual às entidades sociais de destaque no município e dá outras providências",Ana Paula Goffi,https://www.pindamonhangaba.sp.leg.br/proposicoes/0/0/0/0/136535#pesquisa
2025-06-09 16:56:51,PROJETO DE RESOLUÇÃO N.º 019/2025,"Dispõe sobre a criação do ""Parlamento Jovem de Pindamonhangaba"" no âmbito da Câmara Municipal de Pindamonhangaba e dá outras providências.

 ",Ana Paula Goffi,https://www.pindamonhangaba.sp.leg.br/proposicoes/0/0/0/0/136239#pesquisa
2025-06-09 16:56:31,PROJETO DE RESOLUÇÃO N.º 018/2025,"Institui, no âmbito da Câmara Municipal de Pindamonhangaba, o Selo “Amigo da Pessoa Idosa” e dá outras providências",Ana Paula Goffi,https://www.pindamonhangaba.sp.leg.br/proposicoes/0/0/0/0/136260#pesquisa
2025-05-26 09:20:54,PROJETO DE RESOLUÇÃO N.º 017/2025,"DISPÕE SOBRE A CRIAÇÃO DO PROJETO “CÂMARA MIRIM” NO ÂMBITO DA CÂMARA DE VEREADORES DE PINDAMONHANGABA, E DÁ OUTRAS PROVIDÊNCIAS.",Marco Mayor,https://www.pindamonhangaba.sp.leg.br/proposicoes/0/0/0/0/135694#pesquisa
2025-05-19 14:31:06,PROJETO DE RESOLUÇÃO N.º 016/2025,Acrescenta a Comenda Emílio Ribas ao Título XIII – Das Homenagens do Regimento Interno da Câmara Municipal de Pindamonhangaba.,Renato Cebola,https://www.pindamonhangaba.sp.leg.br/proposicoes/0/0/0/0/135441#pesquisa
2025-04-17 16:22:11,PROJETO DE RESOLUÇÃO N.º 015/2025,"ALTERA A RESOLUÇÃO Nº 12/2021, QUE ‘CONCEDE CESTA BÁSICA AOS SERVIDORES E ESTAGIÁRIOS DA CÂMARA DE PINDAMONHANGABA’.",Mesa Diretora,https://www.pindamonhangaba.sp.leg.br/proposicoes/0/0/0/0/134419#pesquisa
2025-04-14 15:41:30,PROJETO DE RESOLUÇÃO N.º 014/2025,"Fica alterada a redação do inciso I  do Artigo 321 do Regimento Interno.
 ",Renato Cebola; Marco Mayor; Rogério Ramos; Carlos Moura - Magrão; Gari Abençoado; Professor Felipe Guimarães; Professor Everton; Felipe César Filho - FC; Gilson Nagrin; Norberto Moraes; Ana Paula Goffi,https://www.pindamonhangaba.sp.leg.br/proposicoes/0/0/0/0/134186#pesquisa
2025-03-21 15:44:30,PROJETO DE RESOLUÇÃO N.º 013/2025,CRIA O PROGRAMA “SELO AGRÍCOLA” NO MUNICÍPIO DE PINDAMONHANGABA E DÁ OUTRAS PROVIDÊNCIAS.,Felipe César Filho - FC,https://www.pindamonhangaba.sp.leg.br/proposicoes/0/0/0/0/133276#pesquisa
2025-02-17 16:03:50,PROJETO DE RESOLUÇÃO N.º 012/2025,Dispõe sobre a constituição da Comissão de Assuntos Relevantes em Apoio à Reativação da Estrada de Ferro Campos do Jordão.,Professor Everton,https://www.pindamonhangaba.sp.leg.br/proposicoes/0/0/0/0/131243#pesquisa
2025-02-10 16:12:21,PROJETO DE RESOLUÇÃO N.º 011/2025,"Dispõe sobre a criação, no âmbito da Câmara de Vereadores de Pindamonhangaba, do ""Programa Câmara Jovem"" e dá outras providências",Renato Cebola; Rogério Ramos; Carlos Moura - Magrão; Professor Felipe Guimarães,https://www.pindamonhangaba.sp.leg.br/proposicoes/0/0/0/0/131187#pesquisa
2025-02-10 15:43:30,PROJETO DE RESOLUÇÃO N.º 010/2025,Institui o Banco de Ideias Legislativas na Câmara do Município de Pindamonhangaba.,Renato Cebola,https://www.pindamonhangaba.sp.leg.br/proposicoes/0/0/0/0/131186#pesquisa
2025-02-10 10:35:08,PROJETO DE RESOLUÇÃO N.º 009/2025,"Dispõe sobre a criação do ""Parlamento Jovem de Pindamonhangaba"" no âmbito da Câmara Municipal de Pindamonhangaba e dá outras providências.",Ana Paula Goffi,https://www.pindamonhangaba.sp.leg.br/proposicoes/0/0/0/0/131212#pesquisa
2025-02-07 13:53:52,PROJETO DE RESOLUÇÃO N.º 008/2025,REGULAMENTA O PROGRAMA DE TREINAMENTO AOS SERVIDORES DA CÂMARA DE VEREADORES DE PINDAMONHANGABA E DÁ OUTRAS PROVIDÊNCIAS.,Mesa Diretora,https://www.pindamonhangaba.sp.leg.br/proposicoes/0/0/0/0/131128#pesquisa
2025-02-03 16:45:43,PROJETO DE RESOLUÇÃO N.º 007/2025,Dispõe sobre a Criação da Procuradoria da Mulher no âmbito da Câmara de Vereadores do Município de Pindamonhangaba e dá outras providências.,Ana Paula Goffi,https://www.pindamonhangaba.sp.leg.br/proposicoes/0/0/0/0/130946#pesquisa
2025-02-03 10:37:34,PROJETO DE RESOLUÇÃO N.º 006/2025,Institui o Programa Câmara Itinerante no Município de Pindamonhangaba e dá outras providências,Renato Cebola; Rogério Ramos,https://www.pindamonhangaba.sp.leg.br/proposicoes/0/0/0/0/130784#pesquisa
2025-01-27 08:57:10,PROJETO DE RESOLUÇÃO N.º 005/2025,Dispõe sobre o serviço de Tesouraria no âmbito da Câmara de Vereadores de Pindamonhangaba e dá outras providências.,Mesa Diretora,https://www.pindamonhangaba.sp.leg.br/proposicoes/0/0/0/0/130666#pesquisa
2025-01-27 08:36:43,PROJETO DE RESOLUÇÃO N.º 004/2025,"Altera a Resolução n° 04, de 31 de maio de 2023, que 'Dispõe sobre a estrutura administrativa e de assessoramento parlamentar da Câmara de Municipal de Pindamonhangaba, sobre a criação e extinção de cargos em comissão, e dá outras providências'.",Mesa Diretora,https://www.pindamonhangaba.sp.leg.br/proposicoes/0/0/0/0/130665#pesquisa
2025-01-27 08:16:42,PROJETO DE RESOLUÇÃO N.º 003/2025,"Altera a Resolução n° 04, de 31 de maio de 2023, que 'Dispõe sobre a estrutura administrativa e de assessoramento parlamentar da Câmara de Municipal de Pindamonhangaba, sobre a criação e extinção de cargos em comissão, e dá outras providências'.",Mesa Diretora,https://www.pindamonhangaba.sp.leg.br/proposicoes/0/0/0/0/130664#pesquisa
2025-01-27 08:06:14,PROJETO DE RESOLUÇÃO N.º 002/2025,Fixa o subsídio dos Vereadores para a Legislatura 2029/2032.,Mesa Diretora,https://www.pindamonhangaba.sp.leg.br/proposicoes/0/0/0/0/130662#pesquisa
2025-01-27 08:02:17,PROJETO DE RESOLUÇÃO N.º 001/2025,Altera a redação do § 2° do art. 2° do Regimento Interno da Câmara de Vereadores de Pindamonhangaba.,Mesa Diretora,https://www.pindamonhangaba.sp.leg.br/proposicoes/0/0/0/0/130661#pesquisa
2024-12-05 15:47:30,PROJETO DE RESOLUÇÃO N.º 006/2024,"Regulamenta a concessão de horário especial de trabalho ao servidor com deficiência ou com dependente legal na mesma condição, no âmbito do Poder Legislativo de Pindamonhangaba/SP.",Mesa Diretora,https://www.pindamonhangaba.sp.leg.br/proposicoes/0/0/0/0/129667#pesquisa
2024-09-05 15:22:36,PROJETO DE RESOLUÇÃO N.º 005/2024,Fixa o subsídio dos Vereadores para a Legislatura 2025/2028.,Mesa Diretora,https://www.pindamonhangaba.sp.leg.br/proposicoes/0/0/0/0/126587#pesquisa
2024-04-16 13:36:18,PROJETO DE RESOLUÇÃO N.º 004/2024,"Altera o anexo V e cria o anexo VI na Resolução nº 04 de 31 de maio de 2023, que dispõe sobre a estrutura administrativa e de assessoramento parlamentar da Câmara Municipal de Pindamonhangaba, sobre a criação e extinção de cargos em comissão e dá outras providências.",Mesa Diretora,https://www.pindamonhangaba.sp.leg.br/proposicoes/0/0/0/0/120915#pesquisa
2024-03-05 09:38:10,PROJETO DE RESOLUÇÃO N.º 003/2024,Dispõe sobre o Código de Ética e Decoro Parlamentar da Câmara de Vereadores de Pindamonhangaba.,Mesa Diretora,https://www.pindamonhangaba.sp.leg.br/proposicoes/0/0/0/0/119300#pesquisa
2024-03-04 16:18:14,PROJETO DE RESOLUÇÃO N.º 002/2024,"Dispõe sobre o Regimento Interno da Câmara de Vereadores de Pindamonhangaba, e dá outras providências.",Mesa Diretora,https://www.pindamonhangaba.sp.leg.br/proposicoes/0/0/0/0/119284#pesquisa
2024-01-29 16:06:33,PROJETO DE RESOLUÇÃO N.º 001/2024,Institui o Banco de Ideias Legislativas na Câmara do Município de Pindamonhangaba.,Renato Cebola,https://www.pindamonhangaba.sp.leg.br/proposicoes/0/0/0/0/116559#pesquisa
2023-10-09 00:00:00,PROJETO DE RESOLUÇÃO N.º 009/2023,Denomina a Galeria Lilás da Câmara de Vereadores de Pindamonhangaba.,Regininha,https://www.pindamonhangaba.sp.leg.br/proposicoes/0/0/0/0/109212#pesquisa
2023-10-09 00:00:00,PROJETO DE RESOLUÇÃO N.º 010/2023,Dispõe sobre a concessão de Plano de Saúde aos servidores públicos efetivos e comissionados do Poder Legislativo e dá outras providências.,José Carlos Gomes – Cal; Herivelto Vela; Norberto Moraes; Marco Mayor; Rogério Ramos,https://www.pindamonhangaba.sp.leg.br/proposicoes/0/0/0/0/109213#pesquisa
2023-10-09 00:00:00,PROJETO DE RESOLUÇÃO N.º 011/2023,Altera o Anexo V da Resolução nº 04/2023 e dá outras providências.,José Carlos Gomes – Cal; Herivelto Vela; Norberto Moraes; Marco Mayor; Rogério Ramos,https://www.pindamonhangaba.sp.leg.br/proposicoes/0/0/0/0/109214#pesquisa
2023-09-12 00:00:00,PROJETO DE RESOLUÇÃO N.º 008/2023,Institui e Denomina a Galeria de Fotos dos Presidentes da Câmara de Vereadores de Pindamonhangaba.,José Carlos Gomes – Cal; Norberto Moraes,https://www.pindamonhangaba.sp.leg.br/proposicoes/0/0/0/0/109211#pesquisa
2023-09-05 00:00:00,PROJETO DE RESOLUÇÃO N.º 007/2023,Denomina a Sala da Ouvidoria da Câmara de Vereadores de Pindamonhangaba.,José Carlos Gomes – Cal; Norberto Moraes,https://www.pindamonhangaba.sp.leg.br/proposicoes/0/0/0/0/109210#pesquisa
2023-07-11 00:00:00,PROJETO DE RESOLUÇÃO N.º 006/2023,"Dispõe sobre a regulamentação da utilização dos veículos oficiais da Câmara de Vereadores de Pindamonhangaba, e dá outras providências.",José Carlos Gomes – Cal; Herivelto Vela; Norberto Moraes; Marco Mayor; Rogério Ramos,https://www.pindamonhangaba.sp.leg.br/proposicoes/0/0/0/0/109209#pesquisa
2023-05-30 00:00:00,PROJETO DE RESOLUÇÃO N.º 005/2023,"DISPÕE SOBRE A ESTRUTURA ADMINISTRATIVA E DE ASSESSORAMENTO PARLAMENTAR DA CÂMARA MUNICIPAL DE PINDAMONHANGABA, SOBRE A CRIAÇÃO E EXTINÇÃO DE CARGOS EM COMISSÃO E DÁ OUTRAS PROVIDÊNCIAS.",José Carlos Gomes – Cal; Herivelto Vela; Norberto Moraes; Marco Mayor; Rogério Ramos,https://www.pindamonhangaba.sp.leg.br/proposicoes/0/0/0/0/109208#pesquisa
2023-04-06 00:00:00,PROJETO DE RESOLUÇÃO N.º 004/2023,Fica alterada a redação dos incisos I e VI do Artigo 321-A do Regimento Interno,José Carlos Gomes – Cal; Norberto Moraes; Marco Mayor; Regininha; Rogério Ramos,https://www.pindamonhangaba.sp.leg.br/proposicoes/0/0/0/0/109207#pesquisa
2023-04-04 00:00:00,PROJETO DE RESOLUÇÃO N.º 003/2023,Concede licença a Vereador,José Carlos Gomes – Cal; Norberto Moraes; Marco Mayor; Rogério Ramos,https://www.pindamonhangaba.sp.leg.br/proposicoes/0/0/0/0/109206#pesquisa
2023-03-23 00:00:00,PROJETO DE RESOLUÇÃO N.º 002/2023,Fica alterada a redação dos incisos I e VI do Artigo 321-A do Regimento Interno.,Norberto Moraes,https://www.pindamonhangaba.sp.leg.br/proposicoes/0/0/0/0/109205#pesquisa
2023-01-31 00:00:00,PROJETO DE RESOLUÇÃO N.º 001/2023,Dispõe sobre o reajuste do Vale-refeição aos servidores da Câmara de Pindamonhangaba.,José Carlos Gomes – Cal; Herivelto Vela; Norberto Moraes; Marco Mayor; Rogério Ramos,https://www.pindamonhangaba.sp.leg.br/proposicoes/0/0/0/0/109204#pesquisa
2022-12-02 00:00:00,PROJETO DE RESOLUÇÃO N.º 006/2022,DISPÕE SOBRE A ESTRUTURA ADMINISTRATIVA DA CÂMARA MUNICIPAL DE PINDAMONHANGABA.,Mesa Diretora,https://www.pindamonhangaba.sp.leg.br/proposicoes/0/0/0/0/109203#pesquisa
2022-10-20 00:00:00,PROJETO DE RESOLUÇÃO N.º 005/2022,"REGULAMENTA O PROCESSO LEGISLATIVO ELETRÔNICO NO ÂMBITO DA CÂMARA DE VEREADORES DE PINDAMONHANGABA, E DÁ OUTRAS PROVIDÊNCIAS.",Mesa Diretora,https://www.pindamonhangaba.sp.leg.br/proposicoes/0/0/0/0/109202#pesquisa
2022-09-12 00:00:00,PROJETO DE RESOLUÇÃO N.º 004/2022,"DISPÕE SOBRE A CRIAÇÃO, NO ÂMBITO DA CÂMARA DE VEREADORES DE PINDAMONHANGABA, DO PROGRAMA CÂMARA JOVEM E DÁ OUTRAS PROVIDÊNCIAS.",Renato Cebola,https://www.pindamonhangaba.sp.leg.br/proposicoes/0/0/0/0/109201#pesquisa
2022-08-22 00:00:00,PROJETO DE RESOLUÇÃO N.º 003/2022,"DISPÕE SOBRE A CRIAÇÃO NO ÂMBITO DA CÂMARA DE VEREADORES DE PINDAMONHANGABA, DO PROGRAMA CÂMARA JOVEM E DÁ OUTRAS PROVIDÊNCIAS.",Renato Cebola,https://www.pindamonhangaba.sp.leg.br/proposicoes/0/0/0/0/109200#pesquisa
2022-06-13 00:00:00,PROJETO DE RESOLUÇÃO N.º 002/2022,CRIA A GALERIA LILÁS NA CÂMARA DE VEREADORES DE PINDAMONHANGABA.,José Carlos Gomes – Cal; Regininha,https://www.pindamonhangaba.sp.leg.br/proposicoes/0/0/0/0/109199#pesquisa
2022-03-02 00:00:00,PROJETO DE RESOLUÇÃO N.º 001/2022,DISPÕE SOBRE A FRENTE PARLAMENTAR MUNICIPAL DE APOIO À REATIVAÇÃO DA ESTRADA DE FERRO CAMPOS DO JORDÃO.,José Carlos Gomes – Cal,https://www.pindamonhangaba.sp.leg.br/proposicoes/0/0/0/0/109198#pesquisa
2021-12-20 00:00:00,PROJETO DE RESOLUÇÃO N.º 016/2021,REGULAMENTA O PROCEDIMENTO DE CONCESSÃO DE DIÁRIA AOS SERVIDORES DA CÂMARA MUNICIPAL DE PINDAMONHANGABA E DÁ OUTRAS PROVIDÊNCIAS.,Mesa Diretora,https://www.pindamonhangaba.sp.leg.br/proposicoes/0/0/0/0/109195#pesquisa
2021-12-20 00:00:00,PROJETO DE RESOLUÇÃO N.º 017/2021,CONCEDE CESTA BÁSICA AOS SERVIDORES E ESTAGIÁRIOS DA CÂMARA DE PINDAMONHANGABA.,Mesa Diretora,https://www.pindamonhangaba.sp.leg.br/proposicoes/0/0/0/0/109196#pesquisa
2021-12-20 00:00:00,PROJETO DE RESOLUÇÃO N.º 018/2021,DISPÕE SOBRE A CONCESSÃO DE VALE-REFEIÇÃO AOS SERVIDORES DA CÂMARA DE PINDAMONHANGABA.,Mesa Diretora,https://www.pindamonhangaba.sp.leg.br/proposicoes/0/0/0/0/109197#pesquisa
2021-11-22 00:00:00,PROJETO DE RESOLUÇÃO N.º 015/2021,CRIA O FÓRUM PERMANENTE DAS MULHERES NEGRAS DO MUNICÍPIO DE PINDAMONHANGABA NA FORMA QUE MENCIONA.,Herivelto Vela,https://www.pindamonhangaba.sp.leg.br/proposicoes/0/0/0/0/109194#pesquisa
2021-11-18 00:00:00,PROJETO DE RESOLUÇÃO N.º 014/2021,ACRESCENTA O INCISO IV AO ART. 321 DO REGIMENTO INTERNO DA CÂMARA MUNICIPAL DE PINDAMONHANGABA/SP.,Herivelto Vela,https://www.pindamonhangaba.sp.leg.br/proposicoes/0/0/0/0/109193#pesquisa
2021-11-17 00:00:00,PROJETO DE RESOLUÇÃO N.º 013/2021,CONCEDE LICENÇA A VEREADOR,Mesa Diretora,https://www.pindamonhangaba.sp.leg.br/proposicoes/0/0/0/0/109192#pesquisa
2021-10-25 00:00:00,PROJETO DE RESOLUÇÃO N.º 012/2021,"DISPÕE SOBRE O REGIME DE ADIANTAMENTO NO ÂMBITO DA CÂMARA MUNICIPAL DE PINDAMONHANGABA, E DÁ OUTRAS PROVIDÊNCIAS.",Mesa Diretora,https://www.pindamonhangaba.sp.leg.br/proposicoes/0/0/0/0/109191#pesquisa
2021-10-18 00:00:00,PROJETO DE RESOLUÇÃO N.º 010/2021,PRORROGA OS TRABALHOS DA COMISSÃO DE ASSUNTOS RELEVANTES PARA FISCALIZAR E ACOMPANHAR O JULGAMENTO DA PREFEITURA MUNICIPAL E ACENI PERANTE O TRIBUNAL DE CONTAS.,Norberto Moraes,https://www.pindamonhangaba.sp.leg.br/proposicoes/0/0/0/0/109189#pesquisa
2021-10-18 00:00:00,PROJETO DE RESOLUÇÃO N.º 011/2021,"ALTERA A REDAÇÃO DO ""CAPUT"" DO ARTIGO 273 DO REGIMENTO INTERNO.",José Carlos Gomes – Cal; Herivelto Vela; Norberto Moraes; Julinho Car; Rogério Ramos,https://www.pindamonhangaba.sp.leg.br/proposicoes/0/0/0/0/109190#pesquisa
2021-06-21 00:00:00,PROJETO DE RESOLUÇÃO N.º 009/2021,ALTERA A REDAÇÃO DOS §§ 2° E 5° DO ART. 253 DO REGIMENTO INTERNO.,Mesa Diretora,https://www.pindamonhangaba.sp.leg.br/proposicoes/0/0/0/0/109188#pesquisa
2021-05-07 00:00:00,PROJETO DE RESOLUÇÃO N.º 008/2021,"REGULAMENTA A LEI N° 12.527, DE 18 DE NOVEMBRO DE 2011, QUE DISPÕE SOBRE O ACESSO À INFORMAÇÃO PREVISTO NO ART. 5°, INCISO XXXIII, ART. 37, § 3°, INCISO II E ART. 216, § 2° DA CONSTITUIÇÃO FEDERAL.",Mesa Diretora,https://www.pindamonhangaba.sp.leg.br/proposicoes/0/0/0/0/109187#pesquisa
2021-04-26 00:00:00,PROJETO DE RESOLUÇÃO N.º 006/2021,"CONSTITUI UMA COMISSÃO DE ASSUNTOS RELEVANTES PARA ACOMPANHAR OS ESTUDOS, A TRAMITAÇÃO E A VOTAÇÃO DO PROJETO DE EMPRÉSTIMO PARA MELHORIAS DA ILUMINAÇÃO PÚBLICA E A CONTRATAÇÃO DE EMPRESA PARA EXPANSÃO E MODERNIZAÇÃO DO PARQUE DE ILUMINAÇÃO DO MUNICÍPIO.",Carlos Moura - Magrão,https://www.pindamonhangaba.sp.leg.br/proposicoes/0/0/0/0/109185#pesquisa
2021-04-26 00:00:00,PROJETO DE RESOLUÇÃO N.º 007/2021,"CONSTITUI UMA COMISSÃO DE ASSUNTOS RELEVANTES PARA ACOMPANHAR OS ESTUDOS, A TRAMITAÇÃO E A VOTAÇÃO DO PROJETO DE LEI COMPLEMENTAR Nº 02/2020, QUE DISPÕE SOBRE A REVISÃO DO PLANO DIRETOR PARTICIPATIVO DE PINDAMONHANGABA.",Carlos Moura - Magrão,https://www.pindamonhangaba.sp.leg.br/proposicoes/0/0/0/0/109186#pesquisa
2021-04-22 00:00:00,PROJETO DE RESOLUÇÃO N.º 005/2021,DISPÕE SOBRE A CRIAÇÃO DA FRENTE PARLAMENTAR MUNICIPAL DE INVESTIGAÇÃO SOBRE AS ÁREAS DOADAS NO MUNICÍPIO PASSÍVEIS DE RETROCESSÃO.,Carlos Moura - Magrão,https://www.pindamonhangaba.sp.leg.br/proposicoes/0/0/0/0/109184#pesquisa
2021-03-29 00:00:00,PROJETO DE RESOLUÇÃO N.º 004/2021,CONSTITUI UMA COMISSÃO DE ASSUNTOS RELEVANTES PARA FISCALIZAR E ACOMPANHAR O JULGAMENTO DA PREFEITURA MUNICIPAL E ACENI PERANTE O TRIBUNAL DE CONTAS.,Norberto Moraes,https://www.pindamonhangaba.sp.leg.br/proposicoes/0/0/0/0/109183#pesquisa
2021-03-11 00:00:00,PROJETO DE RESOLUÇÃO N.º 003/2021,"ALTERA A RESOLUÇÃO N° 05/2014, QUE DISPÕE SOBRE O SISTEMA DE CONTROLE INTERNO DO PODER LEGISLATIVO E DEFINE AS COMPETÊNCIAS, ATIVIDADES, RESPONSABILIDADES E DEMAIS REGULAMENTAÇÕES DOS PROCEDIMENTOS NECESSÁRIOS.",Mesa Diretora,https://www.pindamonhangaba.sp.leg.br/proposicoes/0/0/0/0/109182#pesquisa
2021-02-22 00:00:00,PROJETO DE RESOLUÇÃO N.º 002/2021,CONSTITUI UMA COMISSÃO DE ASSUNTOS RELEVANTES PARA ACOMPANHAR E FISCALIZAR O CERTAME LICITATÓRIO DE TRANSPORTE PÚBLICO MUNICIPAL.,Renato Cebola,https://www.pindamonhangaba.sp.leg.br/proposicoes/0/0/0/0/109181#pesquisa
2021-01-14 00:00:00,PROJETO DE RESOLUÇÃO N.º 001/2021,INSTITUI O PROGRAMA CÂMARA ITINERANTE NO MUNICÍPIO DE PINDAMONHANGABA E DÁ OUTRAS PROVIDÊNCIAS.,Renato Cebola,https://www.pindamonhangaba.sp.leg.br/proposicoes/0/0/0/0/109180#pesquisa
2020-12-10 00:00:00,PROJETO DE RESOLUÇÃO N.º 004/2020,INSTITUI A GALERIA DOS VEREADORES DA CÂMARA MUNICIPAL DE PINDAMONHANGABA E DÁ OUTRAS PROVIDÊNCIAS.,Jorge Pereira Alves,https://www.pindamonhangaba.sp.leg.br/proposicoes/0/0/0/0/109179#pesquisa
2020-10-13 00:00:00,PROJETO DE RESOLUÇÃO N.º 003/2020,DÁ NOVA REDAÇÃO AO ART. 74 E AO ART. 79-D AO REGIMENTO INTERNO.,Rafael Goffi Moreira,https://www.pindamonhangaba.sp.leg.br/proposicoes/0/0/0/0/109178#pesquisa
2020-09-29 00:00:00,PROJETO DE RESOLUÇÃO N.º 002/2020,"CRIA A MEDALHA DA PAZ ""PAPA JOÃO PAULO II"".",Carlos Moura - Magrão; Osvaldo Macedo Negrão; Roderley Miotto Rodrigues; Renato Cebola,https://www.pindamonhangaba.sp.leg.br/proposicoes/0/0/0/0/109177#pesquisa
2020-02-17 00:00:00,PROJETO DE RESOLUÇÃO N.º 001/2020,CONSTITUI UMA COMISSÃO DE ASSUNTOS RELEVANTES PARA ACOMPANHAR E DELIBERAR SOBRE A TRAMITAÇÃO DO PROJETO DE REVISÃO DO PLANO DIRETOR DE PINDAMONHANGABA.,Renato Cebola,https://www.pindamonhangaba.sp.leg.br/proposicoes/0/0/0/0/109176#pesquisa
2019-11-04 00:00:00,PROJETO DE RESOLUÇÃO N.º 012/2019,CONCEDE LICENÇA A VEREADOR.,Mesa Diretora,https://www.pindamonhangaba.sp.leg.br/proposicoes/0/0/0/0/109175#pesquisa
2019-09-16 00:00:00,PROJETO DE RESOLUÇÃO N.º 011/2019,"CRIA, NO ÂMBITO DA CÂMARA DE VEREADORES DE PINDAMONHANGABA, O DIPLOMA ALUNO NOTA DEZ, PARA ESTUDANTES DO ENSINO FUNDAMENTAL E MÉDIO, DAS REDES DE ENSINO MUNICIPAL E ESTADUAL DO MUNICÍPIO DE PINDAMONHANGABA, E DÁ OUTRAS PROVIDÊNCIAS.",Rafael Goffi Moreira,https://www.pindamonhangaba.sp.leg.br/proposicoes/0/0/0/0/109174#pesquisa
2019-08-26 00:00:00,PROJETO DE RESOLUÇÃO N.º 009/2019,CONCEDE LICENÇA A VEREADOR,Mesa Diretora,https://www.pindamonhangaba.sp.leg.br/proposicoes/0/0/0/0/109172#pesquisa
2019-08-26 00:00:00,PROJETO DE RESOLUÇÃO N.º 010/2019,"REVOGA A RESOLUÇÃO N° 14, DE 22 DE JUNHO DE 1998.",Rafael Goffi Moreira,https://www.pindamonhangaba.sp.leg.br/proposicoes/0/0/0/0/109173#pesquisa
2019-07-16 00:00:00,PROJETO DE RESOLUÇÃO N.º 005/2019,DÁ NOVA REDAÇÃO AO ARTIGO 256 DO REGIMENTO INTERNO DA CÂMARA DE VEREADORES DE PINDAMONHANGABA E DÁ OUTRAS PROVIDÊNCIAS.,Ronaldo Pinto De Andrade,https://www.pindamonhangaba.sp.leg.br/proposicoes/0/0/0/0/109168#pesquisa
2019-07-16 00:00:00,PROJETO DE RESOLUÇÃO N.º 006/2019,DÁ NOVA REDAÇÃO AO ARTIGO 273 DO REGIMENTO INTERNO DA CÂMARA DE VEREADORES DE PINDAMONHANGABA E DÁ OUTRAS PROVIDÊNCIAS.,Ronaldo Pinto De Andrade,https://www.pindamonhangaba.sp.leg.br/proposicoes/0/0/0/0/109169#pesquisa
2019-07-16 00:00:00,PROJETO DE RESOLUÇÃO N.º 007/2019,"ALTERA O INCISO I, DO ARTIGO 153, DO REGIMENTO INTERNO DA CÂMARA MUNICIPAL DE PINDAMONHANGABA, E DÁ OUTRAS PROVIDÊNCIAS.",Ronaldo Pinto De Andrade,https://www.pindamonhangaba.sp.leg.br/proposicoes/0/0/0/0/109170#pesquisa
2019-07-16 00:00:00,PROJETO DE RESOLUÇÃO N.º 008/2019,"ALTERA O INCISO I, DO ARTIGO 269, DO REGIMENTO INTERNO DA CÂMARA MUNICIPAL DE PINDAMONHANGABA E DÁ OUTRAS PROVIDÊNCIAS.",Ronaldo Pinto De Andrade,https://www.pindamonhangaba.sp.leg.br/proposicoes/0/0/0/0/109171#pesquisa
2019-06-03 00:00:00,PROJETO DE RESOLUÇÃO N.º 004/2019,DÁ NOVA REDAÇÃO AO ARTIGO 273 DO REGIMENTO INTERNO DA CÂMARA DE VEREADORES DE PINDAMONHANGABA E DÁ OUTRAS PROVIDÊNCIAS.,Carlos Moura - Magrão,https://www.pindamonhangaba.sp.leg.br/proposicoes/0/0/0/0/109167#pesquisa
2019-05-27 00:00:00,PROJETO DE RESOLUÇÃO N.º 002/2019,"ALTERA O INCISO XI, DO ARTIGO 269 E REVOGA O SEU PARAGRAFO ÚNICO, DO REGIMENTO INTERNO DA CÂMARA MUNICIPAL DE PINDAMONHANGABA, E DÁ OUTRAS PROVIDÊNCIAS.",Ronaldo Pinto De Andrade,https://www.pindamonhangaba.sp.leg.br/proposicoes/0/0/0/0/109165#pesquisa
2019-05-27 00:00:00,PROJETO DE RESOLUÇÃO N.º 003/2019,"ALTERA A RESOLUÇÃO N° 14, DE 22 DE JUNHO DE 1998, QUE INSTITUI PROMOÇÃO ANUAL EM HOMENAGEM AOS SERVIDORES PÚBLICOS MUNICIPAIS.",Ronaldo Pinto De Andrade,https://www.pindamonhangaba.sp.leg.br/proposicoes/0/0/0/0/109166#pesquisa
2019-05-13 00:00:00,PROJETO DE RESOLUÇÃO N.º 001/2019,"DISPÕE SOBRE A CRIAÇÃO DA FRENTE PARLAMENTAR MUNICIPAL DE DEFESA DA LIBERDADE RELIGIOSA, COM O OBJETIVO DE DEFENDER E GARANTIR POLÍTICAS PÚBLICAS DE PROTEÇÃO E DEFESA DE LIBERDADE RELIGIOSA, NO ÂMBITO DO MUNICÍPIO DE PINDAMONHANGABA, E DÁ OUTRAS PROVIDÊNCIAS.",Rafael Goffi Moreira; Ronaldo Pinto De Andrade,https://www.pindamonhangaba.sp.leg.br/proposicoes/0/0/0/0/109164#pesquisa
2018-10-31 00:00:00,PROJETO DE RESOLUÇÃO N.º 013/2018,"ACRESCE OS ARTIGOS 177-A, 177-B, 177-C, 177-D, 177-E, 177-F E 177-G AO REGIMENTO INTERNO, DISPONDO SOBRE O PROCESSO ADMINISTRATIVO ELETRÔNICO.",Rafael Goffi Moreira,https://www.pindamonhangaba.sp.leg.br/proposicoes/0/0/0/0/109162#pesquisa
2018-10-31 00:00:00,PROJETO DE RESOLUÇÃO N.º 014/2018,DISPÕE SOBRE O REAJUSTE DA CESTA BÁSICA AOS SERVIDORES E ESTAGIÁRIOS DA CÂMARA DE VEREADORES DE PINDAMONHANGABA.,Mesa Diretora,https://www.pindamonhangaba.sp.leg.br/proposicoes/0/0/0/0/109163#pesquisa
2018-10-29 00:00:00,PROJETO DE RESOLUÇÃO N.º 012/2018,"ACRESCE O ARTIGO 141-A AO REGIMENTO INTERNO DISPONDO SOBRE A OBRIGATORIEDADE DA PRESENÇA DE INTÉRPRETE DA LÍNGUA BRASILEIRA DE SINAIS, EM TODOS OS EVENTOS PÚBLICOS OFICIAIS DA CÂMARA DE VEREADORES DE PINDAMONHANGABA.",Rafael Goffi Moreira,https://www.pindamonhangaba.sp.leg.br/proposicoes/0/0/0/0/109161#pesquisa
2018-08-21 00:00:00,PROJETO DE RESOLUÇÃO N.º 011/2018,INSTITUI A ESCOLA DO PARLAMENTO NO ÂMBITO DA CÂMARA DE VEREADORES DE PINDAMONHANGABA.,Rafael Goffi Moreira,https://www.pindamonhangaba.sp.leg.br/proposicoes/0/0/0/0/109160#pesquisa
2018-06-15 00:00:00,PROJETO DE RESOLUÇÃO N.º 010/2018,"ALTERA A RESOLUÇÃO N° 05/2014, QUE DISPÕE SOBRE O SISTEMA DE CONTROLE INTERNO DO PODER LEGISLATIVO.",Mesa Diretora,https://www.pindamonhangaba.sp.leg.br/proposicoes/0/0/0/0/109159#pesquisa
2018-06-11 00:00:00,PROJETO DE RESOLUÇÃO N.º 009/2018,REGULAMENTA A REALIZAÇÃO DE ESTÁGIO NA CÂMARA DE VEREADORES DE PINDAMONHANGABA.,Mesa Diretora,https://www.pindamonhangaba.sp.leg.br/proposicoes/0/0/0/0/109158#pesquisa
2018-03-19 00:00:00,PROJETO DE RESOLUÇÃO N.º 007/2018,DISPÕE SOBRE O PROJETO EDUCACIONAL ESCOLA VAI À CÂMARA.,Rafael Goffi Moreira; Ronaldo Pinto De Andrade,https://www.pindamonhangaba.sp.leg.br/proposicoes/0/0/0/0/109156#pesquisa
2018-03-19 00:00:00,PROJETO DE RESOLUÇÃO N.º 008/2018,INSTITUI O PROGRAMA CÂMARA POPULAR NA CÂMARA DE VEREADORES DE PINDAMONHANGABA E DÁ OUTRAS PROVIDÊNCIAS.,Ronaldo Pinto De Andrade,https://www.pindamonhangaba.sp.leg.br/proposicoes/0/0/0/0/109157#pesquisa
2018-02-27 00:00:00,PROJETO DE RESOLUÇÃO N.º 006/2018,"DISPÕE SOBRE A CRIAÇÃO, NO ÂMBITO DA CÂMARA DE VEREADORES DE PINDAMONHANGABA, DO PROGRAMA CÂMARA JOVEM E DÁ OUTRAS PROVIDÊNCIAS.",Roderley Miotto Rodrigues; Renato Cebola,https://www.pindamonhangaba.sp.leg.br/proposicoes/0/0/0/0/109155#pesquisa
2018-02-15 00:00:00,PROJETO DE RESOLUÇÃO N.º 005/2018,CRIA O CONCURSO DE REDAÇÃO DA CÂMARA DE VEREADORES DE PINDAMONHANGABA DENOMINADO PROFESSORA JÚLIA SAN MARTIN BOAVENTURA.,Rafael Goffi Moreira; Ronaldo Pinto De Andrade,https://www.pindamonhangaba.sp.leg.br/proposicoes/0/0/0/0/109154#pesquisa
2018-02-06 00:00:00,PROJETO DE RESOLUÇÃO N.º 002/2018,DISPÕE SOBRE O PROGRAMA EDUCACIONAL CÂMARA MIRIM.,Rafael Goffi Moreira; Ronaldo Pinto De Andrade,https://www.pindamonhangaba.sp.leg.br/proposicoes/0/0/0/0/109152#pesquisa
2018-02-06 00:00:00,PROJETO DE RESOLUÇÃO N.º 004/2018,DISPÕE SOBRE O PROGRAMA EDUCACIONAL ESCOLA VAI À CÂMARA.,Rafael Goffi Moreira; Ronaldo Pinto De Andrade,https://www.pindamonhangaba.sp.leg.br/proposicoes/0/0/0/0/109153#pesquisa
2018-02-05 00:00:00,PROJETO DE RESOLUÇÃO N.º 001/2018,DÁ NOVA REDAÇÃO AOS ARTS. 74 E 79-D AO REGIMENTO INTERNO.,Rafael Goffi Moreira,https://www.pindamonhangaba.sp.leg.br/proposicoes/0/0/0/0/109151#pesquisa
2017-08-31 00:00:00,PROJETO DE RESOLUÇÃO N.º 015/2017,"ALTERA O CAPUT DO ARTIGO 2º DA RESOLUÇÃO Nº 7 DE 2017 QUE DISPÕE SOBRE A CRIAÇÃO DA FRENTE PARLAMENTAR DE PREVENÇÃO E COMBATE AO CÂNCER, E DÁ OUTRAS PROVIDÊNCIAS.",Roderley Miotto Rodrigues,https://www.pindamonhangaba.sp.leg.br/proposicoes/0/0/0/0/109150#pesquisa
2017-08-21 00:00:00,PROJETO DE RESOLUÇÃO N.º 014/2017,DISPÕE SOBRE A CRIAÇÃO DA FRENTE PARLAMENTAR MUNICIPAL DE INVESTIGAÇÃO SOBRE AS ÁREAS DOADAS NO MUNICÍPIO PASSÍVEIS DE RETROCESSÃO.,Carlos Moura - Magrão,https://www.pindamonhangaba.sp.leg.br/proposicoes/0/0/0/0/109149#pesquisa
2017-06-26 00:00:00,PROJETO DE RESOLUÇÃO N.º 013/2017,"DISPÕE SOBRE A CRIAÇÃO, NO ÂMBITO DA CÂMARA DE VEREADORES DE PINDAMONHANGABA, DO PROGRAMA CAMARA JOVEM E DÁ OUTRAS PROVIDÊNCIAS.",Renato Cebola,https://www.pindamonhangaba.sp.leg.br/proposicoes/0/0/0/0/109148#pesquisa
2017-06-20 00:00:00,PROJETO DE RESOLUÇÃO N.º 010/2017,DÁ NOVA REDAÇÃO AO ART. 74 E INCLUI O ART. 79-D AO REGIMENTO INTERNO.,Rafael Goffi Moreira,https://www.pindamonhangaba.sp.leg.br/proposicoes/0/0/0/0/109145#pesquisa
2017-06-20 00:00:00,PROJETO DE RESOLUÇÃO N.º 011/2017,DÁ NOVA REDAÇÃO AO §2º DO ART. 2º DO ART. 69 DO REGIMENTO INTERNO.,Rafael Goffi Moreira,https://www.pindamonhangaba.sp.leg.br/proposicoes/0/0/0/0/109146#pesquisa
2017-06-20 00:00:00,PROJETO DE RESOLUÇÃO N.º 012/2017,DÁ NOVA REDAÇÃO AO INCISO I DO ART. 321-A DO REGIMENTO INTERNO.,Rafael Goffi Moreira,https://www.pindamonhangaba.sp.leg.br/proposicoes/0/0/0/0/109147#pesquisa
2017-06-14 00:00:00,PROJETO DE RESOLUÇÃO N.º 009/2017,"DISPÕE SOBRE A CRIAÇÃO DA FRENTE PARLAMENTAR EM DEFESA DA VIDA E DA FAMÍLIA E COMBATE ÀS DROGAS NO ÂMBITO DA CÂMARA MUNICIPAL DE PINDAMONHANGABA, E DÁ OUTRAS PROVIDÊNCIAS.",Roderley Miotto Rodrigues,https://www.pindamonhangaba.sp.leg.br/proposicoes/0/0/0/0/109144#pesquisa
2017-06-12 00:00:00,PROJETO DE RESOLUÇÃO N.º 007/2017,DISPÕE SOBRE A CRIAÇÃO DA FRENTE PARLAMENTAR EM DEFESA DO TRÂNSITO SEGURO.,Roderley Miotto Rodrigues,https://www.pindamonhangaba.sp.leg.br/proposicoes/0/0/0/0/109142#pesquisa
2017-06-12 00:00:00,PROJETO DE RESOLUÇÃO N.º 008/2017,"DISPÕE SOBRE A CRIAÇÃO DE FRENTE PARLAMENTAR DE PREVENÇÃO E COMBATE AO CÂNCER, E DÁ OUTRAS PROVIDÊNCIAS.",Roderley Miotto Rodrigues,https://www.pindamonhangaba.sp.leg.br/proposicoes/0/0/0/0/109143#pesquisa
2017-06-02 00:00:00,PROJETO DE RESOLUÇÃO N.º 006/2017,"DISPÕE SOBRE A CRIAÇÃO DA FRENTE PARLAMENTAR MUNICIPAL DE DEFESA DOS DIREITOS DA CRIANÇA E DO ADOLESCENTE, COM O OBJETIVO DE DEFENDER E GARANTIR POLÍTICAS PÚBLICAS DE PROTEÇÃO E DEFESA DOS DIREITOS DAS CRIANÇAS E DOS ADOLESCENTES, NO ÂMBITO DO MUNICÍPIO DE PINDAMONHANGABA, E DÁ OUTRAS PROVIDÊNCIAS.",Rafael Goffi Moreira,https://www.pindamonhangaba.sp.leg.br/proposicoes/0/0/0/0/109141#pesquisa
2017-05-29 00:00:00,PROJETO DE RESOLUÇÃO N.º 005/2017,"ALTERA A RESOLUÇÃO N° 09, DE 25 DE MAIO DE 2009, QUE INSTITUI O VALE-REFEIÇÃO PARA O QUADRO DE PESSOAL PERMANENTE DA CÂMARA DE PINDAMONHANGABA.",Mesa Diretora,https://www.pindamonhangaba.sp.leg.br/proposicoes/0/0/0/0/109140#pesquisa
2017-05-15 00:00:00,PROJETO DE RESOLUÇÃO N.º 004/2017,FIXA LIMITES PARA GASTOS COM TELEFONIA FIXA E TELEFONIA MÓVEL E DÁ OUTRAS PROVIDÊNCIAS.,Mesa Diretora,https://www.pindamonhangaba.sp.leg.br/proposicoes/0/0/0/0/109139#pesquisa
2017-04-18 00:00:00,PROJETO DE RESOLUÇÃO N.º 003/2017,"DISPÕE SOBRE A CRIAÇÃO DA FRENTE PARLAMENTAR MUNICIPAL DE PROTEÇÃO E DEFESA DOS ANIMAIS, COM O OBJETIVO DE DEFENDER E GARANTIR POLÍTICAS PÚBLICAS DE PROTEÇÃO DOS ANIMAIS NO ÂMBITO DO MUNICÍPIO DE PINDAMONHANGABA E DÁ OUTRAS PROVIDÊNCIAS.",Ronaldo Pinto De Andrade,https://www.pindamonhangaba.sp.leg.br/proposicoes/0/0/0/0/109138#pesquisa
2017-03-20 00:00:00,PROJETO DE RESOLUÇÃO N.º 002/2017,"DISPÕE SOBRE A CRIAÇÃO DA FRENTE PARLAMENTAR DE PREVENÇÃO E COMBATE AO CÂNCER, E DÁ OUTRAS PROVIDÊNCIAS.",Roderley Miotto Rodrigues,https://www.pindamonhangaba.sp.leg.br/proposicoes/0/0/0/0/109137#pesquisa
2017-03-13 00:00:00,PROJETO DE RESOLUÇÃO N.º 001/2017,"DISPÕE SOBRE A CRIAÇÃO DA FRENTE PARLAMENTAR MUNICIPAL EM DEFESA DOS DIREITOS HUMANOS DA MULHER, COM O OBJETIVO DE INCENTIVAR, DESENVOLVER E APOIAR DISCUSSÕES E AÇÕES RELACIONADAS ÀS MULHERES, E DÁ OUTRAS PROVIDÊNCIAS.",Gislene Cardoso,https://www.pindamonhangaba.sp.leg.br/proposicoes/0/0/0/0/109136#pesquisa
2016-12-05 00:00:00,PROJETO DE RESOLUÇÃO N.º 002/2016,"REVOGA ATO DA MESA DIRETORA, DECLARA PREJUDICADA A TRAMITAÇÃO DE PROPOSITURA E DÁ OUTRAS PROVIDÊNCIAS.",Mesa Diretora,https://www.pindamonhangaba.sp.leg.br/proposicoes/0/0/0/0/109134#pesquisa
2016-12-05 00:00:00,PROJETO DE RESOLUÇÃO N.º 003/2016,"REVOGA ATO DA MESA DIRETORA, DECLARA PREJUDICADA A TRAMITAÇÃO DE PROPOSITURA E DÁ OUTRAS PROVIDÊNCIAS.",Mesa Diretora,https://www.pindamonhangaba.sp.leg.br/proposicoes/0/0/0/0/109135#pesquisa
2016-02-29 00:00:00,PROJETO DE RESOLUÇÃO N.º 001/2016,REGULAMENTA O USO DO PLENÁRIO,Mesa Diretora,https://www.pindamonhangaba.sp.leg.br/proposicoes/0/0/0/0/108984#pesquisa
2015-12-07 00:00:00,PROJETO DE RESOLUÇÃO N.º 003/2015,ALTERA O CAPÍTULO X DO TÍTULO XI DO REGIMENTO INTERNO.,Mesa Diretora,https://www.pindamonhangaba.sp.leg.br/proposicoes/0/0/0/0/108949#pesquisa
2015-11-30 00:00:00,PROJETO DE RESOLUÇÃO N.º 002/2015,CONCEDE LICENÇA PARA VEREADOR.,Mesa Diretora,https://www.pindamonhangaba.sp.leg.br/proposicoes/0/0/0/0/108940#pesquisa
2015-11-25 00:00:00,PROJETO DE RESOLUÇÃO N.º 001/2015,"ALTERA A RESOLUÇÃO N° 15, DE 15 DE AGOSTO DE 2011, QUE REGULAMENTA O SISTEMA DE AVALIAÇÃO DE DESEMPENHO PREVISTO NA LEI ORDINÁRIA N° 5.184, DE 18 DE ABRIL DE 2011.",Mesa Diretora,https://www.pindamonhangaba.sp.leg.br/proposicoes/0/0/0/0/108939#pesquisa
2014-11-17 00:00:00,PROJETO DE RESOLUÇÃO N.º 011/2014,DISPÕE SOBRE O TRAJE DOS VEREADORES NAS SESSÕES DA CÂMARA DE PINDAMONHANGABA.,Mesa Diretora,https://www.pindamonhangaba.sp.leg.br/proposicoes/0/0/0/0/108605#pesquisa
2014-11-03 00:00:00,PROJETO DE RESOLUÇÃO N.º 010/2014,"DISPÕE SOBRE O SISTEMA DE CONTROLE INTERNO DO PODER LEGISLATIVO DE PINDAMONHANGABA E DEFINE AS COMPETÊNCIAS, ATIVIDADES, RESPONSABILIDADES E DEMAIS REGULAMENTAÇÕES DOS PROCEDIMENTOS NECESSÁRIOS.",Mesa Diretora,https://www.pindamonhangaba.sp.leg.br/proposicoes/0/0/0/0/108602#pesquisa
2014-10-29 00:00:00,PROJETO DE RESOLUÇÃO N.º 009/2014,ALTERA O ART. 24 E SEU PARÁGRAFO ÚNICO DO REGIMENTO INTERNO.,Carlos Moura - Magrão,https://www.pindamonhangaba.sp.leg.br/proposicoes/0/0/0/0/108601#pesquisa
2014-10-13 00:00:00,PROJETO DE RESOLUÇÃO N.º 008/2014,ALTERA O INCISO XI E O PARÁGRAFO ÚNICO DO ART. 269 DO REGIMENTO INTERNO.,Osvaldo Macedo Negrão,https://www.pindamonhangaba.sp.leg.br/proposicoes/0/0/0/0/108600#pesquisa
2014-04-07 00:00:00,PROJETO DE RESOLUÇÃO N.º 007/2014,CONSTITUI UMA COMISSÃO DE ASSUNTOS RELEVANTES PARA ACOMPANHAR A SELEÇÃO DAS FAMÍLIAS INSCRITAS PARA O SORTEIO DE MORADIAS POPULARES NO MUNICÍPIO DE PINDAMONHANGABA.,Roderley Miotto Rodrigues,https://www.pindamonhangaba.sp.leg.br/proposicoes/0/0/0/0/108598#pesquisa
2014-03-31 00:00:00,PROJETO DE RESOLUÇÃO N.º 006/2014,"DÁ NOVA REDAÇÃO AO ART. 2° DA RESOLUÇÃO N° 03/2014, QUE CONSTITUI UMA COMISSÃO DE ASSUNTOS RELEVANTES, PARA ACOMPANHAR A PROPOSTA DE REMANEJAMENTO DE ÁGUA DO RIO PARAÍBA DO SUL PARA O SISTEMA CANTAREIRA.",Mesa Diretora,https://www.pindamonhangaba.sp.leg.br/proposicoes/0/0/0/0/108597#pesquisa
2014-03-25 00:00:00,PROJETO DE RESOLUÇÃO N.º 005/2014,CONSTITUI UMA COMISSÃO DE ASSUNTOS RELEVANTES PARA ACOMPANHAR A PROPOSTA DE REMANEJAMENTO DE ÁGUA DO RIO PARAÍBA DO SUL PARA O SISTEMA CANTAREIRA.,Mesa Diretora,https://www.pindamonhangaba.sp.leg.br/proposicoes/0/0/0/0/108596#pesquisa
2014-03-17 00:00:00,PROJETO DE RESOLUÇÃO N.º 003/2014,"ALTERA O TÍTULO XIII DO REGIMENTO INTERNO, E DÁ OUTRAS PROVIDÊNCIAS.",Mesa Diretora,https://www.pindamonhangaba.sp.leg.br/proposicoes/0/0/0/0/108594#pesquisa
2014-03-17 00:00:00,PROJETO DE RESOLUÇÃO N.º 004/2014,REGULAMENTA A REALIZAÇÃO DE HOMENAGENS E SESSÕES SOLENES NA CÂMARA DE PINDAMONHANGABA.,Mesa Diretora,https://www.pindamonhangaba.sp.leg.br/proposicoes/0/0/0/0/108595#pesquisa
2014-02-10 00:00:00,PROJETO DE RESOLUÇÃO N.º 001/2014,DISPÕE SOBRE AS PROVIDÊNCIAS APONTADAS PELO RELATÓRIO FINAL DA COMISSÃO ESPECIAL DE INQUÉRITO CONSTITUÍDA PELO ATO N° 20/2013.,Mesa Diretora,https://www.pindamonhangaba.sp.leg.br/proposicoes/0/0/0/0/108593#pesquisa
2013-09-30 00:00:00,PROJETO DE RESOLUÇÃO N.º 006/2013,"CRIA A FRENTE PARLAMENTAR EM DEFESA DA VIDA E DA FAMÍLIA, NO ÂMBITO DA CÂMARA MUNICIPAL DE PINDAMONHANGABA, E DÁ OUTRAS PROVIDÊNCIAS.",Roderley Miotto Rodrigues,https://www.pindamonhangaba.sp.leg.br/proposicoes/0/0/0/0/108592#pesquisa
2013-05-13 00:00:00,PROJETO DE RESOLUÇÃO N.º 005/2013,"ALTERA O ART. 3° DA RESOLUÇÃO 09/2009, QUE INSTITUI O VALE-REFEIÇÃO PARA O QUADRO DE PESSOAL PERMANENTE DA CÂMARA DE PINDAMONHANGABA.",Mesa Diretora,https://www.pindamonhangaba.sp.leg.br/proposicoes/0/0/0/0/108591#pesquisa
2013-02-25 00:00:00,PROJETO DE RESOLUÇÃO N.º 003/2013,"ALTERA A RESOLUÇÃO N° 02, DE 19.02.2013, QUE REGULAMENTA A REALIZAÇÃO DE HOMENAGENS E SESSÕES SOLENES NA CÂMARA DE PINDAMONHANGABA.",José Carlos Gomes – Cal,https://www.pindamonhangaba.sp.leg.br/proposicoes/0/0/0/0/108590#pesquisa
2013-02-18 00:00:00,PROJETO DE RESOLUÇÃO N.º 002/2013,REGULAMENTA A REALIZAÇÃO DE HOMENAGENS E SESSÕES SOLENES NA CÂMARA DE PINDAMONHANGABA.,Felipe César,https://www.pindamonhangaba.sp.leg.br/proposicoes/0/0/0/0/108589#pesquisa
2013-01-28 00:00:00,PROJETO DE RESOLUÇÃO N.º 001/2013,ALTERA O ART. 289 DO REGIMENTO INTERNO.,Ricardo Alberto Pereira Piorino,https://www.pindamonhangaba.sp.leg.br/proposicoes/0/0/0/0/108588#pesquisa
2012-08-20 00:00:00,PROJETO DE RESOLUÇÃO N.º 009/2012,DISPÕE SOBRE CONTRATAÇÃO DE EMPRESA PRIVADA DE ASSISTÊNCIA MÉDICA E HOSPITALAR PARA O QUADRO DE PESSOA DA CÂMARA DE VEREADORES DE PINDAMONHANGABA.,Mesa Diretora,https://www.pindamonhangaba.sp.leg.br/proposicoes/0/0/0/0/108587#pesquisa
2012-08-13 00:00:00,PROJETO DE RESOLUÇÃO N.º 008/2012,"ALTERA O ARTIGO 11 E O ANEXO II DA RESOLUÇÃO N° 15/2011, QUE REGULAMENTA O SISTEMA DE AVALIAÇÃO DE DESEMPENHO PREVISTO NA LEI ORDINÁRIA N° 5.184, DE 18 DE ABRIL DE 2011.",Mesa Diretora,https://www.pindamonhangaba.sp.leg.br/proposicoes/0/0/0/0/108586#pesquisa
2012-06-25 00:00:00,PROJETO DE RESOLUÇÃO N.º 007/2012,"ALTERA A REDAÇÃO DO ARTIGO 269 DO REGIMENTO INTERNO DA CÂMARA MUNICIPAL DE PINDAMONHANGABA, E DÁ OUTRAS PROVIDÊNCIAS.",Isael Domingues,https://www.pindamonhangaba.sp.leg.br/proposicoes/0/0/0/0/108585#pesquisa
2012-06-04 00:00:00,PROJETO DE RESOLUÇÃO N.º 006/2012,DÁ NOVA REDAÇÃO AOS ARTS. 74 E 79C DO REGIMENTO INTERNO.,Abdala Salomao Neto,https://www.pindamonhangaba.sp.leg.br/proposicoes/0/0/0/0/108584#pesquisa
2012-05-21 00:00:00,PROJETO DE RESOLUÇÃO N.º 005/2012,CONSTITUI COMISSÃO DE REPRESENTAÇÃO.,Vereadores,https://www.pindamonhangaba.sp.leg.br/proposicoes/0/0/0/0/108583#pesquisa
2012-05-04 00:00:00,PROJETO DE RESOLUÇÃO N.º 002/2012,CONCEDE CESTA BÁSICA AOS SERVIDORES E ESTAGIÁRIOS DA CÂMARA DE PINDAMONHANGABA.,Mesa Diretora,https://www.pindamonhangaba.sp.leg.br/proposicoes/0/0/0/0/108580#pesquisa
2012-05-04 00:00:00,PROJETO DE RESOLUÇÃO N.º 003/2012,"ALTERA O ART. 3° DA RESOLUÇÃO 09/2009, QUE INSTITUI O VALE-REFEIÇÃO PARA O QUADRO DE PESSOAL PERMANENTE DA CÂMARA DE PINDAMONHANGABA.",Mesa Diretora,https://www.pindamonhangaba.sp.leg.br/proposicoes/0/0/0/0/108581#pesquisa
2012-05-04 00:00:00,PROJETO DE RESOLUÇÃO N.º 004/2012,"CRIA A PROCURADORIA ESPECIAL DA MULHER, NO ÂMBITO DA CÂMARA MUNICIPAL DE PINDAMONHANGABA E DÁ OUTRAS PROVIDÊNCIAS.",Abdala Salomao Neto,https://www.pindamonhangaba.sp.leg.br/proposicoes/0/0/0/0/108582#pesquisa
2012-02-27 00:00:00,PROJETO DE RESOLUÇÃO N.º 001/2012,"DÁ NOVA REDAÇÃO AO ART. 289, III, D, DO REGIMENTO INTERNO.",Abdala Salomao Neto,https://www.pindamonhangaba.sp.leg.br/proposicoes/0/0/0/0/108579#pesquisa
2011-12-05 00:00:00,PROJETO DE RESOLUÇÃO N.º 015/2011,ALTERA REDAÇÃO DO ART. 33 DO REGIMENTO INTERNO DA CÂMARA DE VEREADORES DE PINDAMONHANGABA.,Mesa Diretora,https://www.pindamonhangaba.sp.leg.br/proposicoes/0/0/0/0/108578#pesquisa
2011-08-08 00:00:00,PROJETO DE RESOLUÇÃO N.º 014/2011,"REGULAMENTA O SISTEMA DE AVALIAÇÃO DE DESEMPENHO PREVISTO NA LEI ORDINÁRIA N° 5.184, DE 18 DE ABRIL DE 2011.",Mesa Diretora,https://www.pindamonhangaba.sp.leg.br/proposicoes/0/0/0/0/108577#pesquisa
2011-07-04 00:00:00,PROJETO DE RESOLUÇÃO N.º 013/2011,CONCEDE CESTA BÁSICA AOS SERVIDORES E ESTAGIÁRIOS DA CÂMARA DE PINDAMONHANGABA.,Mesa Diretora,https://www.pindamonhangaba.sp.leg.br/proposicoes/0/0/0/0/108576#pesquisa
2011-06-27 00:00:00,PROJETO DE RESOLUÇÃO N.º 012/2011,DENOMINA A TRIBUNA DA CÂMARA DE PINDAMONHANGABA.,Mesa Diretora,https://www.pindamonhangaba.sp.leg.br/proposicoes/0/0/0/0/108575#pesquisa
2011-06-06 00:00:00,PROJETO DE RESOLUÇÃO N.º 011/2011,DISPÕE SOBRE A CONCESSÃO DE ENXOVAL PARA RECÉM-NASCIDO AOS FILHOS DOS SERVIDORES DO QUADRO DE PESSOAL DA CÂMARA DE PINDAMONHANGABA.,Mesa Diretora,https://www.pindamonhangaba.sp.leg.br/proposicoes/0/0/0/0/108574#pesquisa
2011-05-16 00:00:00,PROJETO DE RESOLUÇÃO N.º 010/2011,"ALTERA O ART. 3° DA RESOLUÇÃO 09/2009, QUE INSTITUI O VALE-REFEIÇÃO PARA O QUADRO DE PESSOAL PERMANENTE DA CÂMARA DE PINDAMONHANGABA.",Mesa Diretora,https://www.pindamonhangaba.sp.leg.br/proposicoes/0/0/0/0/108573#pesquisa
2011-04-04 00:00:00,PROJETO DE RESOLUÇÃO N.º 009/2011,DISPÕE SOBRE A ATUALIZAÇÃO DO VALOR DA DIÁRIA PARA DESPESAS COM ALIMENTAÇÃO DOS SERVIDORES DO QUADRO PERMANENTE.,Mesa Diretora,https://www.pindamonhangaba.sp.leg.br/proposicoes/0/0/0/0/108572#pesquisa
2011-03-28 00:00:00,PROJETO DE RESOLUÇÃO N.º 007/2011,ACRESCENTA O ART. 79-B AO REGIMENTO INTERNO DA CÂMARA DE VEREADORES DE PINDAMONHANGABA.,Mesa Diretora,https://www.pindamonhangaba.sp.leg.br/proposicoes/0/0/0/0/108570#pesquisa
2011-03-28 00:00:00,PROJETO DE RESOLUÇÃO N.º 008/2011,DÁ NOVA REDAÇÃO AO ART. 74 E ACRESCENTA O ART. 79-C AO REGIMENTO INTERNO DA CÂMARA DE VEREADORES DE PINDAMONHANGABA.,Mesa Diretora,https://www.pindamonhangaba.sp.leg.br/proposicoes/0/0/0/0/108571#pesquisa
2011-02-07 00:00:00,PROJETO DE RESOLUÇÃO N.º 005/2011,DISPÕE SOBRE A CRIAÇÃO DE UMA VAGA PARA O EMPREGO DE ENCARREGADO DE PATRIMÔNIO.,Mesa Diretora,https://www.pindamonhangaba.sp.leg.br/proposicoes/0/0/0/0/108568#pesquisa
2011-02-07 00:00:00,PROJETO DE RESOLUÇÃO N.º 006/2011,DÁ NOVA REDAÇÃO AO ART. 74 DO REGIMENTO INTERNO DA CÂMARA DE VEREADORES DE PINDAMONHANGABA.,Mesa Diretora,https://www.pindamonhangaba.sp.leg.br/proposicoes/0/0/0/0/108569#pesquisa
2011-01-31 00:00:00,PROJETO DE RESOLUÇÃO N.º 001/2011,DISPÕE SOBRE A CONCESSÃO DE ADIANTAMENTO DE 13° SALÁRIO POR OCASIÃO DO ANIVERSÁRIO DO SERVIDOR.,Mesa Diretora,https://www.pindamonhangaba.sp.leg.br/proposicoes/0/0/0/0/108564#pesquisa
2011-01-31 00:00:00,PROJETO DE RESOLUÇÃO N.º 002/2011,REGULAMENTA O USO DOS VEÍCULOS DA CÂMARA DE VEREADORES.,Mesa Diretora,https://www.pindamonhangaba.sp.leg.br/proposicoes/0/0/0/0/108565#pesquisa
2011-01-31 00:00:00,PROJETO DE RESOLUÇÃO N.º 003/2011,DISPÕE SOBRE A PRORROGAÇÃO DA LICENÇA-MATERNIDADE NO ÂMBITO DO PODER LEGISLATIVO MUNICIPAL.,Mesa Diretora,https://www.pindamonhangaba.sp.leg.br/proposicoes/0/0/0/0/108566#pesquisa
2011-01-31 00:00:00,PROJETO DE RESOLUÇÃO N.º 004/2011,DISPÕE SOBRE O TERMO DE AJUSTAMENTO DE CONDUTA - TAC - COMO PROCEDIMENTO ADMINISTRATIVO ALTERNATIVO EM CASO DE FALTA DISCIPLINAR DE EMPREGADO DA CASA.,Mesa Diretora,https://www.pindamonhangaba.sp.leg.br/proposicoes/0/0/0/0/108567#pesquisa
2010-12-13 00:00:00,PROJETO DE RESOLUÇÃO N.º 009/2010,"ALTERA O ART. 1º DA RESOLUÇÃO Nº 02, DE 26 DE JANEIRO DE 2009, QUE ""CONCEDE CESTA BÁSICA AOS SERVIDORES DA CÂMARA DE PINDAMONHANGABA"".",Mesa Diretora,https://www.pindamonhangaba.sp.leg.br/proposicoes/0/0/0/0/108599#pesquisa
2010-11-05 00:00:00,PROJETO DE RESOLUÇÃO N.º 008/2010,"DÁ NOVA REDAÇÃO AO ""CAPUT"" DO ARTIGO 149, DO REGIMENTO INTERNO.",Antônio Alves Da Silva,https://www.pindamonhangaba.sp.leg.br/proposicoes/0/0/0/0/108563#pesquisa
2010-09-09 00:00:00,PROJETO DE RESOLUÇÃO N.º 007/2010,DISPÕE SOBRE PROGRAMA DE ESTÁGIO NA CÂMARA DE PINDAMONHANGABA.,Mesa Diretora,https://www.pindamonhangaba.sp.leg.br/proposicoes/0/0/0/0/108562#pesquisa
2010-08-16 00:00:00,PROJETO DE RESOLUÇÃO N.º 005/2010,"ALTERA O ART. 1° DA RESOLIUÇÃO N° 02, DE 26 DE JANEIRO DE 2009, QUE ""CONCEDE CESTA BÁSICA AOS SERVIDORES DA CÂMARA DE PINDAMONHANGABA"".",Mesa Diretora,https://www.pindamonhangaba.sp.leg.br/proposicoes/0/0/0/0/108560#pesquisa
2010-08-16 00:00:00,PROJETO DE RESOLUÇÃO N.º 006/2010,"ALTERA O ART. 3° DA RESOLUÇÃO 09/2009, QUE INSTITUI O VALE-REFEIÇÃO PARA O QUADRO DE PESSOAL PERMANENTE DA CÂMARA DE PINDAMONHANGABA.",Mesa Diretora,https://www.pindamonhangaba.sp.leg.br/proposicoes/0/0/0/0/108561#pesquisa
2010-04-12 00:00:00,PROJETO DE RESOLUÇÃO N.º 004/2010,DISPÕE SOBRE A CRIAÇÃO DE COMISSÃO DE ASSUNTO RELEVANTE PARA ESTUDO DAS CONDIÇÕES DA SEGURANÇA PÚBLICA NO MUNICÍPIO.,Martim Cesar,https://www.pindamonhangaba.sp.leg.br/proposicoes/0/0/0/0/108559#pesquisa
2010-02-22 00:00:00,PROJETO DE RESOLUÇÃO N.º 003/2010,"CRIA O CARGO DE 2° VICE-PRESIDENTE DA MESA DIRETORA DA CÂMARA, E DÁ OUTRAS PROVIDÊNCIAS.",Martim Cesar,https://www.pindamonhangaba.sp.leg.br/proposicoes/0/0/0/0/108558#pesquisa
2010-01-25 00:00:00,PROJETO DE RESOLUÇÃO N.º 001/2010,"ALTERA O ART. 1º DA RESOLUÇÃO Nº 02, DE 26 DE JANEIRO DE 2009, QUE  CONCEDE CESTA BÁSICA AOS SERVIDORES DA CÂMARA DE PINDAMONHANGABA.",Mesa Diretora,https://www.pindamonhangaba.sp.leg.br/proposicoes/0/0/0/0/108556#pesquisa
2010-01-25 00:00:00,PROJETO DE RESOLUÇÃO N.º 002/2010,INSTITUI O CÓDIGO DE ÉTICA E DECORO PARLAMENTAR.,Mesa Diretora,https://www.pindamonhangaba.sp.leg.br/proposicoes/0/0/0/0/108557#pesquisa
2009-11-05 00:00:00,PROJETO DE RESOLUÇÃO N.º 020/2009,DISPÕE SOBRE A ENTREGA DE DOIS VEÍCULOS USADOS PELO PODER LEGISLATIVO  PARA O PODER EXECUTIVO.,Martim Cesar,https://www.pindamonhangaba.sp.leg.br/proposicoes/0/0/0/0/108555#pesquisa
2009-10-15 00:00:00,PROJETO DE RESOLUÇÃO N.º 018/2009,FIXA LIMITES PARA GASTOS COM TELEFONIA FIXA NOS GABINETES DE VEREADORES.,Martim Cesar,https://www.pindamonhangaba.sp.leg.br/proposicoes/0/0/0/0/108553#pesquisa
2009-10-15 00:00:00,PROJETO DE RESOLUÇÃO N.º 019/2009,"DISCIPLINA O PROCEDIMENTO PARA CONTRATAÇÃO DE CHEFE DE GABINETE, CHEFE DE GABINETE DE VEREADOR, CHEFE DE GABINETE DA MESA E ASSESSOR PARLAMENTAR",Martim Cesar,https://www.pindamonhangaba.sp.leg.br/proposicoes/0/0/0/0/108554#pesquisa
2009-09-21 00:00:00,PROJETO DE RESOLUÇÃO N.º 017/2009,"ALTERA  O ARTIGO 1º E OS ITENS 4º E 6º DO ANEXO I, DA RESOLUÇÃO 10/2007, QUE DISPÕE SOBRE A AVALIAÇÃO DE DESEMPENHO.",Mesa Diretora,https://www.pindamonhangaba.sp.leg.br/proposicoes/0/0/0/0/108552#pesquisa
2009-08-10 00:00:00,PROJETO DE RESOLUÇÃO N.º 015/2009,"ALTERA DISPOSITIVOS DO REGIMENTO INTERNO PARA A CRIAÇÃO DA ""INDICAÇÃO DE PROJETO DE LEI.""",Jose Alexandre Faria,https://www.pindamonhangaba.sp.leg.br/proposicoes/0/0/0/0/108550#pesquisa
2009-08-10 00:00:00,PROJETO DE RESOLUÇÃO N.º 016/2009,"DÁ NOVA REDAÇÃO AO ""CAPUT"" DO ARTIGO 149, DO REGIMENTO INTERNO.",Antônio Alves Da Silva,https://www.pindamonhangaba.sp.leg.br/proposicoes/0/0/0/0/108551#pesquisa
2009-07-13 00:00:00,PROJETO DE RESOLUÇÃO N.º 014/2009,"ALTERA O ART. 1º DA RESOLUÇÃO N.º 02, DE 26 JANEIRO DE 2009, QUE ""CONCEDE CESTA BÁSICA AOS SERVIDORES DA CÂMARA DE PINDAMONHANGABA""",Mesa Diretora,https://www.pindamonhangaba.sp.leg.br/proposicoes/0/0/0/0/108549#pesquisa
2009-06-01 00:00:00,PROJETO DE RESOLUÇÃO N.º 013/2009,"DISPÕE SOBRE O USO DE ""SOFTWARES"" PELA CÂMARA MUNICIPAL DE PINDAMONHANGABA"".",Isael Domingues,https://www.pindamonhangaba.sp.leg.br/proposicoes/0/0/0/0/108548#pesquisa
2009-05-25 00:00:00,PROJETO DE RESOLUÇÃO N.º 011/2009,INSTITUI O VALE-REFEIÇÃO PARA O QUADRO DE PESSOAL  PERMANENTE DA CÂMARA DE PINDAMONHANGABA.,Mesa Diretora,https://www.pindamonhangaba.sp.leg.br/proposicoes/0/0/0/0/108546#pesquisa
2009-05-25 00:00:00,PROJETO DE RESOLUÇÃO N.º 012/2009,"DÁ NOVA REDAÇÃO AO INCISO I, DO ARTIGO 269, DO REGIMENTO INTERNO.",Mesa Diretora,https://www.pindamonhangaba.sp.leg.br/proposicoes/0/0/0/0/108547#pesquisa
2009-05-18 00:00:00,PROJETO DE RESOLUÇÃO N.º 010/2009,DISPÕE SOBRE A TRANSFERÊNCIA DA SEDE ADMINISTRATIVA DA CÂMARA DE VEREADORES DE PINDAMONHANGABA.,Mesa Diretora,https://www.pindamonhangaba.sp.leg.br/proposicoes/0/0/0/0/108545#pesquisa
2009-05-11 00:00:00,PROJETO DE RESOLUÇÃO N.º 009/2009,"DÁ NOVA REDAÇÃO AO ""CAPUT"" DO ARTIGO 149, DO REGIMENTO INTERNO.",Antônio Alves Da Silva,https://www.pindamonhangaba.sp.leg.br/proposicoes/0/0/0/0/108544#pesquisa
2009-04-22 00:00:00,PROJETO DE RESOLUÇÃO N.º 008/2009,DENOMINAÇÃO DOS RECINTOS  DO NOVO PRÉDIO DA CÂMARA DE PINDAMONHANGABA.,Mesa Diretora,https://www.pindamonhangaba.sp.leg.br/proposicoes/0/0/0/0/108543#pesquisa
2009-03-30 00:00:00,PROJETO DE RESOLUÇÃO N.º 007/2009,DÁ NOVA REDAÇÃO AO ART. 10 DO REGIMENTO INTERNO.,Isael Domingues,https://www.pindamonhangaba.sp.leg.br/proposicoes/0/0/0/0/108542#pesquisa
2009-02-26 00:00:00,PROJETO DE RESOLUÇÃO N.º 006/2009,DISPÕE SOBRE AS DIÁRIAS PARA DESPESAS COM ALIMENTAÇÃO E DÁ OUTRAS PROVIDÊNCIAS.,Mesa Diretora,https://www.pindamonhangaba.sp.leg.br/proposicoes/0/0/0/0/108541#pesquisa
2009-02-16 00:00:00,PROJETO DE RESOLUÇÃO N.º 005/2009,"ACRESCENTAR §  4º AO ARTIGO 156, DO REGIMENTO INTERNO.",Isael Domingues,https://www.pindamonhangaba.sp.leg.br/proposicoes/0/0/0/0/108540#pesquisa
2009-02-02 00:00:00,PROJETO DE RESOLUÇÃO N.º 004/2009,"CRIA A COMISSÃO DE ASSUNTOS RELEVANTES DOS SERVIDORES PÚBLICOS MUNICIPAIS, E DÁ OUTRAS PROVIDÊNCIAS.",Jair Antonio Roma,https://www.pindamonhangaba.sp.leg.br/proposicoes/0/0/0/0/108539#pesquisa
2009-01-26 00:00:00,PROJETO DE RESOLUÇÃO N.º 003/2009,CONCEDE CESTA BÁSICA AOS SERVIDORES DA CÂMARA DE PINDAMONHANGABA.,Mesa Diretora,https://www.pindamonhangaba.sp.leg.br/proposicoes/0/0/0/0/108538#pesquisa
2009-01-14 00:00:00,PROJETO DE RESOLUÇÃO N.º 001/2009,"DÁ NOVA REDAÇÃO AOS ARTIGOS 74 E 79 E CRIA O ARTIGO 79-A, DO REGIMENTO INTERNO DA CÂMARA.",Mesa Diretora,https://www.pindamonhangaba.sp.leg.br/proposicoes/0/0/0/0/108536#pesquisa
2009-01-14 00:00:00,PROJETO DE RESOLUÇÃO N.º 002/2009,CRIA EMPREGOS DE ASSESSOR PARLAMENTAR.,Mesa Diretora,https://www.pindamonhangaba.sp.leg.br/proposicoes/0/0/0/0/108537#pesquisa
2008-12-15 00:00:00,PROJETO DE RESOLUÇÃO N.º 006/2008,INSTITUI O -CERTIFICADO DE HOMENAGEM- A SER FORNECIDO A FAMILIARES DE PESSOA HOMENAGEADA COM DENOMINAÇÃO DE LOGRADOURO OU PRÉDIO NA CIDADE DE PINDAMONHANGABA E DÁ OUTRAS PROVIDÊNCIAS.,Carlos José Ribeiro,https://www.pindamonhangaba.sp.leg.br/proposicoes/0/0/0/0/109086#pesquisa
2008-11-24 00:00:00,PROJETO DE RESOLUÇÃO N.º 005/2008,"DISPÕE SOBRE A OBRIGAÇÃO DE PUBLICAR NA ÍNTEGRA TODOS OS ATOS OFICIAIS E SOCIAIS DA CÂMARA MUNICIPAL DE PINDAMONHANGABA, ATRAVÉS DE BOLETIM LEGISLATIVO EM SEU ENDEREÇO ELETRÔNICO - ""SITE"".",Carlos José Ribeiro,https://www.pindamonhangaba.sp.leg.br/proposicoes/0/0/0/0/109085#pesquisa
2008-08-25 00:00:00,PROJETO DE RESOLUÇÃO N.º 003/2008,"DÁ NOVA REDAÇÃO AO INCISO V, DO ART. 310, DO REGIMENTO INTERNO DA CÂMARA DE VEREADORES DE PINDAMONHANGABA.",Myriam Alckmin Ramos Nogueira,https://www.pindamonhangaba.sp.leg.br/proposicoes/0/0/0/0/108535#pesquisa
2008-05-05 00:00:00,PROJETO DE RESOLUÇÃO N.º 002/2008,"DÁ NOVA REDAÇÃO AO ART. 269, INCISO III, ALÍNEA ""B"" DA RESOLUÇÃO N.º 10, DE 22.11.2004 - REGIMENTO INTERNO.",Martim Cesar,https://www.pindamonhangaba.sp.leg.br/proposicoes/0/0/0/0/108534#pesquisa
2008-03-31 00:00:00,PROJETO DE RESOLUÇÃO N.º 001/2008,DISPÕE SOBRE A CONCESSÃO DE CESTA BÁSICA AOS SERVIDORES  DA CÂMARA DE PINDAMONHANGABA.,Mesa Diretora,https://www.pindamonhangaba.sp.leg.br/proposicoes/0/0/0/0/108533#pesquisa
2007-11-19 00:00:00,PROJETO DE RESOLUÇÃO N.º 013/2007,CRIA O PROJETO DE CONSTRUÇÃO SUSTENTÁVEL PARA NOVO PRÉDIO DA CÂMARA DE VEREADORES DE PINDAMONHANGABA.,Myriam Alckmin Ramos Nogueira,https://www.pindamonhangaba.sp.leg.br/proposicoes/0/0/0/0/108531#pesquisa
2007-11-19 00:00:00,PROJETO DE RESOLUÇÃO N.º 014/2007,CRIA O PROJETO DE LICITAÇÕES SUSTENTÁVEIS DA CÂMARA DE VEREADORES DE PINDAMONHANGABA.,Myriam Alckmin Ramos Nogueira,https://www.pindamonhangaba.sp.leg.br/proposicoes/0/0/0/0/108532#pesquisa
2007-10-22 00:00:00,PROJETO DE RESOLUÇÃO N.º 011/2007,DISPÕE SOBRE A IMPLANTAÇÃO DO PROGRAMA  CÂMARA PRESERVA O MEIO AMBIENTE  E DÁ OUTRAS PROVIDÊNCIAS,Mesa Diretora,https://www.pindamonhangaba.sp.leg.br/proposicoes/0/0/0/0/108529#pesquisa
2007-10-22 00:00:00,PROJETO DE RESOLUÇÃO N.º 012/2007,DISPÕE SOBRE AVALIAÇÃO DE DESEMPENHO.,Mesa Diretora,https://www.pindamonhangaba.sp.leg.br/proposicoes/0/0/0/0/108530#pesquisa
2007-10-08 00:00:00,PROJETO DE RESOLUÇÃO N.º 010/2007,CRIA NA CÂMARA MUNICIPAL O SERVIÇO DISQUE-DIREITOS HUMANOS.,Felipe César,https://www.pindamonhangaba.sp.leg.br/proposicoes/0/0/0/0/108528#pesquisa
2007-06-25 00:00:00,PROJETO DE RESOLUÇÃO N.º 009/2007,"DÁ NOVA REDAÇÃO AO ARTIGO 74, E ACRESCENTA O ARTIGO 79-A, DO REGIMENTO INTERNO, CRIANDO A COMISSÃO PERMANENTE DE ESPORTE E LAZER.",Ricardo Alberto Pereira Piorino,https://www.pindamonhangaba.sp.leg.br/proposicoes/0/0/0/0/108527#pesquisa
2007-05-21 00:00:00,PROJETO DE RESOLUÇÃO N.º 008/2007,"ALTERA A REDAÇÃO DOS ITENS III, IV E  VI DO ARTIGO 322 DO REGIMENTO INTERNO.",Myriam Alckmin Ramos Nogueira,https://www.pindamonhangaba.sp.leg.br/proposicoes/0/0/0/0/108526#pesquisa
2007-03-27 00:00:00,PROJETO DE RESOLUÇÃO N.º 007/2007,"ALTERA A REDAÇÃO DO ARTIGO 149 DO REGIMENTO INTERNO, QUE DISPÕE SOBRE AS SESSÕES ORDINÁRIAS.",Alfredo Flores Bergamini,https://www.pindamonhangaba.sp.leg.br/proposicoes/0/0/0/0/108525#pesquisa
2007-02-05 00:00:00,PROJETO DE RESOLUÇÃO N.º 003/2007,"ACRESCENTA INCISO AO ARTIGO 291, DO REGIMENTO INTERNO, QUE DISPÕE SOBRE DEVERES DO VEREADOR.",Tié,https://www.pindamonhangaba.sp.leg.br/proposicoes/0/0/0/0/108521#pesquisa
2007-02-05 00:00:00,PROJETO DE RESOLUÇÃO N.º 005/2007,DETERMINA E ESTABELECE PRAZOS PARA  A ENTREGA DE DOCUMENTOS POR PARTE DOS CHEFES DE GABINETES E OS ASSESSORES PARLAMENTARES.,Mesa Diretora,https://www.pindamonhangaba.sp.leg.br/proposicoes/0/0/0/0/108523#pesquisa
2007-02-05 00:00:00,PROJETO DE RESOLUÇÃO N.º 006/2007,"REVOGA A RESOLUÇÃO N.º 23, DE 07 DE ABRIL DE 2003.",Mesa Diretora,https://www.pindamonhangaba.sp.leg.br/proposicoes/0/0/0/0/108524#pesquisa
2007-01-29 00:00:00,PROJETO DE RESOLUÇÃO N.º 002/2007,"ALTERA  A REDAÇÃO DO ARTIGO 149 DO REGIMENTO INTERNO, QUE DISPÕE SOBRE SESSÕES ORDINÁRIAS.",Jairo Luiz Marcondes De Oliveira,https://www.pindamonhangaba.sp.leg.br/proposicoes/0/0/0/0/108520#pesquisa
2007-01-29 00:00:00,PROJETO DE RESOLUÇÃO N.º 004/2007,AUTORIZA A DEVOLUÇÃO DOS VEÍCULOS DO LEGISLATIVO À MUNICIPALIDADE.,Myriam Alckmin Ramos Nogueira,https://www.pindamonhangaba.sp.leg.br/proposicoes/0/0/0/0/108522#pesquisa
2007-01-19 00:00:00,PROJETO DE RESOLUÇÃO N.º 001/2007,REGULAMENTA O USO DOS VEÍCULOS DA CÂMARA DE VEREADORES.,Mesa Diretora,https://www.pindamonhangaba.sp.leg.br/proposicoes/0/0/0/0/108519#pesquisa
2006-12-18 00:00:00,PROJETO DE RESOLUÇÃO N.º 020/2006,ACRESCENTA UM PARÁGRAFO AOA RTIGO 135 DO REGIMENTO INTERNO.,Mesa Diretora,https://www.pindamonhangaba.sp.leg.br/proposicoes/0/0/0/0/108517#pesquisa
2006-12-18 00:00:00,PROJETO DE RESOLUÇÃO N.º 021/2006,DISPÕE SOBRE AS SESSÕES PARA COMEMORAÇÕES E AS HOMENAGENS DA CÂMARA.,Mesa Diretora,https://www.pindamonhangaba.sp.leg.br/proposicoes/0/0/0/0/108518#pesquisa
2006-12-04 00:00:00,PROJETO DE RESOLUÇÃO N.º 019/2006,ALTERA A REDAÇÃO DO ARTIGO 178 DO REGIMENTO INTERNO.,Poder Executivo,https://www.pindamonhangaba.sp.leg.br/proposicoes/0/0/0/0/108516#pesquisa
2006-11-20 00:00:00,PROJETO DE RESOLUÇÃO N.º 018/2006,"ACRESCENTA  UMA ALÍNEA  NO INCISO VI, DO § 3º DO ARTIGO 236, DO REGIMENTO INTERNO.",Jairo Luiz Marcondes De Oliveira,https://www.pindamonhangaba.sp.leg.br/proposicoes/0/0/0/0/108515#pesquisa
2006-10-16 00:00:00,PROJETO DE RESOLUÇÃO N.º 017/2006,INSTITUI O CÓDIGO DE ÉTICA E DECORO PARLAMENTAR,Mesa Diretora,https://www.pindamonhangaba.sp.leg.br/proposicoes/0/0/0/0/108514#pesquisa
2006-10-02 00:00:00,PROJETO DE RESOLUÇÃO N.º 016/2006,ALTERA A REDAÇÃO DO ARTIGO 55 DO REGIMENTO INTERNO.,Martim Cesar,https://www.pindamonhangaba.sp.leg.br/proposicoes/0/0/0/0/108513#pesquisa
2006-08-07 00:00:00,PROJETO DE RESOLUÇÃO N.º 015/2006,DÁ NOVA REDAÇÃO AO § 4º DOA RTIGO 54 DA RESOLUÇÃO N.º 10/2004 (REGIMENTO INTERNO) .,Poder Executivo,https://www.pindamonhangaba.sp.leg.br/proposicoes/0/0/0/0/108512#pesquisa
2006-07-03 00:00:00,PROJETO DE RESOLUÇÃO N.º 014/2006,"ALTERA E ACRESCENTA DISPOSITIVOS NA RESOLUÇÃO N.º 10, DE 22.11.2004, QUE DISPÕE SOBRE O REGIMENTO INTERNO DA CÂMARA DE VEREADORES DE PINDAMONHANGABA, E DÁ OUTRAS PROVIDÊNCIAS.",Janio Ardito Lerario,https://www.pindamonhangaba.sp.leg.br/proposicoes/0/0/0/0/108511#pesquisa
2006-06-12 00:00:00,PROJETO DE RESOLUÇÃO N.º 012/2006,"ACRESCENTA UM PARÁGRAFO  ÚNICO E DÁ NOVA REDAÇÃO AO INCISO XIII, DO ARTIGO 269 DO REGIMENTO INTERNO.",Mesa Diretora,https://www.pindamonhangaba.sp.leg.br/proposicoes/0/0/0/0/108509#pesquisa
2006-06-12 00:00:00,PROJETO DE RESOLUÇÃO N.º 013/2006,"TORNA OBRIGATÓRIO A CÂMARA MUNICIPAL MANTER EM SUAS INSTALAÇÕES, UMA MACA E UMA CADEIRA DE RODAS.",Felipe César,https://www.pindamonhangaba.sp.leg.br/proposicoes/0/0/0/0/108510#pesquisa
2006-06-05 00:00:00,PROJETO DE RESOLUÇÃO N.º 010/2006,"DÁ  NOVA REDAÇÃO AO § 6º DO ARTIGO 253, DO REGIMENTO INTERNO.",Mesa Diretora,https://www.pindamonhangaba.sp.leg.br/proposicoes/0/0/0/0/108507#pesquisa
2006-06-05 00:00:00,PROJETO DE RESOLUÇÃO N.º 011/2006,DÁ NOVA REDAÇÃO AOS ARTIGOS 133 E 134 DO REGIMENTO INTERNO.,Mesa Diretora,https://www.pindamonhangaba.sp.leg.br/proposicoes/0/0/0/0/108508#pesquisa
2006-05-15 00:00:00,PROJETO DE RESOLUÇÃO N.º 009/2006,"DISPÕE SOBRE A ADAPTAÇÃO DA ENTRADA DO  PRÉDIO DA CÂMARA DE VEREADORES  DE PINDAMONHANGABA, PARA FACILITAR  O ACESSO DE PESSOAS QUE UTILIZAM CADEIRAS DE RODAS.",Ricardo Alberto Pereira Piorino,https://www.pindamonhangaba.sp.leg.br/proposicoes/0/0/0/0/108506#pesquisa
2006-05-08 00:00:00,PROJETO DE RESOLUÇÃO N.º 007/2006,DÁ NOVA REDAÇÃO AO  ARTIGO 106 DO REGIMENTO INTERNO.,Mesa Diretora,https://www.pindamonhangaba.sp.leg.br/proposicoes/0/0/0/0/108504#pesquisa
2006-05-08 00:00:00,PROJETO DE RESOLUÇÃO N.º 008/2006,CONCEDE CESTA BÁSICA AOS SERVIDORES DA CÂMARA.,Mesa Diretora,https://www.pindamonhangaba.sp.leg.br/proposicoes/0/0/0/0/108505#pesquisa
2006-04-20 00:00:00,PROJETO DE RESOLUÇÃO N.º 006/2006,"ACRESCENTA UM PARÁGRAFO AO ARTIGO 3º DA RESOLUÇÃO N.º 19, DE 26 DE NOVEMBRO DE 2001, QUE REGULAMENTA O USO DO PLENÁRIO, E DÁ OUTRAS PROVIDÊNCIAS.",Mesa Diretora,https://www.pindamonhangaba.sp.leg.br/proposicoes/0/0/0/0/108503#pesquisa
2006-02-20 00:00:00,PROJETO DE RESOLUÇÃO N.º 005/2006,DISPÕE SOBRE A CRIAÇÃO DE DUAS VAGAS PARA O EMPREGO DE ASSISTENTE DE IMPRENSA PARLAMENTAR,Mesa Diretora,https://www.pindamonhangaba.sp.leg.br/proposicoes/0/0/0/0/108502#pesquisa
2006-02-13 00:00:00,PROJETO DE RESOLUÇÃO N.º 002/2006,"ACRESCENTA UM PARÁGRAFO NO ARTIGO 1º DA RESOLUÇÃO N.º 05/2003, QUE CRIA A BOLSA ESTÁGIO PARA ESTUDANTES DO NÍVEL MÉDIO",Mesa Diretora,https://www.pindamonhangaba.sp.leg.br/proposicoes/0/0/0/0/108499#pesquisa
2006-02-13 00:00:00,PROJETO DE RESOLUÇÃO N.º 003/2006,"ALTERA A RESOLUÇÃO 08/1990, QUE DISPÕE SOBRE ESTÁGIO PARA ESTUDANTES DO NÍVEL SUPERIOR.",Mesa Diretora,https://www.pindamonhangaba.sp.leg.br/proposicoes/0/0/0/0/108500#pesquisa
2006-02-13 00:00:00,PROJETO DE RESOLUÇÃO N.º 004/2006,DETERMINA E ESTABELECE PRAZOS PARA A ENTREGA DE DOCUMENTOS POR PARTE DOS CHEFES DE GABINETES E OS ASSESSORES PARLAMENTARES.,Mesa Diretora,https://www.pindamonhangaba.sp.leg.br/proposicoes/0/0/0/0/108501#pesquisa
2006-02-06 00:00:00,PROJETO DE RESOLUÇÃO N.º 001/2006,EXTINGUE EMPREGOS EM COMISSÃO DO QUADRO DE PESSOAL DA CÂMARA DE VEREADORES DE PINDAMONHANGABA.,Mesa Diretora,https://www.pindamonhangaba.sp.leg.br/proposicoes/0/0/0/0/108498#pesquisa
2005-12-20 00:00:00,PROJETO DE RESOLUÇÃO N.º 029/2005,CRIA EMPREGO DE PROVIMENTO EM COMISSÃO.,Mesa Diretora,https://www.pindamonhangaba.sp.leg.br/proposicoes/0/0/0/0/108604#pesquisa
2005-12-16 00:00:00,PROJETO DE RESOLUÇÃO N.º 028/2005,CONCEDE CESTA BÁSICA AOS SERVIDORES DA CÂMARA.,Mesa Diretora,https://www.pindamonhangaba.sp.leg.br/proposicoes/0/0/0/0/108603#pesquisa
2005-11-28 00:00:00,PROJETO DE RESOLUÇÃO N.º 027/2005,"DISPÕE SOBRE A DESTINAÇÃO DE RECURSOS FINANCEIROS NO ORÇAMENTO DO LEGISLATIVO PARA AS ATIVIDADES DO DEPTº DE RECURSOS HUMANOS, O & M.",Mesa Diretora,https://www.pindamonhangaba.sp.leg.br/proposicoes/0/0/0/0/108497#pesquisa
2005-10-24 00:00:00,PROJETO DE RESOLUÇÃO N.º 026/2005,REGULAMENTA O USO DOS VEÍCULOS DA CÂMARA DE VEREADORES.,Mesa Diretora,https://www.pindamonhangaba.sp.leg.br/proposicoes/0/0/0/0/108496#pesquisa
2005-10-10 00:00:00,PROJETO DE RESOLUÇÃO N.º 025/2005,CONCEDE LICENÇA PARA VEREADOR.,Mesa Diretora,https://www.pindamonhangaba.sp.leg.br/proposicoes/0/0/0/0/108495#pesquisa
2005-09-26 00:00:00,PROJETO DE RESOLUÇÃO N.º 024/2005,"ALTERA A REDAÇÃO DO ARTIGO 1º DA RESOLUÇÃO N.º 02/95, QUE REGULAMENTA O USO DOS VEÍCULOS DA CÂMARA DE VEREADORES.",Mesa Diretora,https://www.pindamonhangaba.sp.leg.br/proposicoes/0/0/0/0/108494#pesquisa
2005-08-29 00:00:00,PROJETO DE RESOLUÇÃO N.º 023/2005,DISPÕE SOBRE OS CRITÉRIOS E PROCEDIMENTOS PARA AVALIAÇÃO DE DESEMPENHO DOS SERVIDORES EM ESTÁGIO PROBATÓRIO.,Mesa Diretora,https://www.pindamonhangaba.sp.leg.br/proposicoes/0/0/0/0/108493#pesquisa
2005-08-15 00:00:00,PROJETO DE RESOLUÇÃO N.º 022/2005,ALTERA O TÍTULO XIII DO REGIMENTO INTERNO.,Mesa Diretora,https://www.pindamonhangaba.sp.leg.br/proposicoes/0/0/0/0/108492#pesquisa
2005-08-08 00:00:00,PROJETO DE RESOLUÇÃO N.º 021/2005,CONCEDE CESTA BÁSICA AOS SERVIDORES DA CÂMARA.,Mesa Diretora,https://www.pindamonhangaba.sp.leg.br/proposicoes/0/0/0/0/108491#pesquisa
2005-07-04 00:00:00,PROJETO DE RESOLUÇÃO N.º 020/2005,PRORROGA O  PRAZO ESTIPULADO PARA A CONCLUSÃO DOS TRABALHOS DA COMISSÃO DE ESTUDOS SOBRE O RIO PARAÍBA DO SUL.,Antônio Alves Da Silva,https://www.pindamonhangaba.sp.leg.br/proposicoes/0/0/0/0/108490#pesquisa
2005-05-30 00:00:00,PROJETO DE RESOLUÇÃO N.º 019/2005,EXCLUI O PARÁGRAFO ÚNICO DO ARTIGO 76 E DÁ  NOVA REDAÇÃO AO ARTIGO 105  DO REGIMENTO INTERNO.,Mesa Diretora,https://www.pindamonhangaba.sp.leg.br/proposicoes/0/0/0/0/108489#pesquisa
2005-05-16 00:00:00,PROJETO DE RESOLUÇÃO N.º 018/2005,CONCEDE CESTA BÁSICA AOS SERVIDORES DA CÂMARA.,Mesa Diretora,https://www.pindamonhangaba.sp.leg.br/proposicoes/0/0/0/0/108488#pesquisa
2005-05-09 00:00:00,PROJETO DE RESOLUÇÃO N.º 017/2005,"EXCLUI O PARÁGRAFO ÚNICO DO ARTIGO 332, DO REGIMENTO INTERNO.",Martim Cesar,https://www.pindamonhangaba.sp.leg.br/proposicoes/0/0/0/0/108487#pesquisa
2005-04-26 00:00:00,PROJETO DE RESOLUÇÃO N.º 016/2005,PROÍBE A NOMEAÇÃO DE PARENTES PARA OS EMPREGOS EM COMISSÃO DA CÂMARA.,José Carlos Gomes – Cal,https://www.pindamonhangaba.sp.leg.br/proposicoes/0/0/0/0/108486#pesquisa
2005-04-25 00:00:00,PROJETO DE RESOLUÇÃO N.º 013/2005,ALTERA A REDAÇÃO DO ARTIGO 149 E DO INCISO I DOA RT. 269 DO REGIMENTO INTERNO.,Myriam Alckmin Ramos Nogueira,https://www.pindamonhangaba.sp.leg.br/proposicoes/0/0/0/0/108483#pesquisa
2005-04-25 00:00:00,PROJETO DE RESOLUÇÃO N.º 014/2005,DISPÕE SOBRE OS CRITÉRIOS E PROCEDIMENTOS PARA AVALIAÇÃO DE DESEMPENHO.,Mesa Diretora,https://www.pindamonhangaba.sp.leg.br/proposicoes/0/0/0/0/108484#pesquisa
2005-04-25 00:00:00,PROJETO DE RESOLUÇÃO N.º 015/2005,ACRESCENTA UM PARÁGRAFO AO ARTIGO 179 DO REGIMENTO INTERNO.,Felipe César,https://www.pindamonhangaba.sp.leg.br/proposicoes/0/0/0/0/108485#pesquisa
2005-04-11 00:00:00,PROJETO DE RESOLUÇÃO N.º 012/2005,CONSTITUI UMA COMISSÃO DE ESTUDOS PARA AVALIAR O RIO PARAÍBA DO SUL.,Antônio Alves Da Silva,https://www.pindamonhangaba.sp.leg.br/proposicoes/0/0/0/0/108482#pesquisa
2005-04-04 00:00:00,PROJETO DE RESOLUÇÃO N.º 011/2005,CRIA EMPREGO DE PROVIMENTO EM COMISSÃO.,Mesa Diretora,https://www.pindamonhangaba.sp.leg.br/proposicoes/0/0/0/0/108481#pesquisa
2005-04-01 00:00:00,PROJETO DE RESOLUÇÃO N.º 009/2005,ALTERA A REDAÇÃO DO ARTIGO 149 E DO INCISO I DO ART. 269 DO REGIMENTO INTERNO.,Mesa Diretora,https://www.pindamonhangaba.sp.leg.br/proposicoes/0/0/0/0/108479#pesquisa
2005-03-31 00:00:00,PROJETO DE RESOLUÇÃO N.º 017/2000,SEM EMENTA CADASTRADA,Poder Executivo,https://www.pindamonhangaba.sp.leg.br/proposicoes/0/0/0/0/108476#pesquisa
2005-03-21 00:00:00,PROJETO DE RESOLUÇÃO N.º 010/2005,"DÁ NOVA REDAÇÃO A RESOLUÇÃO N.º 26/2003, QUE DISPÔS SOBRE O PROGRAMA ESTUDANTES NA CÂMARA.",Mesa Diretora,https://www.pindamonhangaba.sp.leg.br/proposicoes/0/0/0/0/108480#pesquisa
2005-03-07 00:00:00,PROJETO DE RESOLUÇÃO N.º 007/2005,"REGULAMENTA O § 8º DO ARTIGO 113, DO REGIMENTO INTERNO",Mesa Diretora,https://www.pindamonhangaba.sp.leg.br/proposicoes/0/0/0/0/108477#pesquisa
2005-03-07 00:00:00,PROJETO DE RESOLUÇÃO N.º 008/2005,"CONSTITUI UMA COMISSÃO DE REPRESENTAÇÃO PARA PARTICIPAR DO 97º ENCONTRO NACIONAL DE VEREADORES, NA CIDADE DE BRASÍLIA - DF",Ricardo Alberto Pereira Piorino,https://www.pindamonhangaba.sp.leg.br/proposicoes/0/0/0/0/108478#pesquisa
2005-02-21 00:00:00,PROJETO DE RESOLUÇÃO N.º 002/2005,ALTERA DISPOSITIVOS DO REGIMENTO INTERNO.,Mesa Diretora,https://www.pindamonhangaba.sp.leg.br/proposicoes/0/0/0/0/108471#pesquisa
2005-02-21 00:00:00,PROJETO DE RESOLUÇÃO N.º 006/2005,DÁ NOVA REDAÇÃO AO ARTIGO 8º DO REGIMENTO INTERNO.,Myriam Alckmin Ramos Nogueira,https://www.pindamonhangaba.sp.leg.br/proposicoes/0/0/0/0/108475#pesquisa
2005-02-14 00:00:00,PROJETO DE RESOLUÇÃO N.º 001/2005,DISPÕE SOBRE CONCESSÃO DE ABONO SALARIAL E CESTA BÁSICA AOS SERVIDORES DA CÂMARA PARA O MÊS DE JANEIRO DE 2005.,Mesa Diretora,https://www.pindamonhangaba.sp.leg.br/proposicoes/0/0/0/0/108470#pesquisa
2005-02-14 00:00:00,PROJETO DE RESOLUÇÃO N.º 005/2005,REVOGA O SISTEMA DE COMPENSAÇÃO DE HORAS DE TRABALHO.,Mesa Diretora,https://www.pindamonhangaba.sp.leg.br/proposicoes/0/0/0/0/108474#pesquisa
2005-02-11 00:00:00,PROJETO DE RESOLUÇÃO N.º 003/2005,DISPÕE SOBRE AS DIÁRIAS PARA DESPESAS COM ALIMENTAÇÃO E DÁ OUTRAS PROVIDÊNCIAS.,Mesa Diretora,https://www.pindamonhangaba.sp.leg.br/proposicoes/0/0/0/0/108472#pesquisa
2005-02-11 00:00:00,PROJETO DE RESOLUÇÃO N.º 004/2005,"REVOGA OS PROGRAMAS EDUCACIONAIS: CÂMARA MIRIM, PREFEITO E VICE- PREFEITO MIRINS",Mesa Diretora,https://www.pindamonhangaba.sp.leg.br/proposicoes/0/0/0/0/108473#pesquisa
2004-11-22 00:00:00,PROJETO DE RESOLUÇÃO N.º 011/2004,CONCEDE LICENÇA A VEREADOR.,Mesa Diretora,https://www.pindamonhangaba.sp.leg.br/proposicoes/0/0/0/0/108606#pesquisa
2004-11-05 00:00:00,PROJETO DE RESOLUÇÃO N.º 009/2004,"CONCEDE LICENÇA AO VEREADOR INALDO SOARES DE FREITAS,  PARA TRATAMENTO DE SAÚDE.",Mesa Diretora,https://www.pindamonhangaba.sp.leg.br/proposicoes/0/0/0/0/108468#pesquisa
2004-11-05 00:00:00,PROJETO DE RESOLUÇÃO N.º 010/2004,"CONCEDE LICENÇA AO VEREADOR ANDRÉ LUIZ RAPOSO, PRESIDENTE DA CÂMARA, PARA TRATAMENTO DE SAÚDE.",Mesa Diretora,https://www.pindamonhangaba.sp.leg.br/proposicoes/0/0/0/0/108469#pesquisa
2004-10-15 00:00:00,PROJETO DE RESOLUÇÃO N.º 007/2004,"CONCEDE LICENÇA AO VEREADOR INALDO SOARES DE FREITAS, PARA TRATAMENTO DE SAÚDE.",Mesa Diretora,https://www.pindamonhangaba.sp.leg.br/proposicoes/0/0/0/0/108466#pesquisa
2004-10-15 00:00:00,PROJETO DE RESOLUÇÃO N.º 008/2004,"CONCEDE LICENÇA AO VEREADOR RENATO FLORES BERGAMINI, PARA TRATAMENTO DE SAÚDE.",Mesa Diretora,https://www.pindamonhangaba.sp.leg.br/proposicoes/0/0/0/0/108467#pesquisa
2004-09-13 00:00:00,PROJETO DE RESOLUÇÃO N.º 006/2004,DISPÕE SOBRE COMUNICAÇÃO DE PUBLICAÇÕES ORIUNDAS DO TRIBUNAL DE CONTAS DESTE ESTADO.,Martim Cesar,https://www.pindamonhangaba.sp.leg.br/proposicoes/0/0/0/0/108465#pesquisa
2004-08-11 00:00:00,PROJETO DE RESOLUÇÃO N.º 005/2004,"CONCEDE ABONO SALARIAL E CESTA BÁSICA AOS SERVIDORES DA CÂMARA, PARA OS MESES DE AGOSTO A DEZEMBRO DE 2004.",Mesa Diretora,https://www.pindamonhangaba.sp.leg.br/proposicoes/0/0/0/0/108464#pesquisa
2004-05-03 00:00:00,PROJETO DE RESOLUÇÃO N.º 003/2004,CRIA UMA COMISSÃO TEMPORÁRIA DE ESTUDOS PARA O EXAME DA SEGURANÇA NESTE MUNICÍPIO,Josias De Araújo,https://www.pindamonhangaba.sp.leg.br/proposicoes/0/0/0/0/108462#pesquisa
2004-05-03 00:00:00,PROJETO DE RESOLUÇÃO N.º 004/2004,CONCEDE LICENÇA AO VEREADOR NORIAKI ODAN,Mesa Diretora,https://www.pindamonhangaba.sp.leg.br/proposicoes/0/0/0/0/108463#pesquisa
2004-02-16 00:00:00,PROJETO DE RESOLUÇÃO N.º 002/2004,"DISPÕE SOBRE CONCESSÃO DE ABONO SALARIAL E CESTA BÁSICA AOS SERVIDORES DA CÂMARA, PARA OS MESES DE FEVEREIRO A JULHO 2004.",Mesa Diretora,https://www.pindamonhangaba.sp.leg.br/proposicoes/0/0/0/0/108461#pesquisa
2004-01-15 00:00:00,PROJETO DE RESOLUÇÃO N.º 001/2004,"DÁ NOVA DENOMINAÇÃO A EMPREGADOS DO QUADRO DE PESSOAL DA CÂMARA DE VEREADORES DE PINDAMONHANGABA, E DÁ OUTRAS PROVIDÊNCIAS.",Mesa Diretora,https://www.pindamonhangaba.sp.leg.br/proposicoes/0/0/0/0/108460#pesquisa
2003-11-17 00:00:00,PROJETO DE RESOLUÇÃO N.º 039/2003,DISPÕE SOBRE A REALIZAÇÃO DE SESSÃO ITINERANTE,Paulo Romeiro Ramos Mello,https://www.pindamonhangaba.sp.leg.br/proposicoes/0/0/0/0/108459#pesquisa
2003-11-07 00:00:00,PROJETO DE RESOLUÇÃO N.º 038/2003,CONCEDE LICENÇA PARA TRATAMENTO DE SAÚDE AO VEREADOR NORIAKI ODAN.,Mesa Diretora,https://www.pindamonhangaba.sp.leg.br/proposicoes/0/0/0/0/108458#pesquisa
2003-10-20 00:00:00,PROJETO DE RESOLUÇÃO N.º 037/2003,CONCEDE LICENÇA PARA TRATAMENTO DE SAÚDE AO VEREADOR INALDO SOARES DE FREITAS.,Mesa Diretora,https://www.pindamonhangaba.sp.leg.br/proposicoes/0/0/0/0/108457#pesquisa
2003-10-06 00:00:00,PROJETO DE RESOLUÇÃO N.º 036/2003,ALTERA A DENOMINAÇÃO DO PROGRAMA DE CAPACITAÇÃO E TREINAMENTO CONTÍNUO PARA PROGRAMA DE DESENVOLVIMENTO CONTÍNUO.,Mesa Diretora,https://www.pindamonhangaba.sp.leg.br/proposicoes/0/0/0/0/108456#pesquisa
2003-08-18 00:00:00,PROJETO DE RESOLUÇÃO N.º 035/2003,"DISPÕE SOBRE CONCESSÃO DE ABONO SLARIAL E CESTA BÁSICA AOS SERVIDORES DA CÂMARA , PARA OS MESES DE AGOSTO DE 2003 À JANEIRO DE 2004.",Mesa Diretora,https://www.pindamonhangaba.sp.leg.br/proposicoes/0/0/0/0/108455#pesquisa
2003-07-17 00:00:00,PROJETO DE RESOLUÇÃO N.º 034/2003,INSTITUI  O SISTEMA DE BANCO DE HORAS PARA O QUADRO DE PESSOAL DA CÂMARA DE VEREADORES DE PINDAMONHANGABA.,Mesa Diretora,https://www.pindamonhangaba.sp.leg.br/proposicoes/0/0/0/0/108454#pesquisa
2003-07-07 00:00:00,PROJETO DE RESOLUÇÃO N.º 032/2003,"DÁ NOVA REDAÇÃO AO ART. 5º DA RESOLUÇÃO N.º 15/2003, QUE DISPÕE SOBRE O PROGRAMA EDUCACIONAL CÂMARA MIRIM DE PINDAMONHANGABA, PRORROGANDO O MANDATO DOS VEREADORES MIRINS E DANDO OUTRAS PROVIDÊNCIAS.",Mesa Diretora,https://www.pindamonhangaba.sp.leg.br/proposicoes/0/0/0/0/108452#pesquisa
2003-07-07 00:00:00,PROJETO DE RESOLUÇÃO N.º 033/2003,DISPÕE SOBRE O PROGRAMA EDUCACIONAL PREFEITO E VICE-PREFEITO MIRINS.,Mesa Diretora,https://www.pindamonhangaba.sp.leg.br/proposicoes/0/0/0/0/108453#pesquisa
2003-06-26 00:00:00,PROJETO DE RESOLUÇÃO N.º 027/2003,NUMERAÇÃO SEM EFEITO,Mesa Diretora,https://www.pindamonhangaba.sp.leg.br/proposicoes/0/0/0/0/108447#pesquisa
2003-06-16 00:00:00,PROJETO DE RESOLUÇÃO N.º 030/2003,EXTINGUE E CRIA EMPREGOS DO QUADRO DE PESSOAL DA CÂMARA DE VEREADORES.,Mesa Diretora,https://www.pindamonhangaba.sp.leg.br/proposicoes/0/0/0/0/108450#pesquisa
2003-06-16 00:00:00,PROJETO DE RESOLUÇÃO N.º 031/2003,ALTERA O NÚMERO DE SESSÕES ORDINÁRIAS REALIZADAS PELA CÂMRA DE VEREADORES.,Mesa Diretora,https://www.pindamonhangaba.sp.leg.br/proposicoes/0/0/0/0/108451#pesquisa
2003-06-02 00:00:00,PROJETO DE RESOLUÇÃO N.º 028/2003,DISPÕE SOBRE IMPLANTAÇÃO DO PROGRAMA ESTUDANTE NA CÂMARA E DÁ OUTRAS  PROVIDÊNCIAS.,Mesa Diretora,https://www.pindamonhangaba.sp.leg.br/proposicoes/0/0/0/0/108448#pesquisa
2003-06-02 00:00:00,PROJETO DE RESOLUÇÃO N.º 029/2003,DISPÕE SOBRE A CRIAÇÃO PROGRAMA DE CAPACITAÇÃO E TREINAMENTO CONTÍNUO PARA O QUADRO DE PESSOAL DA CÂMARA DE PINDAMONHANGABA.,Mesa Diretora,https://www.pindamonhangaba.sp.leg.br/proposicoes/0/0/0/0/108449#pesquisa
2003-05-19 00:00:00,PROJETO DE RESOLUÇÃO N.º 026/2003,DISPÕE SOBRE ESTÁGIO DE ESTUDANTES DE CURSO SUPERIOR.,Mesa Diretora,https://www.pindamonhangaba.sp.leg.br/proposicoes/0/0/0/0/108446#pesquisa
2003-04-14 00:00:00,PROJETO DE RESOLUÇÃO N.º 024/2003,DISPÕE SOBRE ESTÁGIO DE ESTUDANTES DE CURSO SUPERIOR.,Mesa Diretora,https://www.pindamonhangaba.sp.leg.br/proposicoes/0/0/0/0/108444#pesquisa
2003-04-14 00:00:00,PROJETO DE RESOLUÇÃO N.º 025/2003,DISPÕE SOBRE O REGIMENTO INTERNO DA CÂMARA DE VEREADORES DE PINDAMONHANGABA.,Mesa Diretora,https://www.pindamonhangaba.sp.leg.br/proposicoes/0/0/0/0/108445#pesquisa
2003-04-07 00:00:00,PROJETO DE RESOLUÇÃO N.º 019/2003,CRIA DOIS EMPREGOS DE PROVIMENTO EM COMISSÃO - ASSISTENTE DE SERVIÇOS DE INFORMÁTICA DO LEGISLATIVO.,Mesa Diretora,https://www.pindamonhangaba.sp.leg.br/proposicoes/0/0/0/0/108439#pesquisa
2003-04-07 00:00:00,PROJETO DE RESOLUÇÃO N.º 020/2003,DISPÕE SOBRE O USO DA TRIBUNA LIVRE.,Mesa Diretora,https://www.pindamonhangaba.sp.leg.br/proposicoes/0/0/0/0/108440#pesquisa
2003-04-07 00:00:00,PROJETO DE RESOLUÇÃO N.º 021/2003,DISPÕE SOBRE A IMPLANTAÇÃO DA  CIPA -  COMISSÃO INTERNA DE PREVENÇÃO DE ACIDENTES NA CÂMARA DE PINDAMONHANGABA.,Mesa Diretora,https://www.pindamonhangaba.sp.leg.br/proposicoes/0/0/0/0/108441#pesquisa
2003-04-07 00:00:00,PROJETO DE RESOLUÇÃO N.º 022/2003,INSTITUI PLANTÃO DE VEREADORES PARA ATENDIMENTO À POPULAÇÃO.,Mesa Diretora,https://www.pindamonhangaba.sp.leg.br/proposicoes/0/0/0/0/108442#pesquisa
2003-04-07 00:00:00,PROJETO DE RESOLUÇÃO N.º 023/2003,DISPÕE SOBRE A CONCESSÃO DO ADIANTAMENTO DO DÉCIMO TERCEIRO POR OCASIÃO DO ANIVERSÁRIO DO SERVIDOR.,Mesa Diretora,https://www.pindamonhangaba.sp.leg.br/proposicoes/0/0/0/0/108443#pesquisa
2003-03-31 00:00:00,PROJETO DE RESOLUÇÃO N.º 018/2003,DISPÕE SOBRE CONCESSÃO DE ABONO SALARIAL E CESTA BÁSICA AOS SERVIDORES DA CÂMARA,Mesa Diretora,https://www.pindamonhangaba.sp.leg.br/proposicoes/0/0/0/0/108438#pesquisa
2003-03-24 00:00:00,PROJETO DE RESOLUÇÃO N.º 016/2003,DISPÕE SOBRE O REGIMENTO INTERNO DO PROGRAMA EDUCACIONAL CÂMARA MIRIM DE PINDAMONHANGABA,Mesa Diretora,https://www.pindamonhangaba.sp.leg.br/proposicoes/0/0/0/0/108436#pesquisa
2003-03-24 00:00:00,PROJETO DE RESOLUÇÃO N.º 017/2003,INSTITUI A CARTILHA DO LEGISLATIVO MUNICIPAL,Mesa Diretora,https://www.pindamonhangaba.sp.leg.br/proposicoes/0/0/0/0/108437#pesquisa
2003-03-17 00:00:00,PROJETO DE RESOLUÇÃO N.º 015/2003,DISPÕE SOBRE O PROGRAMA EDUCACIONAL CÂMARA MIRIM DE PINDAMONHANGABA,Mesa Diretora,https://www.pindamonhangaba.sp.leg.br/proposicoes/0/0/0/0/108435#pesquisa
2003-02-24 00:00:00,PROJETO DE RESOLUÇÃO N.º 014/2003,DISPÕE SOBRE ALTERAÇÃO DE VAGAS PARA O EMPREGO DE ASSISTENTE DE SERVIÇOS GERAIS.,Mesa Diretora,https://www.pindamonhangaba.sp.leg.br/proposicoes/0/0/0/0/108434#pesquisa
2003-02-18 00:00:00,PROJETO DE RESOLUÇÃO N.º 011/2003,COCNEDE LICENÇA PARA TRATAMENTO DE SAÚDE AO VEREADOR INALDO SOARES DE FREITAS,Mesa Diretora,https://www.pindamonhangaba.sp.leg.br/proposicoes/0/0/0/0/108431#pesquisa
2003-02-18 00:00:00,PROJETO DE RESOLUÇÃO N.º 012/2003,"DÁ NOVA READAÇÃ AOS ARTIGOS 1º, 2º E 3º DA RESOLUÇÃO N.º 07/2003,Q UE ALTERA O NÚMERO DE SESSÕES ORDINÁRIAS REALZIADAS PELA CÂMARA.",Mesa Diretora,https://www.pindamonhangaba.sp.leg.br/proposicoes/0/0/0/0/108432#pesquisa
2003-02-18 00:00:00,PROJETO DE RESOLUÇÃO N.º 013/2003,"DÁ NOVA REDAÇÃO AO ART. 37, ACRESCENTA O ART. 41-H, DO REGIMENTO INTERNO, CRIANDO A COMISSÃO PERMANENTE DE TURISMO.",Noriaki Odan,https://www.pindamonhangaba.sp.leg.br/proposicoes/0/0/0/0/108433#pesquisa
2003-02-11 00:00:00,PROJETO DE RESOLUÇÃO N.º 009/2003,DISPÕE SOBRE ALTERAÇÕES NA ESTRUTURA ADMINISTRATIVA DA CÂMARA E DÁ OUTRAS PROVIDÊNCIAS.,Mesa Diretora,https://www.pindamonhangaba.sp.leg.br/proposicoes/0/0/0/0/108429#pesquisa
2003-02-11 00:00:00,PROJETO DE RESOLUÇÃO N.º 010/2003,EXTINGUE E CRIA EMPREGOS DO QUADRO DE PESSOAL DA CÂMARA DE VEREADORES.,Mesa Diretora,https://www.pindamonhangaba.sp.leg.br/proposicoes/0/0/0/0/108430#pesquisa
2003-02-04 00:00:00,PROJETO DE RESOLUÇÃO N.º 008/2003,INSTITUI A ATA ELETRÔNICA NAS SESSÕES DE CÂMARA.,Mesa Diretora,https://www.pindamonhangaba.sp.leg.br/proposicoes/0/0/0/0/108428#pesquisa
2003-01-27 00:00:00,PROJETO DE RESOLUÇÃO N.º 007/2003,ALTERA O NÚMERO DE SESSÕES ORDINÁRIAS REALIZADAS PELA CÂMARA DE VEREADORES.,Mesa Diretora,https://www.pindamonhangaba.sp.leg.br/proposicoes/0/0/0/0/108427#pesquisa
2003-01-02 00:00:00,PROJETO DE RESOLUÇÃO N.º 001/2003,"DISPÕE SOBRE ALTERAÇÕES NA ESTRUTURA ADMINISTRATIVA DA CÂMARA DE VEREADORES DE PINDAMONHANGABA, E DÁ OUTRAS PROVIDÊNCIAS.",Mesa Diretora,https://www.pindamonhangaba.sp.leg.br/proposicoes/0/0/0/0/108421#pesquisa
2003-01-02 00:00:00,PROJETO DE RESOLUÇÃO N.º 002/2003,EXTINGUE E CRIA EMPREGOS DO QUADRO DE PESSOAL DA CÂMARA DE VEREADORES,Mesa Diretora,https://www.pindamonhangaba.sp.leg.br/proposicoes/0/0/0/0/108422#pesquisa
2003-01-02 00:00:00,PROJETO DE RESOLUÇÃO N.º 003/2003,CRIA DOZE (12)  EMPREGOS DE ASSSITENTE DE GABINETE DE VEREADOR.,Mesa Diretora,https://www.pindamonhangaba.sp.leg.br/proposicoes/0/0/0/0/108423#pesquisa
2003-01-02 00:00:00,PROJETO DE RESOLUÇÃO N.º 004/2003,"INSTITUI O AUXÍLIO ENCARGOS GERAIS DE GABINETE DE VEREADOR, E DÁ OUTRAS PROVIDÊNCIAS.",Mesa Diretora,https://www.pindamonhangaba.sp.leg.br/proposicoes/0/0/0/0/108424#pesquisa
2003-01-02 00:00:00,PROJETO DE RESOLUÇÃO N.º 005/2003,CRIA A BOLSA ESTÁGIO NA CÂMARA DE VEREADORES DE PINDAMONHANGABA (19) DEZENOVE BOLSAS.,Mesa Diretora,https://www.pindamonhangaba.sp.leg.br/proposicoes/0/0/0/0/108425#pesquisa
2003-01-02 00:00:00,PROJETO DE RESOLUÇÃO N.º 006/2003,DISPÕE SOBRE ESTÁGIO DE ESTUDANTE DE CURSO SUPERIOR.,Mesa Diretora,https://www.pindamonhangaba.sp.leg.br/proposicoes/0/0/0/0/108426#pesquisa
2002-12-02 00:00:00,PROJETO DE RESOLUÇÃO N.º 013/2002,DISPÕE SOBRE A CRIAÇÃO DA SECRETARIA DE INFORMÁTICA NA ESTRUTURA ADMINISTRATIVA DA CÂMARA DE VEREADORES DE PINDAMONHANGABA.,Mesa Diretora,https://www.pindamonhangaba.sp.leg.br/proposicoes/0/0/0/0/108419#pesquisa
2002-12-02 00:00:00,PROJETO DE RESOLUÇÃO N.º 014/2002,DÁ NOVA REDAÇÃO AO ARTIGO 34 DO REGIMENTO INTERNO.,André Luiz Raposo,https://www.pindamonhangaba.sp.leg.br/proposicoes/0/0/0/0/108420#pesquisa
2002-10-30 00:00:00,PROJETO DE RESOLUÇÃO N.º 012/2002,MODIFICA DISPOSITIVOS REGIMENTAIS - CRIAÇÃO DO CARGO DE 3º VICE-PRESIDENTE,Adilson Macedo,https://www.pindamonhangaba.sp.leg.br/proposicoes/0/0/0/0/108418#pesquisa
2002-09-23 00:00:00,PROJETO DE RESOLUÇÃO N.º 011/2002,DISPÕE SOBRE CONCESSÃO DE ABONO SALARIAL E CESTA BÁSICA AOS SERVIDORES DA CÂMARA PARA OS MESES DE SETEMBRO À DEZEMBRO DE 2002.,Mesa Diretora,https://www.pindamonhangaba.sp.leg.br/proposicoes/0/0/0/0/108417#pesquisa
2002-09-16 00:00:00,PROJETO DE RESOLUÇÃO N.º 010/2002,"DISPÕE SOBRE ALTERAÇÃO NO TÓPICO ESCOLARIDADE DO ITEM ""REQUISITOS"" DO EMPREGO DE SECRETÁRIO DE ADMINISTAÇÃO, CONSTANTE DO ANEXO VI, INTEGRANTE DA RESOLUÇÃO N.º 21, DE 03 DE DEZEMBRO DE 2001.",Mesa Diretora,https://www.pindamonhangaba.sp.leg.br/proposicoes/0/0/0/0/108416#pesquisa
2002-05-27 00:00:00,PROJETO DE RESOLUÇÃO N.º 006/2002,"DÁ NOVA REDAÇÃO AO ART. 37, ACERESCENTA O ART. G, DO REGIMENTO INTERNO, CRIANDO A COMISSÃO PERMANENTE DE SEGURANÇA PÚBLICA.",Paulo Sérgio Torino,https://www.pindamonhangaba.sp.leg.br/proposicoes/0/0/0/0/108414#pesquisa
2002-05-20 00:00:00,PROJETO DE RESOLUÇÃO N.º 005/2002,DISPÕE SOBRE CONCESSÃO DE ABONO SALARIAL E CESTA BÁSCIA AOS SERVIDORES DA CÂMARA PARA OS MESES DE MAIO A AGOSTO DE 2002.,Mesa Diretora,https://www.pindamonhangaba.sp.leg.br/proposicoes/0/0/0/0/108413#pesquisa
2002-05-13 00:00:00,PROJETO DE RESOLUÇÃO N.º 007/2002,CONCEDE LICENÇA AOS VEREADORES ANDRÉ RAPOSO E ALEXANDRE PEREIRA COSTA.,Mesa Diretora,https://www.pindamonhangaba.sp.leg.br/proposicoes/0/0/0/0/108415#pesquisa
2002-04-02 00:00:00,PROJETO DE RESOLUÇÃO N.º 003/2002,CONCEDE LICENÇA OA VEREADOR ANDRÉ LUIZ RAPOSO,Mesa Diretora,https://www.pindamonhangaba.sp.leg.br/proposicoes/0/0/0/0/108411#pesquisa
2002-03-25 00:00:00,PROJETO DE RESOLUÇÃO N.º 002/2002,CONCEDE LICENÇA AO VEREADOR ANDRÉ LUIZ RAPOSO,Mesa Diretora,https://www.pindamonhangaba.sp.leg.br/proposicoes/0/0/0/0/108410#pesquisa
2002-02-18 00:00:00,PROJETO DE RESOLUÇÃO N.º 004/2002,"CRIA COMISSÃO DE ÉTICA, DÁ NOVA REDAÇÃO AO ARTIGO 37 E ACRESCENTA O ARTIGO-G DO REGIMENTO INTERNO.",Felipe César,https://www.pindamonhangaba.sp.leg.br/proposicoes/0/0/0/0/108412#pesquisa
2002-01-24 00:00:00,PROJETO DE RESOLUÇÃO N.º 001/2002,DISPÕE SOBRE CONCESSÃO DE ABONO SALARIAL E CESTA BÁSICA AOS SERVIDORES DA CÂMARA PARA OS MESES DE JANEIRO À ABRIL DE 2002.,Mesa Diretora,https://www.pindamonhangaba.sp.leg.br/proposicoes/0/0/0/0/108409#pesquisa
2001-12-10 00:00:00,PROJETO DE RESOLUÇÃO N.º 011/2001,CONCEDE LICENÇA AO VEREADOR FELIPE CÉSAR.,Mesa Diretora,https://www.pindamonhangaba.sp.leg.br/proposicoes/0/0/0/0/108397#pesquisa
2001-12-10 00:00:00,PROJETO DE RESOLUÇÃO N.º 017/2001,DÁ NOVA REDAÇÃO AO § 1º DO ART. 44 DO REGIMENTO INTERNO.,José Antonio Canela,https://www.pindamonhangaba.sp.leg.br/proposicoes/0/0/0/0/108403#pesquisa
2001-11-19 00:00:00,PROJETO DE RESOLUÇÃO N.º 020/2001,DISPÕE SOBRE A ORGANIZAÇÃO ADMINISTRATIVA DA CÂMARA DE VEREADORES E DÁ OUTRAS PROVIDÊNCIAS.,Mesa Diretora,https://www.pindamonhangaba.sp.leg.br/proposicoes/0/0/0/0/108406#pesquisa
2001-11-19 00:00:00,PROJETO DE RESOLUÇÃO N.º 021/2001,DISPÕE SOBRE O QUADRO DE PESSOAL DA CÂMARA E DÁ OUTRAS PROVIDÊNCIAS.,Mesa Diretora,https://www.pindamonhangaba.sp.leg.br/proposicoes/0/0/0/0/108407#pesquisa
2001-11-19 00:00:00,PROJETO DE RESOLUÇÃO N.º 022/2001,"DÁ NOVA REDAÇÃO AO ART. 37, ACRESCENTA O ART. 41-F DO REGIMENTO INTERNO, CRIANDO A COMISSÃO PERMANENTE DE ECOLOGIA E MEIO AMBIENTE.",André Luiz Raposo,https://www.pindamonhangaba.sp.leg.br/proposicoes/0/0/0/0/108408#pesquisa
2001-11-05 00:00:00,PROJETO DE RESOLUÇÃO N.º 019/2001,REGULAMENTA O USO DO PLENÁRIO DA CÂMARA.,Inaldo Soares De Freitas,https://www.pindamonhangaba.sp.leg.br/proposicoes/0/0/0/0/108405#pesquisa
2001-10-29 00:00:00,PROJETO DE RESOLUÇÃO N.º 018/2001,CONCEDE LICENÇÃO AO VEREADOR FELIPE CÉSAR.,Mesa Diretora,https://www.pindamonhangaba.sp.leg.br/proposicoes/0/0/0/0/108404#pesquisa
2001-10-15 00:00:00,PROJETO DE RESOLUÇÃO N.º 015/2001,CONCEDE LICENÇA AO VEREADOR ANDRÉ RAPOSO.,Mesa Diretora,https://www.pindamonhangaba.sp.leg.br/proposicoes/0/0/0/0/108401#pesquisa
2001-10-15 00:00:00,PROJETO DE RESOLUÇÃO N.º 016/2001,"DÁ  NOVA REDAÇÃO AO ART. 37 E ACRESCENTA O ART. 41-E DO REGIMENTO INTERNO, CIRANDO A COMISSÃO PERMANENTE DE INDÚSTRIA, COMÉRCIO E SERVIÇOS.",José Antonio Canela,https://www.pindamonhangaba.sp.leg.br/proposicoes/0/0/0/0/108402#pesquisa
2001-09-24 00:00:00,PROJETO DE RESOLUÇÃO N.º 014/2001,DISPÕE SOBRE CONCESSÃO DE ABONO SALARIAL AOS SERVIDORES DA CÂMARA PARA OS MESES DE SETEMBRO À DEZEMBRO/2001.,Mesa Diretora,https://www.pindamonhangaba.sp.leg.br/proposicoes/0/0/0/0/108400#pesquisa
2001-09-17 00:00:00,PROJETO DE RESOLUÇÃO N.º 012/2001,CONCEDE LICENÇA AO VEREADOR FELIPE CÉSAR.,Mesa Diretora,https://www.pindamonhangaba.sp.leg.br/proposicoes/0/0/0/0/108398#pesquisa
2001-09-17 00:00:00,PROJETO DE RESOLUÇÃO N.º 013/2001,"DÁ NOVA REDAÇÃO AO ART. 37, ACRESCENTA O ART. 41-D, DO REGIMENTO INTERNO, CRIANDO A COMISSÃO PERMANENTE DE TRÂNSITO, TRAFÉGO E TRANSPORTES.",André Luiz Raposo,https://www.pindamonhangaba.sp.leg.br/proposicoes/0/0/0/0/108399#pesquisa
2001-07-02 00:00:00,PROJETO DE RESOLUÇÃO N.º 010/2001,"DÁ NOVA REDAÇÃO AO § 2º DO ART. 3º, DA RESOLUÇÃO N.º 03/2000, QUE ALTERA O USO DA TRIBUNA LIVRE.",Inaldo Soares De Freitas,https://www.pindamonhangaba.sp.leg.br/proposicoes/0/0/0/0/108396#pesquisa
2001-06-25 00:00:00,PROJETO DE RESOLUÇÃO N.º 009/2001,CONCEDE LICENÇA AO VEREADOR FELIPE CÉSAR.,Mesa Diretora,https://www.pindamonhangaba.sp.leg.br/proposicoes/0/0/0/0/108395#pesquisa
2001-06-11 00:00:00,PROJETO DE RESOLUÇÃO N.º 008/2001,ALTERA A REDAÇÃO DE ARTIGOS DO REGIMENTO INTERNO. (DURAÇÃO DA SESSÃO ORDINÁRIA).,Alexandre Pereira Costa,https://www.pindamonhangaba.sp.leg.br/proposicoes/0/0/0/0/108394#pesquisa
2001-05-28 00:00:00,PROJETO DE RESOLUÇÃO N.º 006/2001,ALTERA O CAPUT DO ARTIGO 105 DO REGIMENTO INTERNO.,Renato Flores Bergamini,https://www.pindamonhangaba.sp.leg.br/proposicoes/0/0/0/0/108392#pesquisa
2001-05-28 00:00:00,PROJETO DE RESOLUÇÃO N.º 007/2001,AUTORIZA A CÂMARA D EVEREADORES A IMPLANTAR A  SUA OUVIDORIA,Delvair Gonçalves De Araújo,https://www.pindamonhangaba.sp.leg.br/proposicoes/0/0/0/0/108393#pesquisa
2001-04-18 00:00:00,PROJETO DE RESOLUÇÃO N.º 005/2001,DISPÕE SOBRE CONCESSÃO DE ABONO SALARIAL AOS SERVIDORES DA CÂMARA PARA OS MESES DE MAIO À AGOSTO DE 2001.,Mesa Diretora,https://www.pindamonhangaba.sp.leg.br/proposicoes/0/0/0/0/108391#pesquisa
2001-04-09 00:00:00,PROJETO DE RESOLUÇÃO N.º 004/2001,CRIA UMA COMISSÃO TEMPORÁRIA DE ESTUDOS (ASSUNTO :TRÂNSITO),André Luiz Raposo,https://www.pindamonhangaba.sp.leg.br/proposicoes/0/0/0/0/108390#pesquisa
2001-02-15 00:00:00,PROJETO DE RESOLUÇÃO N.º 003/2001,"ALTERA AS ATRIBUIÇÕES DOS CARGOS CRIADOS PELA RESOLUÇÃO N.º 10/2000, QUE DISPÕE SOBRE A CRIAÇÃO DE  CARGO DE ASSISTENTE PARLAMENTAR E ASSISTENTE DE GABINETE E DEFINE O REGIME TRABALHISTA.",Mesa Diretora,https://www.pindamonhangaba.sp.leg.br/proposicoes/0/0/0/0/108389#pesquisa
2001-02-05 00:00:00,PROJETO DE RESOLUÇÃO N.º 002/2001,CONCEDE LICENÇA AO VEREADOR FELIPE CÉSAR.,Mesa Diretora,https://www.pindamonhangaba.sp.leg.br/proposicoes/0/0/0/0/108388#pesquisa
2001-01-23 00:00:00,PROJETO DE RESOLUÇÃO N.º 001/2001,DISPÕE SOBRE CONCESSÃO DE ABONO SALARIAL AOS SERVIDORES DA CÂMARA PARA OS MESES DE JANEIRO À ABRIL DE 2001.,Mesa Diretora,https://www.pindamonhangaba.sp.leg.br/proposicoes/0/0/0/0/108387#pesquisa
2000-12-19 00:00:00,PROJETO DE RESOLUÇÃO N.º 014/2000,"ACRESCENTA UM ARTIGO A RESOLUÇÃO N.º 10/2000, QUE DISPÕE SOBRE A CRIAÇÃO DE CARGO DE ASSISTENTE PARLAMENTAR E ASSISTENTE DE GABINETE E DÁ OUTRAS PROVIDÊNCAIS.",Mesa Diretora,https://www.pindamonhangaba.sp.leg.br/proposicoes/0/0/0/0/108384#pesquisa
2000-12-04 00:00:00,PROJETO DE RESOLUÇÃO N.º 016/2000,"DÁ NOVA REDAÇÃO AO § 2º DO ART. 3º, DA RESOULUÇÃO N.º 03 DE 27 DE MARÇO DE 2000, QUE ALTERA O USO DA TRIBUNA LIVRE.",Fernando Prado Rezende,https://www.pindamonhangaba.sp.leg.br/proposicoes/0/0/0/0/108386#pesquisa
2000-11-20 00:00:00,PROJETO DE RESOLUÇÃO N.º 015/2000,"REVOGA A RESOLUÇÃO N.º 10/2000, QUE DISPÕE SOBRE A CRIAÇÃO DE CARGO DE ASSISTENTE PARLAMENTAR E ASSISTENTE DE GABINETE E DÁ OUTRAS PROVIDÊNCIAS.",Abel Corrêa Guimarães Filho,https://www.pindamonhangaba.sp.leg.br/proposicoes/0/0/0/0/108385#pesquisa
2000-10-23 00:00:00,PROJETO DE RESOLUÇÃO N.º 013/2000,DISPÕE SOBRE A CRIAÇÃO DE CARGO DE ASSISTENTE PARLAMENTAR E ASSISTENTE DE GABINETE E DÁ OUTRAS PROVIDÊNCIAS.,Mesa Diretora,https://www.pindamonhangaba.sp.leg.br/proposicoes/0/0/0/0/108383#pesquisa
2000-09-29 00:00:00,PROJETO DE RESOLUÇÃO N.º 012/2000,INSITUI REEMBOLSO DE GASTOS ADICIONAIS NO DESEMPENHO DE FUNÇÃO LEGISLATIVA.,Mesa Diretora,https://www.pindamonhangaba.sp.leg.br/proposicoes/0/0/0/0/108382#pesquisa
2000-05-29 00:00:00,PROJETO DE RESOLUÇÃO N.º 011/2000,DISPÕE SOBRE A REALIZAÇÃO DE SESSÃO ITINERANTE DA CÂMARA DE VEREADORES.,André Luiz Raposo,https://www.pindamonhangaba.sp.leg.br/proposicoes/0/0/0/0/108381#pesquisa
2000-05-22 00:00:00,PROJETO DE RESOLUÇÃO N.º 010/2000,DISPÕE SOBRE A CONCESSÃO DE ABONO SALARIAL AOS SERVIDORES DA CÂMARA PARA OS MESES DE MAIO A DEZEMBRO DE 2000,Mesa Diretora,https://www.pindamonhangaba.sp.leg.br/proposicoes/0/0/0/0/108378#pesquisa
2000-04-27 00:00:00,PROJETO DE RESOLUÇÃO N.º 008/2000,CONCEDE LICENÇA A VEREADOR,Mesa Diretora,https://www.pindamonhangaba.sp.leg.br/proposicoes/0/0/0/0/108376#pesquisa
2000-04-27 00:00:00,PROJETO DE RESOLUÇÃO N.º 009/2000,"ALTERA O ART. 2.º DA RESOLUÇÃO N.º 04, DE 27 DE MARÇO DE 2000, QUE INSTITUI JUNTO A CÂMARA DE VEREADORES DE PINDAMONHANGABA, O CENTRO DE DEFESA DO IDOSO.",Renato Flores Bergamini,https://www.pindamonhangaba.sp.leg.br/proposicoes/0/0/0/0/108377#pesquisa
2000-04-17 00:00:00,PROJETO DE RESOLUÇÃO N.º 007/2000,DISPÕE SOBRE ALTERAÇÃO DOS ARTIGOS 37 E 41-A E ACRESCENTA OS ARTIGOS 41-B E 41-C DO REGIMENTO INTERNO.,Mesa Diretora,https://www.pindamonhangaba.sp.leg.br/proposicoes/0/0/0/0/108375#pesquisa
2000-03-13 00:00:00,PROJETO DE RESOLUÇÃO N.º 006/2000,ALTERA O USO DA TRIBUNA LIVRE.,André Luiz Raposo,https://www.pindamonhangaba.sp.leg.br/proposicoes/0/0/0/0/108374#pesquisa
2000-03-09 00:00:00,PROJETO DE RESOLUÇÃO N.º 004/2000,"ACRESCENTA UM PARÁGRAFO AO ARTIGO 157, DO REGIMENTO INTERNO.",André Luiz Raposo,https://www.pindamonhangaba.sp.leg.br/proposicoes/0/0/0/0/108380#pesquisa
2000-02-28 00:00:00,PROJETO DE RESOLUÇÃO N.º 003/2000,DISPÕE SOBRE O USO DA TRIBUNA LIVRE.,Hélio Rodrigues De Oliveira,https://www.pindamonhangaba.sp.leg.br/proposicoes/0/0/0/0/108372#pesquisa
2000-02-21 00:00:00,PROJETO DE RESOLUÇÃO N.º 001/2000,"CONCESSÃO DE ABONO SALARIAL AOS SERVIDORES DA CÂMARA PARA OS MESES DE FEVEREIRO, MARÇO E ABRIL/2000.",Mesa Diretora,https://www.pindamonhangaba.sp.leg.br/proposicoes/0/0/0/0/108371#pesquisa
2000-02-21 00:00:00,PROJETO DE RESOLUÇÃO N.º 002/2000,"INSTITUI JUNTO À CÂMARA, O CENTRO DE DEFESA E ORIENTAÇÃO DO IDOSOS (CDOI).",Renato Flores Bergamini,https://www.pindamonhangaba.sp.leg.br/proposicoes/0/0/0/0/108379#pesquisa
2000-02-09 00:00:00,PROJETO DE RESOLUÇÃO N.º 005/2000,DESMEMBRA A COMISSÃO DE SAÚDE E ASSISTENCIA SOCIAL E CRIA A COMISSÃO DE DEFESA DO CONSUMIDOR.,André Luiz Raposo,https://www.pindamonhangaba.sp.leg.br/proposicoes/0/0/0/0/108373#pesquisa
1999-11-29 00:00:00,PROJETO DE RESOLUÇÃO N.º 010/1999,DISPÕE SOBRE A REALIZAÇÃO DE SESSÃO ITINERANTE.,Paulo Romeiro Ramos Mello,https://www.pindamonhangaba.sp.leg.br/proposicoes/0/0/0/0/108616#pesquisa
1999-11-16 00:00:00,PROJETO DE RESOLUÇÃO N.º 011/1999,DISPÕE SOBRE CONCESSÃO DE ABONO SALARIAL AOS SERVIDORES DA CÂMARA PARA OS MESES DE NOVEMBRO E DEZEMBRO DE 1999 E JANEIRO DE 2000.,Mesa Diretora,https://www.pindamonhangaba.sp.leg.br/proposicoes/0/0/0/0/108617#pesquisa
1999-10-25 00:00:00,PROJETO DE RESOLUÇÃO N.º 009/1999,CONCEDE LICENÇA PARA VEREADOR.,Mesa Diretora,https://www.pindamonhangaba.sp.leg.br/proposicoes/0/0/0/0/108615#pesquisa
1999-09-09 00:00:00,PROJETO DE RESOLUÇÃO N.º 007/1999,DISPÕE SOBRE AS DIÁRIAS PARA DESPESAS COM ALIMENTAÇÃO E DÁ OUTRAS PROVIDÊNCIAS.,Mesa Diretora,https://www.pindamonhangaba.sp.leg.br/proposicoes/0/0/0/0/108613#pesquisa
1999-08-30 00:00:00,PROJETO DE RESOLUÇÃO N.º 008/1999,"DISPÕE SOBRE CONCESSÃO DE ABONO SALARIAL AOS SERVIDORES DA CÂMARA PARA OS MESES DE AGOSTO, SETEMBRO E OUTUBRO/ 99.",Noriaki Odan,https://www.pindamonhangaba.sp.leg.br/proposicoes/0/0/0/0/108614#pesquisa
1999-07-05 00:00:00,PROJETO DE RESOLUÇÃO N.º 006/1999,CONCEDE LICENÇA A VEREADOR.,Mesa Diretora,https://www.pindamonhangaba.sp.leg.br/proposicoes/0/0/0/0/108612#pesquisa
1999-05-17 00:00:00,PROJETO DE RESOLUÇÃO N.º 004/1999,"DÁ NOVA REDAÇÃO AO ARTIGO 114, DO REGIMENTO INTERNO.",Abel Corrêa Guimarães Filho,https://www.pindamonhangaba.sp.leg.br/proposicoes/0/0/0/0/108610#pesquisa
1999-05-13 00:00:00,PROJETO DE RESOLUÇÃO N.º 005/1999,CONCEDE LICENÇA A VEREADOR.,Mesa Diretora,https://www.pindamonhangaba.sp.leg.br/proposicoes/0/0/0/0/108611#pesquisa
1999-05-03 00:00:00,PROJETO DE RESOLUÇÃO N.º 003/1999,"DÁ NOVA REDAÇÃO AO TÍTULO XII, DAS HOMENAGENS ESPECIAIS, CAPÍTULO I, DO TÍTULO DE CIDADANIA HONORÁRIA E CAPÍTULO II, DO MÉRITO LEGISLATIVO ARTIGOS 236 A 247, DO REGIMENTO INTERNO.",Alexandre Pereira Costa,https://www.pindamonhangaba.sp.leg.br/proposicoes/0/0/0/0/108609#pesquisa
1999-02-22 00:00:00,PROJETO DE RESOLUÇÃO N.º 002/1999,"DISPÕE SOBRE CONCESSÃO DE ABONO SALARIAL AOS SERVIDORES DA CÂMARA PARA OS MESES DE FEVEREIRO, MARÇO E ABRIL/99.",Mesa Diretora,https://www.pindamonhangaba.sp.leg.br/proposicoes/0/0/0/0/108608#pesquisa
1999-02-08 00:00:00,PROJETO DE RESOLUÇÃO N.º 001/1999,"DÁ NOVA REDAÇÃO AOS ARTIGOS 148 E 149, DO REGIMENTO INTERNO.",Abel Corrêa Guimarães Filho,https://www.pindamonhangaba.sp.leg.br/proposicoes/0/0/0/0/108607#pesquisa
1998-11-23 00:00:00,PROJETO DE RESOLUÇÃO N.º 021/1998,DISPÕE SOBRE CONCESSÃO DE ABONO SALARIAL AOS SERVIDORES DA CÂMARA PARA OS MESES DE NOVEMBRO E DEZEMBRO/98 E JANEIRO/99.,Felipe César,https://www.pindamonhangaba.sp.leg.br/proposicoes/0/0/0/0/108628#pesquisa
1998-09-14 00:00:00,PROJETO DE RESOLUÇÃO N.º 020/1998,DENOMINA A TRIBUNA INSTALADA NO RECINTO DAS SESSÕES DE CÂMARA.,Abel Corrêa Guimarães Filho,https://www.pindamonhangaba.sp.leg.br/proposicoes/0/0/0/0/108638#pesquisa
1998-08-17 00:00:00,PROJETO DE RESOLUÇÃO N.º 019/1998,"DISPÕE SOBRE CONCESSÃO DE ABONO SALARIAL AOS SERVIDORES DA CÂMARA PARA OS MESES DE AGOSTO, SETEMBRO, E OUTUBRO DE 1998",Felipe César,https://www.pindamonhangaba.sp.leg.br/proposicoes/0/0/0/0/108629#pesquisa
1998-07-30 00:00:00,PROJETO DE RESOLUÇÃO N.º 018/1998,DISPÕE SOBRE CONCESSÃO DE ABONO SALARIAL AOS SERVIDORES DA CÂMARA PARA O MÊS DE JULHO/98,Felipe César,https://www.pindamonhangaba.sp.leg.br/proposicoes/0/0/0/0/108622#pesquisa
1998-06-22 00:00:00,PROJETO DE RESOLUÇÃO N.º 016/1998,DISPÕE SOBRE CONCESSÃO DE ABONO SALARIAL AOS SERVIDORES DA CÂMARA PARA O MÊS DE JUNHO/98,Felipe César,https://www.pindamonhangaba.sp.leg.br/proposicoes/0/0/0/0/108621#pesquisa
1998-06-22 00:00:00,PROJETO DE RESOLUÇÃO N.º 004/1998,"INSTITUI O PROJETO ""VEREADOR POR UM DIA"".",José Carlos Gomes – Cal,https://www.pindamonhangaba.sp.leg.br/proposicoes/0/0/0/0/108626#pesquisa
1998-06-22 00:00:00,PROJETO DE RESOLUÇÃO N.º 003/1998,"INSTITUI PROMOÇÃO ANUAL EM HOMENAGEM AOS ""SERVIDORES PÚBLICOS MUNICIPAIS"".",José Carlos Gomes – Cal,https://www.pindamonhangaba.sp.leg.br/proposicoes/0/0/0/0/108631#pesquisa
1998-05-25 00:00:00,PROJETO DE RESOLUÇÃO N.º 015/1998,"DISPÕE SOBRE CONCESSÃO DE REAJUSTE DE 9% ABONO SALARIAL AOS SERVIDORES DA CÂMARA, PARA O MÊS DE MAIOR/98",Felipe César,https://www.pindamonhangaba.sp.leg.br/proposicoes/0/0/0/0/108625#pesquisa
1998-05-18 00:00:00,PROJETO DE RESOLUÇÃO N.º 014/1998,ACRESCENTA O 4º AO ARTIGO 239 DO REGIMENTO INTERNO.,Felipe César,https://www.pindamonhangaba.sp.leg.br/proposicoes/0/0/0/0/108623#pesquisa
1998-05-18 00:00:00,PROJETO DE RESOLUÇÃO N.º 011/1998,ALTERA OS ARTIGOS 244 E 247 DO REGIMENTO INTERNO.,Fernando Prado Rezende,https://www.pindamonhangaba.sp.leg.br/proposicoes/0/0/0/0/108624#pesquisa
1998-05-18 00:00:00,PROJETO DE RESOLUÇÃO N.º 012/1998,CONCEDE LICENÇA PARA VEREADOR TRATAR DE ASSUNTO DE INTERESSE PARTICULAR.,Felipe César,https://www.pindamonhangaba.sp.leg.br/proposicoes/0/0/0/0/108632#pesquisa
1998-05-04 00:00:00,PROJETO DE RESOLUÇÃO N.º 010/1998,"DÁ NOVA REDAÇÃO AOS ARTIGOS 237, 238, 239 E 242 DO REGIMENTO INTERNO NA CÂMARA.",Fernando Prado Rezende,https://www.pindamonhangaba.sp.leg.br/proposicoes/0/0/0/0/108634#pesquisa
1998-04-27 00:00:00,PROJETO DE RESOLUÇÃO N.º 013/1998,DISPÕE SOBRE CONCESSÃO DE ABONO SALARIAL AOS SERVIDORES DA CÂMARA PARA O MÊS DE ABRIL/98,Felipe César,https://www.pindamonhangaba.sp.leg.br/proposicoes/0/0/0/0/108620#pesquisa
1998-04-23 00:00:00,PROJETO DE RESOLUÇÃO N.º 009/1998,"DÁ NOVA REDAÇÃO AO 1º DO ARTIGO 114, DO REGIMENTO INTERNO.",José Antônio Canela,https://www.pindamonhangaba.sp.leg.br/proposicoes/0/0/0/0/108637#pesquisa
1998-04-06 00:00:00,PROJETO DE RESOLUÇÃO N.º 006/1998,"ALTERA O ARTIGO 6º DA RESOLUÇÃO Nº 04, DE 16 DE MAIO DE 1988 QUE INSTITUI A TRIBUNA LIVRE",Paulo Romeiro Ramos Mello,https://www.pindamonhangaba.sp.leg.br/proposicoes/0/0/0/0/108619#pesquisa
1998-03-30 00:00:00,PROJETO DE RESOLUÇÃO N.º 008/1998,EXTINGUE A VERBA DE REPRESENTAÇÃO DO 1º SECRETÁRIO DA MESA.,Fernando Prado Rezende,https://www.pindamonhangaba.sp.leg.br/proposicoes/0/0/0/0/108636#pesquisa
1998-03-23 00:00:00,PROJETO DE RESOLUÇÃO N.º 007/1998,DISPÕE SOBRE CONCESSÃO DE ABONO SALARIAL AOS SERVIDORES DA CÂMARA PARA O MÊS DE MARÇO/98.,Felipe César,https://www.pindamonhangaba.sp.leg.br/proposicoes/0/0/0/0/108635#pesquisa
1998-02-16 00:00:00,PROJETO DE RESOLUÇÃO N.º 005/1998,DISPÕE SOBRE CONCESSÃO DE ABONO SALARIAL AOS SERVIDORES DA CÂMARA DO MÊS DE FEVEREIRO DE 98,Felipe César,https://www.pindamonhangaba.sp.leg.br/proposicoes/0/0/0/0/108627#pesquisa
1998-02-09 00:00:00,PROJETO DE RESOLUÇÃO N.º 002/1998,"REVOGA A RESOLUÇÃO Nº12, DE 07 DE JULHO DE 1997, QUE INSTITUI O USO DE CAMISA SOCIAL E GRAVATA NAS SESSÕES DA CÂMARA DOS VEREADORES",Felipe César,https://www.pindamonhangaba.sp.leg.br/proposicoes/0/0/0/0/108630#pesquisa
1998-02-02 00:00:00,PROJETO DE RESOLUÇÃO N.º 001/1998,"REVOGA A RESOLUÇÃO Nº 11, DE 07 DE JULHO DE 1997, QUE ALTERA A REDAÇÃO DO ARTIGO 105 DO REGIMENTO INTERNO.",Felipe César,https://www.pindamonhangaba.sp.leg.br/proposicoes/0/0/0/0/108633#pesquisa
1997-12-04 00:00:00,PROJETO DE RESOLUÇÃO N.º 027/1997,"Dispõe sobre concessão de abono salarial ,aos servidores da Câmara ,para o mês de DEZEMBRO/97",Mesa Diretora,https://www.pindamonhangaba.sp.leg.br/proposicoes/0/0/0/0/108664#pesquisa
1997-12-04 00:00:00,PROJETO DE RESOLUÇÃO N.º 028/1997,Dispõe sobre concessão de ABONO SALARIAL aos servidores da Câmara para o mês de JANEIRO/98.,Mesa Diretora,https://www.pindamonhangaba.sp.leg.br/proposicoes/0/0/0/0/108665#pesquisa
1997-11-24 00:00:00,PROJETO DE RESOLUÇÃO N.º 026/1997,Dispõe sobre concessão de abono salarial aos servidores da Câmara para o mês de NOVEMBRO/97.,Mesa Diretora,https://www.pindamonhangaba.sp.leg.br/proposicoes/0/0/0/0/108663#pesquisa
1997-11-10 00:00:00,PROJETO DE RESOLUÇÃO N.º 025/1997,"Dá nova redação a Resolução nº 02/95 ,que regulamente o uso dos veículos da Câmara de Vereadores.",José Esaur De Freitas,https://www.pindamonhangaba.sp.leg.br/proposicoes/0/0/0/0/108662#pesquisa
1997-11-03 00:00:00,PROJETO DE RESOLUÇÃO N.º 024/1997,Proíbe o uso de aparelho celular durante as Sessões Ordinárias e Extraordinárias da Câmara.,Renato Flores Bergamini,https://www.pindamonhangaba.sp.leg.br/proposicoes/0/0/0/0/108661#pesquisa
1997-10-20 00:00:00,PROJETO DE RESOLUÇÃO N.º 023/1997,"Dispõe sobre concessão de abono salarial aos servidores da Câmara ,para o mês de OUTUBRO /97",Mesa Diretora,https://www.pindamonhangaba.sp.leg.br/proposicoes/0/0/0/0/108660#pesquisa
1997-09-22 00:00:00,PROJETO DE RESOLUÇÃO N.º 022/1997,Dispõe sobre concessão de abono salarial aos servidores da Câmara para o mês de SETEMBRO /97,Mesa Diretora,https://www.pindamonhangaba.sp.leg.br/proposicoes/0/0/0/0/108659#pesquisa
1997-09-15 00:00:00,PROJETO DE RESOLUÇÃO N.º 021/1997,Dispõe sobre a realização de sessão itinerantes da Câmara de Vereadores.,Paulo Romeiro Ramos Mello,https://www.pindamonhangaba.sp.leg.br/proposicoes/0/0/0/0/108658#pesquisa
1997-09-11 00:00:00,PROJETO DE RESOLUÇÃO N.º 020/1997,Revoga a Resolução nº 08 de 12 de maio de 1997 que dispõe sobre realização de sessão itinerantes.,Alexandre Pereira Costa,https://www.pindamonhangaba.sp.leg.br/proposicoes/0/0/0/0/108657#pesquisa
1997-08-25 00:00:00,PROJETO DE RESOLUÇÃO N.º 019/1997,"Dispõe sobre concessão de ABONO SALARIAL ,aos servidores da Câmara ,para o mês de AGOSTO/97",Mesa Diretora,https://www.pindamonhangaba.sp.leg.br/proposicoes/0/0/0/0/108656#pesquisa
1997-07-18 00:00:00,PROJETO DE RESOLUÇÃO N.º 018/1997,Dispõe sobre concessão de ABONO SALARIAL aos Servidores da Câmara para o mês de JULHO/97,Mesa Diretora,https://www.pindamonhangaba.sp.leg.br/proposicoes/0/0/0/0/108655#pesquisa
1997-07-07 00:00:00,PROJETO DE RESOLUÇÃO N.º 015/1997,Altera a redação do artigo 105 do Regimento Interno.,Paulo Romeiro Ramos Mello,https://www.pindamonhangaba.sp.leg.br/proposicoes/0/0/0/0/108652#pesquisa
1997-07-07 00:00:00,PROJETO DE RESOLUÇÃO N.º 016/1997,Institui o uso de camisa social e gravata nas sessões da Câmara de Vereadores.,Alexandre Pereira Costa,https://www.pindamonhangaba.sp.leg.br/proposicoes/0/0/0/0/108653#pesquisa
1997-07-07 00:00:00,PROJETO DE RESOLUÇÃO N.º 017/1997,Acrescenta o inciso x e parágrafo único ao artigo 82 do Regime Interno.,Renato Flores Bergamini,https://www.pindamonhangaba.sp.leg.br/proposicoes/0/0/0/0/108654#pesquisa
1997-06-23 00:00:00,PROJETO DE RESOLUÇÃO N.º 014/1997,Dispõe sobre concessão de abono salarial aos servidores da Câmara para o mês de junho/97.,Mesa Diretora,https://www.pindamonhangaba.sp.leg.br/proposicoes/0/0/0/0/108651#pesquisa
1997-05-26 00:00:00,PROJETO DE RESOLUÇÃO N.º 012/1997,"Dispõe sobre concessão de REAJUSTE DE 7% e ABONO SALARIAL aos servidores da Câmara ,para o mês de MAIO/97",Mesa Diretora,https://www.pindamonhangaba.sp.leg.br/proposicoes/0/0/0/0/108650#pesquisa
1997-05-12 00:00:00,PROJETO DE RESOLUÇÃO N.º 010/1997,Dispõe sobre a realização de sessão itinerantes.,Paulo Romeiro Ramos Mello,https://www.pindamonhangaba.sp.leg.br/proposicoes/0/0/0/0/108648#pesquisa
1997-05-12 00:00:00,PROJETO DE RESOLUÇÃO N.º 011/1997,Dá nova redação ao artigo 245 du Regimento Interno da Câmara de Vereadores.,Felipe César,https://www.pindamonhangaba.sp.leg.br/proposicoes/0/0/0/0/108649#pesquisa
1997-04-24 00:00:00,PROJETO DE RESOLUÇÃO N.º 009/1997,Dispõe sobre concessão de abono salarial aos servidores da Câmara para o mês de abril /97.,Mesa Diretora,https://www.pindamonhangaba.sp.leg.br/proposicoes/0/0/0/0/108647#pesquisa
1997-04-05 00:00:00,PROJETO DE RESOLUÇÃO N.º 033/1997,"Denomina uma via do Residencial e Comercial "" Laerte Assumpção"" de ""MARIA LUIZA DA SILVA""",José Esaur De Freitas,https://www.pindamonhangaba.sp.leg.br/proposicoes/0/0/0/0/108618#pesquisa
1997-03-25 00:00:00,PROJETO DE RESOLUÇÃO N.º 007/1997,Dispõe sobre concessão de ABONO SALARIAL aos Servidores da Câmara para o mês de MARÇO/97,Mesa Diretora,https://www.pindamonhangaba.sp.leg.br/proposicoes/0/0/0/0/108645#pesquisa
1997-03-25 00:00:00,PROJETO DE RESOLUÇÃO N.º 008/1997,"Altera o § 2º do artigo 129 ,do Regimento Interno.",José Antônio Canela,https://www.pindamonhangaba.sp.leg.br/proposicoes/0/0/0/0/108646#pesquisa
1997-03-03 00:00:00,PROJETO DE RESOLUÇÃO N.º 006/1997,Dispõe sobre a criação de cargos em comissão e da outras providências.,Mesa Diretora,https://www.pindamonhangaba.sp.leg.br/proposicoes/0/0/0/0/108644#pesquisa
1997-02-24 00:00:00,PROJETO DE RESOLUÇÃO N.º 005/1997,Dispõe sobre concessão de abono salarial aos servidores da Câmara para o mês de fevereiro/97,Mesa Diretora,https://www.pindamonhangaba.sp.leg.br/proposicoes/0/0/0/0/108643#pesquisa
1997-02-14 00:00:00,PROJETO DE RESOLUÇÃO N.º 003/1997,Mantém e regulamenta o uso da Tribuna Livre.,José Antônio Canela,https://www.pindamonhangaba.sp.leg.br/proposicoes/0/0/0/0/108640#pesquisa
1997-02-14 00:00:00,PROJETO DE RESOLUÇÃO N.º 004/1997,"Altera os artigos 148 e 149 ,do Regimento Interno.",João Antonio Salgado Ribeiro,https://www.pindamonhangaba.sp.leg.br/proposicoes/0/0/0/0/108642#pesquisa
1997-02-03 00:00:00,PROJETO DE RESOLUÇÃO N.º 002/1997,Dispõe sobre a realização de sessão itinerante da Câmara de Vereadores,Paulo Romeiro Ramos Mello,https://www.pindamonhangaba.sp.leg.br/proposicoes/0/0/0/0/108641#pesquisa
1997-01-28 00:00:00,PROJETO DE RESOLUÇÃO N.º 001/1997,Dispõe sobre concessão de abono salarial aos servidores da Câmara para o mês de Janeiro/97,Mesa Diretora,https://www.pindamonhangaba.sp.leg.br/proposicoes/0/0/0/0/108639#pesquisa
1996-11-18 00:00:00,PROJETO DE RESOLUÇÃO N.º 012/1996,Dispõe sobre concessão de Abono Salarial aos servidores da Câmara para os meses de novembro e dezembro de 1996.,Mesa Diretora,https://www.pindamonhangaba.sp.leg.br/proposicoes/0/0/0/0/108695#pesquisa
1996-10-25 00:00:00,PROJETO DE RESOLUÇÃO N.º 011/1996,Dispõe sobre concessão de Abono Salarial aos servidores da Câmara para o mês de outubro de 1996.,Mesa Diretora,https://www.pindamonhangaba.sp.leg.br/proposicoes/0/0/0/0/108694#pesquisa
1996-09-16 00:00:00,PROJETO DE RESOLUÇÃO N.º 010/1996,Dispõe sobre concessão de Abono Salarial aos servidores da Câmara para o mês de Setembro de 1996.,Mesa Diretora,https://www.pindamonhangaba.sp.leg.br/proposicoes/0/0/0/0/108693#pesquisa
1996-08-26 00:00:00,PROJETO DE RESOLUÇÃO N.º 009/1996,Dispõe sobre concessão de Abono Salarial aos servidores da Câmara para o mês de agosto de 1996.,Mesa Diretora,https://www.pindamonhangaba.sp.leg.br/proposicoes/0/0/0/0/108692#pesquisa
1996-07-18 00:00:00,PROJETO DE RESOLUÇÃO N.º 006/1996,Dispõe sobre a fixação da remuneração dos Vereadores e Verba de representação do Presidente da Câmara para a Legislatura 1997- 2000.,Comissões,https://www.pindamonhangaba.sp.leg.br/proposicoes/0/0/0/0/108689#pesquisa
1996-07-08 00:00:00,PROJETO DE RESOLUÇÃO N.º 008/1996,Dispõe sobre a fixação de remuneração dos Vereadores e verba de Representação do Presidente da Câmara para a Legislatura 1997-2000.,Comissões,https://www.pindamonhangaba.sp.leg.br/proposicoes/0/0/0/0/108691#pesquisa
1996-06-24 00:00:00,PROJETO DE RESOLUÇÃO N.º 007/1996,"Dispõe sobre concessão de Abono Salarial para os meses de junho e julho de 1996, e reajuste de 3% para o mês de junho aos servidores da Câmara.",Mesa Diretora,https://www.pindamonhangaba.sp.leg.br/proposicoes/0/0/0/0/108690#pesquisa
1996-05-27 00:00:00,PROJETO DE RESOLUÇÃO N.º 005/1996,Dispõe sobre concessão de Abono Salarial aos Servidores da Câmara para o mês de Maio de 1996.,Mesa Diretora,https://www.pindamonhangaba.sp.leg.br/proposicoes/0/0/0/0/108688#pesquisa
1996-04-24 00:00:00,PROJETO DE RESOLUÇÃO N.º 004/1996,Dispõe sobre concessão de 5% de Reajuste e Abono Salarial aos servidores da Câmara para o mês de Abril de 1996.,Mesa Diretora,https://www.pindamonhangaba.sp.leg.br/proposicoes/0/0/0/0/108687#pesquisa
1996-04-10 00:00:00,PROJETO DE RESOLUÇÃO N.º 003/1996,Acrescenta uma letra ao inciso III do art. 24 do Regimento Interno da Câmara.,Renato Teixeira,https://www.pindamonhangaba.sp.leg.br/proposicoes/0/0/0/0/108686#pesquisa
1996-03-25 00:00:00,PROJETO DE RESOLUÇÃO N.º 002/1996,Dispõe sobre concessão de Abono Salarial aos Servidores da Câmara de Vereadores.,Mesa Diretora,https://www.pindamonhangaba.sp.leg.br/proposicoes/0/0/0/0/108685#pesquisa
1996-02-12 00:00:00,PROJETO DE RESOLUÇÃO N.º 001/1996,Dispõe sobre concessão de Abono Salarial aos Servidores da Câmara de Vereadores.,Mesa Diretora,https://www.pindamonhangaba.sp.leg.br/proposicoes/0/0/0/0/108684#pesquisa
1995-12-04 00:00:00,PROJETO DE RESOLUÇÃO N.º 018/1995,DISPÕE SOBRE CONCESSÃO DE ABONO AOS SERVIDORES DA CÂMARA DE VEREADORES.,Mesa Diretora,https://www.pindamonhangaba.sp.leg.br/proposicoes/0/0/0/0/108683#pesquisa
1995-11-20 00:00:00,PROJETO DE RESOLUÇÃO N.º 017/1995,DISPÕE SOBRE CONCESSÃO DE ABONO SALARIAL AOS SERVIDORES DA CÂMARA DE VEREADORES.,Mesa Diretora,https://www.pindamonhangaba.sp.leg.br/proposicoes/0/0/0/0/108682#pesquisa
1995-11-06 00:00:00,PROJETO DE RESOLUÇÃO N.º 005/1995,DISCIPLINA A APRESENTAÇÃO DE REQUERIMENTOS E INDICAÇÕES EM CADA SESSÃO ORDINÁRIA.,Paulo Tarcízio Da Silva Marcondes,https://www.pindamonhangaba.sp.leg.br/proposicoes/0/0/0/0/108670#pesquisa
1995-11-06 00:00:00,PROJETO DE RESOLUÇÃO N.º 015/1995,ALTERA A REDAÇÃO DOS ARTIGOS 113 E 114 DO REGIMENTO INTERNO,Paulo Tarcízio Da Silva Marcondes,https://www.pindamonhangaba.sp.leg.br/proposicoes/0/0/0/0/108680#pesquisa
1995-10-23 00:00:00,PROJETO DE RESOLUÇÃO N.º 016/1995,DISPÕE SOBRE CONCESSÃO DE ABONO AOS SERVIDORES DA CÂMARA DE VEREADORES.,Mesa Diretora,https://www.pindamonhangaba.sp.leg.br/proposicoes/0/0/0/0/108681#pesquisa
1995-10-16 00:00:00,PROJETO DE RESOLUÇÃO N.º 012/1995,DISPÕE SOBRE A ABERTURA DE ENVELOPES CONTENDO DOCUMENTOS E ATAS DAS SESSÕES SECRETAS DA CÂMARA APÓS 20 ANOS.,Paulo Tarcízio Da Silva Marcondes,https://www.pindamonhangaba.sp.leg.br/proposicoes/0/0/0/0/108677#pesquisa
1995-10-02 00:00:00,PROJETO DE RESOLUÇÃO N.º 003/1995,DISPÕE SOBRE A REALIZAÇÃO DE SESSÃO ITINERANTE DA CÂMARA DE VEREADORES.,Paulo Romeiro Ramos Mello,https://www.pindamonhangaba.sp.leg.br/proposicoes/0/0/0/0/108668#pesquisa
1995-10-02 00:00:00,PROJETO DE RESOLUÇÃO N.º 013/1995,DÁ NOVA REDAÇÃO AO ART. 114 DO REGIMENTO INTERNO DA CÂMARA.,José Lelis Nogueira,https://www.pindamonhangaba.sp.leg.br/proposicoes/0/0/0/0/108678#pesquisa
1995-10-02 00:00:00,PROJETO DE RESOLUÇÃO N.º 014/1995,MODIFICA O ART. 105 DO REGIMENTO INTERNO DA CÂMARA.,André Luiz Raposo,https://www.pindamonhangaba.sp.leg.br/proposicoes/0/0/0/0/108679#pesquisa
1995-09-27 00:00:00,PROJETO DE RESOLUÇÃO N.º 011/1995,DISPÕE SOBRE CONCESSÃO DE ABONO AOS SERVIDORES DA CÂMARA DE VEREADORES.,Mesa Diretora,https://www.pindamonhangaba.sp.leg.br/proposicoes/0/0/0/0/108676#pesquisa
1995-08-21 00:00:00,PROJETO DE RESOLUÇÃO N.º 010/1995,DISPÕE SOBRE MAJORAÇÃO DE VENCIMENTOS DOS FUNCIONÁRIOS DA CÂMARA DE VEREADORES E CONCEDE ABONO PARA O MÊS DE AGOSTO/95,Mesa Diretora,https://www.pindamonhangaba.sp.leg.br/proposicoes/0/0/0/0/108675#pesquisa
1995-07-03 00:00:00,PROJETO DE RESOLUÇÃO N.º 009/1995,DISPÕE SOBRE MAJORAÇÃO DE VENCIMENTOS DOS FUNCIONÁRIOS DA CÂMARA E CONCEDE ABONO PARA O MÊS DE JULHO/95,Mesa Diretora,https://www.pindamonhangaba.sp.leg.br/proposicoes/0/0/0/0/108674#pesquisa
1995-06-19 00:00:00,PROJETO DE RESOLUÇÃO N.º 008/1995,DISPÕE SOBRE MAJORAÇÃO DE VENCIMENTOS DOS FUNCIONÁRIOS DA CÂMARA DE VEREADORES E CONCEDE ABONO PARA O MÊS JUNHO/95,Mesa Diretora,https://www.pindamonhangaba.sp.leg.br/proposicoes/0/0/0/0/108673#pesquisa
1995-05-24 00:00:00,PROJETO DE RESOLUÇÃO N.º 007/1995,DISPÕE SOBRE MAJORAÇÃO DE VENCIMENTOS DOS FUNCIONÁRIOS DA CÂMARA DE VEREADORES E CONCEDE ABONO PARA O MÊS DE MAIO/95,Mesa Diretora,https://www.pindamonhangaba.sp.leg.br/proposicoes/0/0/0/0/108672#pesquisa
1995-05-22 00:00:00,PROJETO DE RESOLUÇÃO N.º 006/1995,DISCIPLINA O USO DOS VEÍCULOS DA CÂMARA.,Francisco De Assis Da Cunha,https://www.pindamonhangaba.sp.leg.br/proposicoes/0/0/0/0/108671#pesquisa
1995-04-24 00:00:00,PROJETO DE RESOLUÇÃO N.º 004/1995,DISPÕE SOBRE CONCESSÃO DE ABONO AOS FUNCIONÁRIOS DA CÂMARA DE VEREADORES PARA O MÊS DE ABRIL/95 E AUTORIZA A MAJORAÇÃO DE VENCIMENTOS.,Mesa Diretora,https://www.pindamonhangaba.sp.leg.br/proposicoes/0/0/0/0/108669#pesquisa
1995-03-20 00:00:00,PROJETO DE RESOLUÇÃO N.º 002/1995,DISPÕE SOBRE CONCESSÃO DE ABONO AOS SERVIDORES DA CÂMARA PARA O MÊS DE MARÇO/95,Mesa Diretora,https://www.pindamonhangaba.sp.leg.br/proposicoes/0/0/0/0/108667#pesquisa
1995-02-20 00:00:00,PROJETO DE RESOLUÇÃO N.º 001/1995,CONCESSÃO DE ABONO AOS FUNCIONÁRIOS DA CÂMARA PARA O MÊS DE FEVEREIRO/95,Mesa Diretora,https://www.pindamonhangaba.sp.leg.br/proposicoes/0/0/0/0/108666#pesquisa
1994-12-28 00:00:00,PROJETO DE RESOLUÇÃO N.º 021/1994,Dispõe sobre majoração de vencimentos dos funcionários da Câmara de Vereadores e concede abono para o mês de Janeiro/95.,Mesa Diretora,https://www.pindamonhangaba.sp.leg.br/proposicoes/0/0/0/0/108715#pesquisa
1994-11-28 00:00:00,PROJETO DE RESOLUÇÃO N.º 020/1994,Concede abono aos funcionários da Câmara para o mês de dezembro de 1994.,Mesa Diretora,https://www.pindamonhangaba.sp.leg.br/proposicoes/0/0/0/0/108714#pesquisa
1994-11-21 00:00:00,PROJETO DE RESOLUÇÃO N.º 019/1994,Dispõe sobre majoração de vencimentos dos funcionários da Câmara e concede abono para o mês de novembro /94.,Mesa Diretora,https://www.pindamonhangaba.sp.leg.br/proposicoes/0/0/0/0/108713#pesquisa
1994-10-17 00:00:00,PROJETO DE RESOLUÇÃO N.º 018/1994,Dispõe sobre majoração de vencimentos dos funcionários da Câmara de Vereadores.,Mesa Diretora,https://www.pindamonhangaba.sp.leg.br/proposicoes/0/0/0/0/108712#pesquisa
1994-09-19 00:00:00,PROJETO DE RESOLUÇÃO N.º 017/1994,Dispõe sobre majoração de vencimentos dos funcionários da Câmara de Vereadores.,Mesa Diretora,https://www.pindamonhangaba.sp.leg.br/proposicoes/0/0/0/0/108711#pesquisa
1994-08-22 00:00:00,PROJETO DE RESOLUÇÃO N.º 015/1994,Dispõe sobre majoração de vencimentos dos funcionários da Câmara de Vereadores.,Mesa Diretora,https://www.pindamonhangaba.sp.leg.br/proposicoes/0/0/0/0/108709#pesquisa
1994-08-22 00:00:00,PROJETO DE RESOLUÇÃO N.º 016/1994,Dispõe sobre o processo de votação nominal.,José Lelis Nogueira,https://www.pindamonhangaba.sp.leg.br/proposicoes/0/0/0/0/108710#pesquisa
1994-08-08 00:00:00,PROJETO DE RESOLUÇÃO N.º 014/1994,Dispõe sobre o Relatório da Comissão Especial de Inquérito.,Comissões,https://www.pindamonhangaba.sp.leg.br/proposicoes/0/0/0/0/108716#pesquisa
1994-08-01 00:00:00,PROJETO DE RESOLUÇÃO N.º 011/1994,Dispõe sobre o serviço de pesquisa de preço.,Francisco De Assis Da Cunha,https://www.pindamonhangaba.sp.leg.br/proposicoes/0/0/0/0/108706#pesquisa
1994-08-01 00:00:00,PROJETO DE RESOLUÇÃO N.º 012/1994,Dispõe sobre a prorrogação do prazo de Comissão Especial de Inquérito.,Mesa Diretora,https://www.pindamonhangaba.sp.leg.br/proposicoes/0/0/0/0/108707#pesquisa
1994-08-01 00:00:00,PROJETO DE RESOLUÇÃO N.º 013/1994,Dispõe sobre estágios de estudantes de 2º grau.,Mesa Diretora,https://www.pindamonhangaba.sp.leg.br/proposicoes/0/0/0/0/108708#pesquisa
1994-07-09 00:00:00,PROJETO DE RESOLUÇÃO N.º 010/1994,Dispõe sobre prorrogação de prazo da Comissão Especial de Inquérito.,Mesa Diretora,https://www.pindamonhangaba.sp.leg.br/proposicoes/0/0/0/0/108705#pesquisa
1994-06-20 00:00:00,PROJETO DE RESOLUÇÃO N.º 009/1994,Dispõe sobre urvenização de vencimentos dos funcionários da Câmara de Vereadores.,Mesa Diretora,https://www.pindamonhangaba.sp.leg.br/proposicoes/0/0/0/0/108704#pesquisa
1994-05-23 00:00:00,PROJETO DE RESOLUÇÃO N.º 008/1994,Dispõe sobre majoração de vencimentos dos funcionários da Câmara de Vereadores.,Mesa Diretora,https://www.pindamonhangaba.sp.leg.br/proposicoes/0/0/0/0/108703#pesquisa
1994-04-18 00:00:00,PROJETO DE RESOLUÇÃO N.º 006/1994,Dispõe sobre majoração de vencimentos dos funcionários da Câmara de Vereadores.,Mesa Diretora,https://www.pindamonhangaba.sp.leg.br/proposicoes/0/0/0/0/108701#pesquisa
1994-04-18 00:00:00,PROJETO DE RESOLUÇÃO N.º 007/1994,Regulamenta o uso dos veículos da Câmara de Vereadores.,Luiz Fernando Salgado Marcondes ,https://www.pindamonhangaba.sp.leg.br/proposicoes/0/0/0/0/108702#pesquisa
1994-03-21 00:00:00,PROJETO DE RESOLUÇÃO N.º 004/1994,Majoração de vencimentos dos funcionários da Câmara .,Mesa Diretora,https://www.pindamonhangaba.sp.leg.br/proposicoes/0/0/0/0/108699#pesquisa
1994-03-21 00:00:00,PROJETO DE RESOLUÇÃO N.º 005/1994,Dispõe sobre a realização de Sessão Itinerantes da Câmara de Vereadores.,Paulo Romeiro Ramos Mello,https://www.pindamonhangaba.sp.leg.br/proposicoes/0/0/0/0/108700#pesquisa
1994-02-17 00:00:00,PROJETO DE RESOLUÇÃO N.º 003/1994,Dispõe sobre majoração de vencimentos dos funcionários da Câmara de Vereadores.,Mesa Diretora,https://www.pindamonhangaba.sp.leg.br/proposicoes/0/0/0/0/108698#pesquisa
1994-02-07 00:00:00,PROJETO DE RESOLUÇÃO N.º 002/1994,Dispõe sobre a estrutura administrativa e órgãos de assessoria da Câmara de Vereadores de Pindamonhangaba e dá outras providências.,Mesa Diretora,https://www.pindamonhangaba.sp.leg.br/proposicoes/0/0/0/0/108697#pesquisa
1994-01-19 00:00:00,PROJETO DE RESOLUÇÃO N.º 001/1994,Dispõe sobre majoração dos vencimentos dos funcionários da  Câmara de Vereadores.,Mesa Diretora,https://www.pindamonhangaba.sp.leg.br/proposicoes/0/0/0/0/108696#pesquisa
1993-11-22 00:00:00,PROJETO DE RESOLUÇÃO N.º 025/1993,DISPÕE SOBRE A MAJORAÇÃO DOS VENCIMENTOS DOS FUNCIONÁRIOS DA CÂMARA DOS VEREADORES.,Mesa Diretora,https://www.pindamonhangaba.sp.leg.br/proposicoes/0/0/0/0/108798#pesquisa
1993-11-16 00:00:00,PROJETO DE RESOLUÇÃO N.º 024/1993,DISPÕE SOBRE MAJORAÇÃO DOS VENCIMENTOS DOS FUNCIONÁRIOS DA CÂMARA DE VEREADORES.,Mesa Diretora,https://www.pindamonhangaba.sp.leg.br/proposicoes/0/0/0/0/108797#pesquisa
1993-10-18 00:00:00,PROJETO DE RESOLUÇÃO N.º 023/1993,DISPÕE SOBRE A MAJORAÇÃO DOS VENCIMENTOS DOS FUNCIONÁRIOS DA CÂMARA DE VEREADORES.,Mesa Diretora,https://www.pindamonhangaba.sp.leg.br/proposicoes/0/0/0/0/108796#pesquisa
1993-09-13 00:00:00,PROJETO DE RESOLUÇÃO N.º 022/1993,DISPÕE SOBRE A MAJORAÇÃO DOS VENCIMENTOS DOS FUNCIONÁRIOS DA CÂMARA DE VEREADORES.,Mesa Diretora,https://www.pindamonhangaba.sp.leg.br/proposicoes/0/0/0/0/108795#pesquisa
1993-08-09 00:00:00,PROJETO DE RESOLUÇÃO N.º 020/1993,DISPÕE SOBRE CELEBRAÇÃO DE CONTRATO COM A UNIMED DE PINDAMONHANGABA.,Mesa Diretora,https://www.pindamonhangaba.sp.leg.br/proposicoes/0/0/0/0/108793#pesquisa
1993-08-09 00:00:00,PROJETO DE RESOLUÇÃO N.º 021/1993,DISPÕE SOBRE A MAJORAÇÃO DOS VENCIMENTOS DOS FUNCIONÁRIOS DA CÂMARA MUNICIPAL.,Mesa Diretora,https://www.pindamonhangaba.sp.leg.br/proposicoes/0/0/0/0/108794#pesquisa
1993-07-15 00:00:00,PROJETO DE RESOLUÇÃO N.º 019/1993,DISPÕE SOBRE A MAJORAÇÃO DOS VENCIMENTOS DOS FUNCIONÁRIOS DA CÂMARA MUNICIPAL.,Mesa Diretora,https://www.pindamonhangaba.sp.leg.br/proposicoes/0/0/0/0/108792#pesquisa
1993-07-05 00:00:00,PROJETO DE RESOLUÇÃO N.º 018/1993,MODIFICA O ARTIGO 105 DO REGIMENTO INTERNO DA CÂMARA DE VEREADORES DE PINDAMONHANGABA.,Luis Fernando Ramos Nogueira ,https://www.pindamonhangaba.sp.leg.br/proposicoes/0/0/0/0/108791#pesquisa
1993-06-21 00:00:00,PROJETO DE RESOLUÇÃO N.º 017/1993,ALTERA A REDAÇÃO DO ARTIGO 114 DO REGIMENTO INTERNO DA CÂMARA DE VEREADORES.,Luis Fernando Ramos Nogueira ,https://www.pindamonhangaba.sp.leg.br/proposicoes/0/0/0/0/108790#pesquisa
1993-06-14 00:00:00,PROJETO DE RESOLUÇÃO N.º 016/1993,DISPÕE SOBRE A MAJORAÇÃO DOS VENCIMENTOS DOS FUNCIONÁRIOS DA CÂMARA MUNICIPAL.,Mesa Diretora,https://www.pindamonhangaba.sp.leg.br/proposicoes/0/0/0/0/108789#pesquisa
1993-05-24 00:00:00,PROJETO DE RESOLUÇÃO N.º 015/1993,DISPÕE SOBRE A MAJORAÇÃO DOS VENCIMENTOS DOS FUNCIONÁRIOS DA CÂMARA MUNICIPAL.,Mesa Diretora,https://www.pindamonhangaba.sp.leg.br/proposicoes/0/0/0/0/108788#pesquisa
1993-05-03 00:00:00,PROJETO DE RESOLUÇÃO N.º 006/1993,DÁ NOVA REDAÇÃO AO ARTIGO 105 DO REGIMENTO INTERNO DA CÂMARA MUNICIPAL.,André Luiz Raposo,https://www.pindamonhangaba.sp.leg.br/proposicoes/0/0/0/0/108779#pesquisa
1993-04-22 00:00:00,PROJETO DE RESOLUÇÃO N.º 014/1993,DISPÕE SOBRE REESTRUTURAÇÃO E CLASSIFICAÇÃO DE FUNÇÕES E CARGOS DA CÂMARA MUNICIPAL E DÁ OUTRAS PROVIDÊNCIAS.,Mesa Diretora,https://www.pindamonhangaba.sp.leg.br/proposicoes/0/0/0/0/108787#pesquisa
1993-03-22 00:00:00,PROJETO DE RESOLUÇÃO N.º 012/1993,DISPÕE SOBRE A VERIFICAÇÃO DE PRESENÇA DE VEREADOR EM SESSÕES ORDINÁRIAS E DÁ OUTRAS PROVIDÊNCIAS.,Paulo Tarcízio Da Silva Marcondes,https://www.pindamonhangaba.sp.leg.br/proposicoes/0/0/0/0/108785#pesquisa
1993-03-19 00:00:00,PROJETO DE RESOLUÇÃO N.º 013/1993,DISPÕE SOBRE A MAJORAÇÃO DOS VENCIMENTOS DOS FUNCIONÁRIOS DA CÂMARA MUNICIPAL.,Mesa Diretora,https://www.pindamonhangaba.sp.leg.br/proposicoes/0/0/0/0/108786#pesquisa
1993-03-08 00:00:00,PROJETO DE RESOLUÇÃO N.º 009/1993,"DÁ NOVA REDAÇÃO AO ART. 245, DO REGIMENTO INTERNO DA CÂMARA MUNICIPAL.",Luis Fernando Ramos Nogueira ,https://www.pindamonhangaba.sp.leg.br/proposicoes/0/0/0/0/108781#pesquisa
1993-03-08 00:00:00,PROJETO DE RESOLUÇÃO N.º 008/1993,"DÁ NOVA REDAÇÃO AO ART. 114, AOS SEUS INCISOS E PARÁGRAFOS, DO REGIMENTO INTERNO.",Luis Fernando Ramos Nogueira ,https://www.pindamonhangaba.sp.leg.br/proposicoes/0/0/0/0/108782#pesquisa
1993-03-08 00:00:00,PROJETO DE RESOLUÇÃO N.º 010/1993,"DÁ NOVA REDAÇÃO AO ART. 238, DO REGIMENTO INTERNO DA CÂMARA MUNICIPAL E DÁ OUTRAS PROVIDÊNCIAS.",Luis Fernando Ramos Nogueira ,https://www.pindamonhangaba.sp.leg.br/proposicoes/0/0/0/0/108783#pesquisa
1993-03-01 00:00:00,PROJETO DE RESOLUÇÃO N.º 004/1993,DISPÕE SOBRE A CRIAÇÃO DA COMISSÃO DE ASSUNTOS RURAIS.,Renato Teixeira,https://www.pindamonhangaba.sp.leg.br/proposicoes/0/0/0/0/108777#pesquisa
1993-03-01 00:00:00,PROJETO DE RESOLUÇÃO N.º 005/1993,DÁ NOVA REDAÇÃO AO ARTIGO 40 DO REGIMENTO INTERNO DA CÂMARA MUNICIPAL.,Renato Teixeira,https://www.pindamonhangaba.sp.leg.br/proposicoes/0/0/0/0/108778#pesquisa
1993-03-01 00:00:00,PROJETO DE RESOLUÇÃO N.º 007/1993,DISPÕE SOBRE ALTERAÇÃO DOS ARTIGOS 37 E 41 DO REGIMENTO INTERNO DA CÂMARA.,André Luiz Raposo,https://www.pindamonhangaba.sp.leg.br/proposicoes/0/0/0/0/108780#pesquisa
1993-02-15 00:00:00,PROJETO DE RESOLUÇÃO N.º 011/1993,DISPÕE SOBRE A MAJORAÇÃO DOS VENCIMENTOS DOS FUNCIONÁRIOS DA CÂMARA MUNICIPAL.,Mesa Diretora,https://www.pindamonhangaba.sp.leg.br/proposicoes/0/0/0/0/108784#pesquisa
1993-02-08 00:00:00,PROJETO DE RESOLUÇÃO N.º 003/1993,DISPÕE SOBRE A CRIAÇÃO DE CARGOS EM COMISSÃO E DÁ OUTRAS PROVIDÊNCIAS.,Mesa Diretora,https://www.pindamonhangaba.sp.leg.br/proposicoes/0/0/0/0/108776#pesquisa
1993-02-01 00:00:00,PROJETO DE RESOLUÇÃO N.º 002/1993,"REVOGA A RESOLUÇÃO Nº 03, DE 12 DE MARÇO DE 1990",Comissões,https://www.pindamonhangaba.sp.leg.br/proposicoes/0/0/0/0/108775#pesquisa
1993-01-20 00:00:00,PROJETO DE RESOLUÇÃO N.º 001/1993,DISPÕE SOBRE A MAJORAÇÃO DOS VENCIMENTOS DOS FUNCIONÁRIOS DA CÂMARA MUNICIPAL,Mesa Diretora,https://www.pindamonhangaba.sp.leg.br/proposicoes/0/0/0/0/108761#pesquisa
1992-11-30 00:00:00,PROJETO DE RESOLUÇÃO N.º 020/1992,DISPÕE SOBRE A MAJORAÇÃO DOS VENCIMENTOS DOS FUNCIONÁRIOS DA CÂMARA MUNICIPAL.,Mesa Diretora,https://www.pindamonhangaba.sp.leg.br/proposicoes/0/0/0/0/108736#pesquisa
1992-11-09 00:00:00,PROJETO DE RESOLUÇÃO N.º 019/1992,DISPÕE SOBRE A MAJORAÇÃO DOS VENCIMENTOS DOS FUNCIONÁRIOS DA CÂMARA MUNICIPAL.,Mesa Diretora,https://www.pindamonhangaba.sp.leg.br/proposicoes/0/0/0/0/108735#pesquisa
1992-10-09 00:00:00,PROJETO DE RESOLUÇÃO N.º 018/1992,DISPÕE SOBRE A MAJORAÇÃO DOS VENCIMENTOS DOS FUNCIONÁRIOS DA CÂMARA MUNICIPAL.,Mesa Diretora,https://www.pindamonhangaba.sp.leg.br/proposicoes/0/0/0/0/108734#pesquisa
1992-09-11 00:00:00,PROJETO DE RESOLUÇÃO N.º 017/1992,DISPÕE SOBRE A MAJORAÇÃO DOS VENCIMENTOS DOS FUNCIONÁRIOS DA CÂMARA MUNICIPAL.,Mesa Diretora,https://www.pindamonhangaba.sp.leg.br/proposicoes/0/0/0/0/108733#pesquisa
1992-08-03 00:00:00,PROJETO DE RESOLUÇÃO N.º 015/1992,MODIFICA DISPOSITIVO REGIMENTAL.,André Luiz Raposo,https://www.pindamonhangaba.sp.leg.br/proposicoes/0/0/0/0/108731#pesquisa
1992-08-03 00:00:00,PROJETO DE RESOLUÇÃO N.º 016/1992,DISPÕE SOBRE MAJORAÇÃO DOS VENCIMENTOS DOS FUNCIONÁRIOS DA CÂMARA MUNICIPAL.,Mesa Diretora,https://www.pindamonhangaba.sp.leg.br/proposicoes/0/0/0/0/108732#pesquisa
1992-07-21 00:00:00,PROJETO DE RESOLUÇÃO N.º 014/1992,DISPÕE SOBRE A FIXAÇÃO DA REMUNERAÇÃO DOS VEREADORES E VERBA DE REPRESENTAÇÃO DO PRESIDENTE DA CÂMARA MUNICIPAL PARA A LEGISLATURA 1993-1996 E DÁ OUTRAS PROVIDÊNCIAS.,Comissões,https://www.pindamonhangaba.sp.leg.br/proposicoes/0/0/0/0/108730#pesquisa
1992-07-06 00:00:00,PROJETO DE RESOLUÇÃO N.º 009/1992,REGULAMENTA O USO DE VEÍCULOS DA CÂMARA MUNICIPAL.,José Laércio Balbo,https://www.pindamonhangaba.sp.leg.br/proposicoes/0/0/0/0/108725#pesquisa
1992-07-06 00:00:00,PROJETO DE RESOLUÇÃO N.º 013/1992,DISPÕE SOBRE A MAJORAÇÃO DOS VENCIMENTOS DOS FUNCIONÁRIOS DA CÂMARA MUNICIPAL.,Mesa Diretora,https://www.pindamonhangaba.sp.leg.br/proposicoes/0/0/0/0/108729#pesquisa
1992-06-15 00:00:00,PROJETO DE RESOLUÇÃO N.º 012/1992,DISPÕE SOBRE MAJORAÇÃO DOS VENCIMENTOS DOS FUNCIONÁRIOS DA CÂMARA MUNICIPAL.,Mesa Diretora,https://www.pindamonhangaba.sp.leg.br/proposicoes/0/0/0/0/108728#pesquisa
1992-05-18 00:00:00,PROJETO DE RESOLUÇÃO N.º 010/1992,DISPÕE SOBRE A CRIAÇÃO DE CARGO DE PROGRAMADOR DE COMPUTADOR.,Mesa Diretora,https://www.pindamonhangaba.sp.leg.br/proposicoes/0/0/0/0/108726#pesquisa
1992-05-18 00:00:00,PROJETO DE RESOLUÇÃO N.º 011/1992,DISPÕE SOBRE A MAJORAÇÃO DOS VENCIMENTOS DOS FUNCIONÁRIOS DA CÂMARA MUNICIPAL.,Mesa Diretora,https://www.pindamonhangaba.sp.leg.br/proposicoes/0/0/0/0/108727#pesquisa
1992-04-13 00:00:00,PROJETO DE RESOLUÇÃO N.º 007/1992,DISPÕE SOBRE A MAJORAÇÃO DOS VENCIMENTOS DOS FUNCIONÁRIOS DA CÂMARA MUNICIPAL.,Mesa Diretora,https://www.pindamonhangaba.sp.leg.br/proposicoes/0/0/0/0/108723#pesquisa
1992-04-13 00:00:00,PROJETO DE RESOLUÇÃO N.º 008/1992,DISPÕE SOBRE A CELEBRAÇÃO DE CONTRATO COM A UNIMED DE PINDAMONHANGABA.,Mesa Diretora,https://www.pindamonhangaba.sp.leg.br/proposicoes/0/0/0/0/108724#pesquisa
1992-04-06 00:00:00,PROJETO DE RESOLUÇÃO N.º 005/1992,FIXA A VERBA DE REPRESENTAÇÃO DO PRESIDENTE DA CÂMARA MUNICIPAL PARA O EXERCÍCIO DE 1992.,Mesa Diretora,https://www.pindamonhangaba.sp.leg.br/proposicoes/0/0/0/0/108721#pesquisa
1992-04-06 00:00:00,PROJETO DE RESOLUÇÃO N.º 006/1992,DISPÕE SOBRE A CRIAÇÃO DO CARGO DE AGENTE DE SEGURANÇA.,Mesa Diretora,https://www.pindamonhangaba.sp.leg.br/proposicoes/0/0/0/0/108722#pesquisa
1992-03-30 00:00:00,PROJETO DE RESOLUÇÃO N.º 003/1992,DISPÕE SOBRE A VERIFICAÇÃO DA PRESENÇA DE VEREADORES EM SESSÕES ORDINÁRIAS E DÁ OUTRAS PROVIDÊNCIAS.,Juracy Correia Da Trindade,https://www.pindamonhangaba.sp.leg.br/proposicoes/0/0/0/0/108719#pesquisa
1992-03-06 00:00:00,PROJETO DE RESOLUÇÃO N.º 004/1992,DISPÕE SOBRE MAJORAÇÃO DOS VENCIMENTOS DOS FUNCIONÁRIOS DA CÂMARA MUNICIPAL.,Mesa Diretora,https://www.pindamonhangaba.sp.leg.br/proposicoes/0/0/0/0/108720#pesquisa
1992-02-10 00:00:00,PROJETO DE RESOLUÇÃO N.º 002/1992,DISPÕE SOBRE MAJORAÇÃO DOS VENCIMENTOS DOS FUNCIONÁRIOS DA CÂMARA MUNICIPAL.,Mesa Diretora,https://www.pindamonhangaba.sp.leg.br/proposicoes/0/0/0/0/108718#pesquisa
1992-01-13 00:00:00,PROJETO DE RESOLUÇÃO N.º 001/1992,DISPÕE SOBRE MAJORAÇÃO DOS VENCIMENTOS DOS FUNCIONÁRIOS DA CÂMARA MUNICIPAL,Mesa Diretora,https://www.pindamonhangaba.sp.leg.br/proposicoes/0/0/0/0/108717#pesquisa
1991-11-11 00:00:00,PROJETO DE RESOLUÇÃO N.º 022/1991,Dispõe sobre majoração dos vencimentos dos funcionários da Câmara Municipal.,Mesa Diretora,https://www.pindamonhangaba.sp.leg.br/proposicoes/0/0/0/0/108752#pesquisa
1991-11-11 00:00:00,PROJETO DE RESOLUÇÃO N.º 021/1991,Disciplina o uso de paletó e gravata na Câmara Municipal e dá outras providências.,Paulo Romeiro Ramos Mello,https://www.pindamonhangaba.sp.leg.br/proposicoes/0/0/0/0/108753#pesquisa
1991-10-07 00:00:00,PROJETO DE RESOLUÇÃO N.º 020/1991,Dispõe sobre majoração dos vencimentos dos vencimentos dos funcionários da Câmara Municipal.,Mesa Diretora,https://www.pindamonhangaba.sp.leg.br/proposicoes/0/0/0/0/108754#pesquisa
1991-09-23 00:00:00,PROJETO DE RESOLUÇÃO N.º 018/1991,Dispõe sobre alteração do § 7º do artigo 116 do Regimento interno.,Luis Fernando Ramos Nogueira ,https://www.pindamonhangaba.sp.leg.br/proposicoes/0/0/0/0/108756#pesquisa
1991-09-09 00:00:00,PROJETO DE RESOLUÇÃO N.º 019/1991,Dispõe sobre a majoração dos vencimentos dos funcionários da Câmara Municipal.,Mesa Diretora,https://www.pindamonhangaba.sp.leg.br/proposicoes/0/0/0/0/108755#pesquisa
1991-08-12 00:00:00,PROJETO DE RESOLUÇÃO N.º 017/1991,Dispõe sobre a majoração dos vencimentos dos funcionários da Câmara Municipal.,Mesa Diretora,https://www.pindamonhangaba.sp.leg.br/proposicoes/0/0/0/0/108757#pesquisa
1991-07-08 00:00:00,PROJETO DE RESOLUÇÃO N.º 016/1991,"Altera o artigo 2º da Resolução nº 14, de 24 de junho de 1991.",Paulo Romeiro Ramos Mello,https://www.pindamonhangaba.sp.leg.br/proposicoes/0/0/0/0/108758#pesquisa
1991-07-08 00:00:00,PROJETO DE RESOLUÇÃO N.º 015/1991,Dispõe sobre majoração dos vencimentos dos funcionários da Câmara Municipal.,Mesa Diretora,https://www.pindamonhangaba.sp.leg.br/proposicoes/0/0/0/0/108759#pesquisa
1991-06-24 00:00:00,PROJETO DE RESOLUÇÃO N.º 014/1991,Dispõe sobre majoração dos vencimentos dos funcionários da Câmara Municipal.,Mesa Diretora,https://www.pindamonhangaba.sp.leg.br/proposicoes/0/0/0/0/108760#pesquisa
1991-06-24 00:00:00,PROJETO DE RESOLUÇÃO N.º 013/1991,Institui o uso de Paletó e de gravata nas sessões da Câmara Municipal.,Luis Fernando Ramos Nogueira ,https://www.pindamonhangaba.sp.leg.br/proposicoes/0/0/0/0/108762#pesquisa
1991-05-13 00:00:00,PROJETO DE RESOLUÇÃO N.º 012/1991,Dispõe sobre a criação de cargo de Redator de Ata e dá outras providências.,Mesa Diretora,https://www.pindamonhangaba.sp.leg.br/proposicoes/0/0/0/0/108763#pesquisa
1991-04-15 00:00:00,PROJETO DE RESOLUÇÃO N.º 011/1991,Dispõe sobre a majoração dos vencimentos dos funcionários da Câmara Municipal.,Mesa Diretora,https://www.pindamonhangaba.sp.leg.br/proposicoes/0/0/0/0/108764#pesquisa
1991-04-08 00:00:00,PROJETO DE RESOLUÇÃO N.º 010/1991,Acrescenta § 7º no artigo 116 do Regimento Interno.,Luis Fernando Ramos Nogueira ,https://www.pindamonhangaba.sp.leg.br/proposicoes/0/0/0/0/108765#pesquisa
1991-03-25 00:00:00,PROJETO DE RESOLUÇÃO N.º 009/1991,Modifica dispositivos de resolução 04 de 1988 que institui a Tribuna Livre.,Luis Fernando Ramos Nogueira ,https://www.pindamonhangaba.sp.leg.br/proposicoes/0/0/0/0/108766#pesquisa
1991-03-25 00:00:00,PROJETO DE RESOLUÇÃO N.º 008/1991,Modifica dispositivos regimental- supressão do § 4º do artigo 208.,Luis Fernando Ramos Nogueira ,https://www.pindamonhangaba.sp.leg.br/proposicoes/0/0/0/0/108767#pesquisa
1991-03-18 00:00:00,PROJETO DE RESOLUÇÃO N.º 007/1991,Modifica dispositivo regimental (inciso I e § 1º do artigo 114).,Luis Fernando Ramos Nogueira ,https://www.pindamonhangaba.sp.leg.br/proposicoes/0/0/0/0/108768#pesquisa
1991-02-25 00:00:00,PROJETO DE RESOLUÇÃO N.º 006/1991,Dispõe sobre a criação do departamento de comunicação social e dá outras providências.,Mesa Diretora,https://www.pindamonhangaba.sp.leg.br/proposicoes/0/0/0/0/108769#pesquisa
1991-02-18 00:00:00,PROJETO DE RESOLUÇÃO N.º 005/1991,Modifica dispositivo regimental (artigo 105 do Regimento interno).,Luis Fernando Ramos Nogueira ,https://www.pindamonhangaba.sp.leg.br/proposicoes/0/0/0/0/108770#pesquisa
1991-02-18 00:00:00,PROJETO DE RESOLUÇÃO N.º 004/1991,Modifica dispositivos regimental (artigo 107 de Regimento Interno).,Luis Fernando Ramos Nogueira ,https://www.pindamonhangaba.sp.leg.br/proposicoes/0/0/0/0/108771#pesquisa
1991-02-18 00:00:00,PROJETO DE RESOLUÇÃO N.º 003/1991,Modifica dispositivo regimental (artigo 112 do Regimento Interno).,Luis Fernando Ramos Nogueira ,https://www.pindamonhangaba.sp.leg.br/proposicoes/0/0/0/0/108772#pesquisa
1991-02-14 00:00:00,PROJETO DE RESOLUÇÃO N.º 002/1991,Dispõe sobre majoração dos vencimentos dos funcionários da Câmara Municipal.,Mesa Diretora,https://www.pindamonhangaba.sp.leg.br/proposicoes/0/0/0/0/108773#pesquisa
1991-02-04 00:00:00,PROJETO DE RESOLUÇÃO N.º 001/1991,Dá nova redação ao artigo 149 do Regimento Interno.,Luis Fernando Ramos Nogueira ,https://www.pindamonhangaba.sp.leg.br/proposicoes/0/0/0/0/108774#pesquisa
1990-12-20 00:00:00,PROJETO DE RESOLUÇÃO N.º 025/1990,Fixa a verba de Representação do Presidente da Câmara Municipal para o Exercício de 1991.,Mesa Diretora,https://www.pindamonhangaba.sp.leg.br/proposicoes/0/0/0/0/108823#pesquisa
1990-11-26 00:00:00,PROJETO DE RESOLUÇÃO N.º 021/1990,Reclassifica os símbolos dos cargos comissionados da Câmara Municipal.,Mesa Diretora,https://www.pindamonhangaba.sp.leg.br/proposicoes/0/0/0/0/108819#pesquisa
1990-11-26 00:00:00,PROJETO DE RESOLUÇÃO N.º 022/1990,Dispõe sobre a criação de cargo de Chefe de Segurança,Mesa Diretora,https://www.pindamonhangaba.sp.leg.br/proposicoes/0/0/0/0/108820#pesquisa
1990-11-26 00:00:00,PROJETO DE RESOLUÇÃO N.º 023/1990,Dispõe sobre a criação de cargo de Redator Especial.,Mesa Diretora,https://www.pindamonhangaba.sp.leg.br/proposicoes/0/0/0/0/108821#pesquisa
1990-11-26 00:00:00,PROJETO DE RESOLUÇÃO N.º 024/1990,Dispõe sobre efetivação do cargo de Diretor de Departamento de Administração e Assuntos Legislativos.,Mesa Diretora,https://www.pindamonhangaba.sp.leg.br/proposicoes/0/0/0/0/108822#pesquisa
1990-11-05 00:00:00,PROJETO DE RESOLUÇÃO N.º 020/1990,Dispõe sobre a majoração dos vencimentos dos funcionários da Câmara Municipal.,Mesa Diretora,https://www.pindamonhangaba.sp.leg.br/proposicoes/0/0/0/0/108818#pesquisa
1990-10-22 00:00:00,PROJETO DE RESOLUÇÃO N.º 018/1990,Dispõe sobre a criação de um cargo de agente de segurança.,Mesa Diretora,https://www.pindamonhangaba.sp.leg.br/proposicoes/0/0/0/0/108816#pesquisa
1990-10-22 00:00:00,PROJETO DE RESOLUÇÃO N.º 019/1990,Dispõe sobre criação do serviço de reclamações via telefone.,Paulo Romeiro Ramos Mello,https://www.pindamonhangaba.sp.leg.br/proposicoes/0/0/0/0/108817#pesquisa
1990-10-09 00:00:00,PROJETO DE RESOLUÇÃO N.º 016/1990,Dispõe sobre a majoração dos vencimentos dos funcionários da Câmara Municipal.,Mesa Diretora,https://www.pindamonhangaba.sp.leg.br/proposicoes/0/0/0/0/108814#pesquisa
1990-10-09 00:00:00,PROJETO DE RESOLUÇÃO N.º 017/1990,Disciplina o uso das dependências da Câmara Municipal,Juracy Correia Da Trindade,https://www.pindamonhangaba.sp.leg.br/proposicoes/0/0/0/0/108815#pesquisa
1990-09-03 00:00:00,PROJETO DE RESOLUÇÃO N.º 014/1990,Dispõe sobre a majoração dos vencimentos dos funcionários da Câmara Municipal.,Mesa Diretora,https://www.pindamonhangaba.sp.leg.br/proposicoes/0/0/0/0/108812#pesquisa
1990-09-03 00:00:00,PROJETO DE RESOLUÇÃO N.º 015/1990,"Altera o artigo 3º da Resolução nº 06, de 10 de Outubro de 1989.",Mesa Diretora,https://www.pindamonhangaba.sp.leg.br/proposicoes/0/0/0/0/108813#pesquisa
1990-08-06 00:00:00,PROJETO DE RESOLUÇÃO N.º 013/1990,Dispõe sobre a majoração dos vencimentos dos funcionários da Câmara Municipal.,Mesa Diretora,https://www.pindamonhangaba.sp.leg.br/proposicoes/0/0/0/0/108811#pesquisa
1990-07-09 00:00:00,PROJETO DE RESOLUÇÃO N.º 012/1990,Dispõe sobre a majoração dos vencimentos dos funcionários da Câmara Municipal.,Mesa Diretora,https://www.pindamonhangaba.sp.leg.br/proposicoes/0/0/0/0/108810#pesquisa
1990-07-02 00:00:00,PROJETO DE RESOLUÇÃO N.º 011/1990,"Autoriza a contratar e pagar prêmios de seguro de vida e acidentes pessoais por parte da Câmara aos Srs.Vereadores, Funcionários e Estagiários contratados.",Mesa Diretora,https://www.pindamonhangaba.sp.leg.br/proposicoes/0/0/0/0/108809#pesquisa
1990-06-18 00:00:00,PROJETO DE RESOLUÇÃO N.º 010/1990,Dispõe sobre a concessão de majoração dos vencimentos dos funcionários da Câmara e dá outras providências.,Mesa Diretora,https://www.pindamonhangaba.sp.leg.br/proposicoes/0/0/0/0/108808#pesquisa
1990-05-28 00:00:00,PROJETO DE RESOLUÇÃO N.º 009/1990,Altera o artigo 3ª da Resolução nº 07 de 24 de Maio de 1990.,Mesa Diretora,https://www.pindamonhangaba.sp.leg.br/proposicoes/0/0/0/0/108807#pesquisa
1990-05-21 00:00:00,PROJETO DE RESOLUÇÃO N.º 008/1990,Dispõe sobre a majoração dos vencimentos e concessão de abono aos funcionários da Câmara Municipal.,Mesa Diretora,https://www.pindamonhangaba.sp.leg.br/proposicoes/0/0/0/0/108806#pesquisa
1990-05-07 00:00:00,PROJETO DE RESOLUÇÃO N.º 004/1990,Dá nova redação ao artigo 244 do regimento interno da Câmara Municipal.,André Luiz Raposo,https://www.pindamonhangaba.sp.leg.br/proposicoes/0/0/0/0/108802#pesquisa
1990-05-07 00:00:00,PROJETO DE RESOLUÇÃO N.º 005/1990,Dispõe sobre estagio de estudantes de curso superior.,Mesa Diretora,https://www.pindamonhangaba.sp.leg.br/proposicoes/0/0/0/0/108803#pesquisa
1990-05-07 00:00:00,PROJETO DE RESOLUÇÃO N.º 006/1990,Dispõe sobre leitura das indicações.,Antônio José Bettoni Moreira,https://www.pindamonhangaba.sp.leg.br/proposicoes/0/0/0/0/108804#pesquisa
1990-05-07 00:00:00,PROJETO DE RESOLUÇÃO N.º 007/1990,Dispõe sobre a estrutura administrativa da Câmara Municipal de Pindamonhangaba e dá outras providências.,Mesa Diretora,https://www.pindamonhangaba.sp.leg.br/proposicoes/0/0/0/0/108805#pesquisa
1990-03-12 00:00:00,PROJETO DE RESOLUÇÃO N.º 003/1990,"Regulamenta a Lei nº 2420 de 06 de Dezembro de 1989. ( A )

Dispõe sobre alteração no regimento interno da Constituinte Municipal. ( B )",Mesa Diretora,https://www.pindamonhangaba.sp.leg.br/proposicoes/0/0/0/0/108801#pesquisa
1990-02-19 00:00:00,PROJETO DE RESOLUÇÃO N.º 002/1990,Dispõe sobre alterações no regimento interno da Constituinte Municipal.,Mesa Diretora,https://www.pindamonhangaba.sp.leg.br/proposicoes/0/0/0/0/108800#pesquisa
1990-01-30 00:00:00,PROJETO DE RESOLUÇÃO N.º 001/1990,Dispõe sobre alteração do Regimento Interno da Constituinte Municipal.,José Laércio Balbo,https://www.pindamonhangaba.sp.leg.br/proposicoes/0/0/0/0/108799#pesquisa
1989-11-30 00:00:00,PROJETO DE RESOLUÇÃO N.º 016/1989,DÁ NOVA REDAÇÃO AOS ARTIGOS 15 E 18 DO REGIMENTO INTERNO DA CONSTITUINTE MUNICIPAL.,Juracy Correia Da Trindade,https://www.pindamonhangaba.sp.leg.br/proposicoes/0/0/0/0/108751#pesquisa
1989-10-21 00:00:00,PROJETO DE RESOLUÇÃO N.º 014/1989,DISPÕE SOBRE O PROCESSO PARA ELABORAÇÃO DA LEI ORGÂNICA DO MUNICÍPIO DE PINDAMONHANGABA E DÁ OUTRAS PROVIDÊNCIAS.,Mesa Diretora,https://www.pindamonhangaba.sp.leg.br/proposicoes/0/0/0/0/108750#pesquisa
1989-10-10 00:00:00,PROJETO DE RESOLUÇÃO N.º 013/1989,DISPÕE SOBRE O CONTROLE ORÇAMENTÁRIO E FINANCEIRO E DÁ OUTRAS PROVIDÊNCIAS.,Mesa Diretora,https://www.pindamonhangaba.sp.leg.br/proposicoes/0/0/0/0/108749#pesquisa
1989-09-18 00:00:00,PROJETO DE RESOLUÇÃO N.º 011/1989,DISPÕE SOBRE ARQUIVAMENTO DAS FITAS DE GRAVAÇÕES DAS SESSÕES DE CÂMARA.,Luis Fernando Ramos Nogueira ,https://www.pindamonhangaba.sp.leg.br/proposicoes/0/0/0/0/108747#pesquisa
1989-09-11 00:00:00,PROJETO DE RESOLUÇÃO N.º 012/1989,DISCIPLINA A ENTRADA DE PROPOSITURAS NA SECRETARIA DA CÂMARA.,Paulo Romeiro Ramos Mello,https://www.pindamonhangaba.sp.leg.br/proposicoes/0/0/0/0/108748#pesquisa
1989-06-26 00:00:00,PROJETO DE RESOLUÇÃO N.º 010/1989,ALTERA DISPOSITIVO REGIMENTAL.,Paulo Romeiro Ramos Mello,https://www.pindamonhangaba.sp.leg.br/proposicoes/0/0/0/0/108737#pesquisa
1989-05-22 00:00:00,PROJETO DE RESOLUÇÃO N.º 006/1989,PROÍBE A PRATICA DO TABAGISMO NOS RECINTOS DO PLENÁRIO E DO AUDITÓRIO DA CÂMARA E DÁ OUTRAS PROVIDÊNCIAS.,Luis Fernando Ramos Nogueira ,https://www.pindamonhangaba.sp.leg.br/proposicoes/0/0/0/0/108743#pesquisa
1989-05-15 00:00:00,PROJETO DE RESOLUÇÃO N.º 007/1989,DISCIPLINA O NÚMERO DE VISITAS OFICIAIS NAS SESSÕES ORDINÁRIAS DA CÂMARA MUNICIPAL.,André Luiz Raposo,https://www.pindamonhangaba.sp.leg.br/proposicoes/0/0/0/0/108744#pesquisa
1989-05-15 00:00:00,PROJETO DE RESOLUÇÃO N.º 008/1989,MODIFICA DISPOSITIVO DO REGIMENTO INTERNO DA CÂMARA MUNICIPAL.,Delvair Gonçalves De Araújo,https://www.pindamonhangaba.sp.leg.br/proposicoes/0/0/0/0/108745#pesquisa
1989-05-15 00:00:00,PROJETO DE RESOLUÇÃO N.º 009/1989,MODIFICA DISPOSITIVOS DO REGIMENTO INTERNO DA CÂMARA MUNICIPAL.,Delvair Gonçalves De Araújo,https://www.pindamonhangaba.sp.leg.br/proposicoes/0/0/0/0/108746#pesquisa
1989-03-13 00:00:00,PROJETO DE RESOLUÇÃO N.º 002/1989,MODIFICA A REDAÇÃO DO ARTIGO 107 DO REGIMENTO INTERNO DA CÂMARA MUNICIPAL.,José Maria Da Silva,https://www.pindamonhangaba.sp.leg.br/proposicoes/0/0/0/0/108739#pesquisa
1989-03-13 00:00:00,PROJETO DE RESOLUÇÃO N.º 005/1989,MODIFICA A REDAÇÃO DO ARTIGO 107 DO REGIMENTO INTERNO DA CÂMARA MUNICIPAL.,José Maria Da Silva,https://www.pindamonhangaba.sp.leg.br/proposicoes/0/0/0/0/108742#pesquisa
1989-02-27 00:00:00,PROJETO DE RESOLUÇÃO N.º 001/1989,ALTERA DR RENATO SATIO YASSUDA,Renato Satio Yassuda,https://www.pindamonhangaba.sp.leg.br/proposicoes/0/0/0/0/108738#pesquisa
1989-02-27 00:00:00,PROJETO DE RESOLUÇÃO N.º 003/1989,MODIFICA O PARAGRAFO 7º DO ARTIGO 114 DO REGIMENTO INTERNO DA CÂMARA MUNICIPAL.,José Maria Da Silva,https://www.pindamonhangaba.sp.leg.br/proposicoes/0/0/0/0/108740#pesquisa
1989-02-27 00:00:00,PROJETO DE RESOLUÇÃO N.º 004/1989,MODIFICA A REDAÇÃO DO ARTIGO 105 DO REGIMENTO INTERNO DA CÂMARA MUNICIPAL.,José Maria Da Silva,https://www.pindamonhangaba.sp.leg.br/proposicoes/0/0/0/0/108741#pesquisa
1988-11-07 00:00:00,PROJETO DE RESOLUÇÃO N.º 010/1988,FIXA A REMUNERAÇÃO DOS VEREADORES À CÂMARA MUNICIPAL DE PINDAMONHANGABA PARA A LEGISLATURA 1989-1992 E DÁ OUTRAS PROVIDÊNCIAS.,Comissões,https://www.pindamonhangaba.sp.leg.br/proposicoes/0/0/0/0/108908#pesquisa
1988-10-24 00:00:00,PROJETO DE RESOLUÇÃO N.º 009/1988,FIXA A VERBA DE REPRESENTAÇÃO DO PRESIDENTE DA CÂMARA MUNICIPAL PARA O EXERCÍCIO DE 1989.,Comissões,https://www.pindamonhangaba.sp.leg.br/proposicoes/0/0/0/0/108907#pesquisa
1988-09-13 00:00:00,PROJETO DE RESOLUÇÃO N.º 008/1988,DISPÕE SOBRE VOTAÇÃO DOS REQUERIMENTOS DE DESTAQUE.,Álvaro Pereira De Oliveira,https://www.pindamonhangaba.sp.leg.br/proposicoes/0/0/0/0/108906#pesquisa
1988-06-13 00:00:00,PROJETO DE RESOLUÇÃO N.º 007/1988,DISPÕE SOBRE VOTAÇÃO DOS REQUERIMENTOS DE DESTAQUE.,Álvaro Pereira De Oliveira,https://www.pindamonhangaba.sp.leg.br/proposicoes/0/0/0/0/108905#pesquisa
1988-06-06 00:00:00,PROJETO DE RESOLUÇÃO N.º 006/1988,DISPÕE SOBRE CONGELAMENTO DOS SUBSÍDIOS DOS VEREADORES.,Abel Corrêa Guimarães Filho,https://www.pindamonhangaba.sp.leg.br/proposicoes/0/0/0/0/108904#pesquisa
1988-05-23 00:00:00,PROJETO DE RESOLUÇÃO N.º 005/1988,"ALTERA O ARTIGO 1º DA RESOLUÇÃO Nº 04, DE 16 DE MAIO DE 1988.",Luiz Carlos Morgado,https://www.pindamonhangaba.sp.leg.br/proposicoes/0/0/0/0/108903#pesquisa
1988-05-09 00:00:00,PROJETO DE RESOLUÇÃO N.º 004/1988,INSTITUI A TRIBUNA LIVRE.,Paulo Romeiro Ramos Mello,https://www.pindamonhangaba.sp.leg.br/proposicoes/0/0/0/0/108902#pesquisa
1988-04-19 00:00:00,PROJETO DE RESOLUÇÃO N.º 003/1988,DENOMINA UMA SALA DO PALACETE TIRADENTES.,Nelson Duque Avelar,https://www.pindamonhangaba.sp.leg.br/proposicoes/0/0/0/0/108901#pesquisa
1988-02-22 00:00:00,PROJETO DE RESOLUÇÃO N.º 002/1988,"MODIFICA O PARÁGRAFO SEGUNDO DO ART. 240, DO REGIMENTO INTERNO DA CÂMARA MUNICIPAL.",Álvaro Pereira De Oliveira,https://www.pindamonhangaba.sp.leg.br/proposicoes/0/0/0/0/108900#pesquisa
1988-02-01 00:00:00,PROJETO DE RESOLUÇÃO N.º 001/1988,DISPÕE SOBRE AUTORIZAÇÃO PARA PAGAMENTO DA CONTRIBUIÇÃO ANUAL DE ASSOCIADO À UNIÃO DOS VEREADORES DO ESTADO DE SÃO PAULO.,Paulo Romeiro Ramos Mello,https://www.pindamonhangaba.sp.leg.br/proposicoes/0/0/0/0/108899#pesquisa
1987-10-19 00:00:00,PROJETO DE RESOLUÇÃO N.º 009/1987,Institui a Tribuna Livre.,Paulo Romeiro Ramos Mello,https://www.pindamonhangaba.sp.leg.br/proposicoes/0/0/0/0/108832#pesquisa
1987-09-28 00:00:00,PROJETO DE RESOLUÇÃO N.º 008/1987,Fixa a verba de representação do Presidente da Câmara Municipal para o exercício de 1988.,Comissões,https://www.pindamonhangaba.sp.leg.br/proposicoes/0/0/0/0/108826#pesquisa
1987-09-10 00:00:00,PROJETO DE RESOLUÇÃO N.º 007/1987,Denomina uma sala do Palacete Tiradentes com o nome de José Prates da Fonseca.,Luis Fernando Ramos Nogueira ,https://www.pindamonhangaba.sp.leg.br/proposicoes/0/0/0/0/108831#pesquisa
1987-04-28 00:00:00,PROJETO DE RESOLUÇÃO N.º 004/1987,Modifica dispositivo regimental .,Fernando Prado Rezende,https://www.pindamonhangaba.sp.leg.br/proposicoes/0/0/0/0/108828#pesquisa
1987-04-28 00:00:00,PROJETO DE RESOLUÇÃO N.º 005/1987,Modifica o art.235 e o §3ª do art. 240 do Regimento Interno da Câmara.,Fernando Prado Rezende,https://www.pindamonhangaba.sp.leg.br/proposicoes/0/0/0/0/108829#pesquisa
1987-04-28 00:00:00,PROJETO DE RESOLUÇÃO N.º 006/1987,Modifica o art. 245 do Regimento Interno da Câmara.,Fernando Prado Rezende,https://www.pindamonhangaba.sp.leg.br/proposicoes/0/0/0/0/108830#pesquisa
1987-03-09 00:00:00,PROJETO DE RESOLUÇÃO N.º 001/1987,Aprova o relatório e as conclusões da comissão especial de inquérito destinada a apurar irregularidades cometidas na Prefeitura Municipal.,Comissões,https://www.pindamonhangaba.sp.leg.br/proposicoes/0/0/0/0/108824#pesquisa
1987-03-09 00:00:00,PROJETO DE RESOLUÇÃO N.º 002/1987,Cria a comissão proconstituinte do município de Pindamonhangaba.,Mesa Diretora,https://www.pindamonhangaba.sp.leg.br/proposicoes/0/0/0/0/108825#pesquisa
1987-03-09 00:00:00,PROJETO DE RESOLUÇÃO N.º 003/1987,Denomina uma sala do Palacete Tiradentes.,Abel Corrêa Guimarães Filho,https://www.pindamonhangaba.sp.leg.br/proposicoes/0/0/0/0/108827#pesquisa
1986-11-24 00:00:00,PROJETO DE RESOLUÇÃO N.º 011/1986,FIXA A VERBA DE REPRESENTAÇÃO DO PRESIDENTE DA CÂMARA MUNICIPAL PARA O EXERCÍCIO DE 1987,José Gonçalves,https://www.pindamonhangaba.sp.leg.br/proposicoes/0/0/0/0/108843#pesquisa
1986-11-19 00:00:00,PROJETO DE RESOLUÇÃO N.º 012/1986,MODIFICA A REDAÇÃO DO ARTIGO 105 DO REGIMENTO INTERNO.,Jamil Samahá,https://www.pindamonhangaba.sp.leg.br/proposicoes/0/0/0/0/108844#pesquisa
1986-11-03 00:00:00,PROJETO DE RESOLUÇÃO N.º 010/1986,DISPÕE SOBRE CONSTITUIÇÃO DE COMISSÃO ESPECIAL.,Vitório Cassiano,https://www.pindamonhangaba.sp.leg.br/proposicoes/0/0/0/0/108842#pesquisa
1986-10-20 00:00:00,PROJETO DE RESOLUÇÃO N.º 009/1986,CONSTITUI COMISSÃO ESPECIAL DE INSPEÇÃO DOS ÔNIBUS DA CONCESSIONÁRIA DE TRANSPORTE COLETIVO.,Abel Corrêa Guimarães Filho,https://www.pindamonhangaba.sp.leg.br/proposicoes/0/0/0/0/108841#pesquisa
1986-09-15 00:00:00,PROJETO DE RESOLUÇÃO N.º 006/1986,"INSTITUI A CONCESSÃO DE MEDALHAS DE ""HONRA AO MÉRITO"".",Álvaro Pereira De Oliveira,https://www.pindamonhangaba.sp.leg.br/proposicoes/0/0/0/0/108838#pesquisa
1986-09-15 00:00:00,PROJETO DE RESOLUÇÃO N.º 007/1986,"DISCIPLINA AS ASSINATURAS NOS DIPLOMAS DE ""HONRA AO MÉRITO"" E NOS TÍTULOS DE ""CIDADANIA HONORÁRIA"".",Álvaro Pereira De Oliveira,https://www.pindamonhangaba.sp.leg.br/proposicoes/0/0/0/0/108839#pesquisa
1986-09-09 00:00:00,PROJETO DE RESOLUÇÃO N.º 008/1986,"ALTERA DISPOSIÇÃO DA RESOLUÇÃO Nº 13, DE 16 DE ABRIL DE 1984.",José Maria Da Silva,https://www.pindamonhangaba.sp.leg.br/proposicoes/0/0/0/0/108840#pesquisa
1986-06-09 00:00:00,PROJETO DE RESOLUÇÃO N.º 005/1986,MODIFICA OS PARÁGRAFOS 2º E 3º DO ARTIGO 240 DO REGIMENTO INTERNO DA CÂMARA MUNICIPAL.,José Maria Da Silva,https://www.pindamonhangaba.sp.leg.br/proposicoes/0/0/0/0/108837#pesquisa
1986-06-02 00:00:00,PROJETO DE RESOLUÇÃO N.º 003/1986,"MODIFICA A REDAÇÃO DO ARTIGO 105, DO REGIMENTO INTERNO.",Vitório Cassiano,https://www.pindamonhangaba.sp.leg.br/proposicoes/0/0/0/0/108835#pesquisa
1986-06-02 00:00:00,PROJETO DE RESOLUÇÃO N.º 004/1986,"ALTERA A REDAÇÃO DOS ARTIGOS 105, 107 E 112 DO REGIMENTO INTERNO DA CÂMARA MUNICIPAL.",Fernando Prado Rezende,https://www.pindamonhangaba.sp.leg.br/proposicoes/0/0/0/0/108836#pesquisa
1986-02-18 00:00:00,PROJETO DE RESOLUÇÃO N.º 002/1986,ALTERA OS TERMOS DA EVOCAÇÃO INAUGURAL DAS SESSÕES LEGISLATIVAS.,Jamil Samahá,https://www.pindamonhangaba.sp.leg.br/proposicoes/0/0/0/0/108834#pesquisa
1986-01-14 00:00:00,PROJETO DE RESOLUÇÃO N.º 001/1986,DISPÕE SOBRE FIXAÇÃO DA REMUNERAÇÃO DOS VEREADORES E DÁ OUTRAS PROVIDÊNCIAS.,Jamil Samahá,https://www.pindamonhangaba.sp.leg.br/proposicoes/0/0/0/0/108833#pesquisa
1985-11-22 00:00:00,PROJETO DE RESOLUÇÃO N.º 016/1985,FIXA A VERBA DE REPRESENTAÇÃO DO PRESIDENTE DA CÂMARA MUNICIPAL PARA O EXERCÍCIO DE 1986.,Terezinha Schiley Causso Campos,https://www.pindamonhangaba.sp.leg.br/proposicoes/0/0/0/0/108849#pesquisa
1985-10-21 00:00:00,PROJETO DE RESOLUÇÃO N.º 015/1985,INSTITUI A TRIBUNA LIVRE.,Paulo Romeiro Ramos Mello,https://www.pindamonhangaba.sp.leg.br/proposicoes/0/0/0/0/108860#pesquisa
1985-08-12 00:00:00,PROJETO DE RESOLUÇÃO N.º 014/1985,DISPÕE SOBRE A DIVULGAÇÃO DO AUTOR DE PROPOSTAS LEGISLATIVAS APROVADAS PELA CÂMARA MUNICIPAL.,Jamil Samahá,https://www.pindamonhangaba.sp.leg.br/proposicoes/0/0/0/0/108859#pesquisa
1985-08-05 00:00:00,PROJETO DE RESOLUÇÃO N.º 013/1985,ALTERA O § 2º DO ART. 119 DO REGIMENTO INTERNO.,Jamil Samahá,https://www.pindamonhangaba.sp.leg.br/proposicoes/0/0/0/0/108858#pesquisa
1985-06-03 00:00:00,PROJETO DE RESOLUÇÃO N.º 011/1985,ALTERA A ORDEM DOS TRABALHOS DA FASE DO EXPEDIENTE.,Abel Corrêa Guimarães Filho,https://www.pindamonhangaba.sp.leg.br/proposicoes/0/0/0/0/108856#pesquisa
1985-05-20 00:00:00,PROJETO DE RESOLUÇÃO N.º 012/1985,MODIFICA O ART. 245 DO REGIMENTO INTERNO.,Abel Corrêa Guimarães Filho,https://www.pindamonhangaba.sp.leg.br/proposicoes/0/0/0/0/108857#pesquisa
1985-05-13 00:00:00,PROJETO DE RESOLUÇÃO N.º 010/1985,ALTERA A ORDEM DOS TRABALHOS DA SESSÃO ORDINÁRIA.,Abel Corrêa Guimarães Filho,https://www.pindamonhangaba.sp.leg.br/proposicoes/0/0/0/0/108855#pesquisa
1985-04-01 00:00:00,PROJETO DE RESOLUÇÃO N.º 009/1985,MODIFICA A REDAÇÃO DO ART. 105 DO REGIMENTO INTERNO.,Jamil Samahá,https://www.pindamonhangaba.sp.leg.br/proposicoes/0/0/0/0/108854#pesquisa
1985-03-25 00:00:00,PROJETO DE RESOLUÇÃO N.º 008/1985,INSTITUI O USO DA EXPRESSÃO SALA DR. FRANCISCO ROMANO DE OLIVEIRA.,Abel Corrêa Guimarães Filho,https://www.pindamonhangaba.sp.leg.br/proposicoes/0/0/0/0/108853#pesquisa
1985-03-05 00:00:00,PROJETO DE RESOLUÇÃO N.º 001/1985,"MODIFICA A REDAÇÃO DA LETRA E, INCISO IV DO ART. 24 DO REGIMENTO INTERNO.",Luis Fernando Ramos Nogueira ,https://www.pindamonhangaba.sp.leg.br/proposicoes/0/0/0/0/108845#pesquisa
1985-03-05 00:00:00,PROJETO DE RESOLUÇÃO N.º 002/1985,MODIFICA OS INCISOS II E VI DO ARTIGO 19 DO REGIMENTO INTERNO DA CÂMARA.,Luis Fernando Ramos Nogueira ,https://www.pindamonhangaba.sp.leg.br/proposicoes/0/0/0/0/108846#pesquisa
1985-03-05 00:00:00,PROJETO DE RESOLUÇÃO N.º 003/1985,MODIFICA A REDAÇÃO DO ARTIGO 19 DO REGIMENTO INTERNO.,Luis Fernando Ramos Nogueira ,https://www.pindamonhangaba.sp.leg.br/proposicoes/0/0/0/0/108847#pesquisa
1985-03-05 00:00:00,PROJETO DE RESOLUÇÃO N.º 004/1985,QUE MODIFICA O ART. 18 E SEU PARÁGRAFO ÚNICO DO REGIMENTO INTERNO DA CÂMARA.,Luis Fernando Ramos Nogueira ,https://www.pindamonhangaba.sp.leg.br/proposicoes/0/0/0/0/108848#pesquisa
1985-03-05 00:00:00,PROJETO DE RESOLUÇÃO N.º 005/1985,MODIFICA O § 1º DO ART. 16 DO REGIMENTO INTERNO.,Luis Fernando Ramos Nogueira ,https://www.pindamonhangaba.sp.leg.br/proposicoes/0/0/0/0/108850#pesquisa
1985-03-05 00:00:00,PROJETO DE RESOLUÇÃO N.º 006/1985,MODIFICA A REDAÇÃO DO ARTIGO 1º DO REGIMENTO INTERNO.,Luis Fernando Ramos Nogueira ,https://www.pindamonhangaba.sp.leg.br/proposicoes/0/0/0/0/108851#pesquisa
1985-03-05 00:00:00,PROJETO DE RESOLUÇÃO N.º 007/1985,MODIFICA DISPOSITIVO REGIMENTAL.,Luis Fernando Ramos Nogueira ,https://www.pindamonhangaba.sp.leg.br/proposicoes/0/0/0/0/108852#pesquisa
1984-12-03 00:00:00,PROJETO DE RESOLUÇÃO N.º 019/1984,"REVOGA ""IN TOTUM"" A RESOLUÇÃO Nº 17, DE 07/08/1984, E DÁ OUTRAS PROVIDÊNCIAS.",Paulo Romeiro Ramos Mello,https://www.pindamonhangaba.sp.leg.br/proposicoes/0/0/0/0/108877#pesquisa
1984-12-03 00:00:00,PROJETO DE RESOLUÇÃO N.º 020/1984,"MODIFICA O ART. 112, DO REGIMENTO INTERNO.",Paulo Romeiro Ramos Mello,https://www.pindamonhangaba.sp.leg.br/proposicoes/0/0/0/0/108878#pesquisa
1984-12-03 00:00:00,PROJETO DE RESOLUÇÃO N.º 021/1984,"MODIFICA A REDAÇÃO DO ART. 105, DO REGIMENTO INTERNO.",Paulo Romeiro Ramos Mello,https://www.pindamonhangaba.sp.leg.br/proposicoes/0/0/0/0/108879#pesquisa
1984-12-03 00:00:00,PROJETO DE RESOLUÇÃO N.º 022/1984,INSTITUI A TRIBUNA LIVRE NA CÂMARA.,Paulo Romeiro Ramos Mello,https://www.pindamonhangaba.sp.leg.br/proposicoes/0/0/0/0/108880#pesquisa
1984-11-19 00:00:00,PROJETO DE RESOLUÇÃO N.º 023/1984,FIXA A VERBA DE REPRESENTAÇÃO DO PRESIDENTE DA CÂMARA PARA O ANO DE 1985.,Terezinha Schiley Causso Campos,https://www.pindamonhangaba.sp.leg.br/proposicoes/0/0/0/0/108881#pesquisa
1984-09-03 00:00:00,PROJETO DE RESOLUÇÃO N.º 017/1984,"ALTERA O ART. 1º, DA REDAÇÃO Nº 17, DE 07 DE AGOSTO DE 1984.",Paulo Romeiro Ramos Mello,https://www.pindamonhangaba.sp.leg.br/proposicoes/0/0/0/0/108876#pesquisa
1984-08-14 00:00:00,PROJETO DE RESOLUÇÃO N.º 015/1984,MODIFICA A REDAÇÃO DO ART. 246 DO REGIMENTO INTERNO.,Luis Fernando Ramos Nogueira ,https://www.pindamonhangaba.sp.leg.br/proposicoes/0/0/0/0/108874#pesquisa
1984-08-06 00:00:00,PROJETO DE RESOLUÇÃO N.º 016/1984,MODIFICA DISPOSITIVO REGIMENTAL.,Édson Graça Pereira Derrico,https://www.pindamonhangaba.sp.leg.br/proposicoes/0/0/0/0/108875#pesquisa
1984-05-07 00:00:00,PROJETO DE RESOLUÇÃO N.º 011/1984,"DÁ A SALA DA SECRETARIA ADMINISTRATIVA A DENOMINAÇÃO DE SALA "" PROF. JOÃO JOSÉ SAN - MARTIN"".",Jamil Samahá,https://www.pindamonhangaba.sp.leg.br/proposicoes/0/0/0/0/108870#pesquisa
1984-05-07 00:00:00,PROJETO DE RESOLUÇÃO N.º 012/1984,"DÁ AO RECINTO DO GABINETE DO PRESIDENTE DA CÂMARA A DENOMINAÇÃO DE SALA ""DR. FRANCISCO LESSA JUNIOR"".",Jamil Samahá,https://www.pindamonhangaba.sp.leg.br/proposicoes/0/0/0/0/108871#pesquisa
1984-05-07 00:00:00,PROJETO DE RESOLUÇÃO N.º 013/1984,"DÁ AO RECINTO DA SALA DE SESSÕES DA CÂMARA A DENOMINAÇÃO DE SALA ""DR. FRANCISCO ROMANA DE OLIVEIRA"".",Jamil Samahá,https://www.pindamonhangaba.sp.leg.br/proposicoes/0/0/0/0/108872#pesquisa
1984-05-07 00:00:00,PROJETO DE RESOLUÇÃO N.º 014/1984,"DÁ A SALA DA SECRETARIA ADMINISTRATIVA DA CÂMARA A DENOMINAÇÃO DA SALA ""PROF. JOÃO JOSÉ SAN - MARTIN"".",Luiz Carlos Morgado,https://www.pindamonhangaba.sp.leg.br/proposicoes/0/0/0/0/108873#pesquisa
1984-04-16 00:00:00,PROJETO DE RESOLUÇÃO N.º 010/1984,REABRE DISCUSSÃO AOS REQUERIMENTOS VOTADOS EM DESTAQUE.,Jamil Samahá,https://www.pindamonhangaba.sp.leg.br/proposicoes/0/0/0/0/108869#pesquisa
1984-04-02 00:00:00,PROJETO DE RESOLUÇÃO N.º 009/1984,"MODIFICA A REDAÇÃO DO ART. 107, DO REGIMENTO INTERNO.",Luis Fernando Ramos Nogueira ,https://www.pindamonhangaba.sp.leg.br/proposicoes/0/0/0/0/108868#pesquisa
1984-03-26 00:00:00,PROJETO DE RESOLUÇÃO N.º 006/1984,"DÁ A UMA SALA DA CÂMARA O NOME DE ""DEPUTADA IVETE VARGAS""",Fernando Prado Rezende,https://www.pindamonhangaba.sp.leg.br/proposicoes/0/0/0/0/108866#pesquisa
1984-03-26 00:00:00,PROJETO DE RESOLUÇÃO N.º 007/1984,"DÁ A UMA SALA DA CÂMARA A DENOMINAÇÃO DE ""SENADOR NILO COELHO""",Fernando Prado Rezende,https://www.pindamonhangaba.sp.leg.br/proposicoes/0/0/0/0/108867#pesquisa
1984-03-08 00:00:00,PROJETO DE RESOLUÇÃO N.º 005/1984,INSTITUI NA CÂMARA A TRIBUNA LIVRE.,Paulo Romeiro Ramos Mello,https://www.pindamonhangaba.sp.leg.br/proposicoes/0/0/0/0/108865#pesquisa
1984-02-27 00:00:00,PROJETO DE RESOLUÇÃO N.º 001/1984,FIXA EM TRI - SEMANAIS AS SESSÕES ORDINÁRIAS DA CÂMARA.,Paulo Romeiro Ramos Mello,https://www.pindamonhangaba.sp.leg.br/proposicoes/0/0/0/0/108861#pesquisa
1984-02-27 00:00:00,PROJETO DE RESOLUÇÃO N.º 003/1984,REGULAMENTA APRESENTAÇÃO DE INDICAÇÃO SUGERINDO DENOMINAÇÃO DE VIAS E LOGRADOUROS PÚBLICOS,José Fonseca Marcondes,https://www.pindamonhangaba.sp.leg.br/proposicoes/0/0/0/0/108863#pesquisa
1984-02-20 00:00:00,PROJETO DE RESOLUÇÃO N.º 002/1984,"DÁ O NOME DE ""PALACETE TIRADENTES"" À NOVA SEDE DA CÂMARA SITUADA NA PRAÇA BARÃO DO RIO BRANCO.",Luis Fernando Ramos Nogueira ,https://www.pindamonhangaba.sp.leg.br/proposicoes/0/0/0/0/108862#pesquisa
1984-02-06 00:00:00,PROJETO DE RESOLUÇÃO N.º 004/1984,MODIFICA DISPOSITIVO REGIMENTAL (ART. 18),Mesa Diretora,https://www.pindamonhangaba.sp.leg.br/proposicoes/0/0/0/0/108864#pesquisa
1983-12-05 00:00:00,PROJETO DE RESOLUÇÃO N.º 013/1983,FIXA A VERBA DE REPRESENTAÇÃO DO PRESIDENTE DA CÂMARA MUNICIPAL PARA A SESSÃO LEGISLATIVA DE 1984.,Mesa Diretora,https://www.pindamonhangaba.sp.leg.br/proposicoes/0/0/0/0/108893#pesquisa
1983-12-05 00:00:00,PROJETO DE RESOLUÇÃO N.º 014/1983,MODIFICA O ART. 238 DO REGIMENTO INTERNO.,Mesa Diretora,https://www.pindamonhangaba.sp.leg.br/proposicoes/0/0/0/0/108894#pesquisa
1983-12-05 00:00:00,PROJETO DE RESOLUÇÃO N.º 015/1983,REF/ CONCESSÃO DE TÍTULOS DE CIDADANIA,José Fonseca Marcondes,https://www.pindamonhangaba.sp.leg.br/proposicoes/0/0/0/0/108895#pesquisa
1983-11-28 00:00:00,PROJETO DE RESOLUÇÃO N.º 011/1983,MODIFICA A RESOLUÇÃO Nº 1 DE 15 DE AGOSTO DE 1978.,Fernando Prado Rezende,https://www.pindamonhangaba.sp.leg.br/proposicoes/0/0/0/0/108891#pesquisa
1983-11-28 00:00:00,PROJETO DE RESOLUÇÃO N.º 012/1983,MODIFICA A RESOLUÇÃO Nº 1 DE 15 DE AGOSTO DE 1978.,Fernando Prado Rezende,https://www.pindamonhangaba.sp.leg.br/proposicoes/0/0/0/0/108892#pesquisa
1983-10-03 00:00:00,PROJETO DE RESOLUÇÃO N.º 010/1983,DISPÕE SOBRE FILIAÇÃO DA CÂMARA À UNIVALI.,Luis Fernando Ramos Nogueira ,https://www.pindamonhangaba.sp.leg.br/proposicoes/0/0/0/0/108890#pesquisa
1983-09-12 00:00:00,PROJETO DE RESOLUÇÃO N.º 009/1983,INSTITUI A TRIBUNA LIVRE.,Paulo Romeiro Ramos Mello,https://www.pindamonhangaba.sp.leg.br/proposicoes/0/0/0/0/108889#pesquisa
1983-08-08 00:00:00,PROJETO DE RESOLUÇÃO N.º 007/1983,MODIFICA DISPOSITIVO REGIMENTAL.,Luiz Carlos Morgado,https://www.pindamonhangaba.sp.leg.br/proposicoes/0/0/0/0/108888#pesquisa
1983-06-27 00:00:00,PROJETO DE RESOLUÇÃO N.º 008/1983,MODIFICA  DISPOSITIVOS REGIMENTAIS.,Paulo Romeiro Ramos Mello,https://www.pindamonhangaba.sp.leg.br/proposicoes/0/0/0/0/109087#pesquisa
1983-05-16 00:00:00,PROJETO DE RESOLUÇÃO N.º 006/1983,DÁ NOVA REDAÇÃO A DISPOSITIVO REGIMENTAL.,Mesa Diretora,https://www.pindamonhangaba.sp.leg.br/proposicoes/0/0/0/0/108887#pesquisa
1983-05-02 00:00:00,PROJETO DE RESOLUÇÃO N.º 005/1983,"REVOGA IN TOTUM A RESOLUÇÃO Nº 7, DE 20 DE OUTUBRO DE 1981.",Mesa Diretora,https://www.pindamonhangaba.sp.leg.br/proposicoes/0/0/0/0/108886#pesquisa
1983-03-28 00:00:00,PROJETO DE RESOLUÇÃO N.º 002/1983,MODIFICA O REGIMENTO INTERNO.,Mesa Diretora,https://www.pindamonhangaba.sp.leg.br/proposicoes/0/0/0/0/108883#pesquisa
1983-03-07 00:00:00,PROJETO DE RESOLUÇÃO N.º 003/1983,MODIFICA O REGIMENTO INTERNO.,Mesa Diretora,https://www.pindamonhangaba.sp.leg.br/proposicoes/0/0/0/0/108884#pesquisa
1983-03-07 00:00:00,PROJETO DE RESOLUÇÃO N.º 004/1983,MODIFICA O REGIMENTO INTERNO,Mesa Diretora,https://www.pindamonhangaba.sp.leg.br/proposicoes/0/0/0/0/108885#pesquisa
1983-02-28 00:00:00,PROJETO DE RESOLUÇÃO N.º 001/1983,LIBERA O USO DE PALETÓ E DE GRAVATA NAS SESSÕES ORDINÁRIAS.,Mesa Diretora,https://www.pindamonhangaba.sp.leg.br/proposicoes/0/0/0/0/108882#pesquisa
1982-11-22 00:00:00,PROJETO DE RESOLUÇÃO N.º 002/1982,FIXA A REMUNERAÇÃO DOS VEREADORES PARA O SEXÊNIO 1983-1988 E DÁ OUTRAS PROVIDÊNCIAS.,Mesa Diretora,https://www.pindamonhangaba.sp.leg.br/proposicoes/0/0/0/0/108897#pesquisa
1982-11-22 00:00:00,PROJETO DE RESOLUÇÃO N.º 003/1982,FIXA A VERBA DE REPRESENTAÇÃO DO PRESIDENTE DA CÂMARA PARA A SESSÃO LEGISLATIVA DE 1983.,Mesa Diretora,https://www.pindamonhangaba.sp.leg.br/proposicoes/0/0/0/0/108898#pesquisa
1982-05-24 00:00:00,PROJETO DE RESOLUÇÃO N.º 001/1982,MODIFICA DISPOSITIVO REGIMENTAL.,Mesa Diretora,https://www.pindamonhangaba.sp.leg.br/proposicoes/0/0/0/0/108896#pesquisa
1981-10-26 00:00:00,PROJETO DE RESOLUÇÃO N.º 015/1981,LIMITA APRESENTAÇÃO DE INDICAÇÕES E DE REQUERIMENTOS.,Paulo Emílio D'Alessandro,https://www.pindamonhangaba.sp.leg.br/proposicoes/0/0/0/0/108923#pesquisa
1981-10-19 00:00:00,PROJETO DE RESOLUÇÃO N.º 011/1981,MODIFICA O ART. 106 DO REGIMENTO INTERNO.,Paulo Romeiro Ramos Mello,https://www.pindamonhangaba.sp.leg.br/proposicoes/0/0/0/0/108919#pesquisa
1981-10-19 00:00:00,PROJETO DE RESOLUÇÃO N.º 013/1981,MODIFICA O REGIMENTO INTERNO DA CÂMARA.,Fernando Prado Rezende,https://www.pindamonhangaba.sp.leg.br/proposicoes/0/0/0/0/108921#pesquisa
1981-10-05 00:00:00,PROJETO DE RESOLUÇÃO N.º 009/1981,"MODIFICA O PARÁGRAFO 7º DO ARTIGO 114, DO REGIMENTO INTERNO DA CÂMARA MUNICIPAL.",Paulo Romeiro Ramos Mello,https://www.pindamonhangaba.sp.leg.br/proposicoes/0/0/0/0/108917#pesquisa
1981-10-05 00:00:00,PROJETO DE RESOLUÇÃO N.º 010/1981,"MODIFICA O ARTIGO 149, DO REGIMENTO INTERNO DA CÂMARA MUNICIPAL.",Paulo Romeiro Ramos Mello,https://www.pindamonhangaba.sp.leg.br/proposicoes/0/0/0/0/108918#pesquisa
1981-10-05 00:00:00,PROJETO DE RESOLUÇÃO N.º 014/1981,DISPÕE SOBRE ENVIO DE CÓPIA DE PROPOSIÇÕES AOS 1ºS. SUPLENTES DAS BANCADAS.,Rogério Campos Magalhães,https://www.pindamonhangaba.sp.leg.br/proposicoes/0/0/0/0/108922#pesquisa
1981-09-28 00:00:00,PROJETO DE RESOLUÇÃO N.º 008/1981,"MODIFICA O ARTIGO 112, DO REGIMENTO INTERNO DA CÂMARA MUNICIPAL.",Paulo Romeiro Ramos Mello,https://www.pindamonhangaba.sp.leg.br/proposicoes/0/0/0/0/108916#pesquisa
1981-09-21 00:00:00,PROJETO DE RESOLUÇÃO N.º 012/1981,MODIFICA O ART. 105 DO REGIMENTO INTERNO.,Paulo Romeiro Ramos Mello,https://www.pindamonhangaba.sp.leg.br/proposicoes/0/0/0/0/108920#pesquisa
1981-08-17 00:00:00,PROJETO DE RESOLUÇÃO N.º 005/1981,SUPRIME DAS ATRIBUIÇÕES DOS VEREADORES A APRESENTAÇÃO DE REQUERIMENTOS DE CONGRATULAÇÕES COM PESSOAS ANIVERSARIANTES.,Rogério Campos Magalhães,https://www.pindamonhangaba.sp.leg.br/proposicoes/0/0/0/0/108913#pesquisa
1981-06-17 00:00:00,PROJETO DE RESOLUÇÃO N.º 007/1981,"MODIFICA O ART. 2º DA RESOLUÇÃO Nº 3, DE 26 DE MAIO DE 1981.",Paulo Romeiro Ramos Mello,https://www.pindamonhangaba.sp.leg.br/proposicoes/0/0/0/0/108915#pesquisa
1981-06-16 00:00:00,PROJETO DE RESOLUÇÃO N.º 006/1981,INSTITUI DIPLOMA DE HONRA AO MÉRITO.,Fernando Prado Rezende,https://www.pindamonhangaba.sp.leg.br/proposicoes/0/0/0/0/108914#pesquisa
1981-05-25 00:00:00,PROJETO DE RESOLUÇÃO N.º 004/1981,INSTITUI O DIPLOMA DE CIDADE IRMÃ.,Paulo Romeiro Ramos Mello; Eduardo Corrêa Guimarães,https://www.pindamonhangaba.sp.leg.br/proposicoes/0/0/0/0/108912#pesquisa
1981-04-22 00:00:00,PROJETO DE RESOLUÇÃO N.º 003/1981,REGULAMENTA A CESSÃO DE RECINTO DA CÂMARA.,Benedito Marcondes França,https://www.pindamonhangaba.sp.leg.br/proposicoes/0/0/0/0/108911#pesquisa
1981-03-23 00:00:00,PROJETO DE RESOLUÇÃO N.º 001/1981,FIXA A VERBA DE REPRESENTAÇÃO DO PRESIDENTE DA CÂMARA PARA O ANO DE 1981.,Benedito Marcondes França,https://www.pindamonhangaba.sp.leg.br/proposicoes/0/0/0/0/108909#pesquisa
1981-03-09 00:00:00,PROJETO DE RESOLUÇÃO N.º 002/1981,LIBERA O USO DE PALETÓ E DE GRAVATA NAS SESSÕES ORDINÁRIAS.,Eduardo Corrêa Guimarães,https://www.pindamonhangaba.sp.leg.br/proposicoes/0/0/0/0/108910#pesquisa
1980-09-15 00:00:00,PROJETO DE RESOLUÇÃO N.º 004/1980,SUPRIME DAS ATRIBUIÇÕES DOS VEREADORES E APRESENTAÇÃO DE REQUERIMENTOS DE CONGRATULAÇÕES COM PESSOAS ANIVERSARIANTES.,Rogério Campos Magalhães,https://www.pindamonhangaba.sp.leg.br/proposicoes/0/0/0/0/108934#pesquisa
1980-09-02 00:00:00,PROJETO DE RESOLUÇÃO N.º 005/1980,MODIFICA O REGIME INTERNO.,Paulo Emílio D'Alessandro,https://www.pindamonhangaba.sp.leg.br/proposicoes/0/0/0/0/108935#pesquisa
1980-08-18 00:00:00,PROJETO DE RESOLUÇÃO N.º 006/1980,FIXA A VERBA DE REPRESENTAÇÃO DO PRESIDENTE DA CÂMARA PARA O EXERCÍCIO DE 1980.,Benedito Marcondes França,https://www.pindamonhangaba.sp.leg.br/proposicoes/0/0/0/0/108936#pesquisa
1980-06-09 00:00:00,PROJETO DE RESOLUÇÃO N.º 003/1980,"DISPÕE SOBRE CONCESSÃO AUTOMÁTICA DE TÍTULO DE ""CIDADÃO PINDAMONHANGABENSE"".",Benedito Marcondes França,https://www.pindamonhangaba.sp.leg.br/proposicoes/0/0/0/0/108933#pesquisa
1980-05-12 00:00:00,PROJETO DE RESOLUÇÃO N.º 002/1980,MODIFICA O REGIME INTERNO.,Rogério Campos Magalhães,https://www.pindamonhangaba.sp.leg.br/proposicoes/0/0/0/0/108932#pesquisa
1980-03-31 00:00:00,PROJETO DE RESOLUÇÃO N.º 001/1980,"ALTERE O ART. 2º DA RESOLUÇÃO Nº 6, DE 4-12-79.",Mesa Diretora,https://www.pindamonhangaba.sp.leg.br/proposicoes/0/0/0/0/108931#pesquisa
1979-12-03 00:00:00,PROJETO DE RESOLUÇÃO N.º 007/1979,FIXA A REMUNERAÇÃO DOS VEREADORES.,Mesa Diretora,https://www.pindamonhangaba.sp.leg.br/proposicoes/0/0/0/0/108930#pesquisa
1979-05-14 00:00:00,PROJETO DE RESOLUÇÃO N.º 004/1979,"MODIFICA A REDAÇÃO DO §2º DO ART. 240, DO REGIMENTO INTERNO.",Paulo Romeiro Ramos Mello,https://www.pindamonhangaba.sp.leg.br/proposicoes/0/0/0/0/108927#pesquisa
1979-05-14 00:00:00,PROJETO DE RESOLUÇÃO N.º 005/1979,MODIFICA A REDAÇÃO DO ART. 245 DO REGIMENTO INTERNO.,Paulo Romeiro Ramos Mello,https://www.pindamonhangaba.sp.leg.br/proposicoes/0/0/0/0/108928#pesquisa
1979-05-14 00:00:00,PROJETO DE RESOLUÇÃO N.º 006/1979,MODIFICA DISPOSITIVOS REGIMENTAIS.,Eduardo Cunha San-martim,https://www.pindamonhangaba.sp.leg.br/proposicoes/0/0/0/0/108929#pesquisa
1979-04-30 00:00:00,PROJETO DE RESOLUÇÃO N.º 002/1979,INSTITUI A CONCESSÃO ESPECIAL DE TÍTULOS DE CIDADÃO PINDAMONHANGABENSE E DE MEDALHAS COMEMORATIVAS.,Eduardo Corrêa Guimarães,https://www.pindamonhangaba.sp.leg.br/proposicoes/0/0/0/0/108925#pesquisa
1979-04-23 00:00:00,PROJETO DE RESOLUÇÃO N.º 003/1979,DISPÕE SOBRE FILIAÇÃO DA CÂMARA MUNICIPAL DE PINDAMONHANGABA À U.V.E.S.P.,Eduardo Corrêa Guimarães,https://www.pindamonhangaba.sp.leg.br/proposicoes/0/0/0/0/108926#pesquisa
1979-03-19 00:00:00,PROJETO DE RESOLUÇÃO N.º 001/1979,"MODIFICA DISPOSITIVO DA RESOLUÇÃO Nº 1, DE 10 DE MAIO DE 1972.",Eduardo Corrêa Guimarães,https://www.pindamonhangaba.sp.leg.br/proposicoes/0/0/0/0/108924#pesquisa
1978-11-13 00:00:00,PROJETO DE RESOLUÇÃO N.º 002/1978,FIXA A VERBA DE REPRESENTAÇÃO DO PRESIDENTE DA CÂMARA MUNICIPAL PARA O ANO DE 1979.,Mesa Diretora,https://www.pindamonhangaba.sp.leg.br/proposicoes/0/0/0/0/108938#pesquisa
1978-08-14 00:00:00,PROJETO DE RESOLUÇÃO N.º 001/1978,DISPÕE SOBRE REGIMENTO INTERNO DA CÂMARA.,Eduardo Cunha San-martim,https://www.pindamonhangaba.sp.leg.br/proposicoes/0/0/0/0/108937#pesquisa
1977-12-12 00:00:00,PROJETO DE RESOLUÇÃO N.º 008/1977,FIXA A VERBA DE REPRESENTAÇÃO DO PRESIDENTE DA CÂMARA MUNICIPAL PARA O ANO DE 1978.,Mesa Diretora,https://www.pindamonhangaba.sp.leg.br/proposicoes/0/0/0/0/108948#pesquisa
1977-06-27 00:00:00,PROJETO DE RESOLUÇÃO N.º 006/1977,REGULAMENTA A SUBSCRIÇÃO DE REQUERIMENTOS E DÁ OUTRAS PROVIDÊNCIAS.,Eduardo Cunha San-martim,https://www.pindamonhangaba.sp.leg.br/proposicoes/0/0/0/0/108946#pesquisa
1977-06-27 00:00:00,PROJETO DE RESOLUÇÃO N.º 007/1977,REGULAMENTA A APROVAÇÃO DAS RESOLUÇÕES.,Eduardo Cunha San-martim,https://www.pindamonhangaba.sp.leg.br/proposicoes/0/0/0/0/108947#pesquisa
1977-05-16 00:00:00,PROJETO DE RESOLUÇÃO N.º 005/1977,FIXA A REMUNERAÇÃO DOS VEREADORES.,Mesa Diretora,https://www.pindamonhangaba.sp.leg.br/proposicoes/0/0/0/0/108945#pesquisa
1977-05-02 00:00:00,PROJETO DE RESOLUÇÃO N.º 004/1977,DISCIPLINA A INSCRIÇÃO PARA EXPLICAÇÕES PESSOAIS E DÁ OUTRAS PROVIDÊNCIAS.,Paulo Romeiro Ramos Mello,https://www.pindamonhangaba.sp.leg.br/proposicoes/0/0/0/0/108944#pesquisa
1977-03-07 00:00:00,PROJETO DE RESOLUÇÃO N.º 003/1977,SIMPLIFICA A TRAMITAÇÃO DOS PROJETOS DE LEI APROVADOS POR UNANIMIDADE EM 1ª DISCUSSÃO.,Paulo Romeiro Ramos Mello,https://www.pindamonhangaba.sp.leg.br/proposicoes/0/0/0/0/108943#pesquisa
1977-02-28 00:00:00,PROJETO DE RESOLUÇÃO N.º 001/1977,SUPRIME O REGISTRO DAS INDICAÇÕES NAS ATAS.,Fernando Prado Rezende,https://www.pindamonhangaba.sp.leg.br/proposicoes/0/0/0/0/108941#pesquisa
1977-02-28 00:00:00,PROJETO DE RESOLUÇÃO N.º 002/1977,FIXA A REMUNERAÇÃO DOS VEREADORES PARA A LEGISLATURA 1977-1980.,Mesa Diretora,https://www.pindamonhangaba.sp.leg.br/proposicoes/0/0/0/0/108942#pesquisa
1976-12-06 00:00:00,PROJETO DE RESOLUÇÃO N.º 005/1976,DISPÕE SOBRE ENTRONIZAÇÃO DA BÍBLIA.,Carlos Goffi Gulart,https://www.pindamonhangaba.sp.leg.br/proposicoes/0/0/0/0/108954#pesquisa
1976-12-06 00:00:00,PROJETO DE RESOLUÇÃO N.º 006/1976,DISPÕE SOBRE INAUGURAÇÃO DE RETRATO.,Carlos Goffi Gulart,https://www.pindamonhangaba.sp.leg.br/proposicoes/0/0/0/0/108955#pesquisa
1976-10-11 00:00:00,PROJETO DE RESOLUÇÃO N.º 004/1976,FIXA A VERBA DE REPRESENTAÇÃO DO PRESIDENTE DA CÂMARA PARA O PRÓXIMO QUATRIÊNIO.,Caio Mário Jacinto Da Silva,https://www.pindamonhangaba.sp.leg.br/proposicoes/0/0/0/0/108953#pesquisa
1976-08-02 00:00:00,PROJETO DE RESOLUÇÃO N.º 003/1976,PROÍBE SEJA CONVIDADO PARA CONFERENCIA DAS SESSÕES SOLENES DO 10 DE DE JULHO CANDIDATOS OU DETENTORES DE CARGOS ELETIVOS.,Paulo Romeiro Ramos Mello,https://www.pindamonhangaba.sp.leg.br/proposicoes/0/0/0/0/108952#pesquisa
1976-05-17 00:00:00,PROJETO DE RESOLUÇÃO N.º 002/1976,DISPÕE SOBRE CORTE NA VERBA DE REPRESENTAÇÃO DO PRESIDENTE.,Ângelo Paz Da Silva,https://www.pindamonhangaba.sp.leg.br/proposicoes/0/0/0/0/108951#pesquisa
1976-03-22 00:00:00,PROJETO DE RESOLUÇÃO N.º 001/1976,DISPÕE SOBRE A VENDA DO VEÍCULO DA CÂMARA E DÁ OUTRAS PROVIDÊNCIAS.,Jamil Samahá,https://www.pindamonhangaba.sp.leg.br/proposicoes/0/0/0/0/108950#pesquisa
1975-12-01 00:00:00,PROJETO DE RESOLUÇÃO N.º 005/1975,MUDA O DIA DAS SESSÕES ORDINÁRIAS E DÁ OUTRAS PROVIDÊNCIAS.,Mário Leiróz,https://www.pindamonhangaba.sp.leg.br/proposicoes/0/0/0/0/108967#pesquisa
1975-11-03 00:00:00,PROJETO DE RESOLUÇÃO N.º 004/1975,AMPLIA POR TEMPO INDETERMINADO O TEMPO PARA PRONUNCIAMENTOS PESSOAIS E FACULTA O DIREITO DE APARTES.,Mário Leiróz,https://www.pindamonhangaba.sp.leg.br/proposicoes/0/0/0/0/108968#pesquisa
1975-08-04 00:00:00,PROJETO DE RESOLUÇÃO N.º 002/1975,CRIA O SUPLEMENTO OFICIAL DE PUBLICAÇÃO DOS ATOS E DAS ATIVIDADES DA CÂMARA MUNICIPAL,Armando Muassab,https://www.pindamonhangaba.sp.leg.br/proposicoes/0/0/0/0/108965#pesquisa
1975-08-02 00:00:00,PROJETO DE RESOLUÇÃO N.º 003/1975,FIXA A REMUNERAÇÃO DOS VEREADORES.,Mesa Diretora,https://www.pindamonhangaba.sp.leg.br/proposicoes/0/0/0/0/108966#pesquisa
1975-06-16 00:00:00,PROJETO DE RESOLUÇÃO N.º 001/1975,LIBERA O TEMPO PARA OS PRONUNCIAMENTOS PESSOAIS.,Mário Leiróz,https://www.pindamonhangaba.sp.leg.br/proposicoes/0/0/0/0/108964#pesquisa
1974-12-16 00:00:00,PROJETO DE RESOLUÇÃO N.º 002/1974,INSTITUI O DIPLOMA DE HONRA AO MÉRITO.,Fernando Prado Rezende,https://www.pindamonhangaba.sp.leg.br/proposicoes/0/0/0/0/108957#pesquisa
1974-11-25 00:00:00,PROJETO DE RESOLUÇÃO N.º 007/1974,DISCIPLINA O ADIAMENTO DA DISCUSSÃO DOS PROJETOS EM APRECIAÇÃO NAS SESSÕES CONVOCADAS PELO EXECUTIVO.,Mário Leiróz,https://www.pindamonhangaba.sp.leg.br/proposicoes/0/0/0/0/108962#pesquisa
1974-10-28 00:00:00,PROJETO DE RESOLUÇÃO N.º 004/1974,TRANSFERE PARA O PATRIMÔNIO DO EXECUTIVO O VEÍCULO DO LEGISLATIVO.,Armando Muassab,https://www.pindamonhangaba.sp.leg.br/proposicoes/0/0/0/0/108959#pesquisa
1974-10-28 00:00:00,PROJETO DE RESOLUÇÃO N.º 005/1974,DISPÕE SOBRE EMPRÉSTIMO DO VEÍCULO DA CÂMARA AO PODER EXECUTIVO.,Carlos Goffi Gulart,https://www.pindamonhangaba.sp.leg.br/proposicoes/0/0/0/0/108960#pesquisa
1974-10-28 00:00:00,PROJETO DE RESOLUÇÃO N.º 006/1974,DÁ DENOMINAÇÃO À SALA DE TRABALHOS DA CÂMARA.,Carlos Goffi Gulart,https://www.pindamonhangaba.sp.leg.br/proposicoes/0/0/0/0/108961#pesquisa
1974-09-30 00:00:00,PROJETO DE RESOLUÇÃO N.º 003/1974,AUTORIZA A CONCESSÃO DO TÍTULO DE CIDADÃO PINDAMONHANGABENSE.,Jamil Samahá,https://www.pindamonhangaba.sp.leg.br/proposicoes/0/0/0/0/108958#pesquisa
1974-05-20 00:00:00,PROJETO DE RESOLUÇÃO N.º 001/1974,INSTITUI A VERBA DE REPRESENTAÇÃO DO PRESIDENTE DA CÂMARA E DÁ OUTRAS PROVIDÊNCIAS.,Jamil Samahá,https://www.pindamonhangaba.sp.leg.br/proposicoes/0/0/0/0/108956#pesquisa
1974-04-29 00:00:00,PROJETO DE RESOLUÇÃO N.º 001/1974,INSTITUI A VERBA DE REPRESENTAÇÃO DO PRESIDENTE DA CÂMARA E DÁ OUTRAS PROVIDÊNCIAS.,Mesa Diretora,https://www.pindamonhangaba.sp.leg.br/proposicoes/0/0/0/0/109088#pesquisa
1974-02-17 00:00:00,PROJETO DE RESOLUÇÃO N.º 008/1974,MAJORA A VERBA DE REPRESENTAÇÃO DO PRESIDENTE DA  CÂMARA.,Mário Leiróz,https://www.pindamonhangaba.sp.leg.br/proposicoes/0/0/0/0/108963#pesquisa
1973-05-14 00:00:00,PROJETO DE RESOLUÇÃO N.º 004/1973,ALTERA A  LEGENDA INAUGURATÓRIA DAS SESSÕES LEGISLATIVAS.,Jamil Samahá,https://www.pindamonhangaba.sp.leg.br/proposicoes/0/0/0/0/108972#pesquisa
1973-05-14 00:00:00,PROJETO DE RESOLUÇÃO N.º 005/1973,MUDA O DIA DAS SESSÕES ORDINÁRIAS E DÁ OUTRAS PROVIDÊNCIAS.,Eduardo Corrêa Guimarães,https://www.pindamonhangaba.sp.leg.br/proposicoes/0/0/0/0/108973#pesquisa
1973-04-30 00:00:00,PROJETO DE RESOLUÇÃO N.º 003/1973,FIXA EM QUINZENAIS AS SESSÕES ORDINÁRIAS DA CÂMARA.,Eduardo Corrêa Guimarães,https://www.pindamonhangaba.sp.leg.br/proposicoes/0/0/0/0/108971#pesquisa
1973-04-16 00:00:00,PROJETO DE RESOLUÇÃO N.º 002/1973,MUDA DIA DAS SESSÕES ORDINÁRIAS E DÁ OUTRAS PROVIDÊNCIAS.,Mário Leiróz,https://www.pindamonhangaba.sp.leg.br/proposicoes/0/0/0/0/108970#pesquisa
1973-03-26 00:00:00,PROJETO DE RESOLUÇÃO N.º 001/1973,ALTERA E REGULAMENTA A CONCESSÃO DA CIDADANIA HONORÁRIA.,Jamil Samahá,https://www.pindamonhangaba.sp.leg.br/proposicoes/0/0/0/0/108969#pesquisa
1972-12-18 00:00:00,PROJETO DE RESOLUÇÃO N.º 005/1972,"REVOGA DISPOSITIVO DA RESOLUÇÃO Nº 01, DE 23 DE AGOSTO DE 1971.",Mário Leiróz,https://www.pindamonhangaba.sp.leg.br/proposicoes/0/0/0/0/108980#pesquisa
1972-09-25 00:00:00,PROJETO DE RESOLUÇÃO N.º 004/1972,REDUZ PARA DUAS DISCUSSÕES A APRECIAÇÃO DOS PROJETOS DE LEI.,Francisco Romano De Oliveira,https://www.pindamonhangaba.sp.leg.br/proposicoes/0/0/0/0/108979#pesquisa
1972-05-08 00:00:00,PROJETO DE RESOLUÇÃO N.º 003/1972,REGULAMENTA O USO DO VEÍCULO DA CÂMARA MUNICIPAL.,Miguel Félix Adib,https://www.pindamonhangaba.sp.leg.br/proposicoes/0/0/0/0/108978#pesquisa
1972-04-10 00:00:00,PROJETO DE RESOLUÇÃO N.º 002/1972,"FIXA ""QUORUM"" PARA APROVAÇÃO E MODIFICAÇÕES DO REGIMENTO INTERNO.",José Raul Machado Ribas,https://www.pindamonhangaba.sp.leg.br/proposicoes/0/0/0/0/108977#pesquisa
1971-11-01 00:00:00,PROJETO DE RESOLUÇÃO N.º 002/1971,"MODIFICA O ART. 5º DA RESOLUÇÃO Nº 1, DE 28 DE ABRIL DE 1970.",José Raul Machado Ribas,https://www.pindamonhangaba.sp.leg.br/proposicoes/0/0/0/0/108975#pesquisa
1971-09-27 00:00:00,PROJETO DE RESOLUÇÃO N.º 003/1971,"MODIFICA O ART. 5º DA RESOLUÇÃO Nº 1, DE 28-04-1970.",Romeu Pereira Magalhães,https://www.pindamonhangaba.sp.leg.br/proposicoes/0/0/0/0/108976#pesquisa
1971-08-23 00:00:00,PROJETO DE RESOLUÇÃO N.º 001/1971,REINSTITUI O TÍTULO DE CIDADÃO PINDAMONHANGABENSE E DÁ NOVA REGULAMENTAÇÃO À SUA CONCESSÃO.,Túlio Campello De Souza,https://www.pindamonhangaba.sp.leg.br/proposicoes/0/0/0/0/108974#pesquisa
1970-10-12 00:00:00,PROJETO DE RESOLUÇÃO N.º 005/1970,DISPÕE SOBRE FORNECIMENTO DE CARTEIRA DE IDENTIDADE DA CÂMARA AOS VEREADORES TITULARES E AOS SUPLENTES.,Túlio Campello De Souza,https://www.pindamonhangaba.sp.leg.br/proposicoes/0/0/0/0/108988#pesquisa
1970-09-28 00:00:00,PROJETO DE RESOLUÇÃO N.º 006/1970,DISPÕE SOBRE O NOVO REGIMENTO INTERNO DA CÂMARA.,Túlio Campello De Souza,https://www.pindamonhangaba.sp.leg.br/proposicoes/0/0/0/0/108989#pesquisa
1970-05-25 00:00:00,PROJETO DE RESOLUÇÃO N.º 002/1970,OUTORGA O TÍTULO DE CIDADANIA PINDAMONHANGABENSE.,Sebastião Rodrigues Simões,https://www.pindamonhangaba.sp.leg.br/proposicoes/0/0/0/0/108985#pesquisa
1970-05-25 00:00:00,PROJETO DE RESOLUÇÃO N.º 003/1970,CONCEDE TÍTULO DE CIDADÃO PINDAMONHANGABENSE.,Mário Leiróz,https://www.pindamonhangaba.sp.leg.br/proposicoes/0/0/0/0/108986#pesquisa
1970-05-25 00:00:00,PROJETO DE RESOLUÇÃO N.º 004/1970,CONCEDE O TÍTULO DE CIDADÃO PINDAMONHANGABENSE AO VEREADOR DOMINGOS JOSÉ RAMOS MELLO.,Ângelo Paz Da Silva,https://www.pindamonhangaba.sp.leg.br/proposicoes/0/0/0/0/108987#pesquisa
1969-12-29 00:00:00,PROJETO DE RESOLUÇÃO N.º 003/1969,DISPÕE SOBRE OFICIALIZAÇÃO DE CURSO DE HISTÓRIA DE PINDAMONHANGABA.,Túlio Campello De Souza,https://www.pindamonhangaba.sp.leg.br/proposicoes/0/0/0/0/108983#pesquisa
1969-12-08 00:00:00,PROJETO DE RESOLUÇÃO N.º 002/1969,MODIFICA O ARTIGO 11º DO REGIMENTO INTERNO DA CÂMARA.,Domingos José Ramos Mello,https://www.pindamonhangaba.sp.leg.br/proposicoes/0/0/0/0/108982#pesquisa
1969-10-13 00:00:00,PROJETO DE RESOLUÇÃO N.º 001/1969,"APLICA AOS PROJETOS DE LEI DOS VEREADORES AS NORMAS TÉCNICAS DE QUE TRATA O DECRETO-LEI COMPLEMENTAR Nº 01, DE 11/08/1969.",Túlio Campello De Souza,https://www.pindamonhangaba.sp.leg.br/proposicoes/0/0/0/0/108981#pesquisa
1968-12-16 00:00:00,PROJETO DE RESOLUÇÃO N.º 003/1968,AUMENTA O VENCIMENTOS DOS FUNCIONÁRIOS DA CÂMARA POR FORÇA DA LEI DA PARIDADE DE VENCIMENTOS.,Ângelo Paz Da Silva,https://www.pindamonhangaba.sp.leg.br/proposicoes/0/0/0/0/109006#pesquisa
1968-11-18 00:00:00,PROJETO DE RESOLUÇÃO N.º 001/1968,INSTITUI O REGIME DE DEDICAÇÃO EXCLUSIVA PARA O CARGO DE DIRETOR DA SECRETARIA E ASSESSOR TÉCNICO DA CÂMARA MUNICIPAL.,Antônio Leopoldi,https://www.pindamonhangaba.sp.leg.br/proposicoes/0/0/0/0/109004#pesquisa
1968-10-07 00:00:00,PROJETO DE RESOLUÇÃO N.º 002/1968,"NOS TERMOS DE INCISO VI, DO ART. 9º DA LEI Nº 9842, DE 19 DE SETEMBRO DE 1967 (LEI ORGÂNICA DOS MUNICÍPIOS), VIGORARÃO NA PRÓXIMA LEGISLATURA OS SEGUINTES SUBSÍDIOS E VERBAS DE REPRESENTAÇÕES.",Domingos José Ramos Mello,https://www.pindamonhangaba.sp.leg.br/proposicoes/0/0/0/0/109005#pesquisa
1967-12-18 00:00:00,PROJETO DE RESOLUÇÃO N.º 008/1967,"FIXA OS SUBSÍDIOS E A VERBA DE REPRESENTAÇÃO DO PREFEITO MUNICIPAL E A VERBA DE REPRESENTAÇÃO DO PRESIDENTE DA CÂMARA PARA O PERÍODO DE 1º DE JANEIRO DE 1968 A 31 DE JANEIRO DE 1969,",Francisco Piorino Filho,https://www.pindamonhangaba.sp.leg.br/proposicoes/0/0/0/0/108997#pesquisa
1967-12-11 00:00:00,PROJETO DE RESOLUÇÃO N.º 006/1967,CONCEDE ABONO DE NATAL AOS SERVIDORES DA CÂMARA MUNICIPAL.,Francisco Piorino Filho,https://www.pindamonhangaba.sp.leg.br/proposicoes/0/0/0/0/108995#pesquisa
1967-12-11 00:00:00,PROJETO DE RESOLUÇÃO N.º 007/1967,"ALTERA AS RESOLUÇÕES NºS. 2 E 3, RESPECTIVAMENTE DE 17 E 24 DE OUTUBRO DE 1967 E DÁ OUTRAS PROVIDÊNCIAS.",Francisco Piorino Filho,https://www.pindamonhangaba.sp.leg.br/proposicoes/0/0/0/0/108996#pesquisa
1967-10-23 00:00:00,PROJETO DE RESOLUÇÃO N.º 005/1967,"REESTRUTURA O CARGO DE AUXILIAR DE DIRETOR DA SECRETARIA, AUMENTA OS VENCIMENTOS DE OUTROS SERVIDORES DA CÂMARA, ALTERA A TABELA DE REFERÊNCIAS NUMÉRICAS DOS VENCIMENTOS DOS SERVIDORES DO LEGISLATIVO E DÁ OUTRAS PROVIDÊNCIAS.",Francisco Piorino Filho,https://www.pindamonhangaba.sp.leg.br/proposicoes/0/0/0/0/108994#pesquisa
1967-10-17 00:00:00,PROJETO DE RESOLUÇÃO N.º 004/1967,DÁ NOVA DENOMINAÇÃO AO CARGO DE DIRETOR DA SECRETARIA DA CÂMARA E AMPLIA SUAS ATRIBUIÇÕES.,Aníbal Leite De Abreu,https://www.pindamonhangaba.sp.leg.br/proposicoes/0/0/0/0/108993#pesquisa
1967-04-27 00:00:00,PROJETO DE RESOLUÇÃO N.º 002/1967,DISPÕE SOBRE A ABERTURA DOS TRABALHOS DAS SESSÕES ORDINÁRIAS E INSTITUI O PRONUNCIAMENTO PESSOAL DOS VEREADORES.,Ângelo Paz Da Silva,https://www.pindamonhangaba.sp.leg.br/proposicoes/0/0/0/0/108991#pesquisa
1967-04-24 00:00:00,PROJETO DE RESOLUÇÃO N.º 003/1967,FIXA O INÍCIO DA ORDEM DO DIA E DÁ OUTRAS PROVIDÊNCIAS SOBRE A ORDEM DOS TRABALHOS DA EDILIDADE.,Jamil Samahá,https://www.pindamonhangaba.sp.leg.br/proposicoes/0/0/0/0/108992#pesquisa
1967-03-06 00:00:00,PROJETO DE RESOLUÇÃO N.º 001/1967,AUTORIZA CELEBRAÇÃO DE CONTRATO COM A RÁDIO LOCAL VISANDO A PUBLICAÇÃO DOS TRABALHOS DA CÂMARA E A IRRADIAÇÃO DE SUAS SESSÕES.,Mesa Diretora,https://www.pindamonhangaba.sp.leg.br/proposicoes/0/0/0/0/108990#pesquisa
1966-12-30 00:00:00,PROJETO DE RESOLUÇÃO N.º 006/1966,MAJORA OS VENCIMENTOS DOS FUNCIONÁRIOS DA CÂMARA MUNICIPAL.,Francisco Piorino Filho,https://www.pindamonhangaba.sp.leg.br/proposicoes/0/0/0/0/109003#pesquisa
1966-12-12 00:00:00,PROJETO DE RESOLUÇÃO N.º 005/1966,MAJORA OS VENCIMENTOS DOS FUNCIONÁRIOS DA CÂMARA MUNICIPAL.,Francisco Piorino Filho,https://www.pindamonhangaba.sp.leg.br/proposicoes/0/0/0/0/109002#pesquisa
1966-06-27 00:00:00,PROJETO DE RESOLUÇÃO N.º 004/1966,DISPÕE SOBRE APROVAÇÃO DE CONTAS DO PODER EXECUTIVO.,Antônio Leopoldi,https://www.pindamonhangaba.sp.leg.br/proposicoes/0/0/0/0/109001#pesquisa
1966-05-23 00:00:00,PROJETO DE RESOLUÇÃO N.º 003/1966,CONCEDE TÍTULO DE CIDADANIA PINDAMONHANGABA.,Francisco Piorino Filho,https://www.pindamonhangaba.sp.leg.br/proposicoes/0/0/0/0/109000#pesquisa
1966-05-16 00:00:00,PROJETO DE RESOLUÇÃO N.º 002/1966,DISPÕE SOBRE A ABERTURA DOS TRABALHOS DAS SESSÕES ORDINÁRIAS E INSTITUI TEMPO PARA O PRONUNCIAMENTO PESSOAL DOS VEREADORES.,Ângelo Paz Da Silva,https://www.pindamonhangaba.sp.leg.br/proposicoes/0/0/0/0/108999#pesquisa
1966-04-18 00:00:00,PROJETO DE RESOLUÇÃO N.º 001/1966,"FIXA OS SUBSÍDIOS E A VERBA DE REPRESENTAÇÃO DO PREFEITO MUNICIPAL,E A VERBA DE REPRESENTAÇÃO DO VICE-PREFEITO E DO PRESIDENTE DA CÂMARA PARA O PERÍODO CONTADO DE 1º DE MARÇO DE 1966 A 31 DE DEZEMBRO DE 1967.",Francisco Piorino Filho,https://www.pindamonhangaba.sp.leg.br/proposicoes/0/0/0/0/108998#pesquisa
1965-12-13 00:00:00,PROJETO DE RESOLUÇÃO N.º 007/1965,INSTITUI A INSTALAÇÃO SOLENE DOS EXERCÍCIOS LEGISLATIVOS.,Aníbal Leite De Abreu,https://www.pindamonhangaba.sp.leg.br/proposicoes/0/0/0/0/109011#pesquisa
1965-12-13 00:00:00,PROJETO DE RESOLUÇÃO N.º 008/1965,EFETIVA FUNCIONÁRIO DA CÂMARA MUNICIPAL.,Arlindo Paim,https://www.pindamonhangaba.sp.leg.br/proposicoes/0/0/0/0/109012#pesquisa
1965-12-06 00:00:00,PROJETO DE RESOLUÇÃO N.º 006/1965,AUMENTA OS VENCIMENTOS DOS SERVIDORES DA CÂMARA.,Aníbal Leite De Abreu,https://www.pindamonhangaba.sp.leg.br/proposicoes/0/0/0/0/109010#pesquisa
1965-11-08 00:00:00,PROJETO DE RESOLUÇÃO N.º 005/1965,INSTITUI O DIA COMEMORATIVO DA BÍBLIA.,Alberto Fernandes Machado,https://www.pindamonhangaba.sp.leg.br/proposicoes/0/0/0/0/109009#pesquisa
1965-09-20 00:00:00,PROJETO DE RESOLUÇÃO N.º 001/1965,AUTORIZA CELEBRAÇÃO DE CONTRATO COM A RÁDIO LOCAL VISANDO A PUBLICAÇÃO DOS TRABALHOS DA CÂMARA E A IRRADIAÇÃO DE SUAS SESSÕES.,Arlindo Paim,https://www.pindamonhangaba.sp.leg.br/proposicoes/0/0/0/0/109007#pesquisa
1965-05-24 00:00:00,PROJETO DE RESOLUÇÃO N.º 003/1965,CONCEDE TÍTULO DE CIDADANIA PINDAMONHANGABENSE.,Alcides Ramos Nogueira,https://www.pindamonhangaba.sp.leg.br/proposicoes/0/0/0/0/109090#pesquisa
1965-05-20 00:00:00,PROJETO DE RESOLUÇÃO N.º 002/1965,CONCEDE TÍTULO DE CIDADANIA PINDAMONHANGABENSE.,Domingos José Ramos Mello,https://www.pindamonhangaba.sp.leg.br/proposicoes/0/0/0/0/109089#pesquisa
1965-05-10 00:00:00,PROJETO DE RESOLUÇÃO N.º 001/1965,CONCEDE TÍTULO DE CIDADANIA PINDAMONHANGABENSE.,Arlindo Paim,https://www.pindamonhangaba.sp.leg.br/proposicoes/0/0/0/0/109091#pesquisa
1965-04-29 00:00:00,PROJETO DE RESOLUÇÃO N.º 001/1965,MAJORA OS VENCIMENTOS DOS SERVIDORES DA CÂMARA.,Ângelo Paz Da Silva,https://www.pindamonhangaba.sp.leg.br/proposicoes/0/0/0/0/109008#pesquisa
1964-12-24 00:00:00,PROJETO DE RESOLUÇÃO N.º 002/1964,"DÁ AO GABINETE DA PRESIDÊNCIA A DENOMINAÇÃO DE ""SALA BARÃO HOMEM DE MELLO"".",Ângelo Paz Da Silva,https://www.pindamonhangaba.sp.leg.br/proposicoes/0/0/0/0/109024#pesquisa
1964-12-07 00:00:00,PROJETO DE RESOLUÇÃO N.º 017/1964,ACRESCENTA ARTIGOS NO REGIMENTO INTERNO DA CÂMARA.,José Raul Machado Ribas,https://www.pindamonhangaba.sp.leg.br/proposicoes/0/0/0/0/109041#pesquisa
1964-09-28 00:00:00,PROJETO DE RESOLUÇÃO N.º 016/1964,"DÁ NOVA REDAÇÃO AOS ARTIGOS 1º E 2º DA RESOLUÇÃO Nº 04, DE 28 DE JUNHO DE 1963, QUE DISPÕE SOBRE CONCESSÃO DE LICENÇA PRÊMIO EM PECÚNIA.",José Walter Teixeira Pinto,https://www.pindamonhangaba.sp.leg.br/proposicoes/0/0/0/0/109040#pesquisa
1964-09-21 00:00:00,PROJETO DE RESOLUÇÃO N.º 015/1964,A CÂMARA MUNICIPAL DE PINDAMONHANGABA RESOLVE:,Antônio Leopoldi,https://www.pindamonhangaba.sp.leg.br/proposicoes/0/0/0/0/109039#pesquisa
1964-09-14 00:00:00,PROJETO DE RESOLUÇÃO N.º 014/1964,"ALTERA O ARTIGO 138 DO REGIMENTO INTERNO, QUE PASSA A TER A SEGUINTE REDAÇÃO:",Jamil Samahá,https://www.pindamonhangaba.sp.leg.br/proposicoes/0/0/0/0/109038#pesquisa
1964-09-09 00:00:00,PROJETO DE RESOLUÇÃO N.º 012/1964,REGULAMENTA O TEMPO DE DURAÇÃO DOS TRABALHOS DA CÂMARA.,Antônio Leopoldi,https://www.pindamonhangaba.sp.leg.br/proposicoes/0/0/0/0/109033#pesquisa
1964-08-25 00:00:00,PROJETO DE RESOLUÇÃO N.º 013/1964,MAJORA OS VENCIMENTOS DOS SERVIDORES DA CÂMARA MUNICIPAL E DÁ OUTRAS PROVIDÊNCIAS.,Domingos José Ramos Mello,https://www.pindamonhangaba.sp.leg.br/proposicoes/0/0/0/0/109037#pesquisa
1964-06-22 00:00:00,PROJETO DE RESOLUÇÃO N.º 006/1964,DISPÕE SOBRE CASSAÇÃO DE TÍTULO DE CIDADANIA PINDAMONHANGABENSE.,José Raul Machado Ribas,https://www.pindamonhangaba.sp.leg.br/proposicoes/0/0/0/0/109027#pesquisa
1964-06-22 00:00:00,PROJETO DE RESOLUÇÃO N.º 011/1964,DÁ NOVA REDAÇÃO A PROVIDÊNCIAS ÀS RESOLUÇÕES VERSANTES SOBRE A OUTORGA DA CIDADANIA PINDAMONHANGABENSE.,Jamil Samahá,https://www.pindamonhangaba.sp.leg.br/proposicoes/0/0/0/0/109032#pesquisa
1964-06-08 00:00:00,PROJETO DE RESOLUÇÃO N.º 010/1964,"REVOGA ""IN TOTUM"", A RESOLUÇÃO Nº 06, DE 05 DE JUNHO DE 1964.",Aníbal Leite De Abreu,https://www.pindamonhangaba.sp.leg.br/proposicoes/0/0/0/0/109031#pesquisa
1964-05-25 00:00:00,PROJETO DE RESOLUÇÃO N.º 009/1964,"REGULAMENTA O PEDIDO DE ""VISTAS"" DE PROJETOS NO PLENÁRIO.",Arlindo Paim,https://www.pindamonhangaba.sp.leg.br/proposicoes/0/0/0/0/109030#pesquisa
1964-05-04 00:00:00,PROJETO DE RESOLUÇÃO N.º 007/1964,CRIA A COMISSÃO ESPECIAL PARA ESTUDAS AS ALTERAÇÕES JULGADAS NECESSÁRIAS AO APRIMORAMENTO DO CÓDIGO TRIBUTÁRIO.,Ângelo Paz Da Silva,https://www.pindamonhangaba.sp.leg.br/proposicoes/0/0/0/0/109028#pesquisa
1964-04-22 00:00:00,PROJETO DE RESOLUÇÃO N.º 008/1964,DISPÕE SOBRE AUMENTO DE VENCIMENTOS DOS FUNCIONÁRIOS DA CÂMARA MUNICIPAL E DÁ OUTRAS PROVIDÊNCIAS.,José Walter Teixeira Pinto,https://www.pindamonhangaba.sp.leg.br/proposicoes/0/0/0/0/109029#pesquisa
1964-04-13 00:00:00,PROJETO DE RESOLUÇÃO N.º 005/1964,ALTERA A ESCALA DE PADRÕES DE VENCIMENTOS DOS SERVIDORES DA CÂMARA MUNICIPAL.,Ângelo Paz Da Silva,https://www.pindamonhangaba.sp.leg.br/proposicoes/0/0/0/0/109026#pesquisa
1964-03-23 00:00:00,PROJETO DE RESOLUÇÃO N.º 003/1964,DÁ NOVA ATRIBUIÇÃO AO PRESIDENTE DA MESA.,Aníbal Leite De Abreu,https://www.pindamonhangaba.sp.leg.br/proposicoes/0/0/0/0/109023#pesquisa
1964-03-16 00:00:00,PROJETO DE RESOLUÇÃO N.º 001/1964,DISPÕE SOBRE HOMENAGEM QUE PERPETUA NA CÂMARA O NOME DO PRESIDENTE JOHN FITZGERALD KENNEDY.,Francisco Piorino Filho,https://www.pindamonhangaba.sp.leg.br/proposicoes/0/0/0/0/109022#pesquisa
1964-03-09 00:00:00,PROJETO DE RESOLUÇÃO N.º 004/1964,"DISCIPLINA A COMPETÊNCIA DA INICIATIVA DA DENOMINAÇÃO VIAS E LOGRADOUROS PÚBLICOS MUNICIPAIS, ESTABELECENDO NORMAS PARA AS PROPOSITURAS CONGÊNERES.",Jamil Samahá,https://www.pindamonhangaba.sp.leg.br/proposicoes/0/0/0/0/109025#pesquisa
1963-12-21 00:00:00,PROJETO DE RESOLUÇÃO N.º 005/1963,FIXA OS SUBSÍDIOS E A VERBA DE REPRESENTAÇÃO DO PREFEITO E A VERBA DE REPRESENTAÇÃO DO VICE-PREFEITO E DO PRESIDENTE DA CÂMARA PARA A PRÓXIMA LEGISLATURA.,Antônio Leopoldi,https://www.pindamonhangaba.sp.leg.br/proposicoes/0/0/0/0/109017#pesquisa
1963-12-21 00:00:00,PROJETO DE RESOLUÇÃO N.º 006/1963,AUMENTA OS VENCIMENTOS DOS FUNCIONÁRIOS DA CÂMARA.,Francisco Piorino Filho,https://www.pindamonhangaba.sp.leg.br/proposicoes/0/0/0/0/109018#pesquisa
1963-11-11 00:00:00,PROJETO DE RESOLUÇÃO N.º 004/1963,INCORPORA ABONO AOS VENCIMENTOS,Anibal Leite De Abreu,https://www.pindamonhangaba.sp.leg.br/proposicoes/0/0/0/0/109016#pesquisa
1963-10-21 00:00:00,PROJETO DE RESOLUÇÃO N.º 007/1963,DISPÕE SOBRE APROVAÇÃO DE CONTAS DO PODER EXECUTIVO.,Comissões,https://www.pindamonhangaba.sp.leg.br/proposicoes/0/0/0/0/109019#pesquisa
1963-09-02 00:00:00,PROJETO DE RESOLUÇÃO N.º 002/1963,VEDA A CONCESSÃO DE TÍTULO DE CIDADANIA EM CASOS ESPECÍFICOS.,Carlos Goffi Gulart,https://www.pindamonhangaba.sp.leg.br/proposicoes/0/0/0/0/109020#pesquisa
1963-07-29 00:00:00,PROJETO DE RESOLUÇÃO N.º 003/1963,"REGULAMENTA A TRAMITAÇÃO, ELABORAÇÃO, DISCUSSÃO E VOTAÇÃO DO PROJETO DE CÓDIGO TRIBUTÁRIO DO MUNICÍPIO DE PINDAMONHANGABA.",Arlindo Paim,https://www.pindamonhangaba.sp.leg.br/proposicoes/0/0/0/0/109015#pesquisa
1963-06-24 00:00:00,PROJETO DE RESOLUÇÃO N.º 001/1963,DIVIDE A LICENÇA-PRÊMIO EM DESCANSO E FACULTATIVAMENTE EM REMUNERAÇÃO.,Antônio Leopoldi,https://www.pindamonhangaba.sp.leg.br/proposicoes/0/0/0/0/109014#pesquisa
1963-06-24 00:00:00,PROJETO DE RESOLUÇÃO N.º 003/1963,AUMENTA OS VENCIMENTOS DOS SERVIDORES DA CÂMARA MUNICIPAL.,Alfredo Molinari,https://www.pindamonhangaba.sp.leg.br/proposicoes/0/0/0/0/109021#pesquisa
1963-05-23 00:00:00,PROJETO DE RESOLUÇÃO N.º 001/1963,CONCEDE TÍTULO DE CIDADANIA PINDAMONHANGABENSE.,Francisco Piorino Filho,https://www.pindamonhangaba.sp.leg.br/proposicoes/0/0/0/0/109013#pesquisa
1962-12-29 00:00:00,PROJETO DE RESOLUÇÃO N.º 001/1962,MELHORA A VERBA DE REPRESENTAÇÃO DO PREFEITO MUNICIPAL.,Alfredo Molinari,https://www.pindamonhangaba.sp.leg.br/proposicoes/0/0/0/0/109034#pesquisa
1962-12-03 00:00:00,PROJETO DE RESOLUÇÃO N.º 003/1962,INSTITUI O 13º SALÁRIO NA CÂMARA MUNICIPAL.,Francisco Piorino Filho,https://www.pindamonhangaba.sp.leg.br/proposicoes/0/0/0/0/109036#pesquisa
1962-11-19 00:00:00,PROJETO DE RESOLUÇÃO N.º 002/1962,"CRIA O QUADRO DO FUNCIONALISMO DA CÂMARA MUNICIPAL, FIXA OS RESPECTIVOS VENCIMENTOS E FUNÇÕES E DÁ OUTRAS PROVIDÊNCIAS.",Alfredo Molinari,https://www.pindamonhangaba.sp.leg.br/proposicoes/0/0/0/0/109035#pesquisa
1961-12-29 00:00:00,PROJETO DE RESOLUÇÃO N.º 001/1961,"DISPÕE SOBRE APROVAÇÃO DAS CONTAS DA PREFEITURA MUNICIPAL, REFERENTES AOS EXERCÍCIOS DE 1954 E 1955.",Comissões,https://www.pindamonhangaba.sp.leg.br/proposicoes/0/0/0/0/109071#pesquisa
1961-11-27 00:00:00,PROJETO DE RESOLUÇÃO N.º 011/1961,MAJORA OS VENCIMENTOS DOS SERVIDORES DA CÂMARA MUNICIPAL.,Benedito Marcondes França,https://www.pindamonhangaba.sp.leg.br/proposicoes/0/0/0/0/109081#pesquisa
1961-11-27 00:00:00,PROJETO DE RESOLUÇÃO N.º 012/1961,CRIA O CARGO DE AUXILIAR DO DIRETOR DA SECRETARIA DA CÂMARA MUNICIPAL.,Ângelo Paz Da Silva,https://www.pindamonhangaba.sp.leg.br/proposicoes/0/0/0/0/109082#pesquisa
1961-10-23 00:00:00,PROJETO DE RESOLUÇÃO N.º 010/1961,MODIFICA O REGIMENTO INTERNO DA CÂMARA.,Antônio Leopoldi,https://www.pindamonhangaba.sp.leg.br/proposicoes/0/0/0/0/109080#pesquisa
1961-10-16 00:00:00,PROJETO DE RESOLUÇÃO N.º 009/1961,REGULAMENTA A POSSE DE SUPLENTE DE VEREADOR.,Francisco Piorino Filho,https://www.pindamonhangaba.sp.leg.br/proposicoes/0/0/0/0/109079#pesquisa
1961-08-28 00:00:00,PROJETO DE RESOLUÇÃO N.º 008/1961,REGULAMENTA A SUBSTITUIÇÃO DO DIRETOR DA SECRETARIA.,Francisco Piorino Filho,https://www.pindamonhangaba.sp.leg.br/proposicoes/0/0/0/0/109078#pesquisa
1961-07-03 00:00:00,PROJETO DE RESOLUÇÃO N.º 007/1961,MODIFICA O REGIMENTO INTERNO DA CÂMARA.,Antônio Leopoldi,https://www.pindamonhangaba.sp.leg.br/proposicoes/0/0/0/0/109077#pesquisa
1961-06-26 00:00:00,PROJETO DE RESOLUÇÃO N.º 006/1961,MUDA O DIA DAS SESSÕES ORDINÁRIAS DA CÂMARA.,Loyd Pereira De Rocha,https://www.pindamonhangaba.sp.leg.br/proposicoes/0/0/0/0/109075#pesquisa
1961-06-19 00:00:00,PROJETO DE RESOLUÇÃO N.º 005/1961,"MODIFICA A RESOLUÇÃO Nº 13, DE 25 DE OUTUBRO DE 1960.",Francisco Piorino Filho,https://www.pindamonhangaba.sp.leg.br/proposicoes/0/0/0/0/109074#pesquisa
1961-05-22 00:00:00,PROJETO DE RESOLUÇÃO N.º 003/1961,CONCEDE TÍTULO DE CIDADANIA PINDAMONHANGABENSE.,João Antônio Salgado Neto,https://www.pindamonhangaba.sp.leg.br/proposicoes/0/0/0/0/109073#pesquisa
1961-05-22 00:00:00,PROJETO DE RESOLUÇÃO N.º 004/1961,CONCEDE TÍTULO DE CIDADANIA PINDAMONHANGABENSE.,Alfredo Molinari,https://www.pindamonhangaba.sp.leg.br/proposicoes/0/0/0/0/109076#pesquisa
1961-03-13 00:00:00,PROJETO DE RESOLUÇÃO N.º 002/1961,A CÂMARA MUNICIPAL DE PINDAMONHANGABA.,Ângelo Paz Da Silva,https://www.pindamonhangaba.sp.leg.br/proposicoes/0/0/0/0/109072#pesquisa
1960-12-07 00:00:00,PROJETO DE RESOLUÇÃO N.º 021/1960,AUMENTA OS VENCIMENTOS DOS FUNCIONÁRIOS DA EDILIDADE.,Jorge Bargis Mathias,https://www.pindamonhangaba.sp.leg.br/proposicoes/0/0/0/0/109066#pesquisa
1960-12-05 00:00:00,PROJETO DE RESOLUÇÃO N.º 020/1960,CONCEDE ABONO PROVISÓRIO A FUNCIONÁRIOS DA CÂMARA.,Loyd Pereira De Rocha,https://www.pindamonhangaba.sp.leg.br/proposicoes/0/0/0/0/109065#pesquisa
1960-12-05 00:00:00,PROJETO DE RESOLUÇÃO N.º 022/1960,REGULAMENTA A CONCESSÃO DO TÍTULO DE CIDADÃO PINDAMONHANGABENSE A FILHOS DE OUTRAS TERRAS ELEITOS PARA MEMBROS DOS PODERES EXECUTIVO E LEGISLATIVO LOCAIS ETC.,Francisco De Paula Santos,https://www.pindamonhangaba.sp.leg.br/proposicoes/0/0/0/0/109067#pesquisa
1960-11-07 00:00:00,PROJETO DE RESOLUÇÃO N.º 015/1960,EFETIVA FUNCIONÁRIO DA CÂMARA.,Benedito Marcondes França,https://www.pindamonhangaba.sp.leg.br/proposicoes/0/0/0/0/109063#pesquisa
1960-10-25 00:00:00,PROJETO DE RESOLUÇÃO N.º 019/1960,REGULAMENTA A CONCESSÃO DE TÍTULO DE CIDADÃO PINDAMONHANGABENSE.,Túlio Campello De Souza,https://www.pindamonhangaba.sp.leg.br/proposicoes/0/0/0/0/109064#pesquisa
1960-10-25 00:00:00,PROJETO DE RESOLUÇÃO N.º 017/1960,CONCEDE TÍTULO DE CIDADANIA PINDAMONHANGABENSE.,Francisco Piorino Filho,https://www.pindamonhangaba.sp.leg.br/proposicoes/0/0/0/0/109083#pesquisa
1960-09-05 00:00:00,PROJETO DE RESOLUÇÃO N.º 013/1960,CONCEDE TÍTULO DE CIDADÃO PINDAMONHANGABENSE.,Benedito Marcondes França,https://www.pindamonhangaba.sp.leg.br/proposicoes/0/0/0/0/109061#pesquisa
1960-09-05 00:00:00,PROJETO DE RESOLUÇÃO N.º 014/1960,DISPÕE SOBRE EFETIVAÇÃO DE FUNCIONÁRIO.,Benedito Marcondes França,https://www.pindamonhangaba.sp.leg.br/proposicoes/0/0/0/0/109062#pesquisa
1960-08-29 00:00:00,PROJETO DE RESOLUÇÃO N.º 012/1960,DISPÕE SOBRE EFETIVAÇÃO DE FUNCIONÁRIO.,Francisco Piorino Filho,https://www.pindamonhangaba.sp.leg.br/proposicoes/0/0/0/0/109060#pesquisa
1960-08-22 00:00:00,PROJETO DE RESOLUÇÃO N.º 011/1960,REGULAMENTA A TRAMITAÇÃO DE PROJETOS DE LEI QUE ESPECIFICA.,Túlio Campello De Souza,https://www.pindamonhangaba.sp.leg.br/proposicoes/0/0/0/0/109059#pesquisa
1960-08-22 00:00:00,PROJETO DE RESOLUÇÃO N.º 001/1960,DISPÕE  SOBRE EFETIVAÇÃO DE FUNCIONÁRIOS.,Francisco Piorino Filho,https://www.pindamonhangaba.sp.leg.br/proposicoes/0/0/0/0/109048#pesquisa
1960-06-27 00:00:00,PROJETO DE RESOLUÇÃO N.º 009/1960,CONCEDE TÍTULO DE CIDADANIA PINDAMONHANGABENSE.,Francisco Piorino Filho,https://www.pindamonhangaba.sp.leg.br/proposicoes/0/0/0/0/109057#pesquisa
1960-06-27 00:00:00,PROJETO DE RESOLUÇÃO N.º 010/1960,CONCEDE TÍTULO HONORÍFICO.,Jofre Alves Furquim,https://www.pindamonhangaba.sp.leg.br/proposicoes/0/0/0/0/109058#pesquisa
1960-06-27 00:00:00,PROJETO DE RESOLUÇÃO N.º 007/1960,DISPÕE SOBRE CONCESSÃO DE TÍTULO HONORÍFICO AO REVMO. MONSENHOR JOÃO JOSÉ DE AZEVEDO.,Carlos Goffi Gulart,https://www.pindamonhangaba.sp.leg.br/proposicoes/0/0/0/0/109054#pesquisa
1960-06-27 00:00:00,PROJETO DE RESOLUÇÃO N.º 008/1960,DISPÕE SOBRE CONCESSÃO DE TÍTULO DE CIDADANIA PINDAMONHAGABENSE.,Benedito Marcondes França,https://www.pindamonhangaba.sp.leg.br/proposicoes/0/0/0/0/109055#pesquisa
1960-06-06 00:00:00,PROJETO DE RESOLUÇÃO N.º 006/1960,CONCEDE TÍTULO DE CIDADÃO PINDAMONHANGABENSE AO SENHOR CLÓVIS GARCIA.,Jofre Alves Furquim,https://www.pindamonhangaba.sp.leg.br/proposicoes/0/0/0/0/109053#pesquisa
1960-05-23 00:00:00,PROJETO DE RESOLUÇÃO N.º 009/1960,DISPÕE SOBRE CONCESSÃO DE DIPLOMA DE CIDADANIA PINDAMONHANGABENSE.,Armando Muassab,https://www.pindamonhangaba.sp.leg.br/proposicoes/0/0/0/0/109056#pesquisa
1960-05-23 00:00:00,PROJETO DE RESOLUÇÃO N.º 005/1960,CONCEDE TÍTULO DE CIDADANIA PINDAMONHANGABENSE AO DOUTOR. PLÍNIO SOARES DE ARRUDA SAMPAIO.,Anibal Leite De Abreu,https://www.pindamonhangaba.sp.leg.br/proposicoes/0/0/0/0/109052#pesquisa
1960-04-19 00:00:00,PROJETO DE RESOLUÇÃO N.º 004/1960,REGULAMENTA A RETIRADA DE PROCESSOS DA SECRETARIA  DA CÂMARA.,Ângelo Paz Da Silva,https://www.pindamonhangaba.sp.leg.br/proposicoes/0/0/0/0/109051#pesquisa
1960-04-04 00:00:00,PROJETO DE RESOLUÇÃO N.º 003/1960,AUTORIZA A CÂMARA MUNICIPAL A ADQUIRIR UM GRAVADOR À FITA.,Francisco Piorino Filho,https://www.pindamonhangaba.sp.leg.br/proposicoes/0/0/0/0/109050#pesquisa
1960-02-19 00:00:00,PROJETO DE RESOLUÇÃO N.º 002/1960,DISPÕE SOBRE CONCESSÃO DE LICENÇA AO PREFEITO MUNICIPAL.,Anibal Leite De Abreu,https://www.pindamonhangaba.sp.leg.br/proposicoes/0/0/0/0/109049#pesquisa
1959-11-16 00:00:00,PROJETO DE RESOLUÇÃO N.º 005/1959,FIXA OS SUBSÍDIOS E VERBA DE REPRESENTAÇÃO DO PROJETO PARA O QUADRIÊNIO.,Ângelo Paz Da Silva,https://www.pindamonhangaba.sp.leg.br/proposicoes/0/0/0/0/109046#pesquisa
1959-11-16 00:00:00,PROJETO DE RESOLUÇÃO N.º 006/1959,VISA MAJORAR OS VENCIMENTOS DOS FUNCIONÁRIOS DA CÂMARA.,João Corrêa Guimarães Filho,https://www.pindamonhangaba.sp.leg.br/proposicoes/0/0/0/0/109047#pesquisa
1959-04-15 00:00:00,PROJETO DE RESOLUÇÃO N.º 003/1959,REGULAMENTA A QUESTÃO DA DISPENSA DE PARECERES AOS PROJETOS.,Ignácio Rezende,https://www.pindamonhangaba.sp.leg.br/proposicoes/0/0/0/0/109044#pesquisa
1959-04-15 00:00:00,PROJETO DE RESOLUÇÃO N.º 004/1959,REGULAMENTA A INCLUSÃO DE PROJETOS NA ORDEM DO DIA.,Ignácio Rezende,https://www.pindamonhangaba.sp.leg.br/proposicoes/0/0/0/0/109045#pesquisa
1959-03-09 00:00:00,PROJETO DE RESOLUÇÃO N.º 002/1959,RECLASSIFICA UM CARGO DO QUADRO DE FUNCIONÁRIOS DA CÂMARA MUNICIPAL.,Waldomiro Benedito De Abreu,https://www.pindamonhangaba.sp.leg.br/proposicoes/0/0/0/0/109043#pesquisa
1959-02-23 00:00:00,PROJETO DE RESOLUÇÃO N.º 001/1959,DISPÕE SOBRE FORNECIMENTO DE LANCHE AOS VEREADORES E FUNCIONÁRIOS DA CÂMARA.,Wilson Valentini,https://www.pindamonhangaba.sp.leg.br/proposicoes/0/0/0/0/109042#pesquisa
1958-10-27 00:00:00,PROJETO DE RESOLUÇÃO N.º 003/1958,INSTITUI A GALERIA DOS EX-PRESIDENTES DA CÂMARA MUNICIPAL.,José Alberto Monteclaro César,https://www.pindamonhangaba.sp.leg.br/proposicoes/0/0/0/0/109094#pesquisa
1958-06-02 00:00:00,PROJETO DE RESOLUÇÃO N.º 002/1958,FIXA EM SEMANAIS AS SESSÕES ORDINÁRIAS DA CÂMARA MUNICIPAL.,José Prates Da Fonseca,https://www.pindamonhangaba.sp.leg.br/proposicoes/0/0/0/0/109093#pesquisa
1958-05-02 00:00:00,PROJETO DE RESOLUÇÃO N.º 001/1958,ELEVA OS VENCIMENTOS DOS FUNCIONÁRIOS DO PODER LEGISLATIVO.,Paulo I. Dantas Gama; José Alberto Monteclaro César,https://www.pindamonhangaba.sp.leg.br/proposicoes/0/0/0/0/109092#pesquisa
1957-11-29 00:00:00,PROJETO DE RESOLUÇÃO N.º 006/1957,REGULAMENTA O USO DA VERBA DE VIAGENS DE VEREADORES.,Arlindo Paim,https://www.pindamonhangaba.sp.leg.br/proposicoes/0/0/0/0/109100#pesquisa
1957-11-29 00:00:00,PROJETO DE RESOLUÇÃO N.º 007/1957,INSTITUI A OBRIGATORIEDADE DA PRESTAÇÃO DE CONTAS DE PARTE DA MESA DA CÂMARA.,Arlindo Paim,https://www.pindamonhangaba.sp.leg.br/proposicoes/0/0/0/0/109101#pesquisa
1957-11-18 00:00:00,PROJETO DE RESOLUÇÃO N.º 005/1957,FIXA OS SUBSÍDIOS DO PREFEITO MUNICIPAL E DÁ OUTRAS PROVIDÊNCIAS.,Mário Leiróz,https://www.pindamonhangaba.sp.leg.br/proposicoes/0/0/0/0/109099#pesquisa
1957-09-13 00:00:00,PROJETO DE RESOLUÇÃO N.º 004/1957,REGULAMENTA QUESTÃO PEDIDO DE VISTAS DE PROCESSOS NO PLENÁRIO.,José Alberto Monteclaro César,https://www.pindamonhangaba.sp.leg.br/proposicoes/0/0/0/0/109098#pesquisa
1957-08-26 00:00:00,PROJETO DE RESOLUÇÃO N.º 002/1957,DISPÕE SOBRE AQUISIÇÃO DE RELÓGIO DE PAREDE.,Arlindo Paim,https://www.pindamonhangaba.sp.leg.br/proposicoes/0/0/0/0/109096#pesquisa
1957-08-26 00:00:00,PROJETO DE RESOLUÇÃO N.º 003/1957,AUTORIZA ENVIO DE CÓPIAS DE OFÍCIOS EXPEDIDOS AOS VEREADORES INTERESSADOS.,Arlindo Paim,https://www.pindamonhangaba.sp.leg.br/proposicoes/0/0/0/0/109097#pesquisa
1957-04-08 00:00:00,PROJETO DE RESOLUÇÃO N.º 001/1957,CRIA O CARGO DE ARQUIVISTA- ESCRITURÁRIO.,Domingos José Ramos Mello,https://www.pindamonhangaba.sp.leg.br/proposicoes/0/0/0/0/109095#pesquisa
1956-12-17 00:00:00,PROJETO DE RESOLUÇÃO N.º 006/1956,FIXA OS VENCIMENTOS DOS FUNCIONÁRIOS DA CÂMARA MUNICIPAL.,José Alberto Monteclaro César,https://www.pindamonhangaba.sp.leg.br/proposicoes/0/0/0/0/109107#pesquisa
1956-12-17 00:00:00,PROJETO DE RESOLUÇÃO N.º 008/1956,RESSARCIMENTO DOS DESCONTOS DOS VENCIMENTOS DOS VEREADORES FUNCIONÁRIOS.,Oswaldo Costa,https://www.pindamonhangaba.sp.leg.br/proposicoes/0/0/0/0/109113#pesquisa
1956-12-10 00:00:00,PROJETO DE RESOLUÇÃO N.º 005/1956,ESTABELECE NOVA DATA PARA A ELEIÇÃO DE RENOVAÇÃO DA MESA DA CÂMARA.,Ignácio Rezende,https://www.pindamonhangaba.sp.leg.br/proposicoes/0/0/0/0/109106#pesquisa
1956-06-04 00:00:00,PROJETO DE RESOLUÇÃO N.º 004/1956,"PROMOVE, POR MERECIMENTO, FUNCIONÁRIOS DA CÂMARA.",Paulo I. Dantas Gama,https://www.pindamonhangaba.sp.leg.br/proposicoes/0/0/0/0/109105#pesquisa
1956-03-19 00:00:00,PROJETO DE RESOLUÇÃO N.º 002/1956,REGULAMENTA A QUESTÃO DAS ATAS DA CÂMARA.,Mário Leiróz,https://www.pindamonhangaba.sp.leg.br/proposicoes/0/0/0/0/109103#pesquisa
1956-03-05 00:00:00,PROJETO DE RESOLUÇÃO N.º 001/1956,DETERMINA OS DIAS DAS SESSÕES ORDINÁRIAS DA CÂMARA MUNICIPAL.,Caio Gomes Figueiredo,https://www.pindamonhangaba.sp.leg.br/proposicoes/0/0/0/0/109102#pesquisa
1956-02-25 00:00:00,PROJETO DE RESOLUÇÃO N.º 007/1956,DETERMINA OS DIAS DAS SESSÕES ORDINÁRIAS DA CÂMARA.,José Prates Da Fonseca,https://www.pindamonhangaba.sp.leg.br/proposicoes/0/0/0/0/109108#pesquisa
1956-02-20 00:00:00,PROJETO DE RESOLUÇÃO N.º 003/1956,ESTABELECE O REGIMENTO INTERNO DA CÂMARA.,José Alberto Monteclaro César,https://www.pindamonhangaba.sp.leg.br/proposicoes/0/0/0/0/109104#pesquisa
1955-11-28 00:00:00,PROJETO DE RESOLUÇÃO N.º 004/1955,"FIXA OS SUBSÍDIOS E A VERBA DE REPRESENTAÇÃO DO PREFEITO MUNICIPAL, PARA O ANO DE 1956.",José Francisco Alves Dos Santos,https://www.pindamonhangaba.sp.leg.br/proposicoes/0/0/0/0/109084#pesquisa
1955-05-30 00:00:00,PROJETO DE RESOLUÇÃO N.º 002/1955,AUMENTA OS VENCIMENTOS DO DIRETOR DA SECRETARIA DA CÂMARA MUNICIPAL.,Paulo Emílio D'Alessandro,https://www.pindamonhangaba.sp.leg.br/proposicoes/0/0/0/0/109069#pesquisa
1955-05-30 00:00:00,PROJETO DE RESOLUÇÃO N.º 003/1955,"AUMENTA OS VENCIMENTOS DO ESCRITURÁRIO, DO CONTÍNUO E DO SERVENTE DA CÂMARA MUNICIPAL.",Arlindo Paim,https://www.pindamonhangaba.sp.leg.br/proposicoes/0/0/0/0/109070#pesquisa
1955-02-28 00:00:00,PROJETO DE RESOLUÇÃO N.º 001/1955,EFETIVAÇÃO DE DOIS FUNCIONÁRIOS DA CÂMARA MUNICIPAL.,Francisco Lessa Júnior,https://www.pindamonhangaba.sp.leg.br/proposicoes/0/0/0/0/109068#pesquisa
1953-11-18 00:00:00,PROJETO DE RESOLUÇÃO N.º 006/1953,AUMENTA VENCIMENTOS DO PESSOAL DA CÂMARA.,Rômulo Campos D'ARACE,https://www.pindamonhangaba.sp.leg.br/proposicoes/0/0/0/0/109112#pesquisa
1953-10-23 00:00:00,PROJETO DE RESOLUÇÃO N.º 003/1953,DISPÕE SOBRE REDAÇÃO DE ATAS.,Rômulo Campos D'ARACE,https://www.pindamonhangaba.sp.leg.br/proposicoes/0/0/0/0/109110#pesquisa
1953-10-05 00:00:00,PROJETO DE RESOLUÇÃO N.º 005/1953,CONCEDE AUXÍLIO PRÓ-MONUMENTO A FRANCISCO ALVES.,Rômulo Campos D'ARACE,https://www.pindamonhangaba.sp.leg.br/proposicoes/0/0/0/0/109111#pesquisa
1953-03-02 00:00:00,PROJETO DE RESOLUÇÃO N.º 001/1953,AUXÍLIO DE R$ 2 MIL CRUZEIROS AOS FLAGELADOS DO NORDESTE.,Paulo Emílio D'Alessandro,https://www.pindamonhangaba.sp.leg.br/proposicoes/0/0/0/0/109109#pesquisa
1952-12-06 00:00:00,PROJETO DE RESOLUÇÃO N.º 009/1952,INSTITUI VERBA DE REPRESENTAÇÃO DO PRESIDENTE.,Rômulo Campos D'ARACE,https://www.pindamonhangaba.sp.leg.br/proposicoes/0/0/0/0/109133#pesquisa
1952-11-10 00:00:00,PROJETO DE RESOLUÇÃO N.º 008/1952,DISPÕE SOBRE REUNIÕES DAS COMISSÕES PERMANENTES.,Rômulo Campos D'ARACE,https://www.pindamonhangaba.sp.leg.br/proposicoes/0/0/0/0/109132#pesquisa
1952-09-29 00:00:00,PROJETO DE RESOLUÇÃO N.º 007/1952,INSTITUI PRÊMIOS.,Rômulo Campos D'ARACE,https://www.pindamonhangaba.sp.leg.br/proposicoes/0/0/0/0/109131#pesquisa
1952-09-15 00:00:00,PROJETO DE RESOLUÇÃO N.º 006/1952,CRIA NA CÂMARA O CARGO DE SERVENTE.,Domingos José Ramos Mello,https://www.pindamonhangaba.sp.leg.br/proposicoes/0/0/0/0/109130#pesquisa
1952-09-01 00:00:00,PROJETO DE RESOLUÇÃO N.º 005/1952,DISPÕE SOBRE COMISSÕES ESPECIAIS.,Rômulo Campos D'ARACE,https://www.pindamonhangaba.sp.leg.br/proposicoes/0/0/0/0/109129#pesquisa
1952-08-04 00:00:00,PROJETO DE RESOLUÇÃO N.º 004/1952,INSTITUI A GALERIA DOS VEREADORES DA CÂMARA MUNICIPAL DE PINDAMONHANGABA E DÁ OUTRAS PROVIDÊNCIAS.,Fued Boueri,https://www.pindamonhangaba.sp.leg.br/proposicoes/0/0/0/0/109128#pesquisa
1952-05-12 00:00:00,PROJETO DE RESOLUÇÃO N.º 001/1952,DISPÕE SOBRE A CRIAÇÃO DO CARGO DE ESCRITURÁRIO DO PODER LEGISLATIVO DE PINDAMONHANGABA.,Anibal Leite De Abreu,https://www.pindamonhangaba.sp.leg.br/proposicoes/0/0/0/0/109127#pesquisa
1951-12-31 00:00:00,PROJETO DE RESOLUÇÃO N.º 007/1951,DISPÕE SOBRE FIXAÇÃO DOS SUBSÍDIOS E REPRESENTAÇÃO DO SR. PREFEITO MUNICIPAL NO EXERCÍCIO DE 1952.,Armando Muassab,https://www.pindamonhangaba.sp.leg.br/proposicoes/0/0/0/0/109119#pesquisa
1951-11-29 00:00:00,PROJETO DE RESOLUÇÃO N.º 005/1951,DISPÕE SOBRE PAGAMENTO DE ATRASADOS AOS FUNCIONÁRIOS DA CÂMARA MUNICIPAL.,Armando Muassab,https://www.pindamonhangaba.sp.leg.br/proposicoes/0/0/0/0/109117#pesquisa
1951-11-29 00:00:00,PROJETO DE RESOLUÇÃO N.º 006/1951,"DISPÕE SOBRE A CRIAÇÃO NO QUADRO DE FUNCIONÁRIOS DA CÂMARA MUNICIPAL, DE UM CARGO DE ESCRITURÁRIO, COM VENCIMENTOS MENSAIS DE CR$ 1.600,00.",Anibal Leite De Abreu,https://www.pindamonhangaba.sp.leg.br/proposicoes/0/0/0/0/109118#pesquisa
1951-09-24 00:00:00,PROJETO DE RESOLUÇÃO N.º 003/1951,DISPÕE SOBRE REAJUSTAMENTO NOS VENCIMENTOS DO SECRETÁRIO ADMINISTRATIVO DA CÂMARA MUNICIPAL.,Armando Muassab,https://www.pindamonhangaba.sp.leg.br/proposicoes/0/0/0/0/109116#pesquisa
1951-06-25 00:00:00,PROJETO DE RESOLUÇÃO N.º 002/1951,"DISPÕE SOBRE A EFETIVAÇÃO DOS FUNCIONÁRIOS DA CÂMARA MUNICIPAL SRS. MÁRIO JACINTO DA SILVA E JOAQUIM PEREIRA NOS CARGOS DE, RESPECTIVAMENTE, SECRETÁRIO ADMINISTRATIVO E CONTÍNUO.",Armando Muassab; Francisco Romano De Oliveira,https://www.pindamonhangaba.sp.leg.br/proposicoes/0/0/0/0/109115#pesquisa
1951-05-07 00:00:00,PROJETO DE RESOLUÇÃO N.º 001/1951,"DISPÕE SOBRE A ADOÇÃO, NA IMPORTÂNCIA DE CR$ 1.000,00 A CAMPANHA CONTRA O CÂNCER - FUNDAÇÃO LAUREANO.",Anibal Leite De Abreu,https://www.pindamonhangaba.sp.leg.br/proposicoes/0/0/0/0/109114#pesquisa
1950-11-06 00:00:00,PROJETO DE RESOLUÇÃO N.º 006/1950,DISPÕE SOBRE PAGAMENTO DE ATRASADOS AOS FUNCIONÁRIOS DA CÂMARA.,Anibal Leite De Abreu,https://www.pindamonhangaba.sp.leg.br/proposicoes/0/0/0/0/109121#pesquisa
1950-11-06 00:00:00,PROJETO DE RESOLUÇÃO N.º 005/1950,"DISPÕE SOBRE A EQUIPARAÇÃO DOS CARGOS DE ""CONTÍNUO"" DOS PODERES LEGISLATIVO E EXECUTIVO.",Luiz Corrêa Guimarães,https://www.pindamonhangaba.sp.leg.br/proposicoes/0/0/0/0/109124#pesquisa
1950-08-01 00:00:00,PROJETO DE RESOLUÇÃO N.º 003/1950,"DISPÕE MODIFICAÇÃO NO ART. 1º DA RESOLUÇÃO Nº 2, DE 1º DE ABRIL DE 1950.",Luiz Corrêa Guimarães,https://www.pindamonhangaba.sp.leg.br/proposicoes/0/0/0/0/109123#pesquisa
1950-03-07 00:00:00,PROJETO DE RESOLUÇÃO N.º 002/1950,DISPÕE SOBRE NOVA REDAÇÃO AO ART. 40 DO REGIMENTO INTERNO DA CÂMARA MUNICIPAL DE PINDAMONHANGABA.,Francisco Romano De Oliveira,https://www.pindamonhangaba.sp.leg.br/proposicoes/0/0/0/0/109120#pesquisa
1949-06-29 00:00:00,PROJETO DE RESOLUÇÃO N.º 006/1949,DISPÕE SOBRE A EQUIPARAÇÃO DO CARGO DE SECRETÁRIO ADMINISTRATIVO DA CÂMARA AO SECRETÁRIO DA PREFEITURA.,Anibal Leite De Abreu,https://www.pindamonhangaba.sp.leg.br/proposicoes/0/0/0/0/109122#pesquisa
1948-05-11 00:00:00,PROJETO DE RESOLUÇÃO N.º 002/1948,"SECRETARIO ADMINISTRATIVO DA CÂMARA MUNICIPAL DE PINDAMONHANGABA FICA DESCLASSIFICADO NO PADRÃO I, COM OS VENCIMENTOS MENSAIS DE CR$ 1.300,00 (HUM MIL E TREZENTOS CRUZEIROS).",Anibal Leite De Abreu,https://www.pindamonhangaba.sp.leg.br/proposicoes/0/0/0/0/109126#pesquisa
1948-03-02 00:00:00,PROJETO DE RESOLUÇÃO N.º 001/1948,"FICA FIXADO EM CR$ 4.500,00 (QUATRO MIL E QUINHENTOS CRUZEIROS) OS VENCIMENTOS MENSAIS DO SENHOR PREFEITO MUNICIPAL..",José Carlos Ribeiro,https://www.pindamonhangaba.sp.leg.br/proposicoes/0/0/0/0/109125#pesquisa
