data,titulo,ementa,autoria,link
2025-07-14 16:51:31,INDICAÇÃO DE PROJETO DE LEI N.º 36/2025,Disciplina a implantação de crematório e incineração de cadáveres animais no Município de Pindamonhangaba e dá outras providências.,Professor Felipe Guimarães,https://www.pindamonhangaba.sp.leg.br/proposicoes/0/0/0/0/137515#pesquisa
2025-07-08 09:17:19,INDICAÇÃO DE PROJETO DE LEI N.º 35/2025,"Autoriza a Prefeitura Municipal a criar o Sistema de Bicicletas Públicas, como opção de transporte público sustentável e não poluente, com respeito ao meio ambiente equilibrado.",Professor Everton,https://www.pindamonhangaba.sp.leg.br/proposicoes/0/0/0/0/137131#pesquisa
2025-06-05 16:04:14,INDICAÇÃO DE PROJETO DE LEI N.º 34/2025,"Institui o Programa Municipal de Inserção Profissional e Empreendedora de Mães, Pais e Cuidadores de Pessoas com Deficiência e Neurodivergentes no Município e dá outras providências.",Professor Everton,https://www.pindamonhangaba.sp.leg.br/proposicoes/0/0/0/0/135991#pesquisa
2025-05-29 15:07:20,INDICAÇÃO DE PROJETO DE LEI N.º 33/2025,"Dispõe sobre o sepultamento digno de nascituros e de natimortos, no âmbito do município de Pindamonhangaba.",Professor Felipe Guimarães,https://www.pindamonhangaba.sp.leg.br/proposicoes/0/0/0/0/135832#pesquisa
2025-05-15 16:32:34,INDICAÇÃO DE PROJETO DE LEI N.º 32/2025,"Dispõe sobre a concessão de desconto de 20% (vinte por cento), no valor do IPTU, para minimercados, mercados, supermercados e afins, exceto aqueles estabelecidos nas dependências do Shopping Center, Galerias e afins que não disponham de matrículas individualizadas, que se comprometam a oferecer 20% (vinte por cento) de desconto aos consumidores na compra de carne e ovos in natura no Município de Pindamonhangaba, e dá outras providências.",Professor Everton,https://www.pindamonhangaba.sp.leg.br/proposicoes/0/0/0/0/135361#pesquisa
2025-05-12 10:42:16,INDICAÇÃO DE PROJETO DE LEI N.º 31/2025,"DISPÕE SOBRE A CRIAÇÃO DO PROGRAMA ENFERMAGEM NAS ESCOLAS. QUE CONSISTE NA PERMANÊNCIA DE ENFERMEIROS E TÉCNICO EM ENFERMAGEM NAS UNIDADE, ESTABELECIMENTOS DE ENSINO E CRECHES DAS REDES PÚBLICAS NA CIDADE DE PINDAMONHANGABA.",Gilson Nagrin,https://www.pindamonhangaba.sp.leg.br/proposicoes/0/0/0/0/135190#pesquisa
2025-05-05 17:01:11,INDICAÇÃO DE PROJETO DE LEI N.º 30/2025,Estabelece Adicional de Risco de Vida na forma que especifica os dispositivos legais que menciona e dá outras providências.,Felipe César Filho - FC,https://www.pindamonhangaba.sp.leg.br/proposicoes/0/0/0/0/134961#pesquisa
2025-04-17 16:40:32,INDICAÇÃO DE PROJETO DE LEI N.º 29/2025,"Dispõe sobre a obrigatoriedade da Prefeitura Municipal de Pindamonhangaba fornecer carnês de IPTU em formato impresso e em braile aos contribuintes que o solicitarem, e dá outras providências.
 ",Ana Paula Goffi,https://www.pindamonhangaba.sp.leg.br/proposicoes/0/0/0/0/134253#pesquisa
2025-04-14 16:31:16,INDICAÇÃO DE PROJETO DE LEI N.º 28/2025,"Insere o §3º, no artigo 2º , da Lei nº 5.198, de 19 de maio de 2011, que cria a Gratificação por desempenho de Atividade Delegada, nos termos que especifica, a ser paga aos Policiais do 5º BPMI que exerçam Atividade Municipal Delegada ao Estado de São Paulo, por meio de convênio celebrado com o município de Pindamonhangaba e dá outras providências.",Carlos Moura - Magrão,https://www.pindamonhangaba.sp.leg.br/proposicoes/0/0/0/0/134191#pesquisa
2025-04-14 08:29:56,INDICAÇÃO DE PROJETO DE LEI N.º 27/2025,Institui o Programa de Prevenção da Saúde dos Pés no Município de Pindamonhangaba e dá outras providências.,Professor Everton,https://www.pindamonhangaba.sp.leg.br/proposicoes/0/0/0/0/134075#pesquisa
2025-04-07 15:31:02,INDICAÇÃO DE PROJETO DE LEI N.º 26/2025,Dispõe sobre a criação do Complexo de Referência da Pessoa com Transtorno do Espectro Autista (TEA) no Município de Pindamonhangaba.,Carlos Moura - Magrão,https://www.pindamonhangaba.sp.leg.br/proposicoes/0/0/0/0/133971#pesquisa
2025-03-31 11:06:49,INDICAÇÃO DE PROJETO DE LEI N.º 25/2025,"Dispõe sobre a autorização para o uso de bermuda e camiseta por servidores públicos municipais, comissionados e funcionários de empresas terceirizadas que prestam serviços para a Prefeitura de Pindamonhangaba durante o período de verão e calor intenso.  ",Renato Cebola,https://www.pindamonhangaba.sp.leg.br/proposicoes/0/0/0/0/133606#pesquisa
2025-03-27 08:18:33,INDICAÇÃO DE PROJETO DE LEI N.º 24/2025,Institui o Programa de Alfabetização na Zona Rural no Município de Pindamonhangaba e dá outras providências.,Marco Mayor,https://www.pindamonhangaba.sp.leg.br/proposicoes/0/0/0/0/133322#pesquisa
2025-03-17 16:46:58,INDICAÇÃO DE PROJETO DE LEI N.º 23/2025,Indicação ao Poder Executivo sobre a área de preservação Permanente de cursos hídricos em áreas Urbanas consolidadas.,Norberto Moraes,https://www.pindamonhangaba.sp.leg.br/proposicoes/0/0/0/0/133062#pesquisa
2025-03-17 15:12:57,INDICAÇÃO DE PROJETO DE LEI N.º 22/2025,"""Obriga a instalação de Sistema de Posicionamento Global - GPS nos veículos de transporte escolar"".",Professor Felipe Guimarães,https://www.pindamonhangaba.sp.leg.br/proposicoes/0/0/0/0/132931#pesquisa
2025-02-27 14:44:10,INDICAÇÃO DE PROJETO DE LEI N.º 21/2025,Indicação ao Poder Executivo para alterar o nome da Guarda Civil Municipal de Pindamonhangaba para Polícia Municipal.,Norberto Moraes,https://www.pindamonhangaba.sp.leg.br/proposicoes/0/0/0/0/132352#pesquisa
2025-02-27 14:01:37,INDICAÇÃO DE PROJETO DE LEI N.º 20/2025,Institui o “Portal dos Raros” no âmbito do Município de Pindamonhangaba e dá outras providências.,Professor Felipe Guimarães,https://www.pindamonhangaba.sp.leg.br/proposicoes/0/0/0/0/132346#pesquisa
2025-02-27 13:56:51,INDICAÇÃO DE PROJETO DE LEI N.º 19/2025,Dispõe sobre a obrigatoriedade do Poder Executivo a conceder o benefício da gratuidade no transporte coletivo de passageiros às pessoas maiores de 60 (sessenta) anos.,Professor Felipe Guimarães,https://www.pindamonhangaba.sp.leg.br/proposicoes/0/0/0/0/132211#pesquisa
2025-02-27 08:16:43,INDICAÇÃO DE PROJETO DE LEI N.º 18/2025,"""Dispõe sobre a obrigatoriedade da implantação do ""Teste da Orelhinha ou Triagem Auditiva Neonatal"" em recém-nascidos no âmbito do Município de Pindamonhangaba""",Professor Felipe Guimarães,https://www.pindamonhangaba.sp.leg.br/proposicoes/0/0/0/0/132286#pesquisa
2025-02-20 13:11:58,INDICAÇÃO DE PROJETO DE LEI N.º 17/2025,"Dispõe sobre a regularização de edificações clandestinas e/ou irregulares localizadas na Macrozona Urbana do Município de Pindamonhangaba, mediante concessão de anistia e atendimento a requisitos e procedimentos específicos, e dá outras disposições.",Renato Cebola,https://www.pindamonhangaba.sp.leg.br/proposicoes/0/0/0/0/131824#pesquisa
2025-02-17 16:46:18,INDICAÇÃO DE PROJETO DE LEI N.º 16/2025,Autoriza o Poder Executivo Municipal a criar e implementar o Programa Fluxo Zero no município de Pindamonhangaba/SP e dá outras providências.,Felipe César Filho - FC,https://www.pindamonhangaba.sp.leg.br/proposicoes/0/0/0/0/131783#pesquisa
2025-02-14 14:07:17,INDICAÇÃO DE PROJETO DE LEI N.º 15/2025,"CRIA A ""BIBLIOTECA DIGITAL DE PINDAMONHANGABA"", E DÁ OUTRAS PROVIDÊNCIAS.",Professor Felipe Guimarães,https://www.pindamonhangaba.sp.leg.br/proposicoes/0/0/0/0/131494#pesquisa
2025-02-14 11:17:26,INDICAÇÃO DE PROJETO DE LEI N.º 14/2025,Ao Executivo Municipal para proceder estudos sobre recursos destinados a promover atividades e projetos na área de Esportes - Fixar em 4% do Orçamento do Município - para ser gerido pela Secretaria Municipal de Esportes e Lazer.,Professor Everton,https://www.pindamonhangaba.sp.leg.br/proposicoes/0/0/0/0/131561#pesquisa
2025-02-13 14:53:46,INDICAÇÃO DE PROJETO DE LEI N.º 13/2025,"""Dispõe sobre a implantação obrigatória de semáforos funcionando à base de energia solar, no Município de Pindamonhangaba e dá outras providências"".",Professor Felipe Guimarães,https://www.pindamonhangaba.sp.leg.br/proposicoes/0/0/0/0/131310#pesquisa
2025-02-10 16:31:01,INDICAÇÃO DE PROJETO DE LEI N.º 12/2025,"""Dispõe sobre a criação da Biblioteca Pública Itinerante - ""Histórias Sobre Rodas"", no âmbito do Município de Pindamonhangaba e dá outras providências.""",Professor Felipe Guimarães,https://www.pindamonhangaba.sp.leg.br/proposicoes/0/0/0/0/131217#pesquisa
2025-02-03 15:48:05,INDICAÇÃO DE PROJETO DE LEI N.º 11/2025,"Autoriza o Município a oferecer serviços públicos municipais nos condomínios e loteamentos, constituídos por unidades imobiliárias de interesse social.",Norberto Moraes,https://www.pindamonhangaba.sp.leg.br/proposicoes/0/0/0/0/130834#pesquisa
2025-02-03 15:02:49,INDICAÇÃO DE PROJETO DE LEI N.º 10/2025,"Institui o ""Portal TEA"" no âmbito do Município de Pindamonhangaba e da outras providências.",Felipe César Filho - FC,https://www.pindamonhangaba.sp.leg.br/proposicoes/0/0/0/0/130922#pesquisa
2025-01-27 16:58:17,INDICAÇÃO DE PROJETO DE LEI N.º 09/2025,Dispõe sobre a criação do Conselho Municipal de Mudanças Climáticas – COMUMCA.,Ana Paula Goffi,https://www.pindamonhangaba.sp.leg.br/proposicoes/0/0/0/0/130714#pesquisa
2025-01-27 11:43:16,INDICAÇÃO DE PROJETO DE LEI N.º 08/2025,"Institui o Programa ""Cidade Segura"", visando incentivar a instalação de sistemas de videomonitoramento de alta resolução em estabelecimentos comerciais e imóveis residenciais no município de Pindamonhangaba, e estabelece critérios, diretrizes e benefícios fiscais para a participação no programa, respeitando os princípios da privacidade e da proteção de dados pessoais, e dá outras providências.
 ",Renato Cebola,https://www.pindamonhangaba.sp.leg.br/proposicoes/0/0/0/0/130684#pesquisa
2025-01-27 11:05:20,INDICAÇÃO DE PROJETO DE LEI N.º 07/2025,"Institui no município de Pindamonhangaba o  Programa Caçamba Social e dá outras providências.   
 ",Renato Cebola,https://www.pindamonhangaba.sp.leg.br/proposicoes/0/0/0/0/130683#pesquisa
2025-01-27 11:04:33,INDICAÇÃO DE PROJETO DE LEI N.º 06/2025,Dispõe sobre a obrigatoriedade de disponibilização de ambulâncias nas Unidades Básicas de Saúde dos bairros de Pindamonhangaba e dá outras providências.,Renato Cebola,https://www.pindamonhangaba.sp.leg.br/proposicoes/0/0/0/0/130680#pesquisa
2025-01-27 11:02:14,INDICAÇÃO DE PROJETO DE LEI N.º 05/2025,"Dispõe sobre a desafetação de área verde, localizada no distrito de Moreira Cesar.

 ",Renato Cebola,https://www.pindamonhangaba.sp.leg.br/proposicoes/0/0/0/0/130677#pesquisa
2025-01-20 16:46:42,INDICAÇÃO DE PROJETO DE LEI N.º 04/2025,"Dispõe sobre a regularização das edificações no município de Pindamonhangaba, e dá outras providências.",Professor Everton,https://www.pindamonhangaba.sp.leg.br/proposicoes/0/0/0/0/130425#pesquisa
2025-01-17 16:33:05,INDICAÇÃO DE PROJETO DE LEI N.º 03/2025,"Dispõe sobre a criação do Banco Municipal de Cadeira de Rodas, muletas, bengalas e outros aparelhos necessários para a locomoção de pessoas acamadas ou com mobilidades reduzidas temporariamente. ",Carlos Moura - Magrão,https://www.pindamonhangaba.sp.leg.br/proposicoes/0/0/0/0/130386#pesquisa
2025-01-09 11:41:27,INDICAÇÃO DE PROJETO DE LEI N.º 02/2025,"Dispõe sobre a criação Programa Residencial  de Arborização Urbana e Área Permeável no Âmbito do Município de Pindamonhangaba, cujo objetivo é fomentar medidas que preservem, protejam e recuperem o meio ambiente, mediante a concessão de beneficio tributário ao contribuinte.",Professor Felipe Guimarães,https://www.pindamonhangaba.sp.leg.br/proposicoes/0/0/0/0/128424#pesquisa
2025-01-09 11:40:47,INDICAÇÃO DE PROJETO DE LEI N.º 01/2025,"""Dispõe sobre a criação do Banco Municipal de Cadeiras de Rodas e Afins, no âmbito do Município de Pindamonhangaba e dá outras providências.""",Professor Felipe Guimarães,https://www.pindamonhangaba.sp.leg.br/proposicoes/0/0/0/0/130105#pesquisa
2024-12-13 17:00:00,INDICAÇÃO DE PROJETO DE LEI N.º 27/2024,Dispõe sobre a revogação de multas arbitrárias e regulamenta a notificação e aplicação de sanções administrativas no âmbito do Município de Pindamonhangaba.,Rogério Ramos; Renato Cebola; Professor Felipe Guimarães; Carlos Moura - Magrão,https://www.pindamonhangaba.sp.leg.br/proposicoes/0/0/0/0/129844#pesquisa
2024-10-21 12:01:06,INDICAÇÃO DE PROJETO DE LEI N.º 26/2024,"Autoriza o Poder Executivo Municipal repassar o Incentivo financeiro adicional aos Agentes Comunitários de Saúde e Agentes de Combate às Endemias, e da outras providências.",Professor Felipe Guimarães,https://www.pindamonhangaba.sp.leg.br/proposicoes/0/0/0/0/127899#pesquisa
2024-09-12 16:44:41,INDICAÇÃO DE PROJETO DE LEI N.º 25/2024,"Dispõe sobre a desafetação de área verde, localizada no distrito de Moreira Cesar.",Renato Cebola,https://www.pindamonhangaba.sp.leg.br/proposicoes/0/0/0/0/126812#pesquisa
2024-09-04 10:42:55,INDICAÇÃO DE PROJETO DE LEI N.º 24/2024,"Acrescenta a alínea ""r"" e os §§ 1º e 2º ao artigo 2º da Lei nº 4.794, de 26 de maio de 2008, que autoriza o Executivo Municipal a cobrar dos automóveis, camionetas, utilitários, veículos de carga e de transporte coletivo de passageiros em trânsito no município o serviço de conservação e manutenção das vias públicas, e dá outras providências. Exclui o parágrafo único do referido artigo.",Carlos Moura - Magrão,https://www.pindamonhangaba.sp.leg.br/proposicoes/0/0/0/0/126513#pesquisa
2024-08-16 15:48:36,INDICAÇÃO DE PROJETO DE LEI N.º 23/2024,"Dispõe sobre a implantação de vagas de estacionamento preferenciais reservadas às pessoas com transtorno do Espectro Autista – TEA, sinalizadas com o símbolo mundial de conscientização do Autismo.

 ",Julinho Car,https://www.pindamonhangaba.sp.leg.br/proposicoes/0/0/0/0/126053#pesquisa
2024-07-01 16:46:32,INDICAÇÃO DE PROJETO DE LEI N.º 22/2024,"Institui a UTI Humanizada no âmbito do sistema de saúde público e privado do município de Pindamonhangaba

 ",Carlos Moura - Magrão,https://www.pindamonhangaba.sp.leg.br/proposicoes/0/0/0/0/124067#pesquisa
2024-06-20 14:14:02,INDICAÇÃO DE PROJETO DE LEI N.º 21/2024,Dispõe sobre a obrigatoriedade de disponibilização de ambulâncias nas Unidades Básicas de Saúde dos bairros de Pindamonhangaba e dá outras providências.,Renato Cebola,https://www.pindamonhangaba.sp.leg.br/proposicoes/0/0/0/0/123517#pesquisa
2024-06-03 16:27:27,INDICAÇÃO DE PROJETO DE LEI N.º 20/2024,"Dispõe sobre a implementação dos consultórios de rua no município de Pindamonhangaba e, dá outras providências.",Regininha,https://www.pindamonhangaba.sp.leg.br/proposicoes/0/0/0/0/122754#pesquisa
2024-05-13 17:00:57,INDICAÇÃO DE PROJETO DE LEI N.º 19/2024,Autoriza o atendimento de pedidos de exames encaminhados por médicos particulares no âmbito da rede pública de saúde do município de Pindamonhangaba.,Gilson Nagrin,https://www.pindamonhangaba.sp.leg.br/proposicoes/0/0/0/0/121981#pesquisa
2024-04-26 16:35:40,INDICAÇÃO DE PROJETO DE LEI N.º 18/2024,"Dispõe sobre o sepultamento de animais domésticos em sepulturas, lóculos, gavetas, carneiros ou local específico nos cemitérios públicos do Município de Pindamonhangaba.",Julinho Car,https://www.pindamonhangaba.sp.leg.br/proposicoes/0/0/0/0/121411#pesquisa
2024-04-25 08:37:37,INDICAÇÃO DE PROJETO DE LEI N.º 17/2024,"Altera o Artigo 2º, Parágrafo 1º, Incisos I, II e III, da Lei nº 5.198/2011 e dá outras providências.",Professor Felipe Guimarães,https://www.pindamonhangaba.sp.leg.br/proposicoes/0/0/0/0/121222#pesquisa
2024-04-23 08:44:50,INDICAÇÃO DE PROJETO DE LEI N.º 16/2024,Autoriza o município a oferecer serviços públicos municipais nos condomínios constituídos por unidades de interesse social,Norberto Moraes,https://www.pindamonhangaba.sp.leg.br/proposicoes/0/0/0/0/121181#pesquisa
2024-04-16 08:01:23,INDICAÇÃO DE PROJETO DE LEI N.º 15/2024,"""Dispõe sobre a criação do Regime Especial de Trabalho Policial da Guarda Municipal de Pindamonhangaba e dá outras providências.""",Professor Felipe Guimarães,https://www.pindamonhangaba.sp.leg.br/proposicoes/0/0/0/0/120269#pesquisa
2024-04-15 15:56:06,INDICAÇÃO DE PROJETO DE LEI N.º 14/2024,"""Dispões sobre a importância da atividade psicomotora na Educação Infantil, como mecanismo de estimulação precoce da neuroplasticidade do encéfalo no TEA, dentre outras deficiências e transtornos, com a perspectiva de melhorar sua funcionalidade.""",Professor Felipe Guimarães,https://www.pindamonhangaba.sp.leg.br/proposicoes/0/0/0/0/120629#pesquisa
2024-04-15 10:50:59,INDICAÇÃO DE PROJETO DE LEI N.º 13/2024,"Dispõe sobre a criação e a concessão de gratificação especial aos policiais civis, que estejam lotados e em serviço no município de Pindamonhangaba e dá outras providências.

 ",Julinho Car,https://www.pindamonhangaba.sp.leg.br/proposicoes/0/0/0/0/120835#pesquisa
2024-04-08 16:54:26,INDICAÇÃO DE PROJETO DE LEI N.º 12/2024,"Fixa o subsídio do prefeito, vice-prefeito e secretários municipais baseados no salário mínimo paulista e dá outras providências",Herivelto Vela,https://www.pindamonhangaba.sp.leg.br/proposicoes/0/0/0/0/120569#pesquisa
2024-03-25 15:21:00,INDICAÇÃO DE PROJETO DE LEI N.º 11/2024,"Dispõe sobre a criação do IPTU Verde no Âmbito do município de Pindamonhangaba, cujo objetivo é fomentar medidas que preservem, protejam e recuperem o meio ambiente, mediante a concessão de beneficio tributário ao contribuinte.
 ",Carlos Moura - Magrão,https://www.pindamonhangaba.sp.leg.br/proposicoes/0/0/0/0/120001#pesquisa
2024-03-18 16:41:45,INDICAÇÃO DE PROJETO DE LEI N.º 10/2024,"Dispõe sobre o Banco Municipal de Doação de Órteses e Próteses no município de Pindamonhangaba

 ",Carlos Moura - Magrão,https://www.pindamonhangaba.sp.leg.br/proposicoes/0/0/0/0/119610#pesquisa
2024-03-15 09:43:47,INDICAÇÃO DE PROJETO DE LEI N.º 09/2024,Institui o Programa de Equoterapia como método terapêutico de tratamento para reabilitação e de pessoas com deficiências físicas e mentais ou necessidades especiais em geral.,Marco Mayor,https://www.pindamonhangaba.sp.leg.br/proposicoes/0/0/0/0/119615#pesquisa
2024-03-11 17:03:33,INDICAÇÃO DE PROJETO DE LEI N.º 08/2024,"""Dispõe sobre a instituição do Programa de Mobilização Escolar Contra a Dengue nas escolas públicas e privadas no município de Pindamonhangaba e dá outras providências.""

 ",Carlos Moura - Magrão,https://www.pindamonhangaba.sp.leg.br/proposicoes/0/0/0/0/119472#pesquisa
2024-03-11 16:09:43,INDICAÇÃO DE PROJETO DE LEI N.º 07/2024,"Dispõe sobre a ""criação da Casa da Capoeira"" no município de Pindamonhangaba.",Professor Felipe Guimarães,https://www.pindamonhangaba.sp.leg.br/proposicoes/0/0/0/0/119400#pesquisa
2024-03-11 16:03:05,INDICAÇÃO DE PROJETO DE LEI N.º 06/2024,Institui a Semana Municipal de Conscientização do uso da internet para crianças e jovens das escolas municipais e dá outras providências.,Francisco César FC,https://www.pindamonhangaba.sp.leg.br/proposicoes/0/0/0/0/119491#pesquisa
2024-03-08 08:51:31,INDICAÇÃO DE PROJETO DE LEI N.º 05/2024,"Dispõe sobre a implantação da modalidade Tênis de Quadra, na grade esportiva da SEMELP.",Professor Felipe Guimarães,https://www.pindamonhangaba.sp.leg.br/proposicoes/0/0/0/0/119362#pesquisa
2024-03-08 08:50:52,INDICAÇÃO DE PROJETO DE LEI N.º 04/2024,"Dispõe sobre a implantação da modalidade ""Natação em águas abertas"", na grade esportiva da SEMELP"".",Professor Felipe Guimarães,https://www.pindamonhangaba.sp.leg.br/proposicoes/0/0/0/0/119365#pesquisa
2024-02-29 10:17:39,INDICAÇÃO DE PROJETO DE LEI N.º 03/2024,Institui o programa de controle e prevenção dos portadores de Anemia Falciforme no Município de Pindamonhangaba e dá outras providências.,Regininha,https://www.pindamonhangaba.sp.leg.br/proposicoes/0/0/0/0/119050#pesquisa
2024-02-05 15:47:47,INDICAÇÃO DE PROJETO DE LEI N.º 02/2024,"""Institui o Programa de Incentivo à utilização da Musicoterapia como tratamento terapêutico complementar de pessoas com Deficiência, Síndromes ou Transtorno do Espectro Autista no Município de Pindamonhangaba e dá outras providências,""",Professor Felipe Guimarães,https://www.pindamonhangaba.sp.leg.br/proposicoes/0/0/0/0/116688#pesquisa
2024-01-29 16:45:17,INDICAÇÃO DE PROJETO DE LEI N.º 01/2024,“Institui o Programa Moto-Samu ao Serviço de Atendimento Móvel de Urgência - SAMU e dá outras providências”.,Julinho Car,https://www.pindamonhangaba.sp.leg.br/proposicoes/0/0/0/0/116598#pesquisa
2023-12-12 00:00:00,INDICAÇÃO DE PROJETO DE LEI N.º 059/2023,"Prevê a reserva de vagas para inscritos no Cadastro Único – CadÚnico, em contratos celebrados pela Prefeitura de Pindamonhangaba para execução indireta de serviços sob regime de dedicação exclusiva de mão de obra.",Herivelto Vela,https://www.pindamonhangaba.sp.leg.br/proposicoes/0/0/0/0/41582#pesquisa
2023-11-27 00:00:00,INDICAÇÃO DE PROJETO DE LEI N.º 057/2023,"Institui campanha municipal de orientação aos idosos contra fraudes e golpes no âmbito do comércio eletrônico e na internet, e dá outras providências",Carlos Moura - Magrão,https://www.pindamonhangaba.sp.leg.br/proposicoes/0/0/0/0/41580#pesquisa
2023-11-27 00:00:00,INDICAÇÃO DE PROJETO DE LEI N.º 058/2023,"Dispõe sobre a política municipal de uso da “Cannabis” para fins medicinais e a distribuição gratuita dos medicamentos prescritos a base da planta inteira ou de seus componentes isolados, que contenham em sua fórmula as substâncias “Canabidiol” (CBD) e-ou “Tetrahidrocanabinol” (THC) no âmbito do Município de Pindamonhangaba – SP, e dá outras providências.",Carlos Moura - Magrão,https://www.pindamonhangaba.sp.leg.br/proposicoes/0/0/0/0/41581#pesquisa
2023-11-21 00:00:00,INDICAÇÃO DE PROJETO DE LEI N.º 056/2023,INSTITUI O MARCO CIVIL DO HISTÓRICO CARNAVAL DE RUA DA CIDADE DE PINDAMONHANGABA.,Herivelto Vela,https://www.pindamonhangaba.sp.leg.br/proposicoes/0/0/0/0/41579#pesquisa
2023-11-07 00:00:00,INDICAÇÃO DE PROJETO DE LEI N.º 055/2023,"DISPÕE SOBRE A CESSÃO DE VEÍCULO DO TRANSPORTE COLETIVO, PARA ACOMPANHAMENTO DE FUNERAIS, NA FORMA QUE ESPECIFICA.",Herivelto Vela,https://www.pindamonhangaba.sp.leg.br/proposicoes/0/0/0/0/41578#pesquisa
2023-10-31 00:00:00,INDICAÇÃO DE PROJETO DE LEI N.º 054/2023,"CRIA A GRATIFICAÇÃO DE COMPLEXIDADE DE SERVIÇOS FUNERÁRIOS, NO ÂMBITO DA COORDENADORIA DE CEMITÉRIOS, E DÁ OUTRAS PROVIDÊNCIAS.",Herivelto Vela,https://www.pindamonhangaba.sp.leg.br/proposicoes/0/0/0/0/41577#pesquisa
2023-10-25 00:00:00,INDICAÇÃO DE PROJETO DE LEI N.º 053/2023,"Institui o Programa Banco de Ração do Município de Pindamonhangaba, e dá outras providências.",Julinho Car,https://www.pindamonhangaba.sp.leg.br/proposicoes/0/0/0/0/41576#pesquisa
2023-10-23 00:00:00,INDICAÇÃO DE PROJETO DE LEI N.º 052/2023,Autoriza o Município a oferecer serviços públicos municipais nos condomínios constituídos por unidades imobiliárias de interesse social.,Herivelto Vela,https://www.pindamonhangaba.sp.leg.br/proposicoes/0/0/0/0/41575#pesquisa
2023-10-17 00:00:00,INDICAÇÃO DE PROJETO DE LEI N.º 051/2023,"""Institui e Cria o PROJETO A Casa do Artesão e dá outras providências""",Herivelto Vela,https://www.pindamonhangaba.sp.leg.br/proposicoes/0/0/0/0/41574#pesquisa
2023-09-18 00:00:00,INDICAÇÃO DE PROJETO DE LEI N.º 050/2023,dispõe sobre a implantação de uma Farmácia Municipal de Manipulação e dá outras providências.,Professor Felipe Guimarães,https://www.pindamonhangaba.sp.leg.br/proposicoes/0/0/0/0/41573#pesquisa
2023-09-05 00:00:00,INDICAÇÃO DE PROJETO DE LEI N.º 049/2023,Institui o Programa Dinheiro Direto na Escola Municipal — PDDEM.,Herivelto Vela,https://www.pindamonhangaba.sp.leg.br/proposicoes/0/0/0/0/41572#pesquisa
2023-09-01 00:00:00,INDICAÇÃO DE PROJETO DE LEI N.º 048/2023,Dispõe sobre a criação do Cadastro Municipal de Protetores e Cuidadores de Animais no Município de Pindamonhangaba e dá outras providências.,Julinho Car,https://www.pindamonhangaba.sp.leg.br/proposicoes/0/0/0/0/41571#pesquisa
2023-08-25 00:00:00,INDICAÇÃO DE PROJETO DE LEI N.º 047/2023,"Dispõe sobre a criação da Ronda Ostensiva Municipal (ROMU), e dá outras providências.",Julinho Car,https://www.pindamonhangaba.sp.leg.br/proposicoes/0/0/0/0/41570#pesquisa
2023-08-24 00:00:00,INDICAÇÃO DE PROJETO DE LEI N.º 045/2023,"Cria a Patrulha Maria da Penha na Guarda Municipal (GCM) de  Pindamonhangaba/SP, e dá outras providências.",Julinho Car,https://www.pindamonhangaba.sp.leg.br/proposicoes/0/0/0/0/41568#pesquisa
2023-08-24 00:00:00,INDICAÇÃO DE PROJETO DE LEI N.º 046/2023,"Fixa o Piso Salarial dos Enfermeiros, Técnicos de Enfermagem e Auxiliar de Enfermagem no Município de Pindamonhangaba e dá outras providências.",Julinho Car,https://www.pindamonhangaba.sp.leg.br/proposicoes/0/0/0/0/41569#pesquisa
2023-08-22 00:00:00,INDICAÇÃO DE PROJETO DE LEI N.º 044/2023,Institui o cordão de girassol como instrumento auxiliar de reconhecimento e orientação para identificação de pessoas com deficiências ocultas no Município de Pindamonhangaba.,Julinho Car,https://www.pindamonhangaba.sp.leg.br/proposicoes/0/0/0/0/41567#pesquisa
2023-08-21 00:00:00,INDICAÇÃO DE PROJETO DE LEI N.º 043/2023,"Institui o uso do “Cordão Quebra-Cabeça e a Carteira de Identificação da Pessoa com Transtorno do Espectro Autista” como instrumentos auxiliares na identificação de pessoas com Transtorno do Espectro Autista (TEA), no Município de Pindamonhangaba.",Julinho Car,https://www.pindamonhangaba.sp.leg.br/proposicoes/0/0/0/0/41566#pesquisa
2023-08-15 00:00:00,INDICAÇÃO DE PROJETO DE LEI N.º 039/2023,Institui o Programa de Prevenção da ¨Saúde dos Pés¨ na rede de Saúde no Município de Pindamonhangaba e dá outras providências.,Julinho Car,https://www.pindamonhangaba.sp.leg.br/proposicoes/0/0/0/0/41562#pesquisa
2023-08-15 00:00:00,INDICAÇÃO DE PROJETO DE LEI N.º 040/2023,INSTITUI NO MUNICÍPIO DE PINDAMONHANGABA O PROGRAMA CAÇAMBA SOCIAL E DÁ OUTRAS PROVIDÊNCIAS.,Renato Cebola,https://www.pindamonhangaba.sp.leg.br/proposicoes/0/0/0/0/41563#pesquisa
2023-08-15 00:00:00,INDICAÇÃO DE PROJETO DE LEI N.º 041/2023,"assegura aos residentes do Município de Pindamonhangaba, o direito à campanha permanente de informação aos usuário do sistema município de trânsito, o ""PÉ NA FAIXA""",Professor Felipe Guimarães,https://www.pindamonhangaba.sp.leg.br/proposicoes/0/0/0/0/41564#pesquisa
2023-08-15 00:00:00,INDICAÇÃO DE PROJETO DE LEI N.º 042/2023,"autoriza o Chefe do Poder Executivo a conceder 01 (um) dia de folga remunerada aos Servidores Públicos Municipais Efetivos, na data de seus respectivos aniversários e dá outras providências.",Professor Felipe Guimarães,https://www.pindamonhangaba.sp.leg.br/proposicoes/0/0/0/0/41565#pesquisa
2023-08-07 00:00:00,INDICAÇÃO DE PROJETO DE LEI N.º 037/2023,"Estabelece a implantação do projeto Ação Primavera-Verão, destinado à realização de eventos de atividades físicas nos bairros do município.",Gilson Nagrin,https://www.pindamonhangaba.sp.leg.br/proposicoes/0/0/0/0/41560#pesquisa
2023-08-07 00:00:00,INDICAÇÃO DE PROJETO DE LEI N.º 038/2023,"AUTORIZA O PODER EXECUTIVO MUNICIPAL A CELEBRAR CONTRATO DE COMODATO DOS CAMPOS DE FUTEBOL DO MUNICÍPIO DE PINDAMONHANGABA, E DÁ OUTRAS PROVIDÊNCIAS.",Norberto Moraes,https://www.pindamonhangaba.sp.leg.br/proposicoes/0/0/0/0/41561#pesquisa
2023-08-01 00:00:00,INDICAÇÃO DE PROJETO DE LEI N.º 035/2023,dispõe e estabelece a obrigatoriedade da presença de profissionais de odontologia nas Unidades de Terapia Intensiva e demais unidades hospitalares de internações prolongadas e dá outras providências.,Professor Felipe Guimarães,https://www.pindamonhangaba.sp.leg.br/proposicoes/0/0/0/0/41558#pesquisa
2023-08-01 00:00:00,INDICAÇÃO DE PROJETO DE LEI N.º 036/2023,"Acrescenta artigo à Lei nº 5.221, de 06 de julho de 2011, no Município de Pindamonhangaba.",Julinho Car,https://www.pindamonhangaba.sp.leg.br/proposicoes/0/0/0/0/41559#pesquisa
2023-07-11 00:00:00,INDICAÇÃO DE PROJETO DE LEI N.º 034/2023,"Dispõe sobre a prioridade às pessoas com diabetes e hipertensão, em caso de realização de exames médicos em jejum de 8 horas ou mais, na rede de saúde pública e privada do município de Pindamonhangaba, e dá outras providências",Herivelto Vela,https://www.pindamonhangaba.sp.leg.br/proposicoes/0/0/0/0/41557#pesquisa
2023-06-27 00:00:00,INDICAÇÃO DE PROJETO DE LEI N.º 033/2023,"Dispõe sobre os critérios de controle da emissão de ruídos por veículos automotores, considerando o interesse local, no município de Pindamonhangaba e dá outras providências.",Norberto Moraes,https://www.pindamonhangaba.sp.leg.br/proposicoes/0/0/0/0/41556#pesquisa
2023-06-26 00:00:00,INDICAÇÃO DE PROJETO DE LEI N.º 032/2023,"Dispõe sobre os critérios de controle da emissão de ruídos por veículos automotores, considerando o interesse local, no município de
Pindamonhangaba e dá outras providências.",Renato Cebola,https://www.pindamonhangaba.sp.leg.br/proposicoes/0/0/0/0/41555#pesquisa
2023-06-13 00:00:00,INDICAÇÃO DE PROJETO DE LEI N.º 030/2023,"Dispõe sobre autorização para alienação de bens, por investidura, do Município de Pindamonhangaba, e dá outras providências",Renato Cebola,https://www.pindamonhangaba.sp.leg.br/proposicoes/0/0/0/0/41553#pesquisa
2023-06-13 00:00:00,INDICAÇÃO DE PROJETO DE LEI N.º 031/2023,ALTERA A LEI Nº 3.966/2002 QUE INSTITUIU AS GRATUIDADES E DESCONTOS NO TRANSPORTE COLETIVO DE PASSAGEIROS NO MUNICÍPIO DE PINDAMONHANGABA (SP) E DÁ OUTRAS PROVIDÊNCIAS,Herivelto Vela,https://www.pindamonhangaba.sp.leg.br/proposicoes/0/0/0/0/41554#pesquisa
2023-06-02 00:00:00,INDICAÇÃO DE PROJETO DE LEI N.º 029/2023,dispõe sobre o programa de serviço de fisioterapia domiciliar assistida por unidade móvel devidamente equipada.,Regininha,https://www.pindamonhangaba.sp.leg.br/proposicoes/0/0/0/0/41552#pesquisa
2023-05-30 00:00:00,INDICAÇÃO DE PROJETO DE LEI N.º 028/2023,"Institui no Município a concessão às crianças diabéticas o Medidor Eletrônico, com leitor e sensor para o controle da Glicemia.",Julinho Car,https://www.pindamonhangaba.sp.leg.br/proposicoes/0/0/0/0/41551#pesquisa
2023-05-29 00:00:00,INDICAÇÃO DE PROJETO DE LEI N.º 027/2023,"""Torna obrigatória a divulgação de alerta sobre injúria racial em eventos esportivos"".",José Carlos Gomes – Cal,https://www.pindamonhangaba.sp.leg.br/proposicoes/0/0/0/0/41550#pesquisa
2023-05-19 00:00:00,INDICAÇÃO DE PROJETO DE LEI N.º 026/2023,"Dispõe sobre a criação da farmácia veterinária popular intitulada ""Farmácia do Pet” dá outras providências:",Julinho Car,https://www.pindamonhangaba.sp.leg.br/proposicoes/0/0/0/0/41549#pesquisa
2023-05-16 00:00:00,INDICAÇÃO DE PROJETO DE LEI N.º 025/2023,"Dispõe sobre a destinação de percentual dos imóveis de Programa Habitacional no Município, para Guardas Civis Metropolitanos, Policiais Militares, Policiais Civis e Agentes de Trânsito da Cidade de Pindamonhangaba/SP, e dá outras providências.",Julinho Car,https://www.pindamonhangaba.sp.leg.br/proposicoes/0/0/0/0/41548#pesquisa
2023-05-11 00:00:00,INDICAÇÃO DE PROJETO DE LEI N.º 024/2023,"Estabelece o valor do pagamento de gratificação mensal, a título de pró-labore, aos policiais militares que realizarem a fiscalização e participaram do policiamento do trânsito, segurança da cidade e tráfego nas vias, logradouros e estradas do município de Pindamonhangaba/SP e dá outras providências.",Julinho Car,https://www.pindamonhangaba.sp.leg.br/proposicoes/0/0/0/0/41547#pesquisa
2023-05-09 00:00:00,INDICAÇÃO DE PROJETO DE LEI N.º 021/2023,Institui o Programa Acompanhante de Idosos (PAI) no Município de Pindamonhangaba e dá outras providências.,José Carlos Gomes – Cal,https://www.pindamonhangaba.sp.leg.br/proposicoes/0/0/0/0/41544#pesquisa
2023-05-09 00:00:00,INDICAÇÃO DE PROJETO DE LEI N.º 022/2023,"Institui o projeto ""AmiCão nas Escolas"" no âmbito do Município de Pindamonhangaba e dá outras providências",Carlos Moura - Magrão,https://www.pindamonhangaba.sp.leg.br/proposicoes/0/0/0/0/41545#pesquisa
2023-05-09 00:00:00,INDICAÇÃO DE PROJETO DE LEI N.º 023/2023,"Estabelece o valor do pagamento de gratificação mensal, a título de pró-labore, aos policiais militares que realizarem a fiscalização e o policiamento do trânsito, segurança e tráfego nas vias, logradouros e estradas do município de Pindamonhangaba/SP e dá outras providências.",Julinho Car,https://www.pindamonhangaba.sp.leg.br/proposicoes/0/0/0/0/41546#pesquisa
2023-05-04 00:00:00,INDICAÇÃO DE PROJETO DE LEI N.º 020/2023,Autoriza o Poder Executivo Municipal a Celebrar Parceria com o Corpo de Bombeiros para a realização do “Programa Bombeiro Educador” nas unidades de ensino Municipal de Pindamonhangaba.,Julinho Car,https://www.pindamonhangaba.sp.leg.br/proposicoes/0/0/0/0/41543#pesquisa
2023-05-02 00:00:00,INDICAÇÃO DE PROJETO DE LEI N.º 017/2023,"Dispõe sobre a autorização ao Executivo Municipal para celebrar convênio de estágios supervisionados não remunerados de profissionais da área de serviço social e de psicologia, para atendimento nas escolas públicas municipais de educação básica.",Herivelto Vela,https://www.pindamonhangaba.sp.leg.br/proposicoes/0/0/0/0/41540#pesquisa
2023-05-02 00:00:00,INDICAÇÃO DE PROJETO DE LEI N.º 018/2023,Institui o reconhecimento do caráter educacional e formativo da capoeira em suas manifestações culturais e esportivas e permite a celebração de parcerias para o seu ensino nos estabelecimentos de educação que especifica no Município de Pindamonhangaba.,Herivelto Vela,https://www.pindamonhangaba.sp.leg.br/proposicoes/0/0/0/0/41541#pesquisa
2023-05-02 00:00:00,INDICAÇÃO DE PROJETO DE LEI N.º 019/2023,Institui o Projeto Guardiã Maria da Penha e dá outras providências,José Carlos Gomes – Cal; Norberto Moraes,https://www.pindamonhangaba.sp.leg.br/proposicoes/0/0/0/0/41542#pesquisa
2023-04-28 00:00:00,INDICAÇÃO DE PROJETO DE LEI N.º 015/2023,"""dispõe no Município de Pindamonhangaba, a criação do Programa Patrulha Maria da Penha e dá outras providências"".",José Carlos Gomes – Cal,https://www.pindamonhangaba.sp.leg.br/proposicoes/0/0/0/0/41538#pesquisa
2023-04-28 00:00:00,INDICAÇÃO DE PROJETO DE LEI N.º 016/2023,Institui o Projeto Guardiã Maria da Penha e dá outras providências,Norberto Moraes,https://www.pindamonhangaba.sp.leg.br/proposicoes/0/0/0/0/41539#pesquisa
2023-04-25 00:00:00,INDICAÇÃO DE PROJETO DE LEI N.º 012/2023,Institui o programa medicamento em casa no Município de Pindamonhangaba e dá outras providências.,Julinho Car,https://www.pindamonhangaba.sp.leg.br/proposicoes/0/0/0/0/41535#pesquisa
2023-04-25 00:00:00,INDICAÇÃO DE PROJETO DE LEI N.º 013/2023,"Autoriza a Criação do Programa de Identificação e Tratamento da Dislexia, TDAH e suas Comorbidades na Rede Pública Municipal de Ensino de Pindamonhangaba e dá outras providências.",Julinho Car,https://www.pindamonhangaba.sp.leg.br/proposicoes/0/0/0/0/41536#pesquisa
2023-04-25 00:00:00,INDICAÇÃO DE PROJETO DE LEI N.º 014/2023,“Institui o Programa de Capacitação sobre o Transtorno do Espectro Autista (TEA) para professores e funcionários das escolas da rede pública municipal de Pindamonhangaba e motoristas de transporte escolar”.,Julinho Car,https://www.pindamonhangaba.sp.leg.br/proposicoes/0/0/0/0/41537#pesquisa
2023-04-18 00:00:00,INDICAÇÃO DE PROJETO DE LEI N.º 011/2023,"Institui, no âmbito do município de Pindamonhangaba, política pública para garantia, proteção e ampliação dos direitos das pessoas com autismo, e dá outras providências.",Gilson Nagrin,https://www.pindamonhangaba.sp.leg.br/proposicoes/0/0/0/0/41534#pesquisa
2023-04-11 00:00:00,INDICAÇÃO DE PROJETO DE LEI N.º 010/2023,"Dispõe sobre a obrigatoriedade da implementação de segurança nas escolas municipais e estaduais através da Guarda Civil Metropolitana (GCM), no âmbito da Cidade de Pindamonhangaba.",Professor Felipe Guimarães,https://www.pindamonhangaba.sp.leg.br/proposicoes/0/0/0/0/41533#pesquisa
2023-04-04 00:00:00,INDICAÇÃO DE PROJETO DE LEI N.º 009/2023,Dispões sobre a instalação de faixas pedestres iluminadas no município.,Carlos Moura - Magrão,https://www.pindamonhangaba.sp.leg.br/proposicoes/0/0/0/0/41532#pesquisa
2023-03-31 00:00:00,INDICAÇÃO DE PROJETO DE LEI N.º 008/2023,Dispões sobre a instalação de detectores de metais na porta de entrada das Escolas no Município de Pindamonhangaba.,Marco Mayor,https://www.pindamonhangaba.sp.leg.br/proposicoes/0/0/0/0/41531#pesquisa
2023-03-27 00:00:00,INDICAÇÃO DE PROJETO DE LEI N.º 007/2023,"""dispõe sobre a criação da Central de Intérpretes da Língua Brasileira de Sinais — Libras e Guias-Intérpretes para Surdocegos"", no âmbito do Município de Pindamonhangaba.",Regininha,https://www.pindamonhangaba.sp.leg.br/proposicoes/0/0/0/0/41530#pesquisa
2023-03-14 00:00:00,INDICAÇÃO DE PROJETO DE LEI N.º 006/2023,Institui a Farmácia 24h na Rede Municipal de Saúde em Pindamonhangaba.,Marco Mayor,https://www.pindamonhangaba.sp.leg.br/proposicoes/0/0/0/0/41529#pesquisa
2023-03-03 00:00:00,INDICAÇÃO DE PROJETO DE LEI N.º 005/2023,"Acrescenta dispositivo na Lei Ordinária nº.5.318/11 que dispõe sobre a Organização, Estruturação, Plano de Empregos Públicos, Carreira e Remuneração dos Profissionais do Magistério Público do Município de Pindamonhangaba e dá outras providências.",Julinho Car,https://www.pindamonhangaba.sp.leg.br/proposicoes/0/0/0/0/41528#pesquisa
2023-02-23 00:00:00,INDICAÇÃO DE PROJETO DE LEI N.º 004/2023,"Cria no âmbito do Município de Pindamonhangaba, a Lei de Políticas de Incentivo ao Artesanato e de apoio ao artesão, e dá outras providências.",Herivelto Vela,https://www.pindamonhangaba.sp.leg.br/proposicoes/0/0/0/0/41527#pesquisa
2023-02-07 00:00:00,INDICAÇÃO DE PROJETO DE LEI N.º 003/2023,"Estabelece a substituição da imputação imediata das multas por excesso de velocidade nos radares, que são aplicadas uma por infração, por duas advertências prévias, incorrendo multa na terceira advertência consecutiva.",Gilson Nagrin,https://www.pindamonhangaba.sp.leg.br/proposicoes/0/0/0/0/41526#pesquisa
2023-01-31 00:00:00,INDICAÇÃO DE PROJETO DE LEI N.º 001/2023,"""dispõe sobre a comercialização, comprovação da origem e cadastro dos fornecedores de ferros-velhos, sucatas e materiais recicláveis e dá outras providências”.",José Carlos Gomes – Cal,https://www.pindamonhangaba.sp.leg.br/proposicoes/0/0/0/0/41524#pesquisa
2023-01-31 00:00:00,INDICAÇÃO DE PROJETO DE LEI N.º 002/2023,Cria o Fórum Permanente das Mulheres Negras do município de Pindamonhangaba na forma que menciona.,Herivelto Vela,https://www.pindamonhangaba.sp.leg.br/proposicoes/0/0/0/0/41525#pesquisa
2022-11-28 00:00:00,INDICAÇÃO DE PROJETO DE LEI N.º 028/2022,"DISPÕE SOBRE A IMPLANTAÇÃO DE DISPOSITIVO CHAMADO BOCA DE LOBO INTELIGENTE, NO ÂMBITO DO MUNICÍPIO DE PINDAMONHANGABA, E DÁ OUTRAS PROVIDÊNCIAS.",Regininha,https://www.pindamonhangaba.sp.leg.br/proposicoes/0/0/0/0/41523#pesquisa
2022-11-22 00:00:00,INDICAÇÃO DE PROJETO DE LEI N.º 027/2022,DISPÕE SOBRE FORNECIMENTO GRATUITO DE FRALDAS DESCARTÁVEIS PARA IDOSOS E PESSOAS COM DEFICIÊNCIA NO MUNICIPIO DE PINDAMONHANGABA.,Herivelto Vela,https://www.pindamonhangaba.sp.leg.br/proposicoes/0/0/0/0/41522#pesquisa
2022-11-21 00:00:00,INDICAÇÃO DE PROJETO DE LEI N.º 026/2022,"DISPÕE SOBRE A IMPLANTAÇÃO DE DISPOSITIVO CHAMADO BOCA DE LOBO INTELIGENTE, NA ÂMBITO DO MUNICÍPIO DE PINDAMONHANGABA, E DÁ OUTRAS PROVIDÊNCIAS.",Regininha,https://www.pindamonhangaba.sp.leg.br/proposicoes/0/0/0/0/41521#pesquisa
2022-10-24 00:00:00,INDICAÇÃO DE PROJETO DE LEI N.º 025/2022,"INSTUTUI NO ÂMBITO DO MUNICÍPIO DE PINDAMONHANGABA, O PROGRAMA DE PREVENÇÃO E TRATAMENTO DA ENDOMETRIOSE, E DÁ OUTRAS PROVIDÊNCIAS.",Regininha,https://www.pindamonhangaba.sp.leg.br/proposicoes/0/0/0/0/41520#pesquisa
2022-10-21 00:00:00,INDICAÇÃO DE PROJETO DE LEI N.º 024/2022,"INSTITUI NO MUNICÍPIO DE PINDAMONHANGABA O SEMÁFORO SONORIZADO PARA ATENDIMENTO AOS PORTADORES DE DEFICIÊNCIA VISUAL E DE PESSOAS COM MOBILIDADE REDUZIDA, E DÁ OUTRAS PROVIDÊNCIAS.",Julinho Car,https://www.pindamonhangaba.sp.leg.br/proposicoes/0/0/0/0/41519#pesquisa
2022-10-04 00:00:00,INDICAÇÃO DE PROJETO DE LEI N.º 023/2022,"DISPÕE SOBRE A ISENÇÃO TRIBUTÁRIA REFERENTE AO IMPOSTO PREDIAL TERRITORIAL URBANO - IPTU, DE IMÓVEIS EDIFICADOS ATINGIDOS POR ENCHENTES E ALAGAMENTOS CAUSADOS PELAS CHUVAS NO MUNICÍPIO DE PINDAMONHANGABA E DÁ OUTRAS PROVIDÊNCIAS.",Norberto Moraes,https://www.pindamonhangaba.sp.leg.br/proposicoes/0/0/0/0/41518#pesquisa
2022-10-03 00:00:00,INDICAÇÃO DE PROJETO DE LEI N.º 022/2022,"DISPÕE SOBRE O ENSINO DOS DIREITOS HUMANOS, DIREITO DA CRIANÇA E DO ADOLESCENTE E DEFESA DO CONSUMIDOR, NO CURRÍCULO ESCOLAR FUNDAMENTAL E MÉDIO DAS ESCOLAS DA REDE PÚBLICA MUNICIPAL DE ENSINO DE PINDAMONHANGABA.",Julinho Car,https://www.pindamonhangaba.sp.leg.br/proposicoes/0/0/0/0/41517#pesquisa
2022-09-22 00:00:00,INDICAÇÃO DE PROJETO DE LEI N.º 021/2022,"DISPÕE SOBRE A CRIAÇÃO DO PROGRAMA DE PROTEÇÃO À SAÚDE BUCAL DE PESSOA COM TRANSTORNO DO ESPECTRO AUTISTA -TEA, E DÁ OUTRAS PROVIDÊNCIAS.",Julinho Car,https://www.pindamonhangaba.sp.leg.br/proposicoes/0/0/0/0/41516#pesquisa
2022-09-20 00:00:00,INDICAÇÃO DE PROJETO DE LEI N.º 019/2022,DISPÕE SOBRE A OBRIGATORIEDADE NA SINCRONIZAÇÃO DOS SEMÁFOROS COM USO DE DELAY ÚTIL DE DISTÂNCIA ENTRE ELES.,Gilson Nagrin,https://www.pindamonhangaba.sp.leg.br/proposicoes/0/0/0/0/41514#pesquisa
2022-09-20 00:00:00,INDICAÇÃO DE PROJETO DE LEI N.º 020/2022,DISPÕE SOBRE A OBRIGATORIEDADE NA IMPLANTAÇÃO DE ALÇAS DE ACESSO LIVRE PARA VEÍCULOS NOS PONTOS DE CONVERSÃO.,Gilson Nagrin,https://www.pindamonhangaba.sp.leg.br/proposicoes/0/0/0/0/41515#pesquisa
2022-09-19 00:00:00,INDICAÇÃO DE PROJETO DE LEI N.º 018/2022,"DISPÕE SOBRE A CRIAÇÃO DA CENTRAL DE INTÉRPRETES DA LINGUA BRASILEIRA DE SINAIS - LIBRAS E GUIAS-INTÉRPRETES PARA SURDOCEGOS, NO ÂMBITO DO MUNICÍPIO DE PINDAMONHANGABA.",Regininha,https://www.pindamonhangaba.sp.leg.br/proposicoes/0/0/0/0/41513#pesquisa
2022-08-29 00:00:00,INDICAÇÃO DE PROJETO DE LEI N.º 017/2022,DISPÕE SOBRE A OBRIGATORIEDADE DA INTRODUÇÃO DE AULAS DE ARTES MARCIAIS EM ESCOLAS MUNICIPAIS DE TEMPO INTEGRAL NA CIDADE DE PINDAMONHANGABA.,Professor Felipe Guimarães,https://www.pindamonhangaba.sp.leg.br/proposicoes/0/0/0/0/41512#pesquisa
2022-08-22 00:00:00,INDICAÇÃO DE PROJETO DE LEI N.º 015/2022,INSTITUI A CAMPANHA DIVULGACÃO NO ÂMBITO DO MUNICÍPIO DE PINDAMONHANGABA E DÁ OUTRAS PROVIDÊNCIAS.,Julinho Car,https://www.pindamonhangaba.sp.leg.br/proposicoes/0/0/0/0/41510#pesquisa
2022-08-22 00:00:00,INDICAÇÃO DE PROJETO DE LEI N.º 016/2022,INSTITUI O PROGRAMA BOM PRATO MUNICIPAL.,Julinho Car,https://www.pindamonhangaba.sp.leg.br/proposicoes/0/0/0/0/41511#pesquisa
2022-07-20 00:00:00,INDICAÇÃO DE PROJETO DE LEI N.º 014/2022,"DISPÕE SOBRE A CRIAÇÃO DE CEMITÉRIO E CREMATÓRIO PÚBLICO MUNICIPAL PARA ANIMAIS DOMÉSTICOS E DOMESTICADOS DE PEQUENO E MÉDIO PORTE, NO ÂMBITO DO MUNICIPIO DE PINDAMONHANGABA E DÁ OUTRAS PROVIDÊNCIAS.",Julinho Car,https://www.pindamonhangaba.sp.leg.br/proposicoes/0/0/0/0/41509#pesquisa
2022-06-27 00:00:00,INDICAÇÃO DE PROJETO DE LEI N.º 013/2022,"CRIA A GRATIFICAÇÃO POR DESEMPENHO DE ATIVIDADE INTEGRADA, A SER PAGA AOS SERVIDORES DA POLICIA MILITAR DO ESTADO DE SÃO PAULO, POR MEIO DE CONVÊNIO CELEBRADO ENTRE O MUNICIPIO DE PINDAMONHANGABA E O GOVERNO DO ESTADO DE SÃO PAULO, PARA A EXECUÇÃO DO PROGRAMA DE COMBATE AS ATIVIDADES IRREGULARES OU ILEGAIS EM ÂMBITO MUNICIPAL, E DÁ OUTRAS PROVIDENCIAS.",Renato Cebola,https://www.pindamonhangaba.sp.leg.br/proposicoes/0/0/0/0/41508#pesquisa
2022-06-13 00:00:00,INDICAÇÃO DE PROJETO DE LEI N.º 012/2022,AUTORIZA O EXECUTIVO MUNICIPAL A CONCEDER BENEFÍCIO DE AUXILIO ALUGUEL DESTINADO AS MULHERES EM SITUAÇÃO DE VIOLÊNCIA DOMÉSTICA NO MUNICIPIO DE PINDAMONHANGABA E DÁ OUTRAS PROVIDÊNCIAS.,José Carlos Gomes – Cal,https://www.pindamonhangaba.sp.leg.br/proposicoes/0/0/0/0/41507#pesquisa
2022-05-23 00:00:00,INDICAÇÃO DE PROJETO DE LEI N.º 010/2022,DISÕE SOBRE A IMPLANTAÇÃO DO APP - APLICATIVO AGENDA FÁCIL PARA CELULAR NO MUNICÍPIO DE PINDAMONHANGABA E DÁ OUTRAS PROVIDÊNCIAS.,Professor Felipe Guimarães,https://www.pindamonhangaba.sp.leg.br/proposicoes/0/0/0/0/41505#pesquisa
2022-05-23 00:00:00,INDICAÇÃO DE PROJETO DE LEI N.º 011/2022,"DISPÕE SOBRE A CONCESSÃO DE AFASTAMENTO POR TEMPO INDETERMINADO, SEM PREJUÍZO SALARIAL OU NA CONTAGEM DE TEMPO PARA FINS DE APOSENTADORIA, SERVIDORES PÚBLICOS MUNICIPAIS QUE TENHAM DEPENDENTES EM CONDIÇÕES ESPECIAIS OU INVALIDEZ E QUE NECESSITEM DE ACOMPANHAMENTOS EM TEMPO INTEGRAL E DÁ OUTRAS PROVIDÊNCIAS.",Professor Felipe Guimarães,https://www.pindamonhangaba.sp.leg.br/proposicoes/0/0/0/0/41506#pesquisa
2022-05-05 00:00:00,INDICAÇÃO DE PROJETO DE LEI N.º 009/2022,"DISPÕE SOBRE A OBRIGATORIEDADE DE CAPACITAÇÃO EM NOÇÕES BÁSICAS DE PRIMEIROS SOCORROS DE PROFESSORES, FUNCIONÁRIOS E ALUNOS DE ESTABELECIMENTOS DE ENSINO PÚBLICOS E PRIVADOS DE EDUCAÇÃO BÁSICA DO MUNICÍPIO DE PINDAMONHANGABA/SP.",Julinho Car,https://www.pindamonhangaba.sp.leg.br/proposicoes/0/0/0/0/41504#pesquisa
2022-04-25 00:00:00,INDICAÇÃO DE PROJETO DE LEI N.º 008/2022,DISPÕE SOBRE A OBRIGATORIEDADE DE INSTALAÇÃO DE TELAS OU REDES DE PROTEÇÃO AO LONGO DE PONTES E VIADUTOS EM ÁREAS URBANAS NO ÂMBITO DO MUNICÍPIO DE PINDAMONHANGABA.,Gilson Nagrin,https://www.pindamonhangaba.sp.leg.br/proposicoes/0/0/0/0/41503#pesquisa
2022-04-19 00:00:00,INDICAÇÃO DE PROJETO DE LEI N.º 006/2022,"DISPÕE SOBRE A CRIAÇÃO DA GUARDA CIVIL METROPOLITANA ESCOLAR - GCME, NO ÂMBITO DO MUNICÍPIO DE PINDAMONHANGABA E DÁ OUTRAS PROVIDÊNCIAS.",Julinho Car,https://www.pindamonhangaba.sp.leg.br/proposicoes/0/0/0/0/41501#pesquisa
2022-04-19 00:00:00,INDICAÇÃO DE PROJETO DE LEI N.º 007/2022,"CRIA A GRATIFICAÇÃO POR DESEMPENHO DE ATIVIDADE INTEGRADA, A SER PAGA AOS SERVIDORES DA POLÍCIA CIVIL DO ESTADO DE SÃO PAULO, POR MEIO DO CONVÊNIO CELEBRADO ENTRE O MUNICÍPIO DE PINDAMONHANGABA E O GOVERNO DO ESTADO DE SÃO PAULO, PARA A EXECUÇÃO DO PROGRAMA DE COMBATE ÀS ATIVIDADES IRREGULARES OU ILEGAIS EM ÂMBITO MUNICIPAL, E DÁ OUTRAS PROVIDÊNCIAS.",Renato Cebola,https://www.pindamonhangaba.sp.leg.br/proposicoes/0/0/0/0/41502#pesquisa
2022-04-08 00:00:00,INDICAÇÃO DE PROJETO DE LEI N.º 005/2022,"INSTITUI NO ÂMBITO DO MUNICÍPIO DE PINDAMONHANGABA, A POLÍTICA MUNICIPAL DE PROTEÇÃO DOS DIREITOS DA PESSOA COM TRANSTORNO DO ESPECTRO AUTISTA - TEA, CONFORME ÀS EXIGÊNCIAS DA LEI FEDERAL N° 12.764/12.",Julinho Car,https://www.pindamonhangaba.sp.leg.br/proposicoes/0/0/0/0/41500#pesquisa
2022-04-01 00:00:00,INDICAÇÃO DE PROJETO DE LEI N.º 004/2022,DISPÕE SOBRE A UTILIZAÇÃO DE BUEIROS INTELIGENTES NAS OBRAS E SERVIÇOS PÚBLICOS DE SANEAMENTO NO MUNICÍPIO DE PINDAMONHANGABA.,Rogério Ramos,https://www.pindamonhangaba.sp.leg.br/proposicoes/0/0/0/0/41499#pesquisa
2022-03-28 00:00:00,INDICAÇÃO DE PROJETO DE LEI N.º 003/2022,"DISPÕE SOBRE NORMAS PARA INSTALAÇÃO E LICENCIAMENTO DE INFRAESTRUTURAS DE SUPORTE PARA EQUIPAMENTOS DE ESTAÇÃO DE RÁDIO BASE - ERB, ANTENAS TRANSMISSORAS/RECEPTORAS DE TELEFONIA MÓVEL CELULAR E TELEFONIA FIXA NO MUNICÍPIO DE PINDAMONHANGABA.",Renato Cebola,https://www.pindamonhangaba.sp.leg.br/proposicoes/0/0/0/0/41498#pesquisa
2022-02-10 00:00:00,INDICAÇÃO DE PROJETO DE LEI N.º 001/2022,DISPÕE SOBRE O USO DE ESPAÇOS PÚBLICOS DE PUBLICIDADE PARA CAMPANHAS EDUCATIVAS DE COMBATE A ATOS DE VIOLÊNCIA CONTRA A MULHER.,Marco Mayor,https://www.pindamonhangaba.sp.leg.br/proposicoes/0/0/0/0/41496#pesquisa
2022-02-10 00:00:00,INDICAÇÃO DE PROJETO DE LEI N.º 002/2022,DISPÕE SOBRE O PROGRAMA DE APOIO DE ABRIGAMENTO PROVISÓRIO À MULHER EM SITUAÇÃO DE RISCO OU VÍTIMA DE VIOLÊNCIA DOMÉSTICA EM DECORRÊNCIA DA PANDEMIA POR CORONAVÍRUS E DÁ OUTRAS PROVIDÊNCIAS.,Marco Mayor,https://www.pindamonhangaba.sp.leg.br/proposicoes/0/0/0/0/41497#pesquisa
2021-12-13 00:00:00,INDICAÇÃO DE PROJETO DE LEI N.º 037/2021,"DISPÕE SOBRE A CONSTRUÇÃO DE UM NOVO ABRIGO MUNICIPAL DE CÃES, GAROS E EQUINOS (CEPATAS II) NA CIDADE DE PINDAMONHANGABA DO DISTRITO DE MOREIRA CÉSAR.",Professor Felipe Guimarães,https://www.pindamonhangaba.sp.leg.br/proposicoes/0/0/0/0/41495#pesquisa
2021-12-03 00:00:00,INDICAÇÃO DE PROJETO DE LEI N.º 036/2021,"DISPÕE SOBRE A CONCESSÃO DE INCENTIVO AOS AGENTES COMUNITÁRIOS DE SAÚDE, ALTERAÇÃO DE METAS E VALORES, DIRETRIZES AO PPA 2014/2017, LDO PARA 014, ABERTURA DE CRÉDITO ESPECIAL AO ORÇAMENTO DE 2013 E DÁ OUTRAS PROVIDÊNCIAS.",Regininha,https://www.pindamonhangaba.sp.leg.br/proposicoes/0/0/0/0/41494#pesquisa
2021-11-22 00:00:00,INDICAÇÃO DE PROJETO DE LEI N.º 035/2021,DISPÕE SOBRE AUTORIZAÇÃO PARA A CRIAÇÃO DO RESTAURANTE POPULAR MUNICIPAL E DÁ OUTRAS PROVIDÊNCIAS.,Herivelto Vela,https://www.pindamonhangaba.sp.leg.br/proposicoes/0/0/0/0/41493#pesquisa
2021-11-03 00:00:00,INDICAÇÃO DE PROJETO DE LEI N.º 034/2021,"INSTITUI O CONCURSO CULTURAL ""MESTRE CULTURA VIVA"", NO MUNICÍPIO DE PINDAMONHANGABA.",Norberto Moraes,https://www.pindamonhangaba.sp.leg.br/proposicoes/0/0/0/0/41492#pesquisa
2021-10-25 00:00:00,INDICAÇÃO DE PROJETO DE LEI N.º 033/2021,"DISPÕE SOBRE RUÍDOS E PROTEÇÃO DA TRANQUILIDADE DE ALGUÉM, DO BEM-ESTAR E DO SOSSEGO PÚBLICO NO ÂMBITO DO MUNICÍPIO DE PINDAMONHANGABA.",José Carlos Gomes – Cal,https://www.pindamonhangaba.sp.leg.br/proposicoes/0/0/0/0/41491#pesquisa
2021-10-20 00:00:00,INDICAÇÃO DE PROJETO DE LEI N.º 030/2021,DISPÕE SOBRE A OBRIGATORIEDADE DA EMPRESA QUE ADMINISTRA A ENERGIA PÚBLICA NO MUNICIPIO DE PINDAMONHANGABA REDISTRIBUIR OS VALORES DAS CONTAS DE ENERGIA QUE ABASTECEM AS CAIXAS D'ÁGUA DOS CONDOMINIOS LOCALIZADOS NO MUNICÍPIO.,Marco Mayor,https://www.pindamonhangaba.sp.leg.br/proposicoes/0/0/0/0/41488#pesquisa
2021-10-20 00:00:00,INDICAÇÃO DE PROJETO DE LEI N.º 031/2021,DISPÕE-SE DA LEI QUE PROÍBE MOTORISTA PROFISSIONAL DESTINADOS A SERVIÇOS DE TRANSPORTE PÚBLICO COLETIVO DE PASSAGEIROS URBANOS A EXERCER DUPLA FUNÇÃO NO SEU TEMPO DE TRABALHO.,Marco Mayor,https://www.pindamonhangaba.sp.leg.br/proposicoes/0/0/0/0/41489#pesquisa
2021-10-20 00:00:00,INDICAÇÃO DE PROJETO DE LEI N.º 032/2021,"INSTITUI A CAMPANHA MAIO LARANJA NO MUNICÍPIO DE PINDAMONHANGABA, DEDICADO AO ENFRENTAMENTO A VIOLÊNCIA SEXUAL CONTRA CRIANÇAS E ADOLESCENTES.",Marco Mayor,https://www.pindamonhangaba.sp.leg.br/proposicoes/0/0/0/0/41490#pesquisa
2021-10-18 00:00:00,INDICAÇÃO DE PROJETO DE LEI N.º 029/2021,"DISPÕE SOBRE A OBRIGATORIEDADE DA EMPRESA CONCESSIONÁRIA OU PERMISSIONÁRIA DE ENERGIA ELÉTRICA DO MUNICÍPIO DE PINDAMONHANGABA A REALIZAR O ALINHAMENTO E RETIRADA DE FIOS, CABOS E EQUIPAMENTOS INUTILIZADOS NOS POSTES DE ENERGIA ELÉTRICA E DÁ OUTRAS PROVIDÊNCIAS.",Professor Felipe Guimarães,https://www.pindamonhangaba.sp.leg.br/proposicoes/0/0/0/0/41487#pesquisa
2021-10-15 00:00:00,INDICAÇÃO DE PROJETO DE LEI N.º 024/2021,"DISPÕE SOBRE A OBRIGAÇÃO DO SERVIÇO PÚBLICO MUNICIPAL A CONCEDER A SEUS FUNCIONÁRIOS UM DIA DE LICENÇA POR ANO PARA REALIZAÇÃO DE EXAMES PREVENTIVOS DE CÂNCER GINECOLÓGICO, DE MAMA E DE PRÓSTATA.",Marco Mayor,https://www.pindamonhangaba.sp.leg.br/proposicoes/0/0/0/0/41482#pesquisa
2021-10-15 00:00:00,INDICAÇÃO DE PROJETO DE LEI N.º 025/2021,"INSTITUI A CAMPANHA DE CONCIENTIZAÇÃO DA DEPRESSÃO INFANTIL, ADOLESCÊNCIA E JUVENIL NO ÂMBITO MUNICIPAL E DÁ OUTRAS PROVIDÊNCIAS.",Marco Mayor,https://www.pindamonhangaba.sp.leg.br/proposicoes/0/0/0/0/41483#pesquisa
2021-10-15 00:00:00,INDICAÇÃO DE PROJETO DE LEI N.º 026/2021,INSTITUI SOBRE O FORNECIMENTO GRATUITO DE MEDICAMENTOS EM APRESENTAÇÃO DE RECEITAS PRESCRITAS POR MÉDICOS PARTICULARES NO ÂMBITO DA REDE PÚBLICA DE SAÚDE DO MUNICÍPIO DE PINDAMONHANGABA.,Marco Mayor,https://www.pindamonhangaba.sp.leg.br/proposicoes/0/0/0/0/41484#pesquisa
2021-10-15 00:00:00,INDICAÇÃO DE PROJETO DE LEI N.º 027/2021,"INSTITUI A 1º GRANDE FEIRA DE ARTESANATO MÃOS E MENTES BRILHANTES NO MUNICÍPIO, COM O INTUITO DE REALIZAR UM INTERCÂMBIO CULTURAL ENTRE AS CLASSES DE ARTISTAS QUE EXECUTAM TRABALHOS MANUAIS.",Marco Mayor,https://www.pindamonhangaba.sp.leg.br/proposicoes/0/0/0/0/41485#pesquisa
2021-10-15 00:00:00,INDICAÇÃO DE PROJETO DE LEI N.º 028/2021,DISPÕE SOBRE O ATENDIMENTO PREFERENCIAL ÀS PESSOAS COM FIBROMIALGIA NOS LOCAIS QUE ESPECIFICA E DÁ OUTRAS PROVIDÊNCIAS.,Marco Mayor,https://www.pindamonhangaba.sp.leg.br/proposicoes/0/0/0/0/41486#pesquisa
2021-10-04 00:00:00,INDICAÇÃO DE PROJETO DE LEI N.º 022/2021,"AUTORIZA O PODER EXECUTIVO A INSTITUIR O PLANO DE INCENTIVO E DESCONTOS, DENOMINADO IMPOSTO ECOLÓGICO NO ÂMBITO DO MUNICÍPIO DE PINDAMONHANGABA E DÁ OUTRAS PROVIDÊNCIAS.",Norberto Moraes,https://www.pindamonhangaba.sp.leg.br/proposicoes/0/0/0/0/41480#pesquisa
2021-10-04 00:00:00,INDICAÇÃO DE PROJETO DE LEI N.º 023/2021,"INSTITUI O PROGRAMA AUXÍLIO PINDAMONHANGABA, PARA O ENFRENTAMENTO DAS CONSEQUÊNCIAS SOCIAIS E ECONÔMICAS DA PANDEMIA DA COVID-19.",Norberto Moraes,https://www.pindamonhangaba.sp.leg.br/proposicoes/0/0/0/0/41481#pesquisa
2021-09-23 00:00:00,INDICAÇÃO DE PROJETO DE LEI N.º 020/2021,"DISPÕE SOBRE HORÁRIO ESPECIAL AO SERVIDOR PORTADOR DE DEFICIÊNCIA, QUANDO COMPROVADA A NECESSIDADE POR JUNTA MÉDICA OFICIAL, INDEPENDENTEMENTE DE COMPENSAÇÃO DE HORÁRIO, SENDO EXTENSIVAS TAMBÉM AO SERVIDOR QUE TENHA CÔNJUGE, FILHO OU DEPENDENTE COM DEFICIÊNCIA.",Julinho Car,https://www.pindamonhangaba.sp.leg.br/proposicoes/0/0/0/0/41478#pesquisa
2021-09-23 00:00:00,INDICAÇÃO DE PROJETO DE LEI N.º 021/2021,"DISPÕE SOBRE PROGRAMA DE QUALIDADE DE MEDICINAS TRADICIONAIS PARA SAÚDE FÍSICA E MENTAL, BEM COMO, A UTILIZAÇÃO DE MEDICAMENTOS HOMEOPÁTICOS E FITOTERÁPICOS, COMO DISTRIBUIÇÃO PELA FARMÁCIA PÚBLICA MUNICIPAL E FARMÁCIA POPULAR, E DÁ OUTRAS PROVIDÊNCIAS.",Julinho Car,https://www.pindamonhangaba.sp.leg.br/proposicoes/0/0/0/0/41479#pesquisa
2021-09-20 00:00:00,INDICAÇÃO DE PROJETO DE LEI N.º 019/2021,DISPÕE SOBRE A CRIAÇÃO DO PIPÓDROMO E CIRA A SEMANA EDUCATIVA DO USO RESPONSÁVEL DE PIPAS E DÁ OUTRAS PROVIDÊNCIAS.,Herivelto Vela,https://www.pindamonhangaba.sp.leg.br/proposicoes/0/0/0/0/41477#pesquisa
2021-08-30 00:00:00,INDICAÇÃO DE PROJETO DE LEI N.º 018/2021,REGULAMENTA A REALIZAÇÃO DE FEIRAS ITINERANTES E TEMPORÁRIAS DE VENDAS DE PRODUTOS E MERCADORIAS A VAREJO E/OU ATACADO NO MUNICÍPIO DE PINDAMONHANGABA.,Herivelto Vela,https://www.pindamonhangaba.sp.leg.br/proposicoes/0/0/0/0/41476#pesquisa
2021-08-16 00:00:00,INDICAÇÃO DE PROJETO DE LEI N.º 017/2021,INSTITUI NO MUNICÍPIO DE PINDAMONHANGABA A CAMPANHA AGOSTO LILÁS.,Herivelto Vela,https://www.pindamonhangaba.sp.leg.br/proposicoes/0/0/0/0/41475#pesquisa
2021-08-02 00:00:00,INDICAÇÃO DE PROJETO DE LEI N.º 015/2021,DISPÕE SOBRE A AUTORIZAÇÃO PARA A CRIAÇÃO E OUTORGA DE CONCESSÃO DO MERCADO MUNICIPAL DISTRITAL DE MOREIRA CÉSAR.,Herivelto Vela,https://www.pindamonhangaba.sp.leg.br/proposicoes/0/0/0/0/41473#pesquisa
2021-08-02 00:00:00,INDICAÇÃO DE PROJETO DE LEI N.º 016/2021,AUTORIZA O PODER EXECUTIVO A IMPLANTAR A FARMÁCIA MUNICIPAL NO RESIDENCIAL ARARETAMA E DÁ OUTRAS PROVIDÊNCIAS.,Herivelto Vela,https://www.pindamonhangaba.sp.leg.br/proposicoes/0/0/0/0/41474#pesquisa
2021-07-30 00:00:00,INDICAÇÃO DE PROJETO DE LEI N.º 014/2021,CRIA O PROGRAMA ESPAÇO PÚBLICO PARA CÃES EM PRAÇA OU SIMILARES DO MUNICÍPIO DE PINDAMONHANGABA.,Regininha,https://www.pindamonhangaba.sp.leg.br/proposicoes/0/0/0/0/41472#pesquisa
2021-06-09 00:00:00,INDICAÇÃO DE PROJETO DE LEI N.º 013/2021,INSTITUI E REGULAMENTA O TRANSPORTE SOCIAL NO MUNICÍPIO DE PINDAMONHANGABA E DÁ OUTRAS PROVIDÊNCIAS.,Norberto Moraes,https://www.pindamonhangaba.sp.leg.br/proposicoes/0/0/0/0/41471#pesquisa
2021-05-06 00:00:00,INDICAÇÃO DE PROJETO DE LEI N.º 012/2021,"DISPÕE SOBRE A OBRIGATORIEDADE DAS EMPRESAS DE ÔNIBUS DE TRANSPORTE PÚBLICO MUNICIPAL DE INSTALAR EM SEUS VEÍCULOS, SISTEMA DE RASTREAMENTO E CONTROLE, VIA APLICATIVO DE CELULAR OU SIMILAR.",Julinho Car,https://www.pindamonhangaba.sp.leg.br/proposicoes/0/0/0/0/41470#pesquisa
2021-04-26 00:00:00,INDICAÇÃO DE PROJETO DE LEI N.º 010/2021,AUTORIZA O EXECUTIVO MUNICIPAL CRIAR O ABRIGO E ACOLHIMENTO ESPECIAL E TEMPORÁRIO PARA MULHERES TRANS E MULHERES VÍTIMAS DE VIOLÊNCIA DOMÉSTICA E DÁ OUTRAS PROVIDÊNCIAS.,Herivelto Vela,https://www.pindamonhangaba.sp.leg.br/proposicoes/0/0/0/0/41468#pesquisa
2021-04-26 00:00:00,INDICAÇÃO DE PROJETO DE LEI N.º 011/2021,DISPÕE SOBRE A ISENÇÃO DE TARIFA NO TRANSPORTE COLETIVO MUNICIPAL PARA PESSOAS COM TRANSTORNO DO ESPECTRO DO AUTISMO (TEA) E SEU ACOMPANHANTE.,Regininha,https://www.pindamonhangaba.sp.leg.br/proposicoes/0/0/0/0/41469#pesquisa
2021-04-13 00:00:00,INDICAÇÃO DE PROJETO DE LEI N.º 008/2021,"DISPÕE SOBRE A OBRIGAÇÃO DO SERVIÇO PÚBLICO MUNICIPAL CONCEDER A SEUS FUNCIONÁRIOS UM DIA DE LICENÇA POR ANO PARA A REALIZAÇÃO DE EXAMES PREVENTVOS DE CÂNCER GINECOLÓGICO, DE MAMA E DE PRÓSTATA.",Marco Mayor,https://www.pindamonhangaba.sp.leg.br/proposicoes/0/0/0/0/41466#pesquisa
2021-04-13 00:00:00,INDICAÇÃO DE PROJETO DE LEI N.º 009/2021,"INSTITUI A 1ª GRANDE FEIRA DE ARTESANATO MÃOS E MENTES BRILHANTES NO MUNICÍPIO, COM O INTUITO DE REALIZAR UM INTERCÂMBIO CULTURAL ENTRE AS CLASSES DE ARTISTAS QUE EXECUTAM TRABALHOS MANUAIS.",Marco Mayor,https://www.pindamonhangaba.sp.leg.br/proposicoes/0/0/0/0/41467#pesquisa
2021-03-05 00:00:00,INDICAÇÃO DE PROJETO DE LEI N.º 007/2021,"DISPÕE SOBRE A ISENÇÃO DO IMPOSTO SOBRE A PROPRIEDADE PREDIAL E TERREITORIAL URBANA PARA O PROPRIETÁRIO DO IMÓVEL, O TITULAR DE SEU DOMÍNIO ÚTIL E O POSSUIDOR A QUALQUER TÍTULO QUE COMPROVADAMENTE FOI BENEFICIADO PELA PERCEPÇÃO DO AUXÍLIO EMERGENCIAL E RESPECTIVO RESIDUAL.",Julinho Car,https://www.pindamonhangaba.sp.leg.br/proposicoes/0/0/0/0/41465#pesquisa
2021-02-22 00:00:00,INDICAÇÃO DE PROJETO DE LEI N.º 006/2021,"INSTITUI O PROGRAMA MUNICIPAL DE CONSERVAÇÃO E MANUTENÇÃO DE ESTRADAS, PONTES E MATA-BURROS, NA ZONA RURAL DO MUNICÍPIO DE PINDAMONAHANGABA, E DÁ OUTRAS PROVIDÊNCIAS.",Renato Cebola,https://www.pindamonhangaba.sp.leg.br/proposicoes/0/0/0/0/41464#pesquisa
2021-01-29 00:00:00,INDICAÇÃO DE PROJETO DE LEI N.º 004/2021,AUTORIZA O PODER EXECUTIVO A CONCEDER PERÍODO ILIMITADO DE ESTACIONAMENTO E ISENÇÃO DA TARIFA DO ESTACIONAMENTO ROTATIVO PAGO PELOS SERVIDORES PÚBLICOS PROFISSIONAIS DA ÁREA DE SAÚDE.,Herivelto Vela,https://www.pindamonhangaba.sp.leg.br/proposicoes/0/0/0/0/41462#pesquisa
2021-01-29 00:00:00,INDICAÇÃO DE PROJETO DE LEI N.º 005/2021,"DISPÕE SOBRE A AUTORIZAÇÃO DO PODER EXECUTIVO, PARA CONCESSÃO DE ISENÇÃO DOS LOJISTAS DO MUNICÍPIO NÃO RECONHECIDOS COMO SERVIÇOS ESSENCIAIS, DO PAGAMENTO DE ISS (IMPOSTO SOBRE SERVIÇOS), O IPTU (IMPOSTO PREDIAL E TERRITORIAL URBANO) DO ANO DE 2021 EM RAZÃO DAS DIFICULDADES E IMPEDIMENTOS DO EXERCÍCIO DAS ATIVIDADES POR CONTA DA PANDEMIA.",Herivelto Vela,https://www.pindamonhangaba.sp.leg.br/proposicoes/0/0/0/0/41463#pesquisa
2021-01-27 00:00:00,INDICAÇÃO DE PROJETO DE LEI N.º 003/2021,"PARA CRIAÇÃO DO PROGRAMA BANCO MUNICIPAL DE EMPREGOS PARA OS RESIDENTES NO ÂMBITO DO MUNICÍPIO DE PINDAMONHANGABA A MAIS DE 5 (CINCO) ANOS, NA FORMA QUE INDICA.",Herivelto Vela,https://www.pindamonhangaba.sp.leg.br/proposicoes/0/0/0/0/41461#pesquisa
2021-01-22 00:00:00,INDICAÇÃO DE PROJETO DE LEI N.º 002/2021,DISPÕE SOBRE A CRIAÇÃO DE PROGRAMA DE EXAME DE ACUIDADE VISUAL NA REDE DE ESCOLAS LOCALIZADAS NO MUNICÍPIO.,José Carlos Gomes – Cal,https://www.pindamonhangaba.sp.leg.br/proposicoes/0/0/0/0/41460#pesquisa
2021-01-20 00:00:00,INDICAÇÃO DE PROJETO DE LEI N.º 001/2021,"AUTORIZA O PODER EXECUTIVO MUNICIPAL A IMPLANTAR O PROGRAMA MUNICIPAL DE MANUTENÇÃO DOS ACESSOS RURAIS, E DÁ OUTRAS PROVIDÊNCIAS.",Norberto Moraes,https://www.pindamonhangaba.sp.leg.br/proposicoes/0/0/0/0/41459#pesquisa
2020-10-29 00:00:00,INDICAÇÃO DE PROJETO DE LEI N.º 016/2020,"DISPÕE SOBRE A MUNICIPALIZAÇÃO DA ESTRADA CONHECIDA COMO ESTRADA DO FERRAZ, OU ESTRADA QUE LIGA AO BAIRRO DA FERRAGEM, NO BAIRRO RIBEIRÃO GRANDE.",Gislene Cardoso,https://www.pindamonhangaba.sp.leg.br/proposicoes/0/0/0/0/41458#pesquisa
2020-10-15 00:00:00,INDICAÇÃO DE PROJETO DE LEI N.º 015/2020,"INSTITUI O PROGRAMA MUNICIPAL DE CONSERVAÇÃO E MANUTENÇÃO DE ESTRADAS, PONTES E MATA BURROS, NA ZONA RURAL DE PINDAMONHANGABA, E DÁ OUTRAS PROVIDÊNCIAS.",Renato Cebola,https://www.pindamonhangaba.sp.leg.br/proposicoes/0/0/0/0/41457#pesquisa
2020-09-22 00:00:00,INDICAÇÃO DE PROJETO DE LEI N.º 013/2020,"DISPÕE SOBRE A OBRIGATORIEDADE DE INSTALAÇÃO DE RECIPIENTES DISPENSADORES CONTENDO ÁLCOOL EM GEL 70% NO INTERIOR DOS TRANSPORTES PÚBLICOS COLETIVOS, NAS DEPENDÊNCIAS DE TERMINAIS RODOVIÁRIOS, NO ÂMBITO DO MUNICÍPIO DE PINDAMONHANGABA, E DÁ OUTRAS PROVIDÊNCIAS.",Roderley Miotto Rodrigues,https://www.pindamonhangaba.sp.leg.br/proposicoes/0/0/0/0/41455#pesquisa
2020-09-22 00:00:00,INDICAÇÃO DE PROJETO DE LEI N.º 014/2020,"DISPÕE SOBRE A OBRIGATORIEDADE DE LÂMPADAS DE LED (DIODO EMISSOR DE LUZ) NA REDE DE ILUMINAÇÃO PÚBLICA EM NOVOS LOTEAMENTOS E EMPREENDIMENTOS IMOBILIÁRIOS, NO MUNICÍPIO DE PINDAMONHANGABA, E DÁ OUTRAS PROVIDÊNCIAS.",Roderley Miotto Rodrigues,https://www.pindamonhangaba.sp.leg.br/proposicoes/0/0/0/0/41456#pesquisa
2020-09-04 00:00:00,INDICAÇÃO DE PROJETO DE LEI N.º 012/2020,"DISPÕE SOBRE A INSTITUIÇÃO DO PROGRAMA MUNICIPAL HORTA COMUNITÁRIA, PARA O APROVEITAMENTO DE TERRENOS BALDIOS PÚBLICOS E TERRENOS OCUPADOS PELAS TORRES DE ALTA TENSÃO DE ENERGIA ELÉTRICA E DÁ OUTRAS PROVIDÊNCIAS.",Osvaldo Macedo Negrão,https://www.pindamonhangaba.sp.leg.br/proposicoes/0/0/0/0/41454#pesquisa
2020-08-31 00:00:00,INDICAÇÃO DE PROJETO DE LEI N.º 011/2020,"DISPÕE SOBRE A CONCESSÃO DE AUXÍLIO EMERGENCIAL AOS PERMISSIONÁRIOS DO SERVIÇO DE TÁXI E SEUS AUXILIARES, BEM COMO AOS PRESTADORES DE SERVIÇO DE TRANSPORTE ESCOLAR, PÚBLICO E PRIVADO, EM VIRTUDE DOS IMPACTOS SOCIAIS E ECONÔMICOS DA PANDEMIA DE COVID-19.",Rafael Goffi Moreira; Ronaldo Pinto De Andrade,https://www.pindamonhangaba.sp.leg.br/proposicoes/0/0/0/0/41453#pesquisa
2020-07-06 00:00:00,INDICAÇÃO DE PROJETO DE LEI N.º 009/2020,ESTABELECE UM ESPAÇO DE GASTRONOMIA NO PARQUE DA CIDADE E DÁ OUTRAS PROVIDÊNCIAS.,Gislene Cardoso,https://www.pindamonhangaba.sp.leg.br/proposicoes/0/0/0/0/41451#pesquisa
2020-07-06 00:00:00,INDICAÇÃO DE PROJETO DE LEI N.º 010/2020,INSTITUI E CRIA O PROJETO - A CASA DO ARTESÃO - E DÁ OUTRAS PROVIDÊNCIAS.,Gislene Cardoso,https://www.pindamonhangaba.sp.leg.br/proposicoes/0/0/0/0/41452#pesquisa
2020-06-14 00:00:00,INDICAÇÃO DE PROJETO DE LEI N.º 008/2020,DISPÕE SOBRE A INSTITUIÇÃO DE ADICIONAL DE INSALUBRIDADE AOS ATENDENTES PÚBLICOS.,Carlos Moura - Magrão,https://www.pindamonhangaba.sp.leg.br/proposicoes/0/0/0/0/41450#pesquisa
2020-03-16 00:00:00,INDICAÇÃO DE PROJETO DE LEI N.º 007/2020,"DISPÕE SOBRE A INSERÇÃO DO INTERPRETE DA LÍNGUA BRASILEIRA DE SINAIS (LIBRAS), EM TODO OS EVENTOS PÚBLICOS OFICIAIS REALIZADOS PELO EXECUTIVO MUNICIPAL NO MUNICÍPIO DE PINDAMONHANGABA.",Gislene Cardoso,https://www.pindamonhangaba.sp.leg.br/proposicoes/0/0/0/0/41449#pesquisa
2020-02-10 00:00:00,INDICAÇÃO DE PROJETO DE LEI N.º 005/2020,"DISPÕE SOBRE A DIVULGAÇÃO DE LISTA DE ESPERA DE CONSULTAS, EXAMES, CIRURGIAS E QUAISQUER OUTROS PROCEDIMENTOS OU AÇÕES AGENDADAS PELOS CIDADÃOS NAS UNIDADES DA REDE MUNICIPAL DE SAÚDE E DÁ OUTRAS PROVIDÊNCIAS.",Ronaldo Pinto De Andrade,https://www.pindamonhangaba.sp.leg.br/proposicoes/0/0/0/0/41447#pesquisa
2020-02-10 00:00:00,INDICAÇÃO DE PROJETO DE LEI N.º 006/2020,"ALTERA A LEI N° 5677, DE 08 DE JULHO DE 2014, QUE REGULAMENTA O TRATAMENTO FORA DO DOMICÍLIO - TFD.",Carlos Moura - Magrão; Osvaldo Macedo Negrão,https://www.pindamonhangaba.sp.leg.br/proposicoes/0/0/0/0/41448#pesquisa
2020-01-27 00:00:00,INDICAÇÃO DE PROJETO DE LEI N.º 002/2020,"DETERMINA A DIVULGAÇÃO, POR MEIO ELETRÔNICO DA RELAÇÃO DE MEDICAMENTOS DISPONÍVEIS NA REDE MUNICIPAL DE SAÚDE DE PINDAMONHANGABA E DÁ OUTRAS PROVIDÊNCIAS.",Renato Cebola,https://www.pindamonhangaba.sp.leg.br/proposicoes/0/0/0/0/41444#pesquisa
2020-01-27 00:00:00,INDICAÇÃO DE PROJETO DE LEI N.º 003/2020,"DISPÕE SOBRE A PROIBIÇÃO DO COMÉRCIO, MANUSEIO, UTILIZAÇÃO, QUEIMA E A SOLTURA DE FOGOS DE ARTIFÍCIO SONOROS NO MUNICÍPIO DE PINDAMONHANGABA, E DÁ OUTRAS PROVIDÊNCIAS.",Renato Cebola,https://www.pindamonhangaba.sp.leg.br/proposicoes/0/0/0/0/41445#pesquisa
2020-01-27 00:00:00,INDICAÇÃO DE PROJETO DE LEI N.º 004/2020,"INSTITUI O PROGRAMA DO CIDADÃO DA PAZ, NO ÂMBITO NO MUNICÍPIO DE PINDAMONHANGABA E DÁ OUTRAS PROVIDÊNCIAS.",Renato Cebola,https://www.pindamonhangaba.sp.leg.br/proposicoes/0/0/0/0/41446#pesquisa
2020-01-14 00:00:00,INDICAÇÃO DE PROJETO DE LEI N.º 001/2020,"ELEVA O TROPEIRISMO, BEM COMO SUAS MANIFESTAÇÕES ARTÍSTICAS E CULTURAIS, À CONDIÇÃO DE PATRIMÔNIO CULTURAL IMATERIAL DO MUNICÍPIO DE PINDAMONHANGABA.",Osvaldo Macedo Negrão,https://www.pindamonhangaba.sp.leg.br/proposicoes/0/0/0/0/41443#pesquisa
2019-12-16 00:00:00,INDICAÇÃO DE PROJETO DE LEI N.º 016/2019,"DISPÕE SOBRE O RECONHECIMENTO DO CARÁTER EDUCACIONAL E FORMATIVO DA CAPOEIRA EM SUAS MANIFESTAÇÕES CULTURAIS E ESPORTIVAS E PERMITE A CELEBRAÇÃO DE PARCERIAS PARA SEU ENSINO NOS ESTABELECIMENTOS DE ENSINO BÁSICO, FUNDAMENTAL E MÉDIO, PÚBLICOS OU PRIVADOS E DÁ OUTRAS PROVIDÊNCIAS.",Osvaldo Macedo Negrão,https://www.pindamonhangaba.sp.leg.br/proposicoes/0/0/0/0/41441#pesquisa
2019-12-16 00:00:00,INDICAÇÃO DE PROJETO DE LEI N.º 017/2019,"DISPÕE SOBRE UMA FOLGA ANUAL PARA TODOS OS SERVIDORES PÚBLICOS MUNICIPAIS DA CIDADE DE PINDAMONHANGABA, NO DIA DE SEU ANIVERSÁRIO, NA FORMA QUE MENCIONA, E DÁ OUTRAS PROVIDÊNCIAS.",Osvaldo Macedo Negrão,https://www.pindamonhangaba.sp.leg.br/proposicoes/0/0/0/0/41442#pesquisa
2019-09-16 00:00:00,INDICAÇÃO DE PROJETO DE LEI N.º 015/2019,DISPÕE SOBRE A DOAÇÃO DE ALIMENTOS POR RESTAURANTES E EMPRESAS QUE INDUSTRIALIZAM E OU DISTRIBUEM ALIMENTOS INDUSTRIALIZADOS NO MUNICÍPIO DE PINDAMONHANGABA.,Renato Cebola,https://www.pindamonhangaba.sp.leg.br/proposicoes/0/0/0/0/41440#pesquisa
2019-08-19 00:00:00,INDICAÇÃO DE PROJETO DE LEI N.º 014/2019,DISPÕE SOBRE O USO DE ESPAÇOS PÚBLICOS DE PUBLICIDADE PARA CAMPANHAS EDUCATIVAS DE COMBATE AOS MAUS-TRATOS E ABANDONO DE ANIMAIS NO MUNICÍPIO DE PINDAMONHANGABA E DÁ OUTRAS PROVIDÊNCIAS.,Ronaldo Pinto De Andrade,https://www.pindamonhangaba.sp.leg.br/proposicoes/0/0/0/0/41439#pesquisa
2019-06-17 00:00:00,INDICAÇÃO DE PROJETO DE LEI N.º 013/2019,"DISPÕE SOBRE A CRIAÇÃO DO BANCO MUNICIPAL DE CADEIRA DE RODAS, MULETAS, BENGALAS E OUTROS APARELHOS NECESSÁRIOS PARA A LOCOMOÇÃO DE PESSOAS ACAMADAS OU COM MOBILIDADES REDUZIDAS TEMPORARIAMENTE.",Carlos Moura - Magrão,https://www.pindamonhangaba.sp.leg.br/proposicoes/0/0/0/0/41438#pesquisa
2019-06-10 00:00:00,INDICAÇÃO DE PROJETO DE LEI N.º 012/2019,AUTORIZA O PODER EXECUTIVO A CRIAR O PROGRAMA DE RECOLHIMENTO DE VEÍCULOS ABANDONADOS NA VIA PÚBLICA E DÁ OUTRAS PROVIDÊNCIAS.,Rafael Goffi Moreira,https://www.pindamonhangaba.sp.leg.br/proposicoes/0/0/0/0/41437#pesquisa
2019-05-27 00:00:00,INDICAÇÃO DE PROJETO DE LEI N.º 009/2019,INSTITUI O SERVIÇO DE TRANSPORTE SOCIAL (STS) NO MUNICÍPIO DE PINDAMONHANGABA.,Carlos Moura - Magrão,https://www.pindamonhangaba.sp.leg.br/proposicoes/0/0/0/0/41434#pesquisa
2019-05-27 00:00:00,INDICAÇÃO DE PROJETO DE LEI N.º 010/2019,INSTITUI O PROGRAMA ADOTE UM PONTO DE ÔNIBUS.,Carlos Moura - Magrão,https://www.pindamonhangaba.sp.leg.br/proposicoes/0/0/0/0/41435#pesquisa
2019-05-27 00:00:00,INDICAÇÃO DE PROJETO DE LEI N.º 011/2019,INSTITUI O PROGRAMA ADOTE UMA LIXEIRA.,Carlos Moura - Magrão,https://www.pindamonhangaba.sp.leg.br/proposicoes/0/0/0/0/41436#pesquisa
2019-05-20 00:00:00,INDICAÇÃO DE PROJETO DE LEI N.º 008/2019,"DISPÕE SOBRE A CONCESSÃO DE AUXÍLIO-ALIMENTAÇÃO AOS SERVIDORES PÚBLICOS MUNICIPAIS DE PINDAMONHANGABA, E DÁ OUTRAS PROVIDÊNCIAS.",Renato Cebola,https://www.pindamonhangaba.sp.leg.br/proposicoes/0/0/0/0/41433#pesquisa
2019-04-23 00:00:00,INDICAÇÃO DE PROJETO DE LEI N.º 007/2019,"REGULAMENTA A EXECUÇÃO DE MÚSICA AO VIVO OU POR QUALQUER SISTEMA DE AMPLIAÇÃO MECÂNICA DO SOM, BEM COMO A DISPOSIÇÃO DE MESAS E CADEIRAS NAS CALÇADAS DOS IMÓVEIS VIZINHOS, POR BARES, LANCHONETES, RESTAURANTES, PIZZARIAS E CANTINAS DO MUNICÍPIO DE PINDAMONHANGABA, E DÁ OUTRAS PROVIDÊNCIAS.",Renato Cebola,https://www.pindamonhangaba.sp.leg.br/proposicoes/0/0/0/0/41432#pesquisa
2019-04-08 00:00:00,INDICAÇÃO DE PROJETO DE LEI N.º 006/2019,"INDICO AO EXCELENTÍSSIMO SENHOR PRESIDENTE DA ASSEMBLEIA LEGISLATIVA DO ESTADO DE SÃO PAULO, DEPUTADO ESTADUAL CAUÊ MACRIS, PROJETO DE LEI ORDINÁRIA QUE VISA A ALTERAÇÃO DE DISPOSITIVOS DA LEI ESTADUAL N° 1.093, DE 22 DE SETEMBRO DE 1976.",Rafael Goffi Moreira,https://www.pindamonhangaba.sp.leg.br/proposicoes/0/0/0/0/41431#pesquisa
2019-04-01 00:00:00,INDICAÇÃO DE PROJETO DE LEI N.º 004/2019,"DISPÕE SOBRE A REDUÇÃO DA JORNADA DE TRABALHO EM 50% (CINQUENTA POR CENTO) PARA SERVIDOR PÚBLICO QUE TENHA CÔNJUGE, FILHOS OU DEPENDENTE COM DEFICIÊNCIA, SEM PREJUÍZO NA SUA REMUNERAÇÃO.",Gislene Cardoso,https://www.pindamonhangaba.sp.leg.br/proposicoes/0/0/0/0/41429#pesquisa
2019-04-01 00:00:00,INDICAÇÃO DE PROJETO DE LEI N.º 005/2019,INSTITUI E CRIA O PROJETO A CASA DAS ARTES E DA OUTRAS PROVIDÊNCIAS.,Gislene Cardoso,https://www.pindamonhangaba.sp.leg.br/proposicoes/0/0/0/0/41430#pesquisa
2019-03-18 00:00:00,INDICAÇÃO DE PROJETO DE LEI N.º 003/2019,"AUTORIZA O PODER EXECUTIVO A CONCEDER ISENÇÃO DO ITBI (IMPOSTO DE TRANSMISSÃO DE BENS IMÓVEIS), NA PRIMEIRA TRANSFERÊNCIA DOS IMÓVEIS DO RESIDENCIAL BEM VIVER, REALIZADO ENTRE A INSTITUIÇÃO FINANCEIRA E OS MORADORES DO RESIDENCIAL, DEVIDO AO CARÁTER SOCIAL DO PROGRAMA.",Rafael Goffi Moreira,https://www.pindamonhangaba.sp.leg.br/proposicoes/0/0/0/0/41428#pesquisa
2019-03-01 00:00:00,INDICAÇÃO DE PROJETO DE LEI N.º 002/2019,"INSTITUI E CONCEDE AO FUNCIONÁRIO PÚBLICO MUNICIPAL DE PINDAMONHANGABA, A FOLGA EM DIA DE ANIVERSÁRIO E DÁ OUTRAS PROVIDÊNCIAS.",Jorge Pereira Alves,https://www.pindamonhangaba.sp.leg.br/proposicoes/0/0/0/0/41427#pesquisa
2019-02-28 00:00:00,INDICAÇÃO DE PROJETO DE LEI N.º 001/2019,"DISPÕE SOBRE A RESERVA DE VAGAS DE ESTACIONAMENTO PARA PESSOA INSCRITA NA ORDEM DOS ADVOGADOS DO BRASIL (OAB), EM TORNO DE FÓRUNS E ÓRGÃOS DA ADMINISTRAÇÃO PÚBLICA, NO MUNICÍPIO DE PINDAMONHANGABA",Rafael Goffi Moreira,https://www.pindamonhangaba.sp.leg.br/proposicoes/0/0/0/0/41426#pesquisa
2018-12-10 00:00:00,INDICAÇÃO DE PROJETO DE LEI N.º 025/2018,"ACRESCENTA O INCISO XVIII NO ARTIGO 105 NA LEI ORGÂNICA DO MUNICÍPIO DE PINDAMONHANGABA, QUE ASSEGURA A REDUÇÃO DE 50% DA JORNADA PARA SERVIDORES PÚBLICOS MUNICIPAIS, SEM PREJUÍZO EM SUA REMUNERAÇÃO.",Renato Cebola,https://www.pindamonhangaba.sp.leg.br/proposicoes/0/0/0/0/41425#pesquisa
2018-10-26 00:00:00,INDICAÇÃO DE PROJETO DE LEI N.º 024/2018,DISPÕE SOBRE A IMPLANTAÇÃO DO PROGRAMA BUEIRO INTELIGENTE COMO FORMA DE PREVENÇÃO ÀS ENCHENTES NO MUNICÍPIO DE PINDAMONHANGABA.,Ronaldo Pinto De Andrade,https://www.pindamonhangaba.sp.leg.br/proposicoes/0/0/0/0/41424#pesquisa
2018-08-16 00:00:00,INDICAÇÃO DE PROJETO DE LEI N.º 022/2018,"DETERMINA O PRONTO SOCORRO E OS POSTOS DE SAÚDE, AFIXAREM INFORMAÇÕES SOBRE OS DIREITOS E DEVERES DOS PACIENTES.",Ronaldo Pinto De Andrade,https://www.pindamonhangaba.sp.leg.br/proposicoes/0/0/0/0/41422#pesquisa
2018-08-16 00:00:00,INDICAÇÃO DE PROJETO DE LEI N.º 023/2018,INSTITUI O PROGRAMA PÉ NA FAIXA NO MUNICÍPIO DE PINDAMONHANGABA E DÁ OUTRAS PROVIDÊNCIAS.,Ronaldo Pinto De Andrade,https://www.pindamonhangaba.sp.leg.br/proposicoes/0/0/0/0/41423#pesquisa
2018-08-13 00:00:00,INDICAÇÃO DE PROJETO DE LEI N.º 019/2018,OBRIGA OS ESTABELECIMENTOS PÚBLICOS E PRIVADOS NO MUNICÍPIO DE PINDAMONHANGABA A INSERIR NAS PLACAS DE ATENDIMENTO PRIORITÁRIO O SÍMBOLO MUNDIAL DO AUTISMO E DÁ OUTRAS PROVIDÊNCIAS.,Carlos Moura - Magrão,https://www.pindamonhangaba.sp.leg.br/proposicoes/0/0/0/0/41419#pesquisa
2018-08-13 00:00:00,INDICAÇÃO DE PROJETO DE LEI N.º 020/2018,DISPÕE SOBRE A OBRIGATORIEDADE DAS EMPRESAS EM PINDAMONHANGABA DE CONTRATAREM E MANTEREM EMPREGADOS PRIORITARIAMENTE TRABALHADORES DOMICILIADOS NO MUNICÍPIO E DÁ OUTRAS PROVIDÊNCIAS.,Carlos Moura - Magrão,https://www.pindamonhangaba.sp.leg.br/proposicoes/0/0/0/0/41420#pesquisa
2018-08-13 00:00:00,INDICAÇÃO DE PROJETO DE LEI N.º 021/2018,"ESTABELECE A OBRIGATORIEDADE DOS HOSPITAIS, UNIDADES DE SAÚDE E AMBULATÓRIOS, SITUADOS NO MUNICÍPIO DE PINDAMONHANGABA, A AFIXAR EM LUGAR VISÍVEL E ACESSÍVEL AO PÚBLICO A LISTA DOS MÉDICOS PLANTONISTAS E DOS RESPONSÁVEIS PELO PLANTÃO.",Carlos Moura - Magrão,https://www.pindamonhangaba.sp.leg.br/proposicoes/0/0/0/0/41421#pesquisa
2018-08-06 00:00:00,INDICAÇÃO DE PROJETO DE LEI N.º 018/2018,DISPÕE SOBRE A INFORMATIZAÇÃO DO SISTEMA DE LICENCIAMENTO ELETRÔNICO DE EDIFICAÇÃO E ATIVIDADES AFINS DO MUNICÍPIO DE PINDAMONHANGABA E DÁ OUTRAS PROVIDÊNCIAS.,Renato Cebola,https://www.pindamonhangaba.sp.leg.br/proposicoes/0/0/0/0/41418#pesquisa
2018-07-03 00:00:00,INDICAÇÃO DE PROJETO DE LEI N.º 017/2018,"DISPÕE SOBRE A PERMISSÃO DE USO DE ÁREAS VERDE LIVRES, EM LOCAIS PÚBLICOS PARA INSTALAÇÃO DE QUIOSQUES NO MUNICÍPIO DE PINDAMONHANGABA  E DÁ OUTRAS PROVIDÊNCIAS.",Osvaldo Macedo Negrão,https://www.pindamonhangaba.sp.leg.br/proposicoes/0/0/0/0/41417#pesquisa
2018-06-29 00:00:00,INDICAÇÃO DE PROJETO DE LEI N.º 016/2018,"DENOMINA DE LIDIA CONCEIÇÃO PEREIRA ALVES (LIDIA GAUCHA) O AMA - ABRIGO MUNICIPAL DE ANIMAIS DE PINDAMONHANGABA, E DÁ OUTRAS PROVIDÊNCIAS.",Ronaldo Pinto De Andrade,https://www.pindamonhangaba.sp.leg.br/proposicoes/0/0/0/0/41416#pesquisa
2018-06-08 00:00:00,INDICAÇÃO DE PROJETO DE LEI N.º 015/2018,DISPÕE SOBRE A POSSIBILIDADE DO AGENDAMENTO TELEFÔNICO DE CONSULTAS PARA PACIENTES E IDOSOS E PARA PESSOAS COM DEFICIÊNCIAS JÁ CADASTRADAS NAS UNIDADES DE SAÚDE DO MUNICÍPIO DE PINDAMONHANGABA E DÁ OUTRAS PROVIDÊNCIAS.,Osvaldo Macedo Negrão,https://www.pindamonhangaba.sp.leg.br/proposicoes/0/0/0/0/41415#pesquisa
2018-06-07 00:00:00,INDICAÇÃO DE PROJETO DE LEI N.º 014/2018,"CRIA A GRATIFICAÇÃO POR DESEMPENHO DE ATIVIDADE DELEGADA, A SER PAGA AOS POLICIAIS CIVIS DO ESTADO DE SÃO PAULO, NOS TERMOS QUE ESPECIFICA, POR MEIO DE CONVÊNIO CELEBRADO COM O MUNICÍPIO DE PINDAMONHANGABA E DÁ OUTRAS PROVIDÊNCIAS.",Ronaldo Pinto De Andrade,https://www.pindamonhangaba.sp.leg.br/proposicoes/0/0/0/0/41414#pesquisa
2018-06-04 00:00:00,INDICAÇÃO DE PROJETO DE LEI N.º 013/2018,DISPÕE SOBRE A CARGA HORÁRIA SUPLEMENTAR DE DOCENTES E DÁ OUTRAS PROVIDÊNCIAS.,Carlos Moura - Magrão,https://www.pindamonhangaba.sp.leg.br/proposicoes/0/0/0/0/41413#pesquisa
2018-05-07 00:00:00,INDICAÇÃO DE PROJETO DE LEI N.º 012/2018,"REGULAMENTA, NOS TERMOS DA LEI FEDERAL Nº 13.595 DE 05 DE JANEIRO DE 2018, A ÁREA DE ATUAÇÃO GEOGRÁFICA DO AGENTE COMUNITÁRIO DE SAÚDE DO MUNICÍPIO DE PINDAMONHANGABA.",Gislene Cardoso,https://www.pindamonhangaba.sp.leg.br/proposicoes/0/0/0/0/41412#pesquisa
2018-05-02 00:00:00,INDICAÇÃO DE PROJETO DE LEI N.º 011/2018,"DISPÕE SOBRE A ISENÇÃO RELATIVA AO IMPOSTO PREDIAL E TERRITORIAL URBANO - IPTU - PARA ENTIDADES E ASSOCIAÇÕES RECREATIVAS OU DESPORTIVAS, SEM FINS LUCRATIVOS, NAS CONDIÇÕES QUE ESTABELECE.",Gislene Cardoso,https://www.pindamonhangaba.sp.leg.br/proposicoes/0/0/0/0/41411#pesquisa
2018-04-24 00:00:00,INDICAÇÃO DE PROJETO DE LEI N.º 010/2018,"PROÍBE, NO MUNICÍPIO DE PINDAMONHANGABA, A PRÁTICA DE EXIBIÇÕES ARTÍSTICAS POR MALABARES, ACROBATAS E AFINS, NOS CRUZAMENTOS DE VIAS URBANAS, SINALIZADAS OU NÃO.",Felipe César,https://www.pindamonhangaba.sp.leg.br/proposicoes/0/0/0/0/41410#pesquisa
2018-04-23 00:00:00,INDICAÇÃO DE PROJETO DE LEI N.º 008/2018,AUTORIZA O PODER EXECUTIVO A DEFINIR PRAZO PARA EMISSÃO DE RESPOSTAS DE APROVAÇÃO DE PROJETOS DE LICENCIAMENTO DE EDIFICAÇÃO E ATIVIDADES AFINS DO MUNICÍPIO DE PINDAMONHANGABA E DÁ OUTRAS PROVIDÊNCIAS.,Renato Cebola,https://www.pindamonhangaba.sp.leg.br/proposicoes/0/0/0/0/41408#pesquisa
2018-04-23 00:00:00,INDICAÇÃO DE PROJETO DE LEI N.º 009/2018,"INSTITUI O DIREITO A PASSE LIVRE, NO TRANSPORTE COLETIVO PÚBLICO DO MUNICÍPIO DE PINDAMONHANGABA, AOS ACOMPANHANTES DAS PESSOAS DEFICIENTES FÍSICOS, MENTAIS OU SENSORIAIS.",Gislene Cardoso,https://www.pindamonhangaba.sp.leg.br/proposicoes/0/0/0/0/41409#pesquisa
2018-04-16 00:00:00,INDICAÇÃO DE PROJETO DE LEI N.º 005/2018,DISPÕE SOBRE A EXECUÇÃO DE CONSERVAÇÃO E MANUTENÇÃO DA MALHA VIÁRIA NO MUNICÍPIO E DÁ OUTRAS PROVIDÊNCIAS.,Osvaldo Macedo Negrão,https://www.pindamonhangaba.sp.leg.br/proposicoes/0/0/0/0/41405#pesquisa
2018-04-16 00:00:00,INDICAÇÃO DE PROJETO DE LEI N.º 006/2018,"DISPÕE SOBRE O PROGRAMA CENSO INCLUSÃO PARA A IDENTIFICAÇÃO DO PERFIL SOCIOECONÔMICO DAS PESSOAS COM DEFICIÊNCIA E MOBILIDADE REDUZIDA, NO MUNICÍPIO DE PINDAMONHANGABA.",Gislene Cardoso,https://www.pindamonhangaba.sp.leg.br/proposicoes/0/0/0/0/41406#pesquisa
2018-04-16 00:00:00,INDICAÇÃO DE PROJETO DE LEI N.º 007/2018,DISPÕE SOBRE A CONCESSÃO DE LICENÇA PATERNIDADE DE MAIS 15 DIAS PARA O SERVIDOR MUNICIPAL.,Gislene Cardoso,https://www.pindamonhangaba.sp.leg.br/proposicoes/0/0/0/0/41407#pesquisa
2018-03-22 00:00:00,INDICAÇÃO DE PROJETO DE LEI N.º 004/2018,"DENOMINA A RUA 02 (DOIS) DO PARQUE DAS NAÇÕES, PINDAMONHANGABA - SP, DE RUA PROFESSOR ESLI RAMOS.",Ronaldo Pinto De Andrade,https://www.pindamonhangaba.sp.leg.br/proposicoes/0/0/0/0/41404#pesquisa
2018-03-19 00:00:00,INDICAÇÃO DE PROJETO DE LEI N.º 003/2018,"DISPÕE SOBRE A INSERÇÃO DE UMA GUIA DE ARRECADAÇÃO VOLUNTÁRIA NOS CARNÊS DE IPTU NO MUNICÍPIO DE PINDAMONHANGABA, E DÁ OUTRAS PROVIDENCIAS.",Ronaldo Pinto De Andrade,https://www.pindamonhangaba.sp.leg.br/proposicoes/0/0/0/0/41403#pesquisa
2018-02-26 00:00:00,INDICAÇÃO DE PROJETO DE LEI N.º 002/2018,AUTORIZA O PODER EXECUTIVO MUNICIPAL A IMPLANTAR O SISTEMA DE FISCALIZAÇÃO ELETRÔNICA (PARDAIS) NO MUNICÍPIO DE PINDAMONHANGABA E DÁ OUTRAS PROVIDÊNCIAS.,Renato Cebola,https://www.pindamonhangaba.sp.leg.br/proposicoes/0/0/0/0/41402#pesquisa
2018-02-23 00:00:00,INDICAÇÃO DE PROJETO DE LEI N.º 001/2018,"DISPÕE SOBRE A EXTINÇÃO DA COBRANÇA DE ÁREA AZUL NAS PROXIMIDADES DE HOSPITAIS, LABORATÓRIOS, PSF, UBS VELÓRIOS, CEMITÉRIOS E OUTROS SERVIÇOS CORRELATOS À SAÚDE QUE NÃO HAJA COMO PRECISAR O HORÁRIO PARA A UTILIZAÇÃO DOS MESMOS.",Osvaldo Macedo Negrão,https://www.pindamonhangaba.sp.leg.br/proposicoes/0/0/0/0/41401#pesquisa
2017-11-20 00:00:00,INDICAÇÃO DE PROJETO DE LEI N.º 025/2017,"DISPÕE SOBRE A CRIAÇÃO. COMPOSIÇÃO, COMPETÊNCIA E FUNCIONAMENTO DO CONSELHO MUNICIPAL DE ESPORTE E LAZER - CMEL.",Ronaldo Pinto De Andrade,https://www.pindamonhangaba.sp.leg.br/proposicoes/0/0/0/0/41400#pesquisa
2017-10-30 00:00:00,INDICAÇÃO DE PROJETO DE LEI N.º 024/2017,DISPÕE SOBRE A CRIAÇÃO DO CEMITÉRIO PÚBLICO AMIGO DOS ANIMAIS E DÁ OUTRAS PROVIDÊNCIAS.,Renato Cebola; Ronaldo Pinto De Andrade,https://www.pindamonhangaba.sp.leg.br/proposicoes/0/0/0/0/41399#pesquisa
2017-09-04 00:00:00,INDICAÇÃO DE PROJETO DE LEI N.º 022/2017,"AUTORIZA A CONCESSÃO DE DIREITO REAL DE USO DO PÁTIO DO PARQUE DA CIDADE ÀS AUTOESCOLAS, LOCALIZADAS NO MUNICÍPIO DE PINDAMONHANGABA E DÁ OUTRAS PROVIDÊNCIAS.",Renato Cebola,https://www.pindamonhangaba.sp.leg.br/proposicoes/0/0/0/0/41397#pesquisa
2017-09-04 00:00:00,INDICAÇÃO DE PROJETO DE LEI N.º 023/2017,"DISPÕE SOBRE A ISENÇÃO DO PAGAMENTO NO ESTACIONAMENTO ROTATIVO ZONA AZUL, NO MUNICÍPIO DE PINDAMONHANGABA/SP AOS IDOSOS E AS PESSOAS PORTADORAS DE DEFICIÊNCIA, E DÁ OUTRAS PROVIDÊNCIAS.",Carlos Moura - Magrão,https://www.pindamonhangaba.sp.leg.br/proposicoes/0/0/0/0/41398#pesquisa
2017-08-16 00:00:00,INDICAÇÃO DE PROJETO DE LEI N.º 021/2017,REGULAMENTA A REGULARIZAÇÃO E A LEGALIZAÇÃO DE EDIFICAÇÕES E OBRAS E IRREGULARES OU CLANDESTINAS DENTRO DO MUNICÍPIO.,Renato Cebola,https://www.pindamonhangaba.sp.leg.br/proposicoes/0/0/0/0/41396#pesquisa
2017-07-03 00:00:00,INDICAÇÃO DE PROJETO DE LEI N.º 020/2017,"DÁ NOVA REDAÇÃO AO INCISO I DO ARTIGO 3° DA LEI N° 4.479 DE 06/09/2006, QUE AUTORIZA A PREFEITURA MUNICIPAL A INSTITUIR NAS VIAS E LOGRADOUROS PÚBLICOS, ÁREAS ESPECIAIS PARA ESTACIONAMENTOS POR TEMPO LIMITADO E DÁ OUTRAS PROVIDÊNCIAS.",Carlos Moura - Magrão,https://www.pindamonhangaba.sp.leg.br/proposicoes/0/0/0/0/41395#pesquisa
2017-06-19 00:00:00,INDICAÇÃO DE PROJETO DE LEI N.º 019/2017,"DISPÕE SOBRE A REDUÇÃO DA CARGA HORÁRIA DE TRABALHO, SEM REDUÇÃO DOS VENCIMENTOS, DO SERVIDOR MUNICIPAL RESPONSÁVEL POR PESSOA COM NECESSIDADES ESPECIAIS.",Osvaldo Macedo Negrão,https://www.pindamonhangaba.sp.leg.br/proposicoes/0/0/0/0/41394#pesquisa
2017-06-02 00:00:00,INDICAÇÃO DE PROJETO DE LEI N.º 018/2017,DISPÕE SOBRE A OBRIGATORIEDADE DA UTILIZAÇÃO DE CRACHÁ DE IDENTIFICAÇÃO POR FUNCIONÁRIOS PÚBLICOS DA PREFEITURA MUNICIPAL DE PINDAMONHANGABA E DÁ OUTRAS PROVIDÊNCIAS.,Osvaldo Macedo Negrão,https://www.pindamonhangaba.sp.leg.br/proposicoes/0/0/0/0/41393#pesquisa
2017-04-07 00:00:00,INDICAÇÃO DE PROJETO DE LEI N.º 017/2017,"DISPÕE SOBRE A IMPLANTAÇÃO DE CONCURSO DE PROGNÓSTICOS (LOTERIA MUNICIPAL) COMO FONTE DE RECEITA DESTINADA À SEGURIDADE SOCIAL DO MUNICÍPIO DE QUE TRATA OS ARTIGOS 194, 195 E 204 DA CONSTITUIÇÃO REPUBLICANA FEDERATIVA DO BRASIL.",Felipe César,https://www.pindamonhangaba.sp.leg.br/proposicoes/0/0/0/0/41392#pesquisa
2017-03-20 00:00:00,INDICAÇÃO DE PROJETO DE LEI N.º 016/2017,DISPÕE SOBRE A CRIAÇÃO DE SERVIÇO SOCIAL ESCOLAR NO MUNICÍPIO DE PINDAMONHANGABA.,Osvaldo Macedo Negrão,https://www.pindamonhangaba.sp.leg.br/proposicoes/0/0/0/0/41391#pesquisa
2017-03-09 00:00:00,INDICAÇÃO DE PROJETO DE LEI N.º 015/2017,"CRIA O DIÁRIO OFICIAL ELETRÔNICO DO MUNICÍPIO DE PINDAMONHANGABA DE - DOEM, COM IMPRENSA OFICIAL DOS ATOS OFICIAIS DO PODER EXECUTIVO MUNICIPAL, POR MEIO ELETRÔNICO, MEDIANTE PROVEDOR DE DOMÍNIO PÚBLICO E SISTEMA (SOFTWARE) DE FÁCIL ACESSO AO ÓRGÃO DE CONTROLE EXTERNO E DÁ OUTRAS PROVIDÊNCIAS.",Osvaldo Macedo Negrão,https://www.pindamonhangaba.sp.leg.br/proposicoes/0/0/0/0/41390#pesquisa
2017-03-03 00:00:00,INDICAÇÃO DE PROJETO DE LEI N.º 014/2017,"ALTERA A LEI MUNICIPAL Nº 3.966, DE 28 DE NOVEMBRO DE 2002, QUE INSTITUI E REGULAMENTA AS GRATUIDADES E DESCONTOS NO TRANSPORTE COLETIVO DE PASSAGEIROS NO MUNICÍPIO DE PINDAMONHANGABA, E DÁ OUTRAS PROVIDÊNCIAS.",Gislene Cardoso,https://www.pindamonhangaba.sp.leg.br/proposicoes/0/0/0/0/41389#pesquisa
2017-03-02 00:00:00,INDICAÇÃO DE PROJETO DE LEI N.º 012/2017,"DISPÕE SOBRE A OBRIGATORIEDADE DE COLOCAÇÃO DE PLACAS EM POSTOS DE SAÚDE COM NOMES DOS MÉDICOS EM EXERCÍCIO, CHEFES DE ENFERMAGEM E SEUS HORÁRIOS DE ATENDIMENTO NO MUNICÍPIO DE PINDAMONHANGABA E DÁ OUTRAS PROVIDÊNCIAS.",Ronaldo Pinto De Andrade,https://www.pindamonhangaba.sp.leg.br/proposicoes/0/0/0/0/41387#pesquisa
2017-03-02 00:00:00,INDICAÇÃO DE PROJETO DE LEI N.º 013/2017,DISPÕE SOBRE A OBRIGATORIEDADE DE EXAME OFTALMOLÓGICO PARA OS ALUNOS DA REDE MUNICIPAL DE ENSINO DO MUNICÍPIO DE PINDAMONHANGABA E DÁ OUTRAS PROVIDÊNCIAS.,Ronaldo Pinto De Andrade,https://www.pindamonhangaba.sp.leg.br/proposicoes/0/0/0/0/41388#pesquisa
2017-02-15 00:00:00,INDICAÇÃO DE PROJETO DE LEI N.º 011/2017,"CRIA NA REDE MUNICIPAL DE ENSINO O SERVIÇO DISQUE-DENÚNCIA, CONTRA QUALQUER TIPO DE VIOLÊNCIA OU ABUSO SEXUAL CONTRA CRIANÇAS E ADOLESCENTES E DÁ OUTRAS PROVIDÊNCIAS.",Felipe César,https://www.pindamonhangaba.sp.leg.br/proposicoes/0/0/0/0/41386#pesquisa
2017-02-06 00:00:00,INDICAÇÃO DE PROJETO DE LEI N.º 009/2017,INSTITUI O PROGRAMA DE ADOÇÃO DE PLACAS DE NOMENCLATURA DE LOGRADOUROS E DÁ OUTRAS PROVIDÊNCIAS.,Carlos Moura - Magrão,https://www.pindamonhangaba.sp.leg.br/proposicoes/0/0/0/0/41384#pesquisa
2017-02-06 00:00:00,INDICAÇÃO DE PROJETO DE LEI N.º 010/2017,"CONCEDE AOS ÓRGÃOS PÚBLICOS INSTALADOS NO MUNICÍPIO DESCONTO DE 50% NO PAGAMENTO DA TAXA DE ÁGUA, ESGOTO E ENERGIA ELÉTRICA.",Jorge Pereira Alves,https://www.pindamonhangaba.sp.leg.br/proposicoes/0/0/0/0/41385#pesquisa
2017-02-03 00:00:00,INDICAÇÃO DE PROJETO DE LEI N.º 007/2017,INSTITUI O PROGRAMA ADOTE UMA LIXEIRA.,Carlos Moura - Magrão,https://www.pindamonhangaba.sp.leg.br/proposicoes/0/0/0/0/41382#pesquisa
2017-02-03 00:00:00,INDICAÇÃO DE PROJETO DE LEI N.º 008/2017,"DISPÕE SOBRE A OBRIGATORIEDADE DA EMPRESA CONCESSIONÁRIA OU PERMISSIONÁRIA DE ENERGIA ELÉTRICA DO MUNICÍPIO DE PINDAMONHANGABA A REALIZAR O ALINHAMENTO E RETIRADA DOS FIOS INUTILIZADOS NOS POSTOS, NOTIFICAR AS DEMAIS EMPRESAS QUE UTILIZAM OS POSTES COMO SUPORTE DE SEUS CABEAMENTOS E DÁ OUTRAS PROVIDÊNCIAS.",Ronaldo Pinto De Andrade,https://www.pindamonhangaba.sp.leg.br/proposicoes/0/0/0/0/41383#pesquisa
2017-02-02 00:00:00,INDICAÇÃO DE PROJETO DE LEI N.º 006/2017,"DISPÕE SOBRE A CELEBRAÇÃO DE CONVÊNIO ENTRE A UNIÃO, POR INTERMÉDIO DA SECRETARIA DA RECEITA FEDERAL DO BRASIL E O MUNICÍPIO DE PINDAMONHANGABA, PARA DELEGAÇÃO DAS ATRIBUIÇÕES DE FISCALIZAÇÃO, LANÇAMENTO DE CRÉDITOS TRIBUTÁRIOS, E DE COBRANÇA RELATIVAS AO IMPOSTO SOBRE A PROPRIEDADE TERRITORIAL RURAL (ITR)",Felipe César,https://www.pindamonhangaba.sp.leg.br/proposicoes/0/0/0/0/41381#pesquisa
2017-01-27 00:00:00,INDICAÇÃO DE PROJETO DE LEI N.º 003/2017,"DISPÕE SOBRE A JORNADA REDUZIDA AO SERVIDOR QUE POSSUA CÔNJUGE, FILHO OU DEPENDENTE DEFICIENTE.",Felipe César,https://www.pindamonhangaba.sp.leg.br/proposicoes/0/0/0/0/41378#pesquisa
2017-01-27 00:00:00,INDICAÇÃO DE PROJETO DE LEI N.º 004/2017,"DISPÕE SOBRE  ANISTIA DE CRÉDITOS TRIBUTÁRIOS DO MUNICÍPIO DE PINDAMONHANGABA E DÁ OUTRAS PROVIDÊNCIAS,",Carlos Moura - Magrão,https://www.pindamonhangaba.sp.leg.br/proposicoes/0/0/0/0/41379#pesquisa
2017-01-27 00:00:00,INDICAÇÃO DE PROJETO DE LEI N.º 005/2017,INSTITUI O PROGRAMA ADOTE UM PONTO DE ÔNIBUS.,Carlos Moura - Magrão,https://www.pindamonhangaba.sp.leg.br/proposicoes/0/0/0/0/41380#pesquisa
2017-01-26 00:00:00,INDICAÇÃO DE PROJETO DE LEI N.º 002/2017,CRIA O COMITÊ ITINERANTE NO ÂMBITO MUNICIPAL E DÁ OUTRAS PROVIDÊNCIAS.,Gislene Cardoso,https://www.pindamonhangaba.sp.leg.br/proposicoes/0/0/0/0/41377#pesquisa
2017-01-25 00:00:00,INDICAÇÃO DE PROJETO DE LEI N.º 001/2017,CRIA O BILHETE DO DESEMPREGADO NO ÂMBITO MUNICIPAL E DÁ OUTRAS PROVIDÊNCIAS.,Renato Cebola,https://www.pindamonhangaba.sp.leg.br/proposicoes/0/0/0/0/41376#pesquisa
2016-09-23 00:00:00,INDICAÇÃO DE PROJETO DE LEI N.º 006/2016,DISPÕE SOBRE A CRIAÇÃO DO COMITÊ DAS ÁGUAS NO MUNICÍPIO DE PINDAMONHANGABA E DÁ OUTRAS PROVIDÊNCIAS.,Osvaldo Macedo Negrão,https://www.pindamonhangaba.sp.leg.br/proposicoes/0/0/0/0/41375#pesquisa
2016-08-29 00:00:00,INDICAÇÃO DE PROJETO DE LEI N.º 005/2016,"ELEVA A CAPOEIRA, BEM COMO SUAS MANIFESTAÇÕES ARTÍSTICAS E CULTURAIS, À CONDIÇÃO DE PATRIMÔNIO CULTURAL IMATERIAL DO MUNICÍPIO DE PINDAMONHANGABA.",Osvaldo Macedo Negrão,https://www.pindamonhangaba.sp.leg.br/proposicoes/0/0/0/0/41374#pesquisa
2016-08-26 00:00:00,INDICAÇÃO DE PROJETO DE LEI N.º 004/2016,DISPÕE SOBRE A CRIAÇÃO DE UMA AUTARQUIA MUNICIPAL E CONVERTE O PALACETE VISCONDE DA PALMEIRA EM MUSEU MUNICIPAL DE PINDAMONHANGABA.,Osvaldo Macedo Negrão,https://www.pindamonhangaba.sp.leg.br/proposicoes/0/0/0/0/41373#pesquisa
2016-06-30 00:00:00,INDICAÇÃO DE PROJETO DE LEI N.º 003/2016,DISPÕE SOBRE O IMPEDIMENTO DO TRANSPORTE COMERCIAL DE CARGAS EM VEÍCULOS DE TRAÇÃO ANIMAL NO MUNICÍPIO DE PINDAMONHANGABA E DÁ OUTRAS PROVIDÊNCIAS.,Osvaldo Macedo Negrão,https://www.pindamonhangaba.sp.leg.br/proposicoes/0/0/0/0/41372#pesquisa
2016-03-31 00:00:00,INDICAÇÃO DE PROJETO DE LEI N.º 002/2016,"DISPÕE SOBRE A AUTORIZAÇÃO DOS SERVIÇOS DE TRANSPORTE REMUNERADO DE PASSAGEIROS, POR MEIO DE MOTOCICLETAS, DENOMINADO MOTO-TAXI, SOB O REGIME DE PERMISSÃO E RESPECTIVA LICENÇA, NO MUNICÍPIO DE PINDAMONHANGABA E DÁ OUTRAS PROVIDÊNCIAS.",Carlos Moura - Magrão,https://www.pindamonhangaba.sp.leg.br/proposicoes/0/0/0/0/41371#pesquisa
2016-03-14 00:00:00,INDICAÇÃO DE PROJETO DE LEI N.º 001/2016,AUTORIZA O PODER EXECUTIVO A CONCEDER ISENÇÃO DE PAGAMENTO DE TAXA DE ZONA AZUL A IDOSOS E DÁ OUTRAS PROVIDÊNCIAS.,Carlos Moura - Magrão,https://www.pindamonhangaba.sp.leg.br/proposicoes/0/0/0/0/41370#pesquisa
2015-11-27 00:00:00,INDICAÇÃO DE PROJETO DE LEI N.º 009/2015,DISPÕE SOBRE A CRIAÇÃO DE UNIDADE MÓVEL PARA ATENDIMENTO MÉDICO-VETERINÁRIO E DÁ OUTRAS PROVIDÊNCIAS.,Antônio Alves Da Silva,https://www.pindamonhangaba.sp.leg.br/proposicoes/0/0/0/0/41369#pesquisa
2015-08-26 00:00:00,INDICAÇÃO DE PROJETO DE LEI N.º 007/2015,"DISPÕE SOBRE A OBRIGATORIEDADE DE BARES, RESTAURANTES, LANCHONETES, HOTÉIS E SIMILARES A INFORMAREM AO CONSUMIDOR-CLIENTE QUE O ACRÉSCIMO DE DEZ POR CENTO OU DE QUALQUER PERCENTUAL NO VALOR DA DESPESA A TÍTULO DE GORJETA OU TAXA DE SERVIÇO É DE PAGAMENTO OPCIONAL E DÁ OUTRAS PROVIDÊNCIAS.",Osvaldo Macedo Negrão,https://www.pindamonhangaba.sp.leg.br/proposicoes/0/0/0/0/41368#pesquisa
2015-08-10 00:00:00,INDICAÇÃO DE PROJETO DE LEI N.º 006/2015,"FICA INSTITUÍDO NO MUNICÍPIO DE PINDAMONHANGABA, O PROGRAMA IPTU VERDE E DÁ OUTRAS PROVIDÊNCIAS.",Roderley Miotto Rodrigues,https://www.pindamonhangaba.sp.leg.br/proposicoes/0/0/0/0/41367#pesquisa
2015-05-11 00:00:00,INDICAÇÃO DE PROJETO DE LEI N.º 005/2015,"ACRESCENTA-SE A ALÍNEA Q AO ART. 2º DA LEI Nº 4794, DE 06 DE MAIO DE 2008, E DÁ OUTRAS PROVIDÊNCIAS.",Carlos Moura - Magrão,https://www.pindamonhangaba.sp.leg.br/proposicoes/0/0/0/0/41366#pesquisa
2015-04-29 00:00:00,INDICAÇÃO DE PROJETO DE LEI N.º 004/2015,"ALTERA DISPOSITIVO DA LEI Nº 5.744, DE 19 DE DEZEMBRO DE 2014, QUE DISPÕE SOBRE A RESERVA DE IMÓVEIS PARA MORADIA PROVISÓRIA NOS LOTEAMENTOS DE INTERESSE SOCIAL INSTITUÍDO PELO MUNICÓPIO.",Ricardo Alberto Pereira Piorino,https://www.pindamonhangaba.sp.leg.br/proposicoes/0/0/0/0/41365#pesquisa
2015-04-09 00:00:00,INDICAÇÃO DE PROJETO DE LEI N.º 003/2015,"ALTERA DISPOSITIVO DA LEI N° 3966, DE 28 DE NOVEMBRO DE 2002, QUE INSTITUI E REGULAMENTA AS GRATUIDADES E DESCONTOS NO TRANSPORTE COLETIVO DE PASSAGEIROS NO MUNICÍPIO DE PINDAMONHANGABA, E DÁ OUTRAS PROVIDÊNCIAS.",Carlos Moura - Magrão,https://www.pindamonhangaba.sp.leg.br/proposicoes/0/0/0/0/41364#pesquisa
2015-03-24 00:00:00,INDICAÇÃO DE PROJETO DE LEI N.º 002/2015,"ALTERA DISPOSITIVO DA LEI N° 5509, DE 28 DE FEVEREIRO DE 2013, QUE AUTORIZA O EXECUTIVO MUNICIPAL A CONCEDER BOLSAS DE ESTUDO PARA O ENSINO SUPERIOR.",Ricardo Alberto Pereira Piorino,https://www.pindamonhangaba.sp.leg.br/proposicoes/0/0/0/0/41363#pesquisa
2015-02-23 00:00:00,INDICAÇÃO DE PROJETO DE LEI N.º 001/2015,INSTITUI O PROGRAMA ADOTE UM PONTO DE ÔNIBUS.,Carlos Moura - Magrão,https://www.pindamonhangaba.sp.leg.br/proposicoes/0/0/0/0/41362#pesquisa
2014-11-24 00:00:00,INDICAÇÃO DE PROJETO DE LEI N.º 017/2014,"AUTORIZA O EXECUTIVO A DESENVOLVER PROGRAMA WI-FI LIVRE PARA A INSTALAÇÃO DE ACESSO GRATUITO À INTERNET, POR SISTEMA WI-FI EM PRAÇAS OU LOCALIDADES PÚBLICAS NO MUNICÍPIO DE PINDAMONHANGABA.",Ricardo Alberto Pereira Piorino,https://www.pindamonhangaba.sp.leg.br/proposicoes/0/0/0/0/41361#pesquisa
2014-06-09 00:00:00,INDICAÇÃO DE PROJETO DE LEI N.º 015/2014,"DÁ NOVA REDAÇÃO AO INCISO I DO ARTIGO 2°, DA LEI N° 3.966, DE 28 DE NOVEMBRO DE 2002, QUE INSTITUI E REGULAMENTA AS GRATUIDADES E DESCONTOS NO TRANSPORTE COLETIVO DE PASSAGEIROS NO MUNICÍPIO DE PINDAMONHANGABA, E DÁ OUTRAS PROVIDÊNCIAS.",Antônio Alves Da Silva,https://www.pindamonhangaba.sp.leg.br/proposicoes/0/0/0/0/41359#pesquisa
2014-06-09 00:00:00,INDICAÇÃO DE PROJETO DE LEI N.º 016/2014,DISPÕE SOBRE A GRATUIDADE DE ÁREA AZUL NAS VAGAS ESPECÍFICAS PARA PESSOAS COM DEFICIÊNCIA E PESSOAS COM SESSENTA ANOS OU MAIS.,Antônio Alves Da Silva,https://www.pindamonhangaba.sp.leg.br/proposicoes/0/0/0/0/41360#pesquisa
2014-05-12 00:00:00,INDICAÇÃO DE PROJETO DE LEI N.º 014/2014,DISPÕE SOBRE A APREENSÃO DE VEÍCULOS ABANDONADOS NAS VIAS PÚBLICAS DO MUNICÍPIO DE PINDAMONHANGABA.,Carlos Moura - Magrão,https://www.pindamonhangaba.sp.leg.br/proposicoes/0/0/0/0/41358#pesquisa
2014-05-05 00:00:00,INDICAÇÃO DE PROJETO DE LEI N.º 013/2014,"PROÍBE A APROVAÇÃO DE QUAISQUER PROJETOS PARA EDIFICAÇÃO, REFORMA OU ADAPTAÇÃO DE IMÓVEIS LOCALIZADOS NO LOTEAMENTO PARQUE SHANGRI-LÁ, SEM A NECESSÁRIA E PRÉVIA COMPROVAÇÃO DE SUA TITULARIDADE.",Eric Fabiano Sartorato De Oliveira,https://www.pindamonhangaba.sp.leg.br/proposicoes/0/0/0/0/41357#pesquisa
2014-04-24 00:00:00,INDICAÇÃO DE PROJETO DE LEI N.º 012/2014,AUTORIZA O PODER EXECUTIVO A INSTITUIR O PROGRAMA REMÉDIO EM CASA E DÁ OUTRAS PROVIDÊNCIAS.,Carlos Moura - Magrão,https://www.pindamonhangaba.sp.leg.br/proposicoes/0/0/0/0/41356#pesquisa
2014-03-31 00:00:00,INDICAÇÃO DE PROJETO DE LEI N.º 011/2014,AUTORIZA O PODER EXECUTIVO A CONCEDER INCENTIVO FISCAL A EMPRESAS QUE CONTRATAREM ESTUDANTES COM IDADE ENTRE 16 E 20 ANOS RESIDENTES NO MUNICÍPIO DE PINDAMONHANGABA.,Carlos Moura - Magrão,https://www.pindamonhangaba.sp.leg.br/proposicoes/0/0/0/0/41355#pesquisa
2014-03-14 00:00:00,INDICAÇÃO DE PROJETO DE LEI N.º 010/2014,AUTORIZA O PODER EXECUTIVO A INSTITUIR EM TODAS AS ESCOLAS DA REDE MUNICIPAL E PRIVADA DE ENSINO ATIVIDADES PEDAGÓGICAS COM O OBJETIVO DE TRANSMITIR AOS ALUNOS INFORMAÇÕES SOBRE AS CONSEQUÊNCIAS DO USO DE DROGAS LÍCITAS E ILÍCITAS.,Roderley Miotto Rodrigues,https://www.pindamonhangaba.sp.leg.br/proposicoes/0/0/0/0/41354#pesquisa
2014-02-24 00:00:00,INDICAÇÃO DE PROJETO DE LEI N.º 007/2014,CRIA O PROGRAMA MUNICIPAL DE EDUCAÇÃO PROFESSOR DO ANO E FIXA OUTRAS PROVIDÊNCIAS.,Eric Fabiano Sartorato De Oliveira,https://www.pindamonhangaba.sp.leg.br/proposicoes/0/0/0/0/41351#pesquisa
2014-02-24 00:00:00,INDICAÇÃO DE PROJETO DE LEI N.º 008/2014,TORNA OBRIGATÓRIA A AQUISIÇÃO DE UM KIT DE PRIMEIROS SOCORROS PARA AS CRECHES E ESCOLAS DE EDUCAÇÃO INFANTIL DA REDE MUNICIPAL DE ENSINO DE PINDAMONHANGABA.,Eric Fabiano Sartorato De Oliveira,https://www.pindamonhangaba.sp.leg.br/proposicoes/0/0/0/0/41352#pesquisa
2014-02-24 00:00:00,INDICAÇÃO DE PROJETO DE LEI N.º 009/2014,"DISPÕE SOBRE A COLOCAÇÃO DE TRAVESSIAS ELEVADAS PARA PEDESTRES EM FRENTE DE TODAS AS INSTITUIÇÕES DE ENSINO, PÚBLICAS OU PRIVADAS, LOCALIZADAS NO MUNICÍPIO DE PINDAMONHANGABA.",Eric Fabiano Sartorato De Oliveira,https://www.pindamonhangaba.sp.leg.br/proposicoes/0/0/0/0/41353#pesquisa
2014-02-10 00:00:00,INDICAÇÃO DE PROJETO DE LEI N.º 003/2014,DISPÕE SOBRE O PATROCÍNIO DE CENTROS ESPORTIVOS MUNICIPAIS POR EMPRESAS.,Felipe César,https://www.pindamonhangaba.sp.leg.br/proposicoes/0/0/0/0/41347#pesquisa
2014-02-10 00:00:00,INDICAÇÃO DE PROJETO DE LEI N.º 004/2014,"ESTABELECE QUE O PROCON DE PINDAMONHANGABA DIVULGUE E DISPONIBILIZE, PARA O CONHECIMENTO DOS CONSUMIDORES, A LISTA DOS DEZ ESTABELECIMENTOS COM MAIOR NÚMERO DE RECLAMAÇÕES.",Felipe César,https://www.pindamonhangaba.sp.leg.br/proposicoes/0/0/0/0/41348#pesquisa
2014-02-10 00:00:00,INDICAÇÃO DE PROJETO DE LEI N.º 005/2014,ESTABELECE DIRETRIZES A SEREM OBSERVADAS NA FORMULAÇÃO DA POLÍTICA MUNICIPAL DE ATENDIMENTO ÀS PESSOAS COM TRANSTORNO INVASIVO DO DESENVOLVIMENTO - AUTISMO.,Marcos Aurelio Villardi,https://www.pindamonhangaba.sp.leg.br/proposicoes/0/0/0/0/41349#pesquisa
2014-02-10 00:00:00,INDICAÇÃO DE PROJETO DE LEI N.º 006/2014,DISPÕE SOBRE A REALIZAÇÃO DO TESTE DA LINGUINHA DOS RECÉM-NASCIDOS NAS UNIDADES DE SAÚDE DO MUNICÍPIO DE PINDAMONHANGABA.,Marcos Aurelio Villardi; Eric Fabiano Sartorato De Oliveira,https://www.pindamonhangaba.sp.leg.br/proposicoes/0/0/0/0/41350#pesquisa
2014-02-07 00:00:00,INDICAÇÃO DE PROJETO DE LEI N.º 002/2014,"AUTORIZA O MUNICÍPIO DE PINDAMONHANGABA A FIRMAR CONVÊNIO COM ESCOLAS PARTICULARES DE EDUCAÇÃO INFANTIL, OBJETIVANDO O AUMENTO DE OFERTAS DE VAGAS COM A CONCESSÃO DE BOLSAS CRECHES ÀS CRIANÇAS QUE NÃO OBTENHAM VAGAS NA REDE MUNICIPAL E DÁ OUTRAS PROVIDÊNCIAS.",Osvaldo Macedo Negrão,https://www.pindamonhangaba.sp.leg.br/proposicoes/0/0/0/0/41346#pesquisa
2014-01-23 00:00:00,INDICAÇÃO DE PROJETO DE LEI N.º 001/2014,"CRIA O PROGRAMA DE ALIMENTAÇÃO DIFERENCIADA PARA CRIANÇAS DIABÉTICAS, NA REDE MUNICIPAL DE ENSINO.",Felipe César,https://www.pindamonhangaba.sp.leg.br/proposicoes/0/0/0/0/41345#pesquisa
2013-10-14 00:00:00,INDICAÇÃO DE PROJETO DE LEI N.º 016/2013,"PERMISSÃO DE TRANSFERÊNCIAS DAS OUTORGAS DE TÁXI, PARA TERCEIROS E HERDEIROS DO TAXISTA, NOS TERMOS DO ARTIGO 12 DA LEI N° 12.587/2012.",Eric Fabiano Sartorato De Oliveira,https://www.pindamonhangaba.sp.leg.br/proposicoes/0/0/0/0/41344#pesquisa
2013-10-09 00:00:00,INDICAÇÃO DE PROJETO DE LEI N.º 014/2013,DISPÕE SOBRE A CRIAÇÃO DE CURSO PRÉ-VESTIBULAR POPULAR PARA ALUNOS DA REDE PÚBLICA NO ÂMBITO DO MUNICÍPIO DE PINDAMONHANGABA.,Osvaldo Macedo Negrão,https://www.pindamonhangaba.sp.leg.br/proposicoes/0/0/0/0/41342#pesquisa
2013-10-09 00:00:00,INDICAÇÃO DE PROJETO DE LEI N.º 015/2013,DISPÕE SOBRE A CRIAÇÃO DE PROJETO DE ESCOLA DE EXCELÊNCIA ESPORTIVA E DÁ OUTRAS PROVIDÊNCIAS.,Osvaldo Macedo Negrão; Roderley Miotto Rodrigues,https://www.pindamonhangaba.sp.leg.br/proposicoes/0/0/0/0/41343#pesquisa
2013-09-30 00:00:00,INDICAÇÃO DE PROJETO DE LEI N.º 013/2013,"DISPÕE SOBRE A IMPLANTAÇÃO DE PROJETO SOCIAL ESPORTIVO NA CIDADE DE PINDAMONHANGABA, E DÁ OUTRAS PROVIDÊNCIAS.",Osvaldo Macedo Negrão,https://www.pindamonhangaba.sp.leg.br/proposicoes/0/0/0/0/41341#pesquisa
2013-09-09 00:00:00,INDICAÇÃO DE PROJETO DE LEI N.º 012/2013,"DISPÕE SOBRE O PROGRAMA MUNICIPAL DE EQUOTERAPIA, VOLTADO À CRIANÇAS E ADULTOS PORTADORES DE DEFICIÊNCIA FÍSICA E/OU MENTAL OU DE DISTÚRBIO COMPORTAMENTAL, E A VÍTIMAS DE ACIDENTES, NO MUNICÍPIO DE PINDAMONHANGABA.",Carlos Moura - Magrão,https://www.pindamonhangaba.sp.leg.br/proposicoes/0/0/0/0/41340#pesquisa
2013-08-26 00:00:00,INDICAÇÃO DE PROJETO DE LEI N.º 011/2013,DISPÕE SOBRE A CRIAÇÃO DO PASSE LIVRE PARA ESTUDANTES NOS TRANSPORTES COLETIVOS NO MUNICÍPIO DE PINDAMONHANGABA E DÁ OUTRAS PROVIDÊNCIAS.,Carlos Moura - Magrão,https://www.pindamonhangaba.sp.leg.br/proposicoes/0/0/0/0/41339#pesquisa
2013-08-12 00:00:00,INDICAÇÃO DE PROJETO DE LEI N.º 008/2013,ASSEGURA MATRÍCULA PARA ALUNO PORTADOR DE DEFICIÊNCIA LOCOMOTORA NA ESCOLA MUNICIPAL MAIS PRÓXIMA DE SUA RESIDÊNCIA.,Roderley Miotto Rodrigues,https://www.pindamonhangaba.sp.leg.br/proposicoes/0/0/0/0/41336#pesquisa
2013-08-12 00:00:00,INDICAÇÃO DE PROJETO DE LEI N.º 009/2013,DISPÕE SOBRE A CRIAÇÃO DE UMA UNIDADE ODONTOLÓGICA COMUNITÁRIA EM ÔNIBUS OU MICRO-ÔNIBUS E DÁ OUTRAS PROVIDÊNCIAS.,Antônio Alves Da Silva,https://www.pindamonhangaba.sp.leg.br/proposicoes/0/0/0/0/41337#pesquisa
2013-08-12 00:00:00,INDICAÇÃO DE PROJETO DE LEI N.º 010/2013,"DISPÕE SOBRE A INCLUSÃO DA MATÉRIA EDUCAÇÃO CÍVICA E VALORES HUMANOS COMO ATIVIDADE EXTRACURRICULAR, NAS ESCOLAS PÚBLICAS MUNICIPAIS, E DÁ OUTRAS PROVIDÊNCIAS.",Felipe César,https://www.pindamonhangaba.sp.leg.br/proposicoes/0/0/0/0/41338#pesquisa
2013-07-01 00:00:00,INDICAÇÃO DE PROJETO DE LEI N.º 007/2013,"DISPÕE SOBRE A CRIAÇÃO DO IPTU VERDE NO ÂMBITO DO MUNICÍPIO DE PINDAMONHANGABA, CUJO OBJETIVO É FOMENTAR MEDIDAS QUE PRESERVEM, PROTEJAM E RECUPEREM O MEIO AMBIENTE, MEDIANTE A CONCESSÃO DE BENEFÍCIO TRIBUTÁRIO AO CONTRIBUINTE.",Carlos Moura - Magrão,https://www.pindamonhangaba.sp.leg.br/proposicoes/0/0/0/0/41335#pesquisa
2013-05-20 00:00:00,INDICAÇÃO DE PROJETO DE LEI N.º 005/2013,DISPÕE SOBRE A CONTRATAÇÃO DE PROFESSORES DE EDUCAÇÃO FISÍCA NO MUNICÍPIO DE PINDAMONHANGABA.,Eric Fabiano Sartorato De Oliveira,https://www.pindamonhangaba.sp.leg.br/proposicoes/0/0/0/0/41334#pesquisa
2013-03-25 00:00:00,INDICAÇÃO DE PROJETO DE LEI N.º 004/2013,"DISPÕE SOBRE A PROIBIÇÃO DE ALIENAÇÃO DE IMÓVEIS DOADOS PELO MUNICÍPIO, EM LOTEAMENTOS SOCIAIS, DURANTE O PRAZO DE 05 (CINCO) ANOS.",Eric Fabiano Sartorato De Oliveira,https://www.pindamonhangaba.sp.leg.br/proposicoes/0/0/0/0/41333#pesquisa
2013-03-18 00:00:00,INDICAÇÃO DE PROJETO DE LEI N.º 002/2013,"DISPÕE SOBRE A IMPLANTAÇÃO DE, PELO MENOS, 02 (DOIS) BRINQUEDOS NOS PLAYGROUNDS (PARQUINHOS COM BRINQUEDOS), DESTINADOS A CRIANÇAS COM DEFICIÊNCIA FÍSICA, QUE NECESSITAM DE CUIDADOS ESPECIAIS.",Ricardo Alberto Pereira Piorino,https://www.pindamonhangaba.sp.leg.br/proposicoes/0/0/0/0/41331#pesquisa
2013-03-18 00:00:00,INDICAÇÃO DE PROJETO DE LEI N.º 003/2013,TORNA OBRIGATÓRIO EXAMES OFTALMOLÓGICOS NAS ESCOLAS DA REDE MUNICIPAL DE ENSINO.,Ricardo Alberto Pereira Piorino,https://www.pindamonhangaba.sp.leg.br/proposicoes/0/0/0/0/41332#pesquisa
2013-02-25 00:00:00,INDICAÇÃO DE PROJETO DE LEI N.º 001/2013,DISPÕE SOBRE A CRIAÇÃO DE PROGRAMA DE EXAME DE ACUIDADE VISUAL NA REDE DE ESCOLAS LOCALIZADAS NO MUNICÍPIO.,José Carlos Gomes – Cal,https://www.pindamonhangaba.sp.leg.br/proposicoes/0/0/0/0/41330#pesquisa
2012-12-10 00:00:00,INDICAÇÃO DE PROJETO DE LEI N.º 029/2012,DISPÕE SOBRE A CONCESSÃO DO - PRÓ-LABORE - AO EFETIVO DA SEGUNDA CAMPANHIA DE POLICIA MILITAR DO 5º BPM/I - GEN. SALGADO - EM PINDAMONHANGABA.,José Carlos Gomes – Cal,https://www.pindamonhangaba.sp.leg.br/proposicoes/0/0/0/0/41329#pesquisa
2012-12-03 00:00:00,INDICAÇÃO DE PROJETO DE LEI N.º 028/2012,"INSTITUI O PROGRAMA DE EDUCAÇÃO E PREVENÇÃO DE ACIDENTES NO TRÂNSITO, NA REDE MUNICIPAL DE ENSINO.",Isael Domingues,https://www.pindamonhangaba.sp.leg.br/proposicoes/0/0/0/0/41328#pesquisa
2012-11-19 00:00:00,INDICAÇÃO DE PROJETO DE LEI N.º 026/2012,DISPÕE SOBRE A ISENÇÃO E REDUÇÃO DE IMPOSTOS PARA O EMPREENDIMENTOS LIGADOS AO -CAMINHO DA FÉ-.,Isael Domingues,https://www.pindamonhangaba.sp.leg.br/proposicoes/0/0/0/0/41326#pesquisa
2012-11-19 00:00:00,INDICAÇÃO DE PROJETO DE LEI N.º 027/2012,DISPÕE SOBRE O INGRESSO E PARTICIPAÇÃO DE ADOLESCENTES EM LOCAIS DE DIVERSÕES PÚBLICAS.,Jose Alexandre Faria,https://www.pindamonhangaba.sp.leg.br/proposicoes/0/0/0/0/41327#pesquisa
2012-11-12 00:00:00,INDICAÇÃO DE PROJETO DE LEI N.º 025/2012,"ALTERA O ARTIGO 7° DA LEI N° 4.754, DE 27 DE FEVEREIRO DE 2008, QUE DISCIPLINA A ESTRUTURA DO CONSELHO TUTELAR DO MUNICÍPIO DE PINDAMONHANGABA E DÁ OUTRAS PROVIDÊNCIAS.",Ricardo Alberto Pereira Piorino,https://www.pindamonhangaba.sp.leg.br/proposicoes/0/0/0/0/41325#pesquisa
2012-08-13 00:00:00,INDICAÇÃO DE PROJETO DE LEI N.º 024/2012,DISPÕE SOBRE O ADICIONAL DE PERICULOSIDADE PARA OS VENCIMENTOS DOS VIGIAS DA CÂMARA MUNICIPAL DE PINDAMONHANGABA.,Isael Domingues,https://www.pindamonhangaba.sp.leg.br/proposicoes/0/0/0/0/41324#pesquisa
2012-06-25 00:00:00,INDICAÇÃO DE PROJETO DE LEI N.º 004/2012,DISPÕE SOBRE A COLOCAÇÃO DE LINK COM FOTOS DE PESSOAS DESAPARECIDAS NOS SITES OFICIAIS DO MUNICÍPIO.,Ricardo Alberto Pereira Piorino,https://www.pindamonhangaba.sp.leg.br/proposicoes/0/0/0/0/41306#pesquisa
2012-05-21 00:00:00,INDICAÇÃO DE PROJETO DE LEI N.º 023/2012,SOLICITANDO INSTITUIR A SEMANA MUNICIPAL DA SAÚDE BUCAL.,Jair Antonio Roma,https://www.pindamonhangaba.sp.leg.br/proposicoes/0/0/0/0/41323#pesquisa
2012-05-14 00:00:00,INDICAÇÃO DE PROJETO DE LEI N.º 022/2012,CRIA PROGRAMA DE EXAME DE ACUIDADE VISUAL NA REDE DE ESCOLAS LOCALIZADAS NO MUNICÍPIO.,José Carlos Gomes – Cal,https://www.pindamonhangaba.sp.leg.br/proposicoes/0/0/0/0/41322#pesquisa
2012-05-07 00:00:00,INDICAÇÃO DE PROJETO DE LEI N.º 021/2012,CONCEDE ADICIONAL DE PERICULOSIDADE PARA OS VENCIMENTOS DOS MEMBROS DA GUARDA MUNICIPAL DE PINDAMONHANGABA.,Isael Domingues; Abdala Salomao Neto,https://www.pindamonhangaba.sp.leg.br/proposicoes/0/0/0/0/41321#pesquisa
2012-04-23 00:00:00,INDICAÇÃO DE PROJETO DE LEI N.º 020/2012,"DISPÕE SOBRE A OBRIGATORIEDADE NA CONCESSÃO PELO PODER EXECUTIVO MUNICIPAL DE KIT DE HIGIENE BUCAL DENTRO DA FARMÁCIA MUNICIPAL, E DÁ OUTRAS PROVIDÊNCIAS.",Jose Alexandre Faria,https://www.pindamonhangaba.sp.leg.br/proposicoes/0/0/0/0/41320#pesquisa
2012-04-02 00:00:00,INDICAÇÃO DE PROJETO DE LEI N.º 016/2012,ESTABELECE REQUISITOS PARA PROVIMENTO DOS EMPREGOS PÚBLICOS EM COMISSÃO NO MUNICÍPIO DE PINDAMONHANGABA.,Isael Domingues,https://www.pindamonhangaba.sp.leg.br/proposicoes/0/0/0/0/41316#pesquisa
2012-04-02 00:00:00,INDICAÇÃO DE PROJETO DE LEI N.º 017/2012,AUTORIZA A CRIAÇÃO DE TARIFA ÚNICA NO TRANSPORTE COLETIVO PÚBLICO MUNICIPAL.,Jose Alexandre Faria,https://www.pindamonhangaba.sp.leg.br/proposicoes/0/0/0/0/41317#pesquisa
2012-04-02 00:00:00,INDICAÇÃO DE PROJETO DE LEI N.º 018/2012,"REGULAMENTA PARADAS E MANOBRAS DE QUALQUER VEÍCULO OU COMPOSIÇÃO FERROVIÁRIA NO PERÍMETRO URBANO DO MUNICÍPIO DE PINDAMONHANGABA, NO HORÁRIO DAS 06H30 AS 19H30.",Jose Alexandre Faria,https://www.pindamonhangaba.sp.leg.br/proposicoes/0/0/0/0/41318#pesquisa
2012-04-02 00:00:00,INDICAÇÃO DE PROJETO DE LEI N.º 019/2012,CRIA O CONSELHO MUNICIPAL DE TRANSPORTES URBANOS (COMTU).,Jose Alexandre Faria,https://www.pindamonhangaba.sp.leg.br/proposicoes/0/0/0/0/41319#pesquisa
2012-03-19 00:00:00,INDICAÇÃO DE PROJETO DE LEI N.º 013/2012,"DISPÕE SOBRE A OBRIGATORIEDADE DA DIVULGAÇÃO DE LISTAGENS DE PACIENTES QUE AGUARDAM POR CONSULTAS COM ESPECIALISTAS, EXAMES E CIRURGIAS NA REDE PÚBLICA DO MUNICÍPIO DE PINDAMONHANGABA.",Jose Alexandre Faria,https://www.pindamonhangaba.sp.leg.br/proposicoes/0/0/0/0/41313#pesquisa
2012-03-19 00:00:00,INDICAÇÃO DE PROJETO DE LEI N.º 014/2012,INSTITUI O ORÇAMENTO PARTICIPATIVO COM BASE NO PROGRAMA CIDADES SUSTENTÁVEIS NO MUNICÍPIO DE PINDAMONHANGABA.,Jose Alexandre Faria,https://www.pindamonhangaba.sp.leg.br/proposicoes/0/0/0/0/41314#pesquisa
2012-03-19 00:00:00,INDICAÇÃO DE PROJETO DE LEI N.º 015/2012,"DISPÕE SOBRE A PROIBIÇÃO DA PERTURBAÇÃO DO SOSSEGO PÚBLICO E REGULAMENTA O VOLUME E A FREQUÊNCIA DOS SONS PRODUZIDOS POR BUZINAS E EQUIPAMENTOS UTILIZADOS EM VEÍCULOS NAS VIAS PÚBLICAS, ESTABELECENDO METODOLOGIA PARA MEDIÇÃO E OS PROCEDIMENTOS ADMINISTRATIVOS A SEREM ADOTADOS PELA AUTORIDADE DE TRÂNSITO OU SEUS AGENTES NO MUNICÍPIO DE PINDAMONHANGABA.",José Carlos Gomes – Cal,https://www.pindamonhangaba.sp.leg.br/proposicoes/0/0/0/0/41315#pesquisa
2012-03-12 00:00:00,INDICAÇÃO DE PROJETO DE LEI N.º 012/2012,PROIBIÇÃO DA DISTRIBUIÇÃO GRATUITA OU VENDA DE SACOLAS PLÁSTICAS A CONSUMIDORES EM TODOS OS ESTABELECIMENTOS COMERCIAIS DO MUNICÍPIO.,Isael Domingues; Abdala Salomao Neto,https://www.pindamonhangaba.sp.leg.br/proposicoes/0/0/0/0/41312#pesquisa
2012-03-05 00:00:00,INDICAÇÃO DE PROJETO DE LEI N.º 008/2012,"ALTERA A REDAÇÃO DO ART. 2° DA LEI N° 5.305, DE 09 DE DEZEMBRO DE 2011 E DÁ OUTRAS PROVIDÊNCIAS.",Isael Domingues,https://www.pindamonhangaba.sp.leg.br/proposicoes/0/0/0/0/41308#pesquisa
2012-03-05 00:00:00,INDICAÇÃO DE PROJETO DE LEI N.º 009/2012,"DISPÕE SOBRE A CARACTERIZAÇÃO DO ASSÉDIO MORAL NAS RELAÇÕES HIERÁRQUICAS ENTRE FUNCIONÁRIOS PÚBLICOS DA ADMINISTRAÇÃO DIRETA E INDIRETA DO MUNICÍPIO DE PINDAMONHANGABA, E APLICAÇÃO DE PENALIDADES À PRÁTICA DO MESMO, E DÁ OUTRAS PROVIDÊNCIAS.",Isael Domingues,https://www.pindamonhangaba.sp.leg.br/proposicoes/0/0/0/0/41309#pesquisa
2012-03-05 00:00:00,INDICAÇÃO DE PROJETO DE LEI N.º 010/2012,"DISPÕE SOBRE O COMBATE AO SEDENTARISMO ATRAVÉS DO ""PROGRAMA EXERCITA PINDA"".",Jose Alexandre Faria,https://www.pindamonhangaba.sp.leg.br/proposicoes/0/0/0/0/41310#pesquisa
2012-03-05 00:00:00,INDICAÇÃO DE PROJETO DE LEI N.º 011/2012,DISPÕE SOBRE OBRIGATORIEDADE DE INSTALAÇÃO DE PORTA DE SEGURANÇA NOS ESTABELECIMENTOS BANCÁRIOS.,Jose Alexandre Faria,https://www.pindamonhangaba.sp.leg.br/proposicoes/0/0/0/0/41311#pesquisa
2012-02-13 00:00:00,INDICAÇÃO DE PROJETO DE LEI N.º 003/2012,INSTITUI NORMAS E PROCEDIMENTOS PARA CELEBRAR CONVÊNIOS COM ENTIDADES QUE VIEREM A PLEITEAR VERBA DO PODER PÚBLICO.,Abdala Salomao Neto,https://www.pindamonhangaba.sp.leg.br/proposicoes/0/0/0/0/41305#pesquisa
2012-02-13 00:00:00,INDICAÇÃO DE PROJETO DE LEI N.º 005/2012,INSTITUI O PROGRAMA MUNICIPAL DE SAÚDE VOCAL DOS PROFESSORES DA REDE MUNICIPAL DE ENSINO DE PINDAMONHANGABA.,Jair Antonio Roma,https://www.pindamonhangaba.sp.leg.br/proposicoes/0/0/0/0/41307#pesquisa
2012-02-06 00:00:00,INDICAÇÃO DE PROJETO DE LEI N.º 006/2012,CRIA O PROGRAMA SAÚDE NA CABEÇA DE PREVENÇÃO E TRATAMENTO DAS DOENÇAS MENTAIS.,Jose Alexandre Faria,https://www.pindamonhangaba.sp.leg.br/proposicoes/0/0/0/0/41303#pesquisa
2012-02-06 00:00:00,INDICAÇÃO DE PROJETO DE LEI N.º 007/2012,CRIA O PROGRAMA MUNICIPAL DE EQUOTERAPIA.,Jose Alexandre Faria,https://www.pindamonhangaba.sp.leg.br/proposicoes/0/0/0/0/41304#pesquisa
2012-01-30 00:00:00,INDICAÇÃO DE PROJETO DE LEI N.º 001/2012,DISPÕE SOBRE A OBRIGATORIEDADE DA INSTALAÇÃO DO BANHEIRO FAMÍLIA EM SHOPPING CENTERS E SUPERMERCADOS NO MUNICÍPIO DE PINDAMONHANGABA E DÁ OUTRAS PROVIDÊNCIAS.,Isael Domingues,https://www.pindamonhangaba.sp.leg.br/proposicoes/0/0/0/0/41301#pesquisa
2012-01-30 00:00:00,INDICAÇÃO DE PROJETO DE LEI N.º 002/2012,CRIA O CONSELHO MUNICIPAL DE JUVENTUDE (COMJUV) DE PINDAMONHANGABA.,Jose Alexandre Faria,https://www.pindamonhangaba.sp.leg.br/proposicoes/0/0/0/0/41302#pesquisa
2011-10-17 00:00:00,INDICAÇÃO DE PROJETO DE LEI N.º 013/2011,DISPÕE SOBRE A CRIAÇÃO DE SERVIÇO TELEFÔNICO DE VIGILÂNCIA PARTICIPATIVA DA SOCIEDADE EM DEFESA DO CÓDIGO DE POSTURAS MUNICIPAL E LEGISLAÇÃO PERTINENTE  E DÁ OUTRAS PROVIDÊNCIAS.,Isael Domingues,https://www.pindamonhangaba.sp.leg.br/proposicoes/0/0/0/0/41299#pesquisa
2011-10-17 00:00:00,INDICAÇÃO DE PROJETO DE LEI N.º 014/2011,DISPÕE SOBRE A IMPLEMENTAÇÃO DA JORNADA ESCOLAR DE TEMPO INTEGRAL NO ENSINO FUNDAMENTAL I E II NA REDE MUNICIPAL DE ENSINO E DÁ OUTRAS PROVIDÊNCIAS.,Isael Domingues,https://www.pindamonhangaba.sp.leg.br/proposicoes/0/0/0/0/41300#pesquisa
2011-10-10 00:00:00,INDICAÇÃO DE PROJETO DE LEI N.º 007/2011,IMPLANTAÇÃO DA CASA DO ADOLESCENTE NO MUNICÍPIO DE PINDAMONHANGABA,Geni Dias Ramos,https://www.pindamonhangaba.sp.leg.br/proposicoes/0/0/0/0/41298#pesquisa
2011-09-19 00:00:00,INDICAÇÃO DE PROJETO DE LEI N.º 010/2011,"PAGAMENTO ANTECIPADO DO DÉCIMO TERCEIRO SALÁRIO PARA FUNCIONÁRIOS PÚBLICAS MUNICIPAIS, E DÁ OUTRAS PROVIDÊNCIAS",Isael Domingues,https://www.pindamonhangaba.sp.leg.br/proposicoes/0/0/0/0/41296#pesquisa
2011-09-19 00:00:00,INDICAÇÃO DE PROJETO DE LEI N.º 012/2011,CRIAÇÃO DO PROGRAMA LIXO RECICLADO NA ESCOLA NA REDE MUNICIPAL DE ENSINO E DÁ OUTRAS PROVIDÊNCIAS,Isael Domingues,https://www.pindamonhangaba.sp.leg.br/proposicoes/0/0/0/0/41297#pesquisa
2011-09-12 00:00:00,INDICAÇÃO DE PROJETO DE LEI N.º 006/2011,INSTITUI PENALIDADE PARA OS PROPRIETÁRIOS DE IMÓVEIS QUE PROÍBAM A ENTRADA DE AGENTES CREDENCIADOS PARA FISCALIZAR A EXISTÊNCIA  DE FOCOS DO MOSQUITO AEDES AEGYPTI E  PRESTAR AS DEVIDAS ORIENTAÇÕES.,José Carlos Gomes – Cal,https://www.pindamonhangaba.sp.leg.br/proposicoes/0/0/0/0/41295#pesquisa
2011-08-01 00:00:00,INDICAÇÃO DE PROJETO DE LEI N.º 005/2011,"DISPÕE SOBRE A CRIAÇÃO DE UM PARQUE COM PISCINA, PLAYGROUND, QUIOSQUES PARA PIQUENIQUES, ENTRE OUTROS LAZERES, NA ÁREA DO PARQUE  DA CIDADE, E MELHORAR PISTAS DE MOTOCROSS, KARTCROSS, AEROMODELISMO E OUTRAS ATRAÇÕES, NO PARQUE DA JUVENTUDE.",Isael Domingues,https://www.pindamonhangaba.sp.leg.br/proposicoes/0/0/0/0/41293#pesquisa
2011-05-30 00:00:00,INDICAÇÃO DE PROJETO DE LEI N.º 009/2011,SEM EMENTA CADASTRADA,Martim Cesar,https://www.pindamonhangaba.sp.leg.br/proposicoes/0/0/0/0/41292#pesquisa
2011-05-23 00:00:00,INDICAÇÃO DE PROJETO DE LEI N.º 003/2011,"DISPÕE SOBRE A OBRIGATORIEDADE DOS BARES, RESTAURANTES E SIMILARES A COLOCAÇÃO DE COLETOR DE BITUCAS DE CIGARRO PAPA BITUCA  NAS SUAS ÁREAS EXTERNAS.",Jair Antonio Roma,https://www.pindamonhangaba.sp.leg.br/proposicoes/0/0/0/0/41288#pesquisa
2011-05-23 00:00:00,INDICAÇÃO DE PROJETO DE LEI N.º 008/2011,"OBRIGATORIEDADE DO OFERECIMENTO DE CARDÁPIOS EM BRAILE NOS BARES, LANCHONETES, HOTÉIS, RESTAURANTES E PRAÇAS DE ALIMENTAÇÃO.",Jair Antonio Roma,https://www.pindamonhangaba.sp.leg.br/proposicoes/0/0/0/0/41289#pesquisa
2011-05-23 00:00:00,INDICAÇÃO DE PROJETO DE LEI N.º 011/2011,"INCENTIVO AO CULTIVO DA CITRONELA, COMO MÉTODO NATURAL DE COMBATE À DENGUE E DÁ OUTRAS PROVIDÊNCIAS.",Jair Antonio Roma,https://www.pindamonhangaba.sp.leg.br/proposicoes/0/0/0/0/41290#pesquisa
2011-05-23 00:00:00,INDICAÇÃO DE PROJETO DE LEI N.º 004/2011,"DISPÕE SOBRE A LIMPEZA DE IMÓVEIS, FECHAMENTO DE TERRENOS, CONSTRUÇÃO E REFORMA DE MUROS E CALÇADAS, NO MUNICÍPIO DE PINDAMONHANGABA, E DÁ OUTRAS PROVIDÊNCIAS.",Ricardo Alberto Pereira Piorino,https://www.pindamonhangaba.sp.leg.br/proposicoes/0/0/0/0/41291#pesquisa
2011-04-04 00:00:00,INDICAÇÃO DE PROJETO DE LEI N.º 002/2011,INSTITUIÇÃO DO PROGRAMA DE REABILITAÇÃO FISCAL MUNICIPAL.,Martim Cesar,https://www.pindamonhangaba.sp.leg.br/proposicoes/0/0/0/0/41287#pesquisa
2010-10-18 00:00:00,INDICAÇÃO DE PROJETO DE LEI N.º 006/2010,INSTALAÇÃO DE PLACAS DE SINALIZAÇÃO DE TRÂNSITO NO BAIRRO JARDIM MARICÁ.,Ricardo Alberto Pereira Piorino,https://www.pindamonhangaba.sp.leg.br/proposicoes/0/0/0/0/41286#pesquisa
2010-10-15 00:00:00,INDICAÇÃO DE PROJETO DE LEI N.º 010/2010,"DISPÕE SOBRE A ADAPTAÇÃO DE COMPUTADORES EM ESTABELECIMENTOS QUE POSSIBILITAM ACESSO A ""INTERNET"", MEDIANTE PAGAMENTO PELO SERVIÇO, PARA UTILIZAÇÃO POR PESSOAS PORTADORAS DE NECESSIDADES VISUAIS.",Abdala Salomao Neto,https://www.pindamonhangaba.sp.leg.br/proposicoes/0/0/0/0/41285#pesquisa
2010-09-27 00:00:00,INDICAÇÃO DE PROJETO DE LEI N.º 016/2010,AUTORIZA A CRIAÇÃO DO PROGRAMA DE DESENVOLVIMENTO ESPORTIVO COMUNITÁRIO JOGOS DA CIDADE DE PINDAMONHANGABA.,Jose Alexandre Faria,https://www.pindamonhangaba.sp.leg.br/proposicoes/0/0/0/0/41284#pesquisa
2010-09-13 00:00:00,INDICAÇÃO DE PROJETO DE LEI N.º 005/2010,"INSTITUIÇÃO E MEDIDAS PERMANENTES DE COMBATE E PREVENÇÃO À DENGUE, PROCEDIMENTOS DE CONTROLE DA DOENÇA E SEUS VETORES (CONFORME MODELO ANEXO).",Jair Antonio Roma,https://www.pindamonhangaba.sp.leg.br/proposicoes/0/0/0/0/41283#pesquisa
2010-08-16 00:00:00,INDICAÇÃO DE PROJETO DE LEI N.º 004/2010,DISPÕE SOBRE O PARCELAMENTO DE MULTAS DE TRÂNSITO DE COMPETÊNCIA MUNICIPAL EM  PINDAMONHANGABA.,Abdala Salomao Neto,https://www.pindamonhangaba.sp.leg.br/proposicoes/0/0/0/0/41282#pesquisa
2010-08-09 00:00:00,INDICAÇÃO DE PROJETO DE LEI N.º 014/2010,"DISPÕE SOBRE A CRIAÇÃO DE “PROGRAMA MUNICIPAL DE SAÚDE VOCAL”, PARA O PROFESSOR DA REDE MUNICIPAL DE ENSINO DE PINDAMONHANGABA.",Jose Alexandre Faria,https://www.pindamonhangaba.sp.leg.br/proposicoes/0/0/0/0/41281#pesquisa
2010-04-19 00:00:00,INDICAÇÃO DE PROJETO DE LEI N.º 012/2010,INSTITUIÇÃO DE REGULARIZAÇÃO DAS ASSOCIAÇÕES DE MORADORES E CRIAÇÃO DE REGRAS PARA UTILIZAÇÃO E MANUTENÇÃO DOS CENTROS COMUNITÁRIOS NO MUNICÍPIO.,Jose Alexandre Faria,https://www.pindamonhangaba.sp.leg.br/proposicoes/0/0/0/0/41280#pesquisa
2010-04-09 00:00:00,INDICAÇÃO DE PROJETO DE LEI N.º 003/2010,DISPÕE SOBRE SALA DE REPOUSO COM CAMAS PARA ENFERMAGEM QUE FAZ PLANTÃO DE 12HS OU 24HS.,Isael Domingues,https://www.pindamonhangaba.sp.leg.br/proposicoes/0/0/0/0/41274#pesquisa
2010-04-09 00:00:00,INDICAÇÃO DE PROJETO DE LEI N.º 009/2010,***********************************************NUMERAÇÃO SEM EFEITO**********************************************************************,Isael Domingues,https://www.pindamonhangaba.sp.leg.br/proposicoes/0/0/0/0/41275#pesquisa
2010-04-09 00:00:00,INDICAÇÃO DE PROJETO DE LEI N.º 011/2010,"DISPÕE SOBRE A RECUPERAÇÃO DOS RIOS, RIACHOS E VALETAS QUE POSSUEM ESPÉCIES DE PEIXES  DA FAUNA LOCAL.",Isael Domingues,https://www.pindamonhangaba.sp.leg.br/proposicoes/0/0/0/0/41276#pesquisa
2010-04-09 00:00:00,INDICAÇÃO DE PROJETO DE LEI N.º 013/2010,DISPÕE SOBRE A CRIAÇÃO DE COOPERATIVAS DE RECICLAGEM EM TODO O MUNICÍPIO.,Isael Domingues,https://www.pindamonhangaba.sp.leg.br/proposicoes/0/0/0/0/41277#pesquisa
2010-04-09 00:00:00,INDICAÇÃO DE PROJETO DE LEI N.º 015/2010,"DISPÕE  SOBRE A CRIAÇÃO DE PROJETO ""MEU BAIRRO É MEU JARDIM"".",Isael Domingues,https://www.pindamonhangaba.sp.leg.br/proposicoes/0/0/0/0/41278#pesquisa
2010-04-09 00:00:00,INDICAÇÃO DE PROJETO DE LEI N.º 017/2010,DISPÕE SOBRE A CRIAÇÃO DE FEIRA LIVRE EM MOREIRA CÉSAR E ARARETAMA.,Isael Domingues,https://www.pindamonhangaba.sp.leg.br/proposicoes/0/0/0/0/41279#pesquisa
2010-03-29 00:00:00,INDICAÇÃO DE PROJETO DE LEI N.º 008/2010,IMPLANTAÇÃO DE UMA BANDA MARCIAL PARA O DISTRITO DE MOREIRA CÉSAR.,Geni Dias Ramos,https://www.pindamonhangaba.sp.leg.br/proposicoes/0/0/0/0/41273#pesquisa
2010-03-22 00:00:00,INDICAÇÃO DE PROJETO DE LEI N.º 007/2010,CRIAÇÃO DO CONSELHO MUNICIPAL DE POLÍTICAS PÚBLICAS DE ÁLCOOL E ANTI DROGAS.,Jose Alexandre Faria,https://www.pindamonhangaba.sp.leg.br/proposicoes/0/0/0/0/41272#pesquisa
2010-03-08 00:00:00,INDICAÇÃO DE PROJETO DE LEI N.º 002/2010,ESTENDE A LICENÇA-MATERNIDADE DAS SERVIDORAS PÚBLICAS MUNICIAPIS PARA SEIS MESES.,Geni Dias Ramos,https://www.pindamonhangaba.sp.leg.br/proposicoes/0/0/0/0/41271#pesquisa
2010-02-08 00:00:00,INDICAÇÃO DE PROJETO DE LEI N.º 001/2010,"IMPLANTAR ALÍQUOTAS DIFERENCIADAS PARA PAGAMENTO DO IPTU (IMPOSTO PREDIAL E TERRITORIAL URBANO), A PARTIR DE UM LEVANTAMENTO E REGULARIZAÇÃO DAS PROPRIEDADES.",Jose Alexandre Faria,https://www.pindamonhangaba.sp.leg.br/proposicoes/0/0/0/0/41270#pesquisa
2009-12-14 00:00:00,INDICAÇÃO DE PROJETO DE LEI N.º 010/2009,"IMPLANTAÇÃO DE POLÍTICAS E DEMAIS MEDIDAS CABÍVEIS PARA A INCLUSÃO DE DEFICIENTE INTELECTUAL NAS EMPRESAS E COMÉRCIO DE PINDAMONHANGABA, SÃO PAULO.",José Carlos Gomes – Cal,https://www.pindamonhangaba.sp.leg.br/proposicoes/0/0/0/0/41269#pesquisa
2009-11-23 00:00:00,INDICAÇÃO DE PROJETO DE LEI N.º 006/2009,"IMPLANTAÇÃO DA ESCOLA DE POSTURA, VISANDO A RE-EDUCAÇÃO POSTURAL DA POPULAÇÃO  DE PINDAMONHANGABA, SÃO PAULO.",José Carlos Gomes – Cal,https://www.pindamonhangaba.sp.leg.br/proposicoes/0/0/0/0/41268#pesquisa
2009-10-26 00:00:00,INDICAÇÃO DE PROJETO DE LEI N.º 009/2009,"CRIAÇÃO DE ATIVIDADE CULTURAL DENTRO DA SEMANA DA CONSCIÊNCIA NEGRA A QUAL SERÁ CHAMADA: VIRADA CULTURAL, COM O SEGUINTE LEMA: TODAS AS TRIBOS, TODAS AS TENDENCIAS, NO RÍTMO DA CONSTRUÇÃO DA PAZ.",Jose Alexandre Faria,https://www.pindamonhangaba.sp.leg.br/proposicoes/0/0/0/0/41266#pesquisa
2009-10-26 00:00:00,INDICAÇÃO DE PROJETO DE LEI N.º 013/2009,"DESPESAS RELATIVAS À SEMANA DA CONSCIÊNCIA NEGRA, EM DIVULGAÇÃO E EVENTOS.",Jose Alexandre Faria,https://www.pindamonhangaba.sp.leg.br/proposicoes/0/0/0/0/41267#pesquisa
2009-10-19 00:00:00,INDICAÇÃO DE PROJETO DE LEI N.º 005/2009,INCLUIR E UTILIZAR PAPEL RECICLADO NOS SERVIÇOS DOS ÓRGÃOS DA ADMINISTRAÇÃO PÚBLICA MUNICIPAL.,Antônio Alves Da Silva,https://www.pindamonhangaba.sp.leg.br/proposicoes/0/0/0/0/41263#pesquisa
2009-10-19 00:00:00,INDICAÇÃO DE PROJETO DE LEI N.º 014/2009,"INSTALAÇÃO DE UM CEMITÉRIO E UM VELÓRIO  MUNICIPAL, NO DISTRITO DE MOREIRA CÉSAR.",Geni Dias Ramos,https://www.pindamonhangaba.sp.leg.br/proposicoes/0/0/0/0/41264#pesquisa
2009-10-15 00:00:00,INDICAÇÃO DE PROJETO DE LEI N.º 008/2009,"PARCERIA COM O GOVERNO DO ESTADO DE SÃO PAULO, PARA A INSTALAÇÃO DE UMA UNIDADE DO CORPO DE BOMBEIROS NO DISTRITO DE MORERIA CÉSAR.",Geni Dias Ramos,https://www.pindamonhangaba.sp.leg.br/proposicoes/0/0/0/0/41261#pesquisa
2009-10-15 00:00:00,INDICAÇÃO DE PROJETO DE LEI N.º 012/2009,"REALIZAÇÃO DE EXAME FORA DO MÊS DE OUTUBRO, SERÁ PRIORIZADA A DATA DE NASCIMENTO COMO CRITÉRIO DE ATENDIMENTO.",Geni Dias Ramos,https://www.pindamonhangaba.sp.leg.br/proposicoes/0/0/0/0/41262#pesquisa
2009-09-14 00:00:00,INDICAÇÃO DE PROJETO DE LEI N.º 004/2009,"IMPLANTAÇÃO DE ABRIGOS PARA IDOSOS, NO MUNICÍPIO DE PINDAMONHANGABA, COM ENTRETENIMENTO.",Jose Alexandre Faria,https://www.pindamonhangaba.sp.leg.br/proposicoes/0/0/0/0/41265#pesquisa
2009-08-31 00:00:00,INDICAÇÃO DE PROJETO DE LEI N.º 003/2009,"CRIAÇÃO DE UM CADASTRO MUNICIPAL PARA OS FLANELINHAS, GUARDADORES DE CARROS, PARA QUE OS MESMOS POSSAM VIGIAR OS CARROS APÓS O TÉRMINO DA ÁREA AZUL, EM NOSSO MUNICÍPIO, NAS PROXIMIDADES DE LOCAIS COMERCIAIS, RELIGIOSOS, ENTRE OUTROS. (BARES, LANCHONETES, PIZZARIAS, RESTAURANTES, CLUBES, IGREJAS, PRAÇAS, ETC.).",Jair Antonio Roma,https://www.pindamonhangaba.sp.leg.br/proposicoes/0/0/0/0/41260#pesquisa
2009-08-24 00:00:00,INDICAÇÃO DE PROJETO DE LEI N.º 001/2009,"ADAPTAÇÃO DE TODAS AS ESCOLAS MUNCIPAIS, A FIM DE ATENDER OS ALUNOS DEFICIENTES FÍSICOS.",Geni Dias Ramos,https://www.pindamonhangaba.sp.leg.br/proposicoes/0/0/0/0/41256#pesquisa
2009-08-24 00:00:00,INDICAÇÃO DE PROJETO DE LEI N.º 002/2009,"DISPÕE SOBRE A INCLUSÃO DE MEDIDAS DE CONSCIENTIZAÇÃO,   PREVENÇÃO	E  COMBATE  AO BULLYING  ESCOLAR NO PROJETO PEDAGÓGICO ELABORADO   PELAS   ESCOLAS   PÚBLICAS   DE  EDUCAÇÃO  BÁSICA  DO  MUNICÍPIO  DE   PINDAMONHANGABA.",Abdala Salomao Neto,https://www.pindamonhangaba.sp.leg.br/proposicoes/0/0/0/0/41257#pesquisa
2009-08-24 00:00:00,INDICAÇÃO DE PROJETO DE LEI N.º 007/2009,"NA INSTALAÇÃO DE EQUIPAMENTOS EM ÁREAS PÚBLICAS DE LAZER E RECREAÇÃO INFANTIL, PELO MENOS DOIS (2) EQUIPAMENTOS  DEVEM SER DESTINADOS À CRIANÇAS PORTADORAS DE NECESSIDADES ESPECIAIS.",Abdala Salomao Neto,https://www.pindamonhangaba.sp.leg.br/proposicoes/0/0/0/0/41258#pesquisa
2009-08-24 00:00:00,INDICAÇÃO DE PROJETO DE LEI N.º 011/2009,"AS AGREMIAÇÕES ESPORTIVAS QUE DETÉM O USO EXCLUSIVO DE CAMPOS DE FUTEBOL DO MUNICÍPIO, DEVEM MANTER ESCOLINHAS DE FUTEBOL PARA  PELO MENOS 1 FAIXA ETÁRIA DE CRIANÇAS E ADOLESCENTES.",Abdala Salomao Neto,https://www.pindamonhangaba.sp.leg.br/proposicoes/0/0/0/0/41259#pesquisa
2000-01-01 00:00:00,INDICAÇÃO DE PROJETO DE LEI N.º 001/2011,"SOLICITA QUE SEJAM DISPONIBILIZADAS ÀS UNIDADES EDUCACIONAIS E SIMILARES EM HORÁRIOS E ESPAÇOS COMPATÍVEIS COM SEUS RESPECTIVOS FUNCIONAMENTOS REGULARES,  ÀS  ENTIDADES QUE TRABALHEM NO DESENVOLVIMENTO DE CRIANÇAS E ADOLESCENTES COM VULNERABILIDADE SOCIAL, EDUCACIONAL E FAMILIAR.",Poder Executivo,https://www.pindamonhangaba.sp.leg.br/proposicoes/0/0/0/0/41294#pesquisa
