data,titulo,ementa,autoria,link
2025-07-14 16:27:58,EMENDA MODIFICATIVA N.º 006/2025 AO PROJETO DE LEI ORDINÁRIA N.º 248/2025,"EMENDA MODIFICATIVA AO PROJETO DE LEI N° 248/2025, que altera dispositivos da Lei Ordinária nº 6.194, de 20 de dezembro de 2018, que dispõe sobre a Estrutura Organizacional da Prefeitura Municipal de Pindamonhangaba e dá outras providências.",Ana Paula Goffi,https://www.pindamonhangaba.sp.leg.br/proposicoes/0/0/0/0/137498#pesquisa
2025-07-03 10:19:21,SUBSTITUTIVO N.º 029/2025 AO PROJETO DE LEI ORDINÁRIA N.º 214/2025,"Denomina o campo de futebol do Centro Esportivo José Ely de Miranda ""ZITO"" de Jackson Luiz Tomaz Floriano.

 ",Professor Everton,https://www.pindamonhangaba.sp.leg.br/proposicoes/0/0/0/0/137074#pesquisa
2025-06-30 16:32:24,SUBSTITUTIVO N.º 028/2025 AO PROJETO DE LEI ORDINÁRIA N.º 165/2025,"""Dispõe sobre a obrigatoriedade de divulgação da agenda de compromissos oficiais das autoridades do Poder Executivo Municipal e dá outras providências.""",Ana Paula Goffi,https://www.pindamonhangaba.sp.leg.br/proposicoes/0/0/0/0/136802#pesquisa
2025-06-27 09:18:21,SUBSTITUTIVO N.º 027/2025 AO PROJETO DE LEI ORDINÁRIA N.º 221/2025,"Dispõe sobre a criação da Política Municipal de Qualificação Profissional - Qualifica Pinda, no município de Pindamonhangaba e dá outras providências.",Professor Everton,https://www.pindamonhangaba.sp.leg.br/proposicoes/0/0/0/0/136799#pesquisa
2025-06-11 16:26:27,SUBSTITUTIVO N.º 026/2025 AO PROJETO DE LEI ORDINÁRIA N.º 159/2025,""" Institui o Programa Cidade Amiga do Circo no Município de Pindamonhangaba e dá outras providências.""",Marco Mayor,https://www.pindamonhangaba.sp.leg.br/proposicoes/0/0/0/0/136350#pesquisa
2025-06-11 16:23:55,SUBSTITUTIVO N.º 025/2025 AO PROJETO DE LEI ORDINÁRIA N.º 207/2025,"Dispõe sobre a criação de sala de integração sensorial para pessoas com Transtorno do Espectro Autista, Transtorno do Déficit de Atenção com Hiperatividade e outros transtornos de comportamento no Município de Pindamonhangaba.",Gilson Nagrin,https://www.pindamonhangaba.sp.leg.br/proposicoes/0/0/0/0/136282#pesquisa
2025-06-03 13:12:46,EMENDA MODIFICATIVA N.º 005/2025 AO PROJETO DE LEI ORDINÁRIA N.º 205/2025,"EMENDA MODIFICATIVA AO PROJETO DE LEI N° 205/2025, QUE 'ALTER A LEI N° 3.429, DE 03 DE JUNHO DE 1998, QUE AUTORIZA A PREFEITURA MUNICIPAL A INSTITUIR NAS VIAS E LOGRADOUROS PÚBLICOS, ÁREAS ESPECIAIS PARA ESTACIONAMENTO POR TEMPO LIMITADO E DÁ OUTRAS PROVIDÊNCIAS"".",Marco Mayor; Professor Everton; Norberto Moraes; Renato Cebola,https://www.pindamonhangaba.sp.leg.br/proposicoes/0/0/0/0/136000#pesquisa
2025-05-19 17:00:09,EMENDA ADITIVA N.º 003/2025 AO PROJETO DE LEI ORDINÁRIA N.º 139/2025,"Inclui o artigo 23 - A, ao Projeto de Lei nº 139/2025, que “Dispõe sobre a criação do Arquivo Público Municipal de Pindamonhangaba, define diretriz da política municipal de arquivos públicos e privados e cria o Sistema Municipal de Arquivos - SISMAR”.",Ana Paula Goffi,https://www.pindamonhangaba.sp.leg.br/proposicoes/0/0/0/0/135524#pesquisa
2025-05-19 16:50:43,EMENDA ADITIVA N.º 002/2025 AO PROJETO DE LEI ORDINÁRIA N.º 139/2025,"Inclui o parágrafo único, ao artigo 23 do Projeto de Lei nº 139/2025, que “Dispõe sobre a criação do Arquivo Público Municipal de Pindamonhangaba, define diretriz da política municipal de arquivos públicos e privados e cria o Sistema Municipal de Arquivos - SISMAR”.",Ana Paula Goffi,https://www.pindamonhangaba.sp.leg.br/proposicoes/0/0/0/0/135503#pesquisa
2025-05-19 16:49:59,EMENDA ADITIVA N.º 001/2025 AO PROJETO DE LEI ORDINÁRIA N.º 139/2025,"Inclui o parágrafo único, ao artigo 2º do Projeto de Lei nº 139/2025, que ""Dispõe sobre a criação do Arquivo Público Municipal de Pindamonhangaba, define diretriz da política municipal de arquivos públicos e privados e cria o Sistema Municipal de Arquivos - SISMAR"".",Ana Paula Goffi,https://www.pindamonhangaba.sp.leg.br/proposicoes/0/0/0/0/135499#pesquisa
2025-05-05 17:04:32,SUBSTITUTIVO N.º 024/2025 AO PROJETO DE LEI ORDINÁRIA N.º 155/2025,"INCLUI NO CALENDÁRIO OFICIAL DO MUNICÍPIO DE PINDAMONHANGABA/SP, O EVENTO “PINDA BATTLE”",Ana Paula Goffi,https://www.pindamonhangaba.sp.leg.br/proposicoes/0/0/0/0/134982#pesquisa
2025-04-28 16:37:26,SUBSTITUTIVO N.º 023/2025 AO PROJETO DE RESOLUÇÃO N.º 009/2025,"Dispõe sobre a criação do ""Parlamento Jovem de Pindamonhangaba"" no âmbito da Câmara Municipal de Pindamonhangaba e dá outras providências.",Ana Paula Goffi,https://www.pindamonhangaba.sp.leg.br/proposicoes/0/0/0/0/134606#pesquisa
2025-04-24 10:01:56,SUBSTITUTIVO N.º 022/2025 AO PROJETO DE LEI ORDINÁRIA N.º 122/2025,"Institui o Programa “Cuidando de Quem Cuida”, visando promover ações de orientação e atenção às mães atípicas, e estabelece a Semana da Maternidade Atípica, no município de Pindamonhangaba.",Gilson Nagrin,https://www.pindamonhangaba.sp.leg.br/proposicoes/0/0/0/0/134512#pesquisa
2025-04-02 15:41:04,SUBSTITUTIVO N.º 021/2025 AO PROJETO DE LEI ORDINÁRIA N.º 026/2025,"Inclui no Calendário Oficial de Eventos do Município ""Blues na Praça"", e dá outras providências.",Renato Cebola,https://www.pindamonhangaba.sp.leg.br/proposicoes/0/0/0/0/133794#pesquisa
2025-03-31 15:59:42,SUBSTITUTIVO N.º 020/2025 AO PROJETO DE LEI ORDINÁRIA N.º 075/2025,INSTITUI A POLÍTICA MUNICIPAL DE PREVENÇÃO CONTRA A PRÁTICA DE ATENTADOS VIOLENTOS NAS DEPENDÊNCIAS DAS ESCOLAS MUNICIPAIS DE PINDAMONHANGABA E DÁ OUTRAS PROVIDÊNCIAS.,Marco Mayor,https://www.pindamonhangaba.sp.leg.br/proposicoes/0/0/0/0/133722#pesquisa
2025-03-31 15:59:00,SUBSTITUTIVO N.º 019/2025 AO PROJETO DE LEI ORDINÁRIA N.º 077/2025,Dispõe sobre a prioridade na lista de espera para atendimento psicológico de pais e/ou responsáveis por pessoas com deficiência no município de Pindamonhangaba-SP e sobre a possibilidade de oferta de psicoterapia online pelo município.,Marco Mayor,https://www.pindamonhangaba.sp.leg.br/proposicoes/0/0/0/0/133727#pesquisa
2025-03-31 14:47:15,SUBSTITUTIVO N.º 018/2025 AO PROJETO DE LEI ORDINÁRIA N.º 131/2025,"Denomina de LUIZ STEFANO VIEIRA a RUA 5 localizada no Loteamento Residencial Portal dos Pássaros, bairro Goiabal.",Ana Paula Goffi,https://www.pindamonhangaba.sp.leg.br/proposicoes/0/0/0/0/133574#pesquisa
2025-03-31 14:46:42,SUBSTITUTIVO N.º 017/2025 AO PROJETO DE LEI ORDINÁRIA N.º 130/2025,"Denomina de YOLANDA EUGÊNIO a RUA 6 localizada no Loteamento Residencial Portal dos Pássaros, bairro Goiabal.",Ana Paula Goffi,https://www.pindamonhangaba.sp.leg.br/proposicoes/0/0/0/0/133575#pesquisa
2025-03-31 14:45:07,SUBSTITUTIVO N.º 016/2025 AO PROJETO DE LEI ORDINÁRIA N.º 132/2025,"Denomina de ANA ROSA DE OLIVEIRA CARDIAL a RUA 4 localizada no Loteamento Residencial Portal dos Pássaros, bairro Goiabal.",Ana Paula Goffi,https://www.pindamonhangaba.sp.leg.br/proposicoes/0/0/0/0/133576#pesquisa
2025-03-31 14:44:23,SUBSTITUTIVO N.º 015/2025 AO PROJETO DE LEI ORDINÁRIA N.º 103/2025,"Institui a Política Municipal de Prevenção, Identificação e Coibição de Práticas de Violência ou de Exploração Sexual de Crianças e Adolescentes no Município de Pindamonhangaba e da outras providências
 ",Ana Paula Goffi,https://www.pindamonhangaba.sp.leg.br/proposicoes/0/0/0/0/133707#pesquisa
2025-03-31 13:56:04,SUBSTITUTIVO N.º 014/2025 AO PROJETO DE LEI ORDINÁRIA N.º 123/2025,"Determina a instalação de sinalização de obstáculo em portas de vidro translúcido e transparente, vitrines, espelhos e similares, na forma que menciona, e dá outras providências.",Gari Abençoado,https://www.pindamonhangaba.sp.leg.br/proposicoes/0/0/0/0/133623#pesquisa
2025-03-27 08:31:11,SUBSTITUTIVO N.º 013/2025 AO PROJETO DE LEI ORDINÁRIA N.º 117/2025,"DISPÕE sobre a proibição do consumo de Maconha em áreas e logradouros públicos, no município de Pindamonhangaba e dá outras providências.",Gilson Nagrin,https://www.pindamonhangaba.sp.leg.br/proposicoes/0/0/0/0/133436#pesquisa
2025-03-27 08:30:19,SUBSTITUTIVO N.º 012/2025 AO PROJETO DE LEI ORDINÁRIA N.º 105/2025,Institui a Lei de Fiscalização e Aplicação de Penalidades às Empresas e Concessionárias de Saneamento Básico no Município de Pindamonhangaba e dá outras providências.,Ana Paula Goffi; Norberto Moraes,https://www.pindamonhangaba.sp.leg.br/proposicoes/0/0/0/0/133387#pesquisa
2025-03-20 15:18:17,SUBSTITUTIVO N.º 011/2025 AO PROJETO DE LEI ORDINÁRIA N.º 110/2025,Autoriza a instituição do Programa Educação Aberta para a Terceira Idade.,Gari Abençoado,https://www.pindamonhangaba.sp.leg.br/proposicoes/0/0/0/0/133234#pesquisa
2025-03-10 15:28:34,SUBSTITUTIVO N.º 010/2025 AO PROJETO DE DECRETO LEGISLATIVO N.º 010/2025,"Dá nova redação ao artigo 1º , 2º e 3º do Decreto Legislativo nº 01/2007, que institui Sessão Solene Comemorativa ao Dia Mundial do Escoteiro

 ",Carlos Moura - Magrão,https://www.pindamonhangaba.sp.leg.br/proposicoes/0/0/0/0/132671#pesquisa
2025-03-07 16:59:14,SUBSTITUTIVO N.º 009/2025 AO PROJETO DE LEI ORDINÁRIA N.º 100/2025,"""Dispõe sobre a aceitação de resultados de exames médicos realizados por clínicas e hospitais particulares no âmbito da rede pública de saúde do Município de Pindamonhangaba para continuidade de tratamentos já iniciados no SUS.”",Gilson Nagrin,https://www.pindamonhangaba.sp.leg.br/proposicoes/0/0/0/0/132667#pesquisa
2025-03-07 10:45:22,SUBSTITUTIVO N.º 008/2025 AO PROJETO DE LEI ORDINÁRIA N.º 048/2025,"Dispõe sobre a criação do ""Banco de Alimentos"", e dá outras providências.",Gari Abençoado,https://www.pindamonhangaba.sp.leg.br/proposicoes/0/0/0/0/132599#pesquisa
2025-03-05 17:03:30,SUBSTITUTIVO N.º 007/2025 AO PROJETO DE LEI ORDINÁRIA N.º 078/2025,DISPÕE SOBRE A FIXAÇÃO DE CARTAZES E A OBRIGATORIEDADE DE TREINAMENTOS SOBRE O MÉTODO HOSPITALAR DENOMINADO MANOBRA DE HEIMLICH E DÁ OUTRAS PROVIDÊNCIAS.,Ana Paula Goffi,https://www.pindamonhangaba.sp.leg.br/proposicoes/0/0/0/0/132398#pesquisa
2025-03-05 17:02:17,SUBSTITUTIVO N.º 006/2025 AO PROJETO DE LEI ORDINÁRIA N.º 045/2025,Regulamenta no Município o oferecimento de serviços públicos aos condomínios constituídos por unidades habitacionais de interesse social.,Ana Paula Goffi,https://www.pindamonhangaba.sp.leg.br/proposicoes/0/0/0/0/132497#pesquisa
2025-03-05 16:59:55,SUBSTITUTIVO N.º 005/2025 AO PROJETO DE LEI ORDINÁRIA N.º 084/2025,"INSTITUI A ‘SEMANA DA SAÚDE DA MULHER’ E O ‘DIA MUNICIPAL DE COMBATE E PREVENÇÃO AO CÂNCER DE COLO DE ÚTERO’ NO ÂMBITO DO MUNICÍPIO DE PINDAMONHANGABA, E DÁ OUTRAS PROVIDÊNCIAS",Ana Paula Goffi,https://www.pindamonhangaba.sp.leg.br/proposicoes/0/0/0/0/132455#pesquisa
2025-03-05 16:59:01,SUBSTITUTIVO N.º 004/2025 AO PROJETO DE LEI ORDINÁRIA N.º 056/2025,Institui o Programa Municipal de Proteção e Promoção da Saúde Menstrual no Município de Pindamonhangaba e da outras providências.,Ana Paula Goffi,https://www.pindamonhangaba.sp.leg.br/proposicoes/0/0/0/0/132461#pesquisa
2025-03-05 16:58:18,SUBSTITUTIVO N.º 003/2025 AO PROJETO DE LEI ORDINÁRIA N.º 080/2025,"Institui o mês de maio como sendo o “MAIO LARANJA”, mês de prevenção e combate ao abuso e exploração sexual de crianças e adolescentes no Município de Pindamonhangaba e dá outras providências",Ana Paula Goffi,https://www.pindamonhangaba.sp.leg.br/proposicoes/0/0/0/0/132410#pesquisa
2025-02-27 13:59:24,SUBSTITUTIVO N.º 002/2025 AO PROJETO DE LEI ORDINÁRIA N.º 066/2025,"Dispõe sobre a instituição do Programa ""Terceira Idade em Movimento"" no âmbito do Município de Pindamonhangaba e dá outras providências.",Carlos Moura - Magrão,https://www.pindamonhangaba.sp.leg.br/proposicoes/0/0/0/0/132344#pesquisa
2025-02-27 13:57:29,SUBSTITUTIVO N.º 001/2025 AO PROJETO DE LEI ORDINÁRIA N.º 063/2025,"Dispõe sobre a recomendação da inclusão de ações de conscientização sobre maus-tratos e abandono de animais no ambiente escolar da rede municipal de ensino e dá outras providências.

 ",Carlos Moura - Magrão,https://www.pindamonhangaba.sp.leg.br/proposicoes/0/0/0/0/132345#pesquisa
2025-02-10 16:56:15,EMENDA MODIFICATIVA N.º 004/2025 AO PROJETO DE RESOLUÇÃO N.º 007/2025,,Ana Paula Goffi,https://www.pindamonhangaba.sp.leg.br/proposicoes/0/0/0/0/131332#pesquisa
2025-02-10 14:21:05,EMENDA MODIFICATIVA N.º 003/2025 AO PROJETO DE LEI ORDINÁRIA N.º 047/2025,"Inclui o § 3º no artigo 1º, altera o artigo 2º, altera o § 2º do artigo 3º, inclui Parágrafo Único ao artigo 5º  e altera o § 1º do artigo 7º, do Projeto de Lei nº 47/202, que dispõe sobre a remissão de créditos tributários do Município de Pindamonhangaba e dá outras providências.",Carlos Moura - Magrão; Renato Cebola; Rogério Ramos,https://www.pindamonhangaba.sp.leg.br/proposicoes/0/0/0/0/131258#pesquisa
2025-02-10 11:43:58,EMENDA MODIFICATIVA N.º 002/2025 AO PROJETO DE LEI ORDINÁRIA N.º 047/2025,"Inclui o § 3º no artigo 1º, altera o Item VI da tabela do artigo 2º , inclui Parágrafo Único ao artigo 5º  e altera o § 1º do artigo 7º, do Projeto de Lei nº 47/202, que dispõe sobre a remissão de créditos tributários do Município de Pindamonhangaba e dá outras providências.
 ",Carlos Moura - Magrão,https://www.pindamonhangaba.sp.leg.br/proposicoes/0/0/0/0/131242#pesquisa
2025-02-10 10:20:46,EMENDA MODIFICATIVA N.º 001/2025 AO PROJETO DE LEI ORDINÁRIA N.º 047/2025,"Inclui o § 3º no artigo 1º, altera o Item VI da tabela do artigo 2º , inclui Parágrafo Único , e incisos ""a"", ""b"", ""c"", ""d"", e ""e"" no artigo 5º  e altera o § 1º do artigo 7º, do Projeto de Lei nº 47/202, que dispõe sobre a remissão de créditos tributários do Município de Pindamonhangaba e dá outras providências.",Carlos Moura - Magrão,https://www.pindamonhangaba.sp.leg.br/proposicoes/0/0/0/0/131191#pesquisa
2025-01-10 16:59:53,EMENDA SUPRESSIVA N.º 001/2025 AO PROJETO DE LEI ORDINÁRIA N.º 001/2025,Exclui o artigo 114-RR do Projeto Lei Ordinária n°001/2025.,Norberto Moraes,https://www.pindamonhangaba.sp.leg.br/proposicoes/0/0/0/0/130226#pesquisa
2024-12-05 10:44:11,EMENDA MODIFICATIVA N.º 022/2024 AO PROJETO DE LEI ORDINÁRIA N.º 085/2024,"Altera o artigo 8º do Projeto de Lei nº 85/2024, que dispõe sobre as normas para a realização de rodeios no âmbito do município de Pindamonhangaba e dá outras providências.",Herivelto Vela,https://www.pindamonhangaba.sp.leg.br/proposicoes/0/0/0/0/129607#pesquisa
2024-11-19 10:58:27,EMENDA MODIFICATIVA N.º 021/2024 AO PROJETO DE LEI ORDINÁRIA N.º 170/2024,,Renato Cebola; Professor Felipe Guimarães; Gilson Nagrin; Herivelto Vela; Norberto Moraes; Rogério Ramos; Carlos Moura - Magrão,https://www.pindamonhangaba.sp.leg.br/proposicoes/0/0/0/0/129155#pesquisa
2024-11-19 10:57:21,EMENDA MODIFICATIVA N.º 020/2024 AO PROJETO DE LEI ORDINÁRIA N.º 170/2024,,Renato Cebola; Professor Felipe Guimarães; Gilson Nagrin; Herivelto Vela; Norberto Moraes; Rogério Ramos; Carlos Moura - Magrão,https://www.pindamonhangaba.sp.leg.br/proposicoes/0/0/0/0/129156#pesquisa
2024-11-19 08:08:42,EMENDA IMPOSITIVA INDIVIDUAL N.º 296/2024 AO PROJETO DE LEI ORDINÁRIA N.º 170/2024,,Herivelto Vela,https://www.pindamonhangaba.sp.leg.br/proposicoes/0/0/0/0/129189#pesquisa
2024-11-18 14:54:28,EMENDA IMPOSITIVA COLETIVA N.º 187/2024 AO PROJETO DE LEI ORDINÁRIA N.º 170/2024,,Professor Felipe Guimarães,https://www.pindamonhangaba.sp.leg.br/proposicoes/0/0/0/0/129168#pesquisa
2024-11-18 14:45:12,EMENDA IMPOSITIVA COLETIVA N.º 186/2024 AO PROJETO DE LEI ORDINÁRIA N.º 170/2024,,Professor Felipe Guimarães,https://www.pindamonhangaba.sp.leg.br/proposicoes/0/0/0/0/129172#pesquisa
2024-11-18 14:36:26,EMENDA IMPOSITIVA INDIVIDUAL N.º 295/2024 AO PROJETO DE LEI ORDINÁRIA N.º 170/2024,,Professor Felipe Guimarães,https://www.pindamonhangaba.sp.leg.br/proposicoes/0/0/0/0/129175#pesquisa
2024-11-18 14:35:54,EMENDA IMPOSITIVA COLETIVA N.º 185/2024 AO PROJETO DE LEI ORDINÁRIA N.º 170/2024,Emenda ao Projeto de Lei Ordinária nº 170/2024 - Prefeito Municipal - Estima a receita e fixa a despesa do Município para o exercício de 2025.,Rogério Ramos; Professor Felipe Guimarães,https://www.pindamonhangaba.sp.leg.br/proposicoes/0/0/0/0/129159#pesquisa
2024-11-18 14:35:26,EMENDA IMPOSITIVA INDIVIDUAL N.º 294/2024 AO PROJETO DE LEI ORDINÁRIA N.º 170/2024,,Professor Felipe Guimarães,https://www.pindamonhangaba.sp.leg.br/proposicoes/0/0/0/0/129173#pesquisa
2024-11-18 14:35:10,EMENDA IMPOSITIVA INDIVIDUAL N.º 293/2024 AO PROJETO DE LEI ORDINÁRIA N.º 170/2024,,Professor Felipe Guimarães,https://www.pindamonhangaba.sp.leg.br/proposicoes/0/0/0/0/129169#pesquisa
2024-11-18 14:34:47,EMENDA IMPOSITIVA INDIVIDUAL N.º 292/2024 AO PROJETO DE LEI ORDINÁRIA N.º 170/2024,,Herivelto Vela,https://www.pindamonhangaba.sp.leg.br/proposicoes/0/0/0/0/129161#pesquisa
2024-11-18 14:34:27,EMENDA IMPOSITIVA INDIVIDUAL N.º 291/2024 AO PROJETO DE LEI ORDINÁRIA N.º 170/2024,,Herivelto Vela,https://www.pindamonhangaba.sp.leg.br/proposicoes/0/0/0/0/129162#pesquisa
2024-11-18 14:33:48,EMENDA IMPOSITIVA INDIVIDUAL N.º 290/2024 AO PROJETO DE LEI ORDINÁRIA N.º 170/2024,,Renato Cebola,https://www.pindamonhangaba.sp.leg.br/proposicoes/0/0/0/0/129152#pesquisa
2024-11-18 14:33:20,EMENDA IMPOSITIVA INDIVIDUAL N.º 289/2024 AO PROJETO DE LEI ORDINÁRIA N.º 170/2024,,Renato Cebola,https://www.pindamonhangaba.sp.leg.br/proposicoes/0/0/0/0/129153#pesquisa
2024-11-13 11:38:35,EMENDA MODIFICATIVA N.º 019/2024 AO PROJETO DE LEI ORDINÁRIA N.º 170/2024,,Herivelto Vela; Carlos Moura - Magrão; Gilson Nagrin; Renato Cebola; Rogério Ramos; Norberto Moraes; Marco Mayor,https://www.pindamonhangaba.sp.leg.br/proposicoes/0/0/0/0/129053#pesquisa
2024-11-12 22:07:57,EMENDA IMPOSITIVA INDIVIDUAL N.º 288/2024 AO PROJETO DE LEI ORDINÁRIA N.º 170/2024,,Marco Mayor,https://www.pindamonhangaba.sp.leg.br/proposicoes/0/0/0/0/129055#pesquisa
2024-11-12 22:07:36,EMENDA IMPOSITIVA INDIVIDUAL N.º 287/2024 AO PROJETO DE LEI ORDINÁRIA N.º 170/2024,Emenda ao Projeto de Lei Ordinária nº 170/2024 - Prefeito Municipal - Estima a receita e fixa a despesa do Município para o exercício de 2025.,Rogério Ramos,https://www.pindamonhangaba.sp.leg.br/proposicoes/0/0/0/0/129054#pesquisa
2024-11-12 22:07:17,EMENDA IMPOSITIVA INDIVIDUAL N.º 286/2024 AO PROJETO DE LEI ORDINÁRIA N.º 170/2024,Emenda ao Projeto de Lei Ordinária nº 170/2024 - Prefeito Municipal - Estima a receita e fixa a despesa do Município para o exercício de 2025.,Rogério Ramos,https://www.pindamonhangaba.sp.leg.br/proposicoes/0/0/0/0/129051#pesquisa
2024-11-12 22:07:00,EMENDA IMPOSITIVA INDIVIDUAL N.º 285/2024 AO PROJETO DE LEI ORDINÁRIA N.º 170/2024,Emenda ao Projeto de Lei Ordinária nº 170/2024 - Prefeito Municipal - Estima a receita e fixa a despesa do Município para o exercício de 2025.,Rogério Ramos,https://www.pindamonhangaba.sp.leg.br/proposicoes/0/0/0/0/129048#pesquisa
2024-11-12 22:06:42,EMENDA IMPOSITIVA INDIVIDUAL N.º 284/2024 AO PROJETO DE LEI ORDINÁRIA N.º 170/2024,Emenda ao Projeto de Lei Ordinária nº 170/2024 - Prefeito Municipal - Estima a receita e fixa a despesa do Município para o exercício de 2025.,Rogério Ramos,https://www.pindamonhangaba.sp.leg.br/proposicoes/0/0/0/0/129044#pesquisa
2024-11-12 22:06:27,EMENDA IMPOSITIVA INDIVIDUAL N.º 283/2024 AO PROJETO DE LEI ORDINÁRIA N.º 170/2024,Emenda ao Projeto de Lei Ordinária nº 170/2024 - Prefeito Municipal - Estima a receita e fixa a despesa do Município para o exercício de 2025.,Rogério Ramos,https://www.pindamonhangaba.sp.leg.br/proposicoes/0/0/0/0/129043#pesquisa
2024-11-12 22:06:09,EMENDA IMPOSITIVA INDIVIDUAL N.º 282/2024 AO PROJETO DE LEI ORDINÁRIA N.º 170/2024,Emenda ao Projeto de Lei Ordinária nº 170/2024 - Prefeito Municipal - Estima a receita e fixa a despesa do Município para o exercício de 2025.,Rogério Ramos,https://www.pindamonhangaba.sp.leg.br/proposicoes/0/0/0/0/129040#pesquisa
2024-11-12 22:05:55,EMENDA IMPOSITIVA INDIVIDUAL N.º 281/2024 AO PROJETO DE LEI ORDINÁRIA N.º 170/2024,Emenda ao Projeto de Lei Ordinária nº 170/2024 - Prefeito Municipal - Estima a receita e fixa a despesa do Município para o exercício de 2025.,Rogério Ramos,https://www.pindamonhangaba.sp.leg.br/proposicoes/0/0/0/0/129018#pesquisa
2024-11-12 22:05:40,EMENDA IMPOSITIVA INDIVIDUAL N.º 280/2024 AO PROJETO DE LEI ORDINÁRIA N.º 170/2024,Emenda ao Projeto de Lei Ordinária nº 170/2024 - Prefeito Municipal - Estima a receita e fixa a despesa do Município para o exercício de 2025.,Rogério Ramos,https://www.pindamonhangaba.sp.leg.br/proposicoes/0/0/0/0/128859#pesquisa
2024-11-12 22:05:25,EMENDA IMPOSITIVA INDIVIDUAL N.º 279/2024 AO PROJETO DE LEI ORDINÁRIA N.º 170/2024,Emenda ao Projeto de Lei Ordinária nº 170/2024 - Prefeito Municipal - Estima a receita e fixa a despesa do Município para o exercício de 2025.,Rogério Ramos,https://www.pindamonhangaba.sp.leg.br/proposicoes/0/0/0/0/128768#pesquisa
2024-11-12 22:05:06,EMENDA IMPOSITIVA INDIVIDUAL N.º 278/2024 AO PROJETO DE LEI ORDINÁRIA N.º 170/2024,Emenda ao Projeto de Lei Ordinária nº 170/2024 - Prefeito Municipal - Estima a receita e fixa a despesa do Município para o exercício de 2025.,Rogério Ramos,https://www.pindamonhangaba.sp.leg.br/proposicoes/0/0/0/0/128746#pesquisa
2024-11-12 22:04:51,EMENDA IMPOSITIVA INDIVIDUAL N.º 277/2024 AO PROJETO DE LEI ORDINÁRIA N.º 170/2024,Emenda ao Projeto de Lei Ordinária nº 170/2024 - Prefeito Municipal - Estima a receita e fixa a despesa do Município para o exercício de 2025.,Rogério Ramos,https://www.pindamonhangaba.sp.leg.br/proposicoes/0/0/0/0/128732#pesquisa
2024-11-12 22:04:29,EMENDA IMPOSITIVA INDIVIDUAL N.º 276/2024 AO PROJETO DE LEI ORDINÁRIA N.º 170/2024,Emenda ao Projeto de Lei Ordinária nº 170/2024 - Prefeito Municipal - Estima a receita e fixa a despesa do Município para o exercício de 2025.,Rogério Ramos,https://www.pindamonhangaba.sp.leg.br/proposicoes/0/0/0/0/128728#pesquisa
2024-11-12 22:04:14,EMENDA IMPOSITIVA INDIVIDUAL N.º 275/2024 AO PROJETO DE LEI ORDINÁRIA N.º 170/2024,Emenda ao Projeto de Lei Ordinária nº 170/2024 - Prefeito Municipal - Estima a receita e fixa a despesa do Município para o exercício de 2025.,Rogério Ramos,https://www.pindamonhangaba.sp.leg.br/proposicoes/0/0/0/0/128722#pesquisa
2024-11-12 22:03:54,EMENDA IMPOSITIVA INDIVIDUAL N.º 274/2024 AO PROJETO DE LEI ORDINÁRIA N.º 170/2024,Emenda ao Projeto de Lei Ordinária nº 170/2024 - Prefeito Municipal - Estima a receita e fixa a despesa do Município para o exercício de 2025.,Rogério Ramos,https://www.pindamonhangaba.sp.leg.br/proposicoes/0/0/0/0/128672#pesquisa
2024-11-12 22:03:38,EMENDA IMPOSITIVA INDIVIDUAL N.º 273/2024 AO PROJETO DE LEI ORDINÁRIA N.º 170/2024,Emenda ao Projeto de Lei Ordinária nº 170/2024 - Prefeito Municipal - Estima a receita e fixa a despesa do Município para o exercício de 2025.,Rogério Ramos,https://www.pindamonhangaba.sp.leg.br/proposicoes/0/0/0/0/128667#pesquisa
2024-11-12 22:03:19,EMENDA IMPOSITIVA INDIVIDUAL N.º 272/2024 AO PROJETO DE LEI ORDINÁRIA N.º 170/2024,Emenda ao Projeto de Lei Ordinária nº 170/2024 - Prefeito Municipal - Estima a receita e fixa a despesa do Município para o exercício de 2025.,Rogério Ramos,https://www.pindamonhangaba.sp.leg.br/proposicoes/0/0/0/0/128663#pesquisa
2024-11-12 22:03:00,EMENDA IMPOSITIVA INDIVIDUAL N.º 271/2024 AO PROJETO DE LEI ORDINÁRIA N.º 170/2024,Emenda ao Projeto de Lei Ordinária nº 170/2024 - Prefeito Municipal - Estima a receita e fixa a despesa do Município para o exercício de 2025.,Rogério Ramos,https://www.pindamonhangaba.sp.leg.br/proposicoes/0/0/0/0/128659#pesquisa
2024-11-12 22:02:32,EMENDA IMPOSITIVA INDIVIDUAL N.º 270/2024 AO PROJETO DE LEI ORDINÁRIA N.º 170/2024,Emenda ao Projeto de Lei Ordinária nº 170/2024 - Prefeito Municipal - Estima a receita e fixa a despesa do Município para o exercício de 2025.,Rogério Ramos,https://www.pindamonhangaba.sp.leg.br/proposicoes/0/0/0/0/128636#pesquisa
2024-11-12 22:02:16,EMENDA IMPOSITIVA INDIVIDUAL N.º 269/2024 AO PROJETO DE LEI ORDINÁRIA N.º 170/2024,Emenda ao Projeto de Lei Ordinária nº 170/2024 - Prefeito Municipal - Estima a receita e fixa a despesa do Município para o exercício de 2025.,Rogério Ramos,https://www.pindamonhangaba.sp.leg.br/proposicoes/0/0/0/0/128634#pesquisa
2024-11-12 22:02:00,EMENDA IMPOSITIVA INDIVIDUAL N.º 268/2024 AO PROJETO DE LEI ORDINÁRIA N.º 170/2024,Emenda ao Projeto de Lei Ordinária nº 170/2024 - Prefeito Municipal - Estima a receita e fixa a despesa do Município para o exercício de 2025.,Rogério Ramos,https://www.pindamonhangaba.sp.leg.br/proposicoes/0/0/0/0/128584#pesquisa
2024-11-12 22:01:23,EMENDA IMPOSITIVA INDIVIDUAL N.º 267/2024 AO PROJETO DE LEI ORDINÁRIA N.º 170/2024,Emenda ao Projeto de Lei Ordinária nº 170/2024 - Prefeito Municipal - Estima a receita e fixa a despesa do Município para o exercício de 2025.,Rogério Ramos,https://www.pindamonhangaba.sp.leg.br/proposicoes/0/0/0/0/128530#pesquisa
2024-11-12 22:01:06,EMENDA IMPOSITIVA INDIVIDUAL N.º 266/2024 AO PROJETO DE LEI ORDINÁRIA N.º 170/2024,Emenda ao Projeto de Lei Ordinária nº 170/2024 - Prefeito Municipal - Estima a receita e fixa a despesa do Município para o exercício de 2025.,Rogério Ramos,https://www.pindamonhangaba.sp.leg.br/proposicoes/0/0/0/0/128529#pesquisa
2024-11-12 22:00:43,EMENDA IMPOSITIVA COLETIVA N.º 184/2024 AO PROJETO DE LEI ORDINÁRIA N.º 170/2024,Emenda ao Projeto de Lei Ordinária nº 170/2024 - Prefeito Municipal - Estima a receita e fixa a despesa do Município para o exercício de 2025.,Rogério Ramos; Professor Felipe Guimarães,https://www.pindamonhangaba.sp.leg.br/proposicoes/0/0/0/0/128867#pesquisa
2024-11-12 22:00:17,EMENDA IMPOSITIVA COLETIVA N.º 183/2024 AO PROJETO DE LEI ORDINÁRIA N.º 170/2024,Emenda ao Projeto de Lei Ordinária nº 170/2024 - Prefeito Municipal - Estima a receita e fixa a despesa do Município para o exercício de 2025.,Rogério Ramos; Professor Felipe Guimarães,https://www.pindamonhangaba.sp.leg.br/proposicoes/0/0/0/0/128981#pesquisa
2024-11-12 21:59:58,EMENDA IMPOSITIVA COLETIVA N.º 182/2024 AO PROJETO DE LEI ORDINÁRIA N.º 170/2024,Emenda ao Projeto de Lei Ordinária nº 170/2024 - Prefeito Municipal - Estima a receita e fixa a despesa do Município para o exercício de 2025.,Rogério Ramos; Professor Felipe Guimarães,https://www.pindamonhangaba.sp.leg.br/proposicoes/0/0/0/0/129031#pesquisa
2024-11-12 21:59:40,EMENDA IMPOSITIVA COLETIVA N.º 181/2024 AO PROJETO DE LEI ORDINÁRIA N.º 170/2024,Emenda ao Projeto de Lei Ordinária nº 170/2024 - Prefeito Municipal - Estima a receita e fixa a despesa do Município para o exercício de 2025.,Rogério Ramos; Professor Felipe Guimarães,https://www.pindamonhangaba.sp.leg.br/proposicoes/0/0/0/0/128527#pesquisa
2024-11-12 21:59:25,EMENDA IMPOSITIVA COLETIVA N.º 180/2024 AO PROJETO DE LEI ORDINÁRIA N.º 170/2024,,Rogério Ramos,https://www.pindamonhangaba.sp.leg.br/proposicoes/0/0/0/0/128569#pesquisa
2024-11-12 21:58:56,EMENDA IMPOSITIVA COLETIVA N.º 179/2024 AO PROJETO DE LEI ORDINÁRIA N.º 170/2024,Emenda ao Projeto de Lei Ordinária nº 170/2024 - Prefeito Municipal - Estima a receita e fixa a despesa do Município para o exercício de 2025.,Rogério Ramos; Professor Felipe Guimarães,https://www.pindamonhangaba.sp.leg.br/proposicoes/0/0/0/0/128648#pesquisa
2024-11-12 21:58:36,EMENDA IMPOSITIVA COLETIVA N.º 178/2024 AO PROJETO DE LEI ORDINÁRIA N.º 170/2024,Emenda ao Projeto de Lei Ordinária nº 170/2024 - Prefeito Municipal - Estima a receita e fixa a despesa do Município para o exercício de 2025.,Rogério Ramos; Professor Felipe Guimarães,https://www.pindamonhangaba.sp.leg.br/proposicoes/0/0/0/0/128716#pesquisa
2024-11-12 21:58:14,EMENDA IMPOSITIVA COLETIVA N.º 177/2024 AO PROJETO DE LEI ORDINÁRIA N.º 170/2024,Emenda ao Projeto de Lei Ordinária nº 170/2024 - Prefeito Municipal - Estima a receita e fixa a despesa do Município para o exercício de 2025.,Rogério Ramos; Professor Felipe Guimarães,https://www.pindamonhangaba.sp.leg.br/proposicoes/0/0/0/0/128983#pesquisa
2024-11-12 21:57:59,EMENDA IMPOSITIVA COLETIVA N.º 176/2024 AO PROJETO DE LEI ORDINÁRIA N.º 170/2024,Emenda ao Projeto de Lei Ordinária nº 170/2024 - Prefeito Municipal - Estima a receita e fixa a despesa do Município para o exercício de 2025.,Rogério Ramos; Professor Felipe Guimarães,https://www.pindamonhangaba.sp.leg.br/proposicoes/0/0/0/0/128521#pesquisa
2024-11-12 21:57:44,EMENDA IMPOSITIVA COLETIVA N.º 175/2024 AO PROJETO DE LEI ORDINÁRIA N.º 170/2024,Emenda ao Projeto de Lei Ordinária nº 170/2024 - Prefeito Municipal - Estima a receita e fixa a despesa do Município para o exercício de 2025,Rogério Ramos; Professor Felipe Guimarães,https://www.pindamonhangaba.sp.leg.br/proposicoes/0/0/0/0/128520#pesquisa
2024-11-12 21:57:28,EMENDA IMPOSITIVA INDIVIDUAL N.º 265/2024 AO PROJETO DE LEI ORDINÁRIA N.º 170/2024,Emenda ao Projeto de Lei Ordinária nº 170/2024 - Prefeito Municipal - Estima a receita e fixa a despesa do Município para o exercício de 2025.,Rogério Ramos; Professor Felipe Guimarães,https://www.pindamonhangaba.sp.leg.br/proposicoes/0/0/0/0/128646#pesquisa
2024-11-12 21:57:10,EMENDA IMPOSITIVA INDIVIDUAL N.º 264/2024 AO PROJETO DE LEI ORDINÁRIA N.º 170/2024,,Professor Felipe Guimarães,https://www.pindamonhangaba.sp.leg.br/proposicoes/0/0/0/0/128570#pesquisa
2024-11-12 21:56:50,EMENDA IMPOSITIVA INDIVIDUAL N.º 263/2024 AO PROJETO DE LEI ORDINÁRIA N.º 170/2024,,Professor Felipe Guimarães,https://www.pindamonhangaba.sp.leg.br/proposicoes/0/0/0/0/128571#pesquisa
2024-11-12 21:56:30,EMENDA IMPOSITIVA INDIVIDUAL N.º 262/2024 AO PROJETO DE LEI ORDINÁRIA N.º 170/2024,,Professor Felipe Guimarães,https://www.pindamonhangaba.sp.leg.br/proposicoes/0/0/0/0/128572#pesquisa
2024-11-12 21:56:13,EMENDA IMPOSITIVA INDIVIDUAL N.º 261/2024 AO PROJETO DE LEI ORDINÁRIA N.º 170/2024,,Professor Felipe Guimarães,https://www.pindamonhangaba.sp.leg.br/proposicoes/0/0/0/0/128650#pesquisa
2024-11-12 21:55:55,EMENDA IMPOSITIVA COLETIVA N.º 174/2024 AO PROJETO DE LEI ORDINÁRIA N.º 170/2024,,Professor Felipe Guimarães,https://www.pindamonhangaba.sp.leg.br/proposicoes/0/0/0/0/128654#pesquisa
2024-11-12 21:55:38,EMENDA IMPOSITIVA INDIVIDUAL N.º 260/2024 AO PROJETO DE LEI ORDINÁRIA N.º 170/2024,,Professor Felipe Guimarães,https://www.pindamonhangaba.sp.leg.br/proposicoes/0/0/0/0/128655#pesquisa
2024-11-12 21:55:20,EMENDA IMPOSITIVA INDIVIDUAL N.º 259/2024 AO PROJETO DE LEI ORDINÁRIA N.º 170/2024,,Professor Felipe Guimarães,https://www.pindamonhangaba.sp.leg.br/proposicoes/0/0/0/0/128656#pesquisa
2024-11-12 21:55:05,EMENDA IMPOSITIVA INDIVIDUAL N.º 258/2024 AO PROJETO DE LEI ORDINÁRIA N.º 170/2024,,Professor Felipe Guimarães,https://www.pindamonhangaba.sp.leg.br/proposicoes/0/0/0/0/128657#pesquisa
2024-11-12 21:54:51,EMENDA IMPOSITIVA INDIVIDUAL N.º 257/2024 AO PROJETO DE LEI ORDINÁRIA N.º 170/2024,,Professor Felipe Guimarães,https://www.pindamonhangaba.sp.leg.br/proposicoes/0/0/0/0/128660#pesquisa
2024-11-12 21:54:32,EMENDA IMPOSITIVA COLETIVA N.º 173/2024 AO PROJETO DE LEI ORDINÁRIA N.º 170/2024,,Professor Felipe Guimarães,https://www.pindamonhangaba.sp.leg.br/proposicoes/0/0/0/0/128661#pesquisa
2024-11-12 21:54:04,EMENDA IMPOSITIVA COLETIVA N.º 172/2024 AO PROJETO DE LEI ORDINÁRIA N.º 170/2024,,Professor Felipe Guimarães,https://www.pindamonhangaba.sp.leg.br/proposicoes/0/0/0/0/128662#pesquisa
2024-11-12 21:53:06,EMENDA IMPOSITIVA INDIVIDUAL N.º 256/2024 AO PROJETO DE LEI ORDINÁRIA N.º 170/2024,,Professor Felipe Guimarães,https://www.pindamonhangaba.sp.leg.br/proposicoes/0/0/0/0/128666#pesquisa
2024-11-12 21:52:45,EMENDA IMPOSITIVA COLETIVA N.º 171/2024 AO PROJETO DE LEI ORDINÁRIA N.º 170/2024,,Professor Felipe Guimarães,https://www.pindamonhangaba.sp.leg.br/proposicoes/0/0/0/0/128669#pesquisa
2024-11-12 21:52:29,EMENDA IMPOSITIVA COLETIVA N.º 170/2024 AO PROJETO DE LEI ORDINÁRIA N.º 170/2024,Emenda ao Projeto de Lei Ordinária nº 170/2024 - Prefeito Municipal - Estima a receita e fixa a despesa do Município para o exercício de 2025.,Rogério Ramos; Professor Felipe Guimarães,https://www.pindamonhangaba.sp.leg.br/proposicoes/0/0/0/0/128985#pesquisa
2024-11-12 21:52:09,EMENDA IMPOSITIVA COLETIVA N.º 169/2024 AO PROJETO DE LEI ORDINÁRIA N.º 170/2024,,Professor Felipe Guimarães,https://www.pindamonhangaba.sp.leg.br/proposicoes/0/0/0/0/128670#pesquisa
2024-11-12 21:51:48,EMENDA IMPOSITIVA INDIVIDUAL N.º 255/2024 AO PROJETO DE LEI ORDINÁRIA N.º 170/2024,,Professor Felipe Guimarães,https://www.pindamonhangaba.sp.leg.br/proposicoes/0/0/0/0/128673#pesquisa
2024-11-12 21:51:32,EMENDA IMPOSITIVA COLETIVA N.º 168/2024 AO PROJETO DE LEI ORDINÁRIA N.º 170/2024,,Professor Felipe Guimarães,https://www.pindamonhangaba.sp.leg.br/proposicoes/0/0/0/0/128717#pesquisa
2024-11-12 21:51:16,EMENDA IMPOSITIVA INDIVIDUAL N.º 254/2024 AO PROJETO DE LEI ORDINÁRIA N.º 170/2024,,Professor Felipe Guimarães,https://www.pindamonhangaba.sp.leg.br/proposicoes/0/0/0/0/128723#pesquisa
2024-11-12 21:51:01,EMENDA IMPOSITIVA COLETIVA N.º 167/2024 AO PROJETO DE LEI ORDINÁRIA N.º 170/2024,,Professor Felipe Guimarães,https://www.pindamonhangaba.sp.leg.br/proposicoes/0/0/0/0/128729#pesquisa
2024-11-12 21:50:45,EMENDA IMPOSITIVA INDIVIDUAL N.º 253/2024 AO PROJETO DE LEI ORDINÁRIA N.º 170/2024,,Professor Felipe Guimarães,https://www.pindamonhangaba.sp.leg.br/proposicoes/0/0/0/0/128737#pesquisa
2024-11-12 21:50:28,EMENDA IMPOSITIVA INDIVIDUAL N.º 252/2024 AO PROJETO DE LEI ORDINÁRIA N.º 170/2024,,Professor Felipe Guimarães,https://www.pindamonhangaba.sp.leg.br/proposicoes/0/0/0/0/128740#pesquisa
2024-11-12 21:50:11,EMENDA IMPOSITIVA INDIVIDUAL N.º 251/2024 AO PROJETO DE LEI ORDINÁRIA N.º 170/2024,,Professor Felipe Guimarães,https://www.pindamonhangaba.sp.leg.br/proposicoes/0/0/0/0/128742#pesquisa
2024-11-12 21:49:56,EMENDA IMPOSITIVA INDIVIDUAL N.º 250/2024 AO PROJETO DE LEI ORDINÁRIA N.º 170/2024,,Professor Felipe Guimarães,https://www.pindamonhangaba.sp.leg.br/proposicoes/0/0/0/0/128745#pesquisa
2024-11-12 21:49:33,EMENDA IMPOSITIVA INDIVIDUAL N.º 249/2024 AO PROJETO DE LEI ORDINÁRIA N.º 170/2024,,Professor Felipe Guimarães,https://www.pindamonhangaba.sp.leg.br/proposicoes/0/0/0/0/128772#pesquisa
2024-11-12 21:49:18,EMENDA IMPOSITIVA INDIVIDUAL N.º 248/2024 AO PROJETO DE LEI ORDINÁRIA N.º 170/2024,,Professor Felipe Guimarães,https://www.pindamonhangaba.sp.leg.br/proposicoes/0/0/0/0/128775#pesquisa
2024-11-12 21:48:56,EMENDA IMPOSITIVA COLETIVA N.º 166/2024 AO PROJETO DE LEI ORDINÁRIA N.º 170/2024,,Professor Felipe Guimarães,https://www.pindamonhangaba.sp.leg.br/proposicoes/0/0/0/0/128957#pesquisa
2024-11-12 21:48:30,EMENDA IMPOSITIVA COLETIVA N.º 165/2024 AO PROJETO DE LEI ORDINÁRIA N.º 170/2024,,Professor Felipe Guimarães,https://www.pindamonhangaba.sp.leg.br/proposicoes/0/0/0/0/128939#pesquisa
2024-11-12 21:48:12,EMENDA IMPOSITIVA COLETIVA N.º 164/2024 AO PROJETO DE LEI ORDINÁRIA N.º 170/2024,,Professor Felipe Guimarães,https://www.pindamonhangaba.sp.leg.br/proposicoes/0/0/0/0/128962#pesquisa
2024-11-12 21:47:53,EMENDA IMPOSITIVA INDIVIDUAL N.º 247/2024 AO PROJETO DE LEI ORDINÁRIA N.º 170/2024,,Professor Felipe Guimarães,https://www.pindamonhangaba.sp.leg.br/proposicoes/0/0/0/0/128998#pesquisa
2024-11-12 21:47:26,EMENDA IMPOSITIVA INDIVIDUAL N.º 246/2024 AO PROJETO DE LEI ORDINÁRIA N.º 170/2024,,Professor Felipe Guimarães,https://www.pindamonhangaba.sp.leg.br/proposicoes/0/0/0/0/129010#pesquisa
2024-11-12 21:47:10,EMENDA IMPOSITIVA INDIVIDUAL N.º 245/2024 AO PROJETO DE LEI ORDINÁRIA N.º 170/2024,,Professor Felipe Guimarães,https://www.pindamonhangaba.sp.leg.br/proposicoes/0/0/0/0/129021#pesquisa
2024-11-12 21:46:52,EMENDA IMPOSITIVA INDIVIDUAL N.º 244/2024 AO PROJETO DE LEI ORDINÁRIA N.º 170/2024,,Professor Felipe Guimarães,https://www.pindamonhangaba.sp.leg.br/proposicoes/0/0/0/0/129023#pesquisa
2024-11-12 21:46:32,EMENDA IMPOSITIVA INDIVIDUAL N.º 243/2024 AO PROJETO DE LEI ORDINÁRIA N.º 170/2024,,Professor Felipe Guimarães,https://www.pindamonhangaba.sp.leg.br/proposicoes/0/0/0/0/129032#pesquisa
2024-11-12 21:46:15,EMENDA IMPOSITIVA INDIVIDUAL N.º 242/2024 AO PROJETO DE LEI ORDINÁRIA N.º 170/2024,,Professor Felipe Guimarães,https://www.pindamonhangaba.sp.leg.br/proposicoes/0/0/0/0/129038#pesquisa
2024-11-12 21:45:46,EMENDA IMPOSITIVA INDIVIDUAL N.º 241/2024 AO PROJETO DE LEI ORDINÁRIA N.º 170/2024,,Professor Felipe Guimarães,https://www.pindamonhangaba.sp.leg.br/proposicoes/0/0/0/0/129042#pesquisa
2024-11-12 21:45:28,EMENDA IMPOSITIVA INDIVIDUAL N.º 240/2024 AO PROJETO DE LEI ORDINÁRIA N.º 170/2024,,Professor Felipe Guimarães,https://www.pindamonhangaba.sp.leg.br/proposicoes/0/0/0/0/129050#pesquisa
2024-11-12 21:45:11,EMENDA IMPOSITIVA INDIVIDUAL N.º 239/2024 AO PROJETO DE LEI ORDINÁRIA N.º 170/2024,,Professor Felipe Guimarães,https://www.pindamonhangaba.sp.leg.br/proposicoes/0/0/0/0/128567#pesquisa
2024-11-12 21:44:49,EMENDA IMPOSITIVA INDIVIDUAL N.º 238/2024 AO PROJETO DE LEI ORDINÁRIA N.º 170/2024,Emenda ao Projeto de Lei Ordinária nº 170/2024 - Prefeito Municipal - Estima a receita e fixa a despesa do Município para o exercício de 2025.,Rogério Ramos,https://www.pindamonhangaba.sp.leg.br/proposicoes/0/0/0/0/128774#pesquisa
2024-11-12 21:44:35,EMENDA IMPOSITIVA INDIVIDUAL N.º 237/2024 AO PROJETO DE LEI ORDINÁRIA N.º 170/2024,Emenda ao Projeto de Lei Ordinária nº 170/2024 - Prefeito Municipal - Estima a receita e fixa a despesa do Município para o exercício de 2025.,Rogério Ramos,https://www.pindamonhangaba.sp.leg.br/proposicoes/0/0/0/0/128785#pesquisa
2024-11-12 21:44:18,EMENDA IMPOSITIVA INDIVIDUAL N.º 236/2024 AO PROJETO DE LEI ORDINÁRIA N.º 170/2024,Emenda ao Projeto de Lei Ordinária nº 170/2024 - Prefeito Municipal - Estima a receita e fixa a despesa do Município para o exercício de 2025.,Rogério Ramos,https://www.pindamonhangaba.sp.leg.br/proposicoes/0/0/0/0/128780#pesquisa
2024-11-12 21:44:01,EMENDA IMPOSITIVA INDIVIDUAL N.º 235/2024 AO PROJETO DE LEI ORDINÁRIA N.º 170/2024,Emenda ao Projeto de Lei Ordinária nº 170/2024 - Prefeito Municipal - Estima a receita e fixa a despesa do Município para o exercício de 2025.,Rogério Ramos,https://www.pindamonhangaba.sp.leg.br/proposicoes/0/0/0/0/128770#pesquisa
2024-11-12 21:43:27,EMENDA IMPOSITIVA INDIVIDUAL N.º 234/2024 AO PROJETO DE LEI ORDINÁRIA N.º 170/2024,,Renato Cebola,https://www.pindamonhangaba.sp.leg.br/proposicoes/0/0/0/0/129052#pesquisa
2024-11-12 21:43:07,EMENDA MODIFICATIVA N.º 018/2024 AO PROJETO DE LEI ORDINÁRIA N.º 170/2024,,Renato Cebola; Norberto Moraes; Rogério Ramos; Professor Felipe Guimarães; Gilson Nagrin; Herivelto Vela; Marco Mayor,https://www.pindamonhangaba.sp.leg.br/proposicoes/0/0/0/0/128974#pesquisa
2024-11-12 21:42:36,EMENDA MODIFICATIVA N.º 017/2024 AO PROJETO DE LEI ORDINÁRIA N.º 170/2024,,Renato Cebola; Norberto Moraes; Rogério Ramos; Gilson Nagrin; Professor Felipe Guimarães; Herivelto Vela; Marco Mayor,https://www.pindamonhangaba.sp.leg.br/proposicoes/0/0/0/0/128918#pesquisa
2024-11-12 21:42:18,EMENDA MODIFICATIVA N.º 016/2024 AO PROJETO DE LEI ORDINÁRIA N.º 170/2024,,Renato Cebola; Norberto Moraes; Rogério Ramos; Marco Mayor; Herivelto Vela; Gilson Nagrin; Professor Felipe Guimarães,https://www.pindamonhangaba.sp.leg.br/proposicoes/0/0/0/0/128928#pesquisa
2024-11-12 21:42:01,EMENDA MODIFICATIVA N.º 015/2024 AO PROJETO DE LEI ORDINÁRIA N.º 170/2024,,Renato Cebola; Norberto Moraes; Rogério Ramos; Gilson Nagrin; Professor Felipe Guimarães; Marco Mayor; Herivelto Vela,https://www.pindamonhangaba.sp.leg.br/proposicoes/0/0/0/0/128942#pesquisa
2024-11-12 21:41:25,EMENDA MODIFICATIVA N.º 014/2024 AO PROJETO DE LEI ORDINÁRIA N.º 170/2024,,Renato Cebola; Norberto Moraes; Rogério Ramos; Marco Mayor; Herivelto Vela; Gilson Nagrin; Professor Felipe Guimarães,https://www.pindamonhangaba.sp.leg.br/proposicoes/0/0/0/0/128963#pesquisa
2024-11-12 21:41:03,EMENDA MODIFICATIVA N.º 013/2024 AO PROJETO DE LEI ORDINÁRIA N.º 170/2024,,Renato Cebola; Norberto Moraes; Rogério Ramos; Professor Felipe Guimarães; Gilson Nagrin; Herivelto Vela,https://www.pindamonhangaba.sp.leg.br/proposicoes/0/0/0/0/128971#pesquisa
2024-11-12 21:40:28,EMENDA IMPOSITIVA INDIVIDUAL N.º 233/2024 AO PROJETO DE LEI ORDINÁRIA N.º 170/2024,,Renato Cebola,https://www.pindamonhangaba.sp.leg.br/proposicoes/0/0/0/0/129045#pesquisa
2024-11-12 21:39:56,EMENDA IMPOSITIVA INDIVIDUAL N.º 232/2024 AO PROJETO DE LEI ORDINÁRIA N.º 170/2024,,Renato Cebola,https://www.pindamonhangaba.sp.leg.br/proposicoes/0/0/0/0/129046#pesquisa
2024-11-12 21:39:42,EMENDA IMPOSITIVA INDIVIDUAL N.º 231/2024 AO PROJETO DE LEI ORDINÁRIA N.º 170/2024,,Renato Cebola,https://www.pindamonhangaba.sp.leg.br/proposicoes/0/0/0/0/129049#pesquisa
2024-11-12 21:39:26,EMENDA IMPOSITIVA INDIVIDUAL N.º 230/2024 AO PROJETO DE LEI ORDINÁRIA N.º 170/2024,,Renato Cebola,https://www.pindamonhangaba.sp.leg.br/proposicoes/0/0/0/0/129047#pesquisa
2024-11-12 21:39:10,EMENDA IMPOSITIVA COLETIVA N.º 163/2024 AO PROJETO DE LEI ORDINÁRIA N.º 170/2024,,Herivelto Vela,https://www.pindamonhangaba.sp.leg.br/proposicoes/0/0/0/0/128758#pesquisa
2024-11-12 21:38:39,EMENDA IMPOSITIVA INDIVIDUAL N.º 229/2024 AO PROJETO DE LEI ORDINÁRIA N.º 170/2024,,Herivelto Vela,https://www.pindamonhangaba.sp.leg.br/proposicoes/0/0/0/0/128760#pesquisa
2024-11-12 21:38:21,EMENDA IMPOSITIVA COLETIVA N.º 162/2024 AO PROJETO DE LEI ORDINÁRIA N.º 170/2024,,Herivelto Vela,https://www.pindamonhangaba.sp.leg.br/proposicoes/0/0/0/0/128767#pesquisa
2024-11-12 21:38:02,EMENDA IMPOSITIVA COLETIVA N.º 161/2024 AO PROJETO DE LEI ORDINÁRIA N.º 170/2024,,Herivelto Vela,https://www.pindamonhangaba.sp.leg.br/proposicoes/0/0/0/0/128777#pesquisa
2024-11-12 21:37:47,EMENDA IMPOSITIVA COLETIVA N.º 160/2024 AO PROJETO DE LEI ORDINÁRIA N.º 170/2024,,Herivelto Vela,https://www.pindamonhangaba.sp.leg.br/proposicoes/0/0/0/0/128781#pesquisa
2024-11-12 21:37:31,EMENDA IMPOSITIVA INDIVIDUAL N.º 228/2024 AO PROJETO DE LEI ORDINÁRIA N.º 170/2024,,Herivelto Vela,https://www.pindamonhangaba.sp.leg.br/proposicoes/0/0/0/0/128788#pesquisa
2024-11-12 21:37:16,EMENDA IMPOSITIVA COLETIVA N.º 159/2024 AO PROJETO DE LEI ORDINÁRIA N.º 170/2024,,Herivelto Vela,https://www.pindamonhangaba.sp.leg.br/proposicoes/0/0/0/0/128803#pesquisa
2024-11-12 21:37:02,EMENDA IMPOSITIVA COLETIVA N.º 158/2024 AO PROJETO DE LEI ORDINÁRIA N.º 170/2024,,Herivelto Vela,https://www.pindamonhangaba.sp.leg.br/proposicoes/0/0/0/0/128811#pesquisa
2024-11-12 21:36:43,EMENDA IMPOSITIVA INDIVIDUAL N.º 227/2024 AO PROJETO DE LEI ORDINÁRIA N.º 170/2024,,Herivelto Vela,https://www.pindamonhangaba.sp.leg.br/proposicoes/0/0/0/0/128842#pesquisa
2024-11-12 21:36:25,EMENDA IMPOSITIVA INDIVIDUAL N.º 226/2024 AO PROJETO DE LEI ORDINÁRIA N.º 170/2024,,Herivelto Vela,https://www.pindamonhangaba.sp.leg.br/proposicoes/0/0/0/0/128884#pesquisa
2024-11-12 21:36:10,EMENDA IMPOSITIVA INDIVIDUAL N.º 225/2024 AO PROJETO DE LEI ORDINÁRIA N.º 170/2024,,Herivelto Vela,https://www.pindamonhangaba.sp.leg.br/proposicoes/0/0/0/0/128895#pesquisa
2024-11-12 21:35:55,EMENDA IMPOSITIVA INDIVIDUAL N.º 224/2024 AO PROJETO DE LEI ORDINÁRIA N.º 170/2024,,Herivelto Vela,https://www.pindamonhangaba.sp.leg.br/proposicoes/0/0/0/0/128897#pesquisa
2024-11-12 21:35:39,EMENDA IMPOSITIVA INDIVIDUAL N.º 223/2024 AO PROJETO DE LEI ORDINÁRIA N.º 170/2024,,Herivelto Vela,https://www.pindamonhangaba.sp.leg.br/proposicoes/0/0/0/0/128899#pesquisa
2024-11-12 21:35:25,EMENDA IMPOSITIVA INDIVIDUAL N.º 222/2024 AO PROJETO DE LEI ORDINÁRIA N.º 170/2024,,Herivelto Vela,https://www.pindamonhangaba.sp.leg.br/proposicoes/0/0/0/0/128909#pesquisa
2024-11-12 21:35:10,EMENDA IMPOSITIVA INDIVIDUAL N.º 221/2024 AO PROJETO DE LEI ORDINÁRIA N.º 170/2024,,Herivelto Vela,https://www.pindamonhangaba.sp.leg.br/proposicoes/0/0/0/0/128913#pesquisa
2024-11-12 21:34:53,EMENDA IMPOSITIVA INDIVIDUAL N.º 220/2024 AO PROJETO DE LEI ORDINÁRIA N.º 170/2024,,Herivelto Vela,https://www.pindamonhangaba.sp.leg.br/proposicoes/0/0/0/0/128915#pesquisa
2024-11-12 21:34:38,EMENDA IMPOSITIVA INDIVIDUAL N.º 219/2024 AO PROJETO DE LEI ORDINÁRIA N.º 170/2024,,Herivelto Vela,https://www.pindamonhangaba.sp.leg.br/proposicoes/0/0/0/0/128919#pesquisa
2024-11-12 21:34:22,EMENDA IMPOSITIVA COLETIVA N.º 157/2024 AO PROJETO DE LEI ORDINÁRIA N.º 170/2024,,Herivelto Vela,https://www.pindamonhangaba.sp.leg.br/proposicoes/0/0/0/0/128927#pesquisa
2024-11-12 21:34:06,EMENDA IMPOSITIVA COLETIVA N.º 156/2024 AO PROJETO DE LEI ORDINÁRIA N.º 170/2024,,Herivelto Vela,https://www.pindamonhangaba.sp.leg.br/proposicoes/0/0/0/0/128932#pesquisa
2024-11-12 21:33:49,EMENDA IMPOSITIVA COLETIVA N.º 155/2024 AO PROJETO DE LEI ORDINÁRIA N.º 170/2024,,Herivelto Vela,https://www.pindamonhangaba.sp.leg.br/proposicoes/0/0/0/0/128936#pesquisa
2024-11-12 21:33:13,EMENDA IMPOSITIVA COLETIVA N.º 154/2024 AO PROJETO DE LEI ORDINÁRIA N.º 170/2024,,Herivelto Vela,https://www.pindamonhangaba.sp.leg.br/proposicoes/0/0/0/0/128940#pesquisa
2024-11-12 21:30:44,EMENDA IMPOSITIVA COLETIVA N.º 153/2024 AO PROJETO DE LEI ORDINÁRIA N.º 170/2024,,Herivelto Vela,https://www.pindamonhangaba.sp.leg.br/proposicoes/0/0/0/0/128944#pesquisa
2024-11-12 21:30:28,EMENDA IMPOSITIVA COLETIVA N.º 152/2024 AO PROJETO DE LEI ORDINÁRIA N.º 170/2024,,Herivelto Vela,https://www.pindamonhangaba.sp.leg.br/proposicoes/0/0/0/0/128954#pesquisa
2024-11-12 21:30:13,EMENDA IMPOSITIVA COLETIVA N.º 151/2024 AO PROJETO DE LEI ORDINÁRIA N.º 170/2024,,Herivelto Vela,https://www.pindamonhangaba.sp.leg.br/proposicoes/0/0/0/0/128966#pesquisa
2024-11-12 21:29:56,EMENDA IMPOSITIVA INDIVIDUAL N.º 218/2024 AO PROJETO DE LEI ORDINÁRIA N.º 170/2024,,Herivelto Vela,https://www.pindamonhangaba.sp.leg.br/proposicoes/0/0/0/0/128987#pesquisa
2024-11-12 21:29:42,EMENDA IMPOSITIVA COLETIVA N.º 150/2024 AO PROJETO DE LEI ORDINÁRIA N.º 170/2024,,Herivelto Vela,https://www.pindamonhangaba.sp.leg.br/proposicoes/0/0/0/0/128992#pesquisa
2024-11-12 21:29:26,EMENDA IMPOSITIVA COLETIVA N.º 149/2024 AO PROJETO DE LEI ORDINÁRIA N.º 170/2024,,Herivelto Vela,https://www.pindamonhangaba.sp.leg.br/proposicoes/0/0/0/0/129034#pesquisa
2024-11-12 21:29:10,EMENDA IMPOSITIVA COLETIVA N.º 148/2024 AO PROJETO DE LEI ORDINÁRIA N.º 170/2024,,Herivelto Vela,https://www.pindamonhangaba.sp.leg.br/proposicoes/0/0/0/0/129036#pesquisa
2024-11-12 21:28:55,EMENDA IMPOSITIVA COLETIVA N.º 147/2024 AO PROJETO DE LEI ORDINÁRIA N.º 170/2024,,Herivelto Vela,https://www.pindamonhangaba.sp.leg.br/proposicoes/0/0/0/0/129041#pesquisa
2024-11-12 21:28:40,EMENDA IMPOSITIVA INDIVIDUAL N.º 217/2024 AO PROJETO DE LEI ORDINÁRIA N.º 170/2024,,Renato Cebola,https://www.pindamonhangaba.sp.leg.br/proposicoes/0/0/0/0/129035#pesquisa
2024-11-12 21:28:26,EMENDA IMPOSITIVA INDIVIDUAL N.º 216/2024 AO PROJETO DE LEI ORDINÁRIA N.º 170/2024,,Renato Cebola,https://www.pindamonhangaba.sp.leg.br/proposicoes/0/0/0/0/129037#pesquisa
2024-11-12 21:28:11,EMENDA IMPOSITIVA INDIVIDUAL N.º 215/2024 AO PROJETO DE LEI ORDINÁRIA N.º 170/2024,,Renato Cebola,https://www.pindamonhangaba.sp.leg.br/proposicoes/0/0/0/0/129039#pesquisa
2024-11-12 21:27:57,EMENDA IMPOSITIVA INDIVIDUAL N.º 214/2024 AO PROJETO DE LEI ORDINÁRIA N.º 170/2024,,Renato Cebola,https://www.pindamonhangaba.sp.leg.br/proposicoes/0/0/0/0/129033#pesquisa
2024-11-12 21:27:36,EMENDA IMPOSITIVA INDIVIDUAL N.º 213/2024 AO PROJETO DE LEI ORDINÁRIA N.º 170/2024,,Renato Cebola,https://www.pindamonhangaba.sp.leg.br/proposicoes/0/0/0/0/129006#pesquisa
2024-11-12 21:27:18,EMENDA IMPOSITIVA INDIVIDUAL N.º 212/2024 AO PROJETO DE LEI ORDINÁRIA N.º 170/2024,,Renato Cebola,https://www.pindamonhangaba.sp.leg.br/proposicoes/0/0/0/0/129012#pesquisa
2024-11-12 21:27:04,EMENDA IMPOSITIVA INDIVIDUAL N.º 211/2024 AO PROJETO DE LEI ORDINÁRIA N.º 170/2024,,Renato Cebola,https://www.pindamonhangaba.sp.leg.br/proposicoes/0/0/0/0/129014#pesquisa
2024-11-12 21:26:48,EMENDA IMPOSITIVA INDIVIDUAL N.º 210/2024 AO PROJETO DE LEI ORDINÁRIA N.º 170/2024,,Renato Cebola,https://www.pindamonhangaba.sp.leg.br/proposicoes/0/0/0/0/129024#pesquisa
2024-11-12 21:26:31,EMENDA IMPOSITIVA INDIVIDUAL N.º 209/2024 AO PROJETO DE LEI ORDINÁRIA N.º 170/2024,,Renato Cebola,https://www.pindamonhangaba.sp.leg.br/proposicoes/0/0/0/0/129015#pesquisa
2024-11-12 21:26:17,EMENDA IMPOSITIVA INDIVIDUAL N.º 208/2024 AO PROJETO DE LEI ORDINÁRIA N.º 170/2024,,Renato Cebola,https://www.pindamonhangaba.sp.leg.br/proposicoes/0/0/0/0/128991#pesquisa
2024-11-12 21:26:02,EMENDA IMPOSITIVA INDIVIDUAL N.º 207/2024 AO PROJETO DE LEI ORDINÁRIA N.º 170/2024,,Renato Cebola,https://www.pindamonhangaba.sp.leg.br/proposicoes/0/0/0/0/129001#pesquisa
2024-11-12 21:25:45,EMENDA IMPOSITIVA INDIVIDUAL N.º 206/2024 AO PROJETO DE LEI ORDINÁRIA N.º 170/2024,,Renato Cebola,https://www.pindamonhangaba.sp.leg.br/proposicoes/0/0/0/0/129017#pesquisa
2024-11-12 21:25:29,EMENDA IMPOSITIVA INDIVIDUAL N.º 205/2024 AO PROJETO DE LEI ORDINÁRIA N.º 170/2024,,Renato Cebola,https://www.pindamonhangaba.sp.leg.br/proposicoes/0/0/0/0/129019#pesquisa
2024-11-12 21:25:14,EMENDA IMPOSITIVA INDIVIDUAL N.º 204/2024 AO PROJETO DE LEI ORDINÁRIA N.º 170/2024,,Renato Cebola,https://www.pindamonhangaba.sp.leg.br/proposicoes/0/0/0/0/129020#pesquisa
2024-11-12 21:24:59,EMENDA IMPOSITIVA INDIVIDUAL N.º 203/2024 AO PROJETO DE LEI ORDINÁRIA N.º 170/2024,,Renato Cebola,https://www.pindamonhangaba.sp.leg.br/proposicoes/0/0/0/0/129027#pesquisa
2024-11-12 21:24:22,EMENDA IMPOSITIVA INDIVIDUAL N.º 202/2024 AO PROJETO DE LEI ORDINÁRIA N.º 170/2024,,Renato Cebola,https://www.pindamonhangaba.sp.leg.br/proposicoes/0/0/0/0/129029#pesquisa
2024-11-12 21:24:06,EMENDA IMPOSITIVA INDIVIDUAL N.º 201/2024 AO PROJETO DE LEI ORDINÁRIA N.º 170/2024,,Renato Cebola,https://www.pindamonhangaba.sp.leg.br/proposicoes/0/0/0/0/129030#pesquisa
2024-11-12 21:23:50,EMENDA IMPOSITIVA INDIVIDUAL N.º 200/2024 AO PROJETO DE LEI ORDINÁRIA N.º 170/2024,,Renato Cebola,https://www.pindamonhangaba.sp.leg.br/proposicoes/0/0/0/0/128994#pesquisa
2024-11-12 21:22:56,EMENDA IMPOSITIVA INDIVIDUAL N.º 199/2024 AO PROJETO DE LEI ORDINÁRIA N.º 170/2024,,Renato Cebola,https://www.pindamonhangaba.sp.leg.br/proposicoes/0/0/0/0/128996#pesquisa
2024-11-12 21:22:31,EMENDA IMPOSITIVA INDIVIDUAL N.º 198/2024 AO PROJETO DE LEI ORDINÁRIA N.º 170/2024,,Renato Cebola,https://www.pindamonhangaba.sp.leg.br/proposicoes/0/0/0/0/129005#pesquisa
2024-11-12 21:22:12,EMENDA IMPOSITIVA INDIVIDUAL N.º 197/2024 AO PROJETO DE LEI ORDINÁRIA N.º 170/2024,,Renato Cebola,https://www.pindamonhangaba.sp.leg.br/proposicoes/0/0/0/0/129000#pesquisa
2024-11-12 21:21:53,EMENDA IMPOSITIVA INDIVIDUAL N.º 196/2024 AO PROJETO DE LEI ORDINÁRIA N.º 170/2024,,Renato Cebola,https://www.pindamonhangaba.sp.leg.br/proposicoes/0/0/0/0/129007#pesquisa
2024-11-12 21:21:35,EMENDA IMPOSITIVA INDIVIDUAL N.º 195/2024 AO PROJETO DE LEI ORDINÁRIA N.º 170/2024,,Renato Cebola,https://www.pindamonhangaba.sp.leg.br/proposicoes/0/0/0/0/129011#pesquisa
2024-11-12 21:21:03,EMENDA IMPOSITIVA INDIVIDUAL N.º 194/2024 AO PROJETO DE LEI ORDINÁRIA N.º 170/2024,,Renato Cebola,https://www.pindamonhangaba.sp.leg.br/proposicoes/0/0/0/0/129008#pesquisa
2024-11-12 21:20:45,EMENDA IMPOSITIVA COLETIVA N.º 146/2024 AO PROJETO DE LEI ORDINÁRIA N.º 170/2024,,Julinho Car; Renato Cebola,https://www.pindamonhangaba.sp.leg.br/proposicoes/0/0/0/0/128924#pesquisa
2024-11-12 21:19:49,EMENDA IMPOSITIVA COLETIVA N.º 145/2024 AO PROJETO DE LEI ORDINÁRIA N.º 170/2024,,Julinho Car; Renato Cebola,https://www.pindamonhangaba.sp.leg.br/proposicoes/0/0/0/0/128934#pesquisa
2024-11-12 21:19:31,EMENDA IMPOSITIVA COLETIVA N.º 144/2024 AO PROJETO DE LEI ORDINÁRIA N.º 170/2024,,Julinho Car; Renato Cebola,https://www.pindamonhangaba.sp.leg.br/proposicoes/0/0/0/0/128945#pesquisa
2024-11-12 21:19:15,EMENDA IMPOSITIVA COLETIVA N.º 143/2024 AO PROJETO DE LEI ORDINÁRIA N.º 170/2024,,Julinho Car; Renato Cebola,https://www.pindamonhangaba.sp.leg.br/proposicoes/0/0/0/0/128952#pesquisa
2024-11-12 21:19:00,EMENDA IMPOSITIVA COLETIVA N.º 142/2024 AO PROJETO DE LEI ORDINÁRIA N.º 170/2024,,Julinho Car; Renato Cebola,https://www.pindamonhangaba.sp.leg.br/proposicoes/0/0/0/0/128965#pesquisa
2024-11-12 21:18:39,EMENDA IMPOSITIVA COLETIVA N.º 141/2024 AO PROJETO DE LEI ORDINÁRIA N.º 170/2024,,Julinho Car; Renato Cebola,https://www.pindamonhangaba.sp.leg.br/proposicoes/0/0/0/0/128967#pesquisa
2024-11-12 21:18:21,EMENDA IMPOSITIVA COLETIVA N.º 140/2024 AO PROJETO DE LEI ORDINÁRIA N.º 170/2024,,Julinho Car; Renato Cebola,https://www.pindamonhangaba.sp.leg.br/proposicoes/0/0/0/0/128975#pesquisa
2024-11-12 21:18:06,EMENDA IMPOSITIVA COLETIVA N.º 139/2024 AO PROJETO DE LEI ORDINÁRIA N.º 170/2024,,Julinho Car; Renato Cebola,https://www.pindamonhangaba.sp.leg.br/proposicoes/0/0/0/0/128956#pesquisa
2024-11-12 21:17:51,EMENDA IMPOSITIVA COLETIVA N.º 138/2024 AO PROJETO DE LEI ORDINÁRIA N.º 170/2024,,Julinho Car; Renato Cebola,https://www.pindamonhangaba.sp.leg.br/proposicoes/0/0/0/0/128976#pesquisa
2024-11-12 21:17:31,EMENDA IMPOSITIVA COLETIVA N.º 137/2024 AO PROJETO DE LEI ORDINÁRIA N.º 170/2024,,Julinho Car; Renato Cebola,https://www.pindamonhangaba.sp.leg.br/proposicoes/0/0/0/0/128977#pesquisa
2024-11-12 21:17:16,EMENDA IMPOSITIVA COLETIVA N.º 136/2024 AO PROJETO DE LEI ORDINÁRIA N.º 170/2024,,Julinho Car; Renato Cebola,https://www.pindamonhangaba.sp.leg.br/proposicoes/0/0/0/0/128984#pesquisa
2024-11-12 21:16:59,EMENDA IMPOSITIVA COLETIVA N.º 135/2024 AO PROJETO DE LEI ORDINÁRIA N.º 170/2024,,Julinho Car; Renato Cebola,https://www.pindamonhangaba.sp.leg.br/proposicoes/0/0/0/0/128986#pesquisa
2024-11-12 21:16:35,EMENDA IMPOSITIVA COLETIVA N.º 134/2024 AO PROJETO DE LEI ORDINÁRIA N.º 170/2024,,Julinho Car; Renato Cebola,https://www.pindamonhangaba.sp.leg.br/proposicoes/0/0/0/0/128989#pesquisa
2024-11-12 21:16:20,EMENDA IMPOSITIVA COLETIVA N.º 133/2024 AO PROJETO DE LEI ORDINÁRIA N.º 170/2024,,Julinho Car; Renato Cebola,https://www.pindamonhangaba.sp.leg.br/proposicoes/0/0/0/0/128997#pesquisa
2024-11-12 21:16:00,EMENDA IMPOSITIVA COLETIVA N.º 132/2024 AO PROJETO DE LEI ORDINÁRIA N.º 170/2024,,Julinho Car; Renato Cebola,https://www.pindamonhangaba.sp.leg.br/proposicoes/0/0/0/0/128920#pesquisa
2024-11-12 21:15:37,EMENDA IMPOSITIVA COLETIVA N.º 131/2024 AO PROJETO DE LEI ORDINÁRIA N.º 170/2024,,Julinho Car; Renato Cebola,https://www.pindamonhangaba.sp.leg.br/proposicoes/0/0/0/0/129003#pesquisa
2024-11-12 21:15:18,EMENDA IMPOSITIVA COLETIVA N.º 130/2024 AO PROJETO DE LEI ORDINÁRIA N.º 170/2024,,Julinho Car; Renato Cebola,https://www.pindamonhangaba.sp.leg.br/proposicoes/0/0/0/0/129009#pesquisa
2024-11-12 21:14:56,EMENDA IMPOSITIVA COLETIVA N.º 129/2024 AO PROJETO DE LEI ORDINÁRIA N.º 170/2024,,Julinho Car; Renato Cebola,https://www.pindamonhangaba.sp.leg.br/proposicoes/0/0/0/0/129013#pesquisa
2024-11-12 21:14:19,EMENDA IMPOSITIVA COLETIVA N.º 128/2024 AO PROJETO DE LEI ORDINÁRIA N.º 170/2024,,Julinho Car; Renato Cebola,https://www.pindamonhangaba.sp.leg.br/proposicoes/0/0/0/0/129016#pesquisa
2024-11-12 21:13:57,EMENDA IMPOSITIVA COLETIVA N.º 127/2024 AO PROJETO DE LEI ORDINÁRIA N.º 170/2024,,Carlos Moura - Magrão,https://www.pindamonhangaba.sp.leg.br/proposicoes/0/0/0/0/129022#pesquisa
2024-11-12 21:13:18,EMENDA IMPOSITIVA COLETIVA N.º 126/2024 AO PROJETO DE LEI ORDINÁRIA N.º 170/2024,,Carlos Moura - Magrão,https://www.pindamonhangaba.sp.leg.br/proposicoes/0/0/0/0/129025#pesquisa
2024-11-12 21:12:59,EMENDA IMPOSITIVA COLETIVA N.º 125/2024 AO PROJETO DE LEI ORDINÁRIA N.º 170/2024,,Carlos Moura - Magrão,https://www.pindamonhangaba.sp.leg.br/proposicoes/0/0/0/0/129026#pesquisa
2024-11-12 21:12:44,EMENDA IMPOSITIVA INDIVIDUAL N.º 193/2024 AO PROJETO DE LEI ORDINÁRIA N.º 170/2024,,Professor Felipe Guimarães,https://www.pindamonhangaba.sp.leg.br/proposicoes/0/0/0/0/128627#pesquisa
2024-11-12 21:12:26,EMENDA IMPOSITIVA INDIVIDUAL N.º 192/2024 AO PROJETO DE LEI ORDINÁRIA N.º 170/2024,,Professor Felipe Guimarães,https://www.pindamonhangaba.sp.leg.br/proposicoes/0/0/0/0/128628#pesquisa
2024-11-12 21:12:11,EMENDA IMPOSITIVA INDIVIDUAL N.º 191/2024 AO PROJETO DE LEI ORDINÁRIA N.º 170/2024,,Professor Felipe Guimarães,https://www.pindamonhangaba.sp.leg.br/proposicoes/0/0/0/0/128629#pesquisa
2024-11-12 21:11:57,EMENDA IMPOSITIVA INDIVIDUAL N.º 190/2024 AO PROJETO DE LEI ORDINÁRIA N.º 170/2024,,Professor Felipe Guimarães,https://www.pindamonhangaba.sp.leg.br/proposicoes/0/0/0/0/128631#pesquisa
2024-11-12 21:11:38,EMENDA IMPOSITIVA INDIVIDUAL N.º 189/2024 AO PROJETO DE LEI ORDINÁRIA N.º 170/2024,,Professor Felipe Guimarães,https://www.pindamonhangaba.sp.leg.br/proposicoes/0/0/0/0/128632#pesquisa
2024-11-12 21:11:22,EMENDA IMPOSITIVA INDIVIDUAL N.º 188/2024 AO PROJETO DE LEI ORDINÁRIA N.º 170/2024,,Professor Felipe Guimarães,https://www.pindamonhangaba.sp.leg.br/proposicoes/0/0/0/0/128624#pesquisa
2024-11-12 21:10:49,EMENDA IMPOSITIVA COLETIVA N.º 124/2024 AO PROJETO DE LEI ORDINÁRIA N.º 170/2024,,Carlos Moura - Magrão,https://www.pindamonhangaba.sp.leg.br/proposicoes/0/0/0/0/128993#pesquisa
2024-11-12 21:10:34,EMENDA IMPOSITIVA COLETIVA N.º 123/2024 AO PROJETO DE LEI ORDINÁRIA N.º 170/2024,,Carlos Moura - Magrão,https://www.pindamonhangaba.sp.leg.br/proposicoes/0/0/0/0/128995#pesquisa
2024-11-12 21:10:16,EMENDA IMPOSITIVA COLETIVA N.º 122/2024 AO PROJETO DE LEI ORDINÁRIA N.º 170/2024,,Carlos Moura - Magrão,https://www.pindamonhangaba.sp.leg.br/proposicoes/0/0/0/0/128999#pesquisa
2024-11-12 21:10:01,EMENDA IMPOSITIVA COLETIVA N.º 121/2024 AO PROJETO DE LEI ORDINÁRIA N.º 170/2024,,Carlos Moura - Magrão,https://www.pindamonhangaba.sp.leg.br/proposicoes/0/0/0/0/129002#pesquisa
2024-11-12 21:09:45,EMENDA IMPOSITIVA COLETIVA N.º 120/2024 AO PROJETO DE LEI ORDINÁRIA N.º 170/2024,,Carlos Moura - Magrão,https://www.pindamonhangaba.sp.leg.br/proposicoes/0/0/0/0/129004#pesquisa
2024-11-12 21:09:29,EMENDA IMPOSITIVA COLETIVA N.º 119/2024 AO PROJETO DE LEI ORDINÁRIA N.º 170/2024,,Carlos Moura - Magrão,https://www.pindamonhangaba.sp.leg.br/proposicoes/0/0/0/0/128837#pesquisa
2024-11-12 21:09:13,EMENDA IMPOSITIVA COLETIVA N.º 118/2024 AO PROJETO DE LEI ORDINÁRIA N.º 170/2024,,Carlos Moura - Magrão,https://www.pindamonhangaba.sp.leg.br/proposicoes/0/0/0/0/128843#pesquisa
2024-11-12 21:08:53,EMENDA IMPOSITIVA COLETIVA N.º 117/2024 AO PROJETO DE LEI ORDINÁRIA N.º 170/2024,,Carlos Moura - Magrão,https://www.pindamonhangaba.sp.leg.br/proposicoes/0/0/0/0/128849#pesquisa
2024-11-12 21:08:36,EMENDA IMPOSITIVA COLETIVA N.º 116/2024 AO PROJETO DE LEI ORDINÁRIA N.º 170/2024,,Carlos Moura - Magrão,https://www.pindamonhangaba.sp.leg.br/proposicoes/0/0/0/0/128852#pesquisa
2024-11-12 21:08:21,EMENDA IMPOSITIVA COLETIVA N.º 115/2024 AO PROJETO DE LEI ORDINÁRIA N.º 170/2024,,Carlos Moura - Magrão,https://www.pindamonhangaba.sp.leg.br/proposicoes/0/0/0/0/128856#pesquisa
2024-11-12 21:08:06,EMENDA IMPOSITIVA COLETIVA N.º 114/2024 AO PROJETO DE LEI ORDINÁRIA N.º 170/2024,,Carlos Moura - Magrão,https://www.pindamonhangaba.sp.leg.br/proposicoes/0/0/0/0/128861#pesquisa
2024-11-12 21:07:51,EMENDA IMPOSITIVA COLETIVA N.º 113/2024 AO PROJETO DE LEI ORDINÁRIA N.º 170/2024,,Carlos Moura - Magrão,https://www.pindamonhangaba.sp.leg.br/proposicoes/0/0/0/0/128862#pesquisa
2024-11-12 21:07:28,EMENDA IMPOSITIVA COLETIVA N.º 112/2024 AO PROJETO DE LEI ORDINÁRIA N.º 170/2024,,Carlos Moura - Magrão,https://www.pindamonhangaba.sp.leg.br/proposicoes/0/0/0/0/128864#pesquisa
2024-11-12 21:07:12,EMENDA IMPOSITIVA COLETIVA N.º 111/2024 AO PROJETO DE LEI ORDINÁRIA N.º 170/2024,,Carlos Moura - Magrão,https://www.pindamonhangaba.sp.leg.br/proposicoes/0/0/0/0/128868#pesquisa
2024-11-12 21:06:58,EMENDA IMPOSITIVA COLETIVA N.º 110/2024 AO PROJETO DE LEI ORDINÁRIA N.º 170/2024,,Carlos Moura - Magrão,https://www.pindamonhangaba.sp.leg.br/proposicoes/0/0/0/0/128871#pesquisa
2024-11-12 21:06:42,EMENDA IMPOSITIVA COLETIVA N.º 109/2024 AO PROJETO DE LEI ORDINÁRIA N.º 170/2024,,Carlos Moura - Magrão,https://www.pindamonhangaba.sp.leg.br/proposicoes/0/0/0/0/128878#pesquisa
2024-11-12 21:06:25,EMENDA IMPOSITIVA COLETIVA N.º 108/2024 AO PROJETO DE LEI ORDINÁRIA N.º 170/2024,,Carlos Moura - Magrão,https://www.pindamonhangaba.sp.leg.br/proposicoes/0/0/0/0/128880#pesquisa
2024-11-12 21:06:09,EMENDA IMPOSITIVA COLETIVA N.º 107/2024 AO PROJETO DE LEI ORDINÁRIA N.º 170/2024,,Carlos Moura - Magrão,https://www.pindamonhangaba.sp.leg.br/proposicoes/0/0/0/0/128881#pesquisa
2024-11-12 21:05:53,EMENDA IMPOSITIVA COLETIVA N.º 106/2024 AO PROJETO DE LEI ORDINÁRIA N.º 170/2024,,Carlos Moura - Magrão,https://www.pindamonhangaba.sp.leg.br/proposicoes/0/0/0/0/128885#pesquisa
2024-11-12 21:05:36,EMENDA IMPOSITIVA COLETIVA N.º 105/2024 AO PROJETO DE LEI ORDINÁRIA N.º 170/2024,,Carlos Moura - Magrão,https://www.pindamonhangaba.sp.leg.br/proposicoes/0/0/0/0/128887#pesquisa
2024-11-12 21:05:22,EMENDA IMPOSITIVA COLETIVA N.º 104/2024 AO PROJETO DE LEI ORDINÁRIA N.º 170/2024,,Carlos Moura - Magrão,https://www.pindamonhangaba.sp.leg.br/proposicoes/0/0/0/0/128889#pesquisa
2024-11-12 21:05:05,EMENDA IMPOSITIVA COLETIVA N.º 103/2024 AO PROJETO DE LEI ORDINÁRIA N.º 170/2024,,Carlos Moura - Magrão,https://www.pindamonhangaba.sp.leg.br/proposicoes/0/0/0/0/128892#pesquisa
2024-11-12 21:04:51,EMENDA IMPOSITIVA COLETIVA N.º 102/2024 AO PROJETO DE LEI ORDINÁRIA N.º 170/2024,,Carlos Moura - Magrão,https://www.pindamonhangaba.sp.leg.br/proposicoes/0/0/0/0/128894#pesquisa
2024-11-12 21:04:34,EMENDA IMPOSITIVA COLETIVA N.º 101/2024 AO PROJETO DE LEI ORDINÁRIA N.º 170/2024,,Carlos Moura - Magrão,https://www.pindamonhangaba.sp.leg.br/proposicoes/0/0/0/0/128896#pesquisa
2024-11-12 21:04:17,EMENDA IMPOSITIVA COLETIVA N.º 100/2024 AO PROJETO DE LEI ORDINÁRIA N.º 170/2024,,Carlos Moura - Magrão,https://www.pindamonhangaba.sp.leg.br/proposicoes/0/0/0/0/128898#pesquisa
2024-11-12 21:04:01,EMENDA IMPOSITIVA COLETIVA N.º 099/2024 AO PROJETO DE LEI ORDINÁRIA N.º 170/2024,,Carlos Moura - Magrão,https://www.pindamonhangaba.sp.leg.br/proposicoes/0/0/0/0/128900#pesquisa
2024-11-12 21:03:42,EMENDA IMPOSITIVA COLETIVA N.º 098/2024 AO PROJETO DE LEI ORDINÁRIA N.º 170/2024,,Carlos Moura - Magrão,https://www.pindamonhangaba.sp.leg.br/proposicoes/0/0/0/0/128902#pesquisa
2024-11-12 21:03:28,EMENDA IMPOSITIVA COLETIVA N.º 097/2024 AO PROJETO DE LEI ORDINÁRIA N.º 170/2024,,Carlos Moura - Magrão,https://www.pindamonhangaba.sp.leg.br/proposicoes/0/0/0/0/128903#pesquisa
2024-11-12 21:03:12,EMENDA IMPOSITIVA COLETIVA N.º 096/2024 AO PROJETO DE LEI ORDINÁRIA N.º 170/2024,,Carlos Moura - Magrão,https://www.pindamonhangaba.sp.leg.br/proposicoes/0/0/0/0/128905#pesquisa
2024-11-12 21:02:55,EMENDA IMPOSITIVA COLETIVA N.º 095/2024 AO PROJETO DE LEI ORDINÁRIA N.º 170/2024,,Carlos Moura - Magrão,https://www.pindamonhangaba.sp.leg.br/proposicoes/0/0/0/0/128908#pesquisa
2024-11-12 21:02:34,EMENDA IMPOSITIVA COLETIVA N.º 094/2024 AO PROJETO DE LEI ORDINÁRIA N.º 170/2024,,Carlos Moura - Magrão,https://www.pindamonhangaba.sp.leg.br/proposicoes/0/0/0/0/128910#pesquisa
2024-11-12 21:02:20,EMENDA IMPOSITIVA COLETIVA N.º 093/2024 AO PROJETO DE LEI ORDINÁRIA N.º 170/2024,,Carlos Moura - Magrão,https://www.pindamonhangaba.sp.leg.br/proposicoes/0/0/0/0/128916#pesquisa
2024-11-12 21:02:04,EMENDA IMPOSITIVA COLETIVA N.º 092/2024 AO PROJETO DE LEI ORDINÁRIA N.º 170/2024,,Carlos Moura - Magrão,https://www.pindamonhangaba.sp.leg.br/proposicoes/0/0/0/0/128914#pesquisa
2024-11-12 21:01:45,EMENDA IMPOSITIVA COLETIVA N.º 091/2024 AO PROJETO DE LEI ORDINÁRIA N.º 170/2024,,Carlos Moura - Magrão,https://www.pindamonhangaba.sp.leg.br/proposicoes/0/0/0/0/128917#pesquisa
2024-11-12 21:01:30,EMENDA IMPOSITIVA COLETIVA N.º 090/2024 AO PROJETO DE LEI ORDINÁRIA N.º 170/2024,,Carlos Moura - Magrão,https://www.pindamonhangaba.sp.leg.br/proposicoes/0/0/0/0/128921#pesquisa
2024-11-12 21:01:14,EMENDA IMPOSITIVA COLETIVA N.º 089/2024 AO PROJETO DE LEI ORDINÁRIA N.º 170/2024,,Carlos Moura - Magrão,https://www.pindamonhangaba.sp.leg.br/proposicoes/0/0/0/0/128923#pesquisa
2024-11-12 21:00:59,EMENDA IMPOSITIVA COLETIVA N.º 088/2024 AO PROJETO DE LEI ORDINÁRIA N.º 170/2024,,Carlos Moura - Magrão,https://www.pindamonhangaba.sp.leg.br/proposicoes/0/0/0/0/128925#pesquisa
2024-11-12 21:00:38,EMENDA IMPOSITIVA COLETIVA N.º 087/2024 AO PROJETO DE LEI ORDINÁRIA N.º 170/2024,,Carlos Moura - Magrão,https://www.pindamonhangaba.sp.leg.br/proposicoes/0/0/0/0/128926#pesquisa
2024-11-12 21:00:21,EMENDA IMPOSITIVA COLETIVA N.º 086/2024 AO PROJETO DE LEI ORDINÁRIA N.º 170/2024,,Carlos Moura - Magrão,https://www.pindamonhangaba.sp.leg.br/proposicoes/0/0/0/0/128929#pesquisa
2024-11-12 21:00:04,EMENDA IMPOSITIVA COLETIVA N.º 085/2024 AO PROJETO DE LEI ORDINÁRIA N.º 170/2024,,Carlos Moura - Magrão,https://www.pindamonhangaba.sp.leg.br/proposicoes/0/0/0/0/128930#pesquisa
2024-11-12 20:59:47,EMENDA IMPOSITIVA COLETIVA N.º 084/2024 AO PROJETO DE LEI ORDINÁRIA N.º 170/2024,,Carlos Moura - Magrão,https://www.pindamonhangaba.sp.leg.br/proposicoes/0/0/0/0/128931#pesquisa
2024-11-12 20:59:30,EMENDA IMPOSITIVA COLETIVA N.º 083/2024 AO PROJETO DE LEI ORDINÁRIA N.º 170/2024,,Carlos Moura - Magrão,https://www.pindamonhangaba.sp.leg.br/proposicoes/0/0/0/0/128933#pesquisa
2024-11-12 20:59:13,EMENDA IMPOSITIVA COLETIVA N.º 082/2024 AO PROJETO DE LEI ORDINÁRIA N.º 170/2024,,Carlos Moura - Magrão,https://www.pindamonhangaba.sp.leg.br/proposicoes/0/0/0/0/128937#pesquisa
2024-11-12 20:58:56,EMENDA IMPOSITIVA COLETIVA N.º 081/2024 AO PROJETO DE LEI ORDINÁRIA N.º 170/2024,,Carlos Moura - Magrão,https://www.pindamonhangaba.sp.leg.br/proposicoes/0/0/0/0/128946#pesquisa
2024-11-12 20:58:41,EMENDA IMPOSITIVA COLETIVA N.º 080/2024 AO PROJETO DE LEI ORDINÁRIA N.º 170/2024,,Carlos Moura - Magrão,https://www.pindamonhangaba.sp.leg.br/proposicoes/0/0/0/0/128943#pesquisa
2024-11-12 20:58:21,EMENDA IMPOSITIVA COLETIVA N.º 079/2024 AO PROJETO DE LEI ORDINÁRIA N.º 170/2024,,Carlos Moura - Magrão,https://www.pindamonhangaba.sp.leg.br/proposicoes/0/0/0/0/128941#pesquisa
2024-11-12 20:58:03,EMENDA IMPOSITIVA COLETIVA N.º 078/2024 AO PROJETO DE LEI ORDINÁRIA N.º 170/2024,,Carlos Moura - Magrão,https://www.pindamonhangaba.sp.leg.br/proposicoes/0/0/0/0/128938#pesquisa
2024-11-12 20:57:46,EMENDA IMPOSITIVA COLETIVA N.º 077/2024 AO PROJETO DE LEI ORDINÁRIA N.º 170/2024,,Carlos Moura - Magrão,https://www.pindamonhangaba.sp.leg.br/proposicoes/0/0/0/0/128949#pesquisa
2024-11-12 20:57:32,EMENDA IMPOSITIVA COLETIVA N.º 076/2024 AO PROJETO DE LEI ORDINÁRIA N.º 170/2024,,Carlos Moura - Magrão,https://www.pindamonhangaba.sp.leg.br/proposicoes/0/0/0/0/128948#pesquisa
2024-11-12 20:57:17,EMENDA IMPOSITIVA COLETIVA N.º 075/2024 AO PROJETO DE LEI ORDINÁRIA N.º 170/2024,,Carlos Moura - Magrão,https://www.pindamonhangaba.sp.leg.br/proposicoes/0/0/0/0/128951#pesquisa
2024-11-12 20:56:55,EMENDA IMPOSITIVA COLETIVA N.º 074/2024 AO PROJETO DE LEI ORDINÁRIA N.º 170/2024,,Carlos Moura - Magrão,https://www.pindamonhangaba.sp.leg.br/proposicoes/0/0/0/0/128953#pesquisa
2024-11-12 20:56:34,EMENDA IMPOSITIVA COLETIVA N.º 073/2024 AO PROJETO DE LEI ORDINÁRIA N.º 170/2024,,Carlos Moura - Magrão,https://www.pindamonhangaba.sp.leg.br/proposicoes/0/0/0/0/128955#pesquisa
2024-11-12 20:56:18,EMENDA IMPOSITIVA COLETIVA N.º 072/2024 AO PROJETO DE LEI ORDINÁRIA N.º 170/2024,,Carlos Moura - Magrão,https://www.pindamonhangaba.sp.leg.br/proposicoes/0/0/0/0/128964#pesquisa
2024-11-12 20:56:03,EMENDA IMPOSITIVA COLETIVA N.º 071/2024 AO PROJETO DE LEI ORDINÁRIA N.º 170/2024,,Carlos Moura - Magrão,https://www.pindamonhangaba.sp.leg.br/proposicoes/0/0/0/0/128961#pesquisa
2024-11-12 20:55:41,EMENDA IMPOSITIVA COLETIVA N.º 070/2024 AO PROJETO DE LEI ORDINÁRIA N.º 170/2024,,Carlos Moura - Magrão,https://www.pindamonhangaba.sp.leg.br/proposicoes/0/0/0/0/128959#pesquisa
2024-11-12 20:55:20,EMENDA IMPOSITIVA COLETIVA N.º 069/2024 AO PROJETO DE LEI ORDINÁRIA N.º 170/2024,,Carlos Moura - Magrão,https://www.pindamonhangaba.sp.leg.br/proposicoes/0/0/0/0/128824#pesquisa
2024-11-12 20:54:57,EMENDA IMPOSITIVA INDIVIDUAL N.º 187/2024 AO PROJETO DE LEI ORDINÁRIA N.º 170/2024,,Carlos Moura - Magrão,https://www.pindamonhangaba.sp.leg.br/proposicoes/0/0/0/0/128692#pesquisa
2024-11-12 20:54:40,EMENDA IMPOSITIVA INDIVIDUAL N.º 186/2024 AO PROJETO DE LEI ORDINÁRIA N.º 170/2024,,Carlos Moura - Magrão,https://www.pindamonhangaba.sp.leg.br/proposicoes/0/0/0/0/128691#pesquisa
2024-11-12 20:54:24,EMENDA IMPOSITIVA INDIVIDUAL N.º 185/2024 AO PROJETO DE LEI ORDINÁRIA N.º 170/2024,,Carlos Moura - Magrão,https://www.pindamonhangaba.sp.leg.br/proposicoes/0/0/0/0/128689#pesquisa
2024-11-12 20:54:09,EMENDA IMPOSITIVA INDIVIDUAL N.º 184/2024 AO PROJETO DE LEI ORDINÁRIA N.º 170/2024,,Carlos Moura - Magrão,https://www.pindamonhangaba.sp.leg.br/proposicoes/0/0/0/0/128688#pesquisa
2024-11-12 20:53:50,EMENDA IMPOSITIVA INDIVIDUAL N.º 183/2024 AO PROJETO DE LEI ORDINÁRIA N.º 170/2024,,Carlos Moura - Magrão,https://www.pindamonhangaba.sp.leg.br/proposicoes/0/0/0/0/128686#pesquisa
2024-11-12 20:53:36,EMENDA IMPOSITIVA INDIVIDUAL N.º 182/2024 AO PROJETO DE LEI ORDINÁRIA N.º 170/2024,,Carlos Moura - Magrão,https://www.pindamonhangaba.sp.leg.br/proposicoes/0/0/0/0/128685#pesquisa
2024-11-12 20:53:22,EMENDA IMPOSITIVA INDIVIDUAL N.º 181/2024 AO PROJETO DE LEI ORDINÁRIA N.º 170/2024,,Carlos Moura - Magrão,https://www.pindamonhangaba.sp.leg.br/proposicoes/0/0/0/0/128708#pesquisa
2024-11-12 20:52:58,EMENDA IMPOSITIVA INDIVIDUAL N.º 180/2024 AO PROJETO DE LEI ORDINÁRIA N.º 170/2024,,Carlos Moura - Magrão,https://www.pindamonhangaba.sp.leg.br/proposicoes/0/0/0/0/128707#pesquisa
2024-11-12 20:52:38,EMENDA IMPOSITIVA INDIVIDUAL N.º 179/2024 AO PROJETO DE LEI ORDINÁRIA N.º 170/2024,,Carlos Moura - Magrão,https://www.pindamonhangaba.sp.leg.br/proposicoes/0/0/0/0/128706#pesquisa
2024-11-12 20:52:22,EMENDA IMPOSITIVA INDIVIDUAL N.º 178/2024 AO PROJETO DE LEI ORDINÁRIA N.º 170/2024,,Carlos Moura - Magrão,https://www.pindamonhangaba.sp.leg.br/proposicoes/0/0/0/0/128704#pesquisa
2024-11-12 20:52:07,EMENDA IMPOSITIVA INDIVIDUAL N.º 177/2024 AO PROJETO DE LEI ORDINÁRIA N.º 170/2024,,Carlos Moura - Magrão,https://www.pindamonhangaba.sp.leg.br/proposicoes/0/0/0/0/128702#pesquisa
2024-11-12 20:51:52,EMENDA IMPOSITIVA INDIVIDUAL N.º 176/2024 AO PROJETO DE LEI ORDINÁRIA N.º 170/2024,,Carlos Moura - Magrão,https://www.pindamonhangaba.sp.leg.br/proposicoes/0/0/0/0/128700#pesquisa
2024-11-12 20:51:36,EMENDA IMPOSITIVA INDIVIDUAL N.º 175/2024 AO PROJETO DE LEI ORDINÁRIA N.º 170/2024,,Carlos Moura - Magrão,https://www.pindamonhangaba.sp.leg.br/proposicoes/0/0/0/0/128699#pesquisa
2024-11-12 20:51:20,EMENDA IMPOSITIVA INDIVIDUAL N.º 174/2024 AO PROJETO DE LEI ORDINÁRIA N.º 170/2024,,Carlos Moura - Magrão,https://www.pindamonhangaba.sp.leg.br/proposicoes/0/0/0/0/128698#pesquisa
2024-11-12 20:50:59,EMENDA IMPOSITIVA INDIVIDUAL N.º 173/2024 AO PROJETO DE LEI ORDINÁRIA N.º 170/2024,,Carlos Moura - Magrão,https://www.pindamonhangaba.sp.leg.br/proposicoes/0/0/0/0/128695#pesquisa
2024-11-12 20:50:40,EMENDA IMPOSITIVA INDIVIDUAL N.º 172/2024 AO PROJETO DE LEI ORDINÁRIA N.º 170/2024,,Carlos Moura - Magrão,https://www.pindamonhangaba.sp.leg.br/proposicoes/0/0/0/0/128694#pesquisa
2024-11-12 20:50:23,EMENDA IMPOSITIVA INDIVIDUAL N.º 171/2024 AO PROJETO DE LEI ORDINÁRIA N.º 170/2024,,Carlos Moura - Magrão,https://www.pindamonhangaba.sp.leg.br/proposicoes/0/0/0/0/128693#pesquisa
2024-11-12 20:49:24,EMENDA IMPOSITIVA INDIVIDUAL N.º 170/2024 AO PROJETO DE LEI ORDINÁRIA N.º 170/2024,,Carlos Moura - Magrão,https://www.pindamonhangaba.sp.leg.br/proposicoes/0/0/0/0/128710#pesquisa
2024-11-12 20:48:51,EMENDA IMPOSITIVA INDIVIDUAL N.º 169/2024 AO PROJETO DE LEI ORDINÁRIA N.º 170/2024,,Carlos Moura - Magrão,https://www.pindamonhangaba.sp.leg.br/proposicoes/0/0/0/0/128711#pesquisa
2024-11-12 20:48:32,EMENDA IMPOSITIVA INDIVIDUAL N.º 168/2024 AO PROJETO DE LEI ORDINÁRIA N.º 170/2024,,Carlos Moura - Magrão,https://www.pindamonhangaba.sp.leg.br/proposicoes/0/0/0/0/128713#pesquisa
2024-11-12 20:48:13,EMENDA IMPOSITIVA INDIVIDUAL N.º 167/2024 AO PROJETO DE LEI ORDINÁRIA N.º 170/2024,,Carlos Moura - Magrão,https://www.pindamonhangaba.sp.leg.br/proposicoes/0/0/0/0/128715#pesquisa
2024-11-12 20:47:56,EMENDA IMPOSITIVA INDIVIDUAL N.º 166/2024 AO PROJETO DE LEI ORDINÁRIA N.º 170/2024,,Carlos Moura - Magrão,https://www.pindamonhangaba.sp.leg.br/proposicoes/0/0/0/0/128719#pesquisa
2024-11-12 20:47:40,EMENDA IMPOSITIVA INDIVIDUAL N.º 165/2024 AO PROJETO DE LEI ORDINÁRIA N.º 170/2024,,Carlos Moura - Magrão,https://www.pindamonhangaba.sp.leg.br/proposicoes/0/0/0/0/128721#pesquisa
2024-11-12 20:47:21,EMENDA IMPOSITIVA INDIVIDUAL N.º 164/2024 AO PROJETO DE LEI ORDINÁRIA N.º 170/2024,,Carlos Moura - Magrão,https://www.pindamonhangaba.sp.leg.br/proposicoes/0/0/0/0/128724#pesquisa
2024-11-12 20:47:04,EMENDA IMPOSITIVA INDIVIDUAL N.º 163/2024 AO PROJETO DE LEI ORDINÁRIA N.º 170/2024,,Carlos Moura - Magrão,https://www.pindamonhangaba.sp.leg.br/proposicoes/0/0/0/0/128727#pesquisa
2024-11-12 20:46:47,EMENDA IMPOSITIVA INDIVIDUAL N.º 162/2024 AO PROJETO DE LEI ORDINÁRIA N.º 170/2024,,Carlos Moura - Magrão,https://www.pindamonhangaba.sp.leg.br/proposicoes/0/0/0/0/128730#pesquisa
2024-11-12 20:46:31,EMENDA IMPOSITIVA INDIVIDUAL N.º 161/2024 AO PROJETO DE LEI ORDINÁRIA N.º 170/2024,,Carlos Moura - Magrão,https://www.pindamonhangaba.sp.leg.br/proposicoes/0/0/0/0/128734#pesquisa
2024-11-12 20:46:11,EMENDA IMPOSITIVA INDIVIDUAL N.º 160/2024 AO PROJETO DE LEI ORDINÁRIA N.º 170/2024,,Carlos Moura - Magrão,https://www.pindamonhangaba.sp.leg.br/proposicoes/0/0/0/0/128735#pesquisa
2024-11-12 20:45:53,EMENDA IMPOSITIVA INDIVIDUAL N.º 159/2024 AO PROJETO DE LEI ORDINÁRIA N.º 170/2024,,Carlos Moura - Magrão,https://www.pindamonhangaba.sp.leg.br/proposicoes/0/0/0/0/128744#pesquisa
2024-11-12 20:45:37,EMENDA IMPOSITIVA INDIVIDUAL N.º 158/2024 AO PROJETO DE LEI ORDINÁRIA N.º 170/2024,,Carlos Moura - Magrão,https://www.pindamonhangaba.sp.leg.br/proposicoes/0/0/0/0/128747#pesquisa
2024-11-12 20:45:12,EMENDA IMPOSITIVA INDIVIDUAL N.º 157/2024 AO PROJETO DE LEI ORDINÁRIA N.º 170/2024,,Carlos Moura - Magrão,https://www.pindamonhangaba.sp.leg.br/proposicoes/0/0/0/0/128753#pesquisa
2024-11-12 20:44:54,EMENDA IMPOSITIVA INDIVIDUAL N.º 156/2024 AO PROJETO DE LEI ORDINÁRIA N.º 170/2024,,Carlos Moura - Magrão,https://www.pindamonhangaba.sp.leg.br/proposicoes/0/0/0/0/128754#pesquisa
2024-11-12 20:44:31,EMENDA IMPOSITIVA INDIVIDUAL N.º 155/2024 AO PROJETO DE LEI ORDINÁRIA N.º 170/2024,,Carlos Moura - Magrão,https://www.pindamonhangaba.sp.leg.br/proposicoes/0/0/0/0/128755#pesquisa
2024-11-12 20:44:14,EMENDA IMPOSITIVA INDIVIDUAL N.º 154/2024 AO PROJETO DE LEI ORDINÁRIA N.º 170/2024,,Carlos Moura - Magrão,https://www.pindamonhangaba.sp.leg.br/proposicoes/0/0/0/0/128756#pesquisa
2024-11-12 20:43:47,EMENDA IMPOSITIVA INDIVIDUAL N.º 153/2024 AO PROJETO DE LEI ORDINÁRIA N.º 170/2024,,Carlos Moura - Magrão,https://www.pindamonhangaba.sp.leg.br/proposicoes/0/0/0/0/128757#pesquisa
2024-11-12 20:43:30,EMENDA IMPOSITIVA INDIVIDUAL N.º 152/2024 AO PROJETO DE LEI ORDINÁRIA N.º 170/2024,,Carlos Moura - Magrão,https://www.pindamonhangaba.sp.leg.br/proposicoes/0/0/0/0/128759#pesquisa
2024-11-12 20:43:08,EMENDA IMPOSITIVA INDIVIDUAL N.º 151/2024 AO PROJETO DE LEI ORDINÁRIA N.º 170/2024,,Carlos Moura - Magrão,https://www.pindamonhangaba.sp.leg.br/proposicoes/0/0/0/0/128791#pesquisa
2024-11-12 20:42:47,EMENDA IMPOSITIVA INDIVIDUAL N.º 150/2024 AO PROJETO DE LEI ORDINÁRIA N.º 170/2024,,Carlos Moura - Magrão,https://www.pindamonhangaba.sp.leg.br/proposicoes/0/0/0/0/128793#pesquisa
2024-11-12 20:42:28,EMENDA IMPOSITIVA INDIVIDUAL N.º 149/2024 AO PROJETO DE LEI ORDINÁRIA N.º 170/2024,,Carlos Moura - Magrão,https://www.pindamonhangaba.sp.leg.br/proposicoes/0/0/0/0/128795#pesquisa
2024-11-12 20:42:07,EMENDA IMPOSITIVA INDIVIDUAL N.º 148/2024 AO PROJETO DE LEI ORDINÁRIA N.º 170/2024,,Carlos Moura - Magrão,https://www.pindamonhangaba.sp.leg.br/proposicoes/0/0/0/0/128798#pesquisa
2024-11-12 20:41:50,EMENDA IMPOSITIVA INDIVIDUAL N.º 147/2024 AO PROJETO DE LEI ORDINÁRIA N.º 170/2024,,Carlos Moura - Magrão,https://www.pindamonhangaba.sp.leg.br/proposicoes/0/0/0/0/128801#pesquisa
2024-11-12 20:41:35,EMENDA IMPOSITIVA INDIVIDUAL N.º 146/2024 AO PROJETO DE LEI ORDINÁRIA N.º 170/2024,,Carlos Moura - Magrão,https://www.pindamonhangaba.sp.leg.br/proposicoes/0/0/0/0/128802#pesquisa
2024-11-12 20:41:17,EMENDA IMPOSITIVA INDIVIDUAL N.º 145/2024 AO PROJETO DE LEI ORDINÁRIA N.º 170/2024,,Carlos Moura - Magrão,https://www.pindamonhangaba.sp.leg.br/proposicoes/0/0/0/0/128806#pesquisa
2024-11-12 20:41:00,EMENDA IMPOSITIVA INDIVIDUAL N.º 144/2024 AO PROJETO DE LEI ORDINÁRIA N.º 170/2024,,Carlos Moura - Magrão,https://www.pindamonhangaba.sp.leg.br/proposicoes/0/0/0/0/128815#pesquisa
2024-11-12 20:40:33,EMENDA IMPOSITIVA INDIVIDUAL N.º 143/2024 AO PROJETO DE LEI ORDINÁRIA N.º 170/2024,,Carlos Moura - Magrão,https://www.pindamonhangaba.sp.leg.br/proposicoes/0/0/0/0/128826#pesquisa
2024-11-12 20:39:35,EMENDA IMPOSITIVA INDIVIDUAL N.º 142/2024 AO PROJETO DE LEI ORDINÁRIA N.º 170/2024,,Carlos Moura - Magrão,https://www.pindamonhangaba.sp.leg.br/proposicoes/0/0/0/0/128832#pesquisa
2024-11-12 20:39:20,EMENDA IMPOSITIVA INDIVIDUAL N.º 141/2024 AO PROJETO DE LEI ORDINÁRIA N.º 170/2024,,Carlos Moura - Magrão,https://www.pindamonhangaba.sp.leg.br/proposicoes/0/0/0/0/128836#pesquisa
2024-11-12 20:38:56,EMENDA IMPOSITIVA INDIVIDUAL N.º 140/2024 AO PROJETO DE LEI ORDINÁRIA N.º 170/2024,,Carlos Moura - Magrão,https://www.pindamonhangaba.sp.leg.br/proposicoes/0/0/0/0/128847#pesquisa
2024-11-12 20:38:07,EMENDA IMPOSITIVA COLETIVA N.º 068/2024 AO PROJETO DE LEI ORDINÁRIA N.º 170/2024,,Professor Felipe Guimarães,https://www.pindamonhangaba.sp.leg.br/proposicoes/0/0/0/0/128979#pesquisa
2024-11-12 20:37:34,EMENDA IMPOSITIVA INDIVIDUAL N.º 139/2024 AO PROJETO DE LEI ORDINÁRIA N.º 170/2024,,Carlos Moura - Magrão,https://www.pindamonhangaba.sp.leg.br/proposicoes/0/0/0/0/128854#pesquisa
2024-11-12 20:37:06,EMENDA IMPOSITIVA INDIVIDUAL N.º 138/2024 AO PROJETO DE LEI ORDINÁRIA N.º 170/2024,,Carlos Moura - Magrão,https://www.pindamonhangaba.sp.leg.br/proposicoes/0/0/0/0/128865#pesquisa
2024-11-12 20:36:40,EMENDA IMPOSITIVA INDIVIDUAL N.º 137/2024 AO PROJETO DE LEI ORDINÁRIA N.º 170/2024,,Carlos Moura - Magrão,https://www.pindamonhangaba.sp.leg.br/proposicoes/0/0/0/0/128879#pesquisa
2024-11-12 20:36:17,EMENDA IMPOSITIVA INDIVIDUAL N.º 136/2024 AO PROJETO DE LEI ORDINÁRIA N.º 170/2024,,Carlos Moura - Magrão,https://www.pindamonhangaba.sp.leg.br/proposicoes/0/0/0/0/128883#pesquisa
2024-11-12 20:35:59,EMENDA IMPOSITIVA INDIVIDUAL N.º 135/2024 AO PROJETO DE LEI ORDINÁRIA N.º 170/2024,,Carlos Moura - Magrão,https://www.pindamonhangaba.sp.leg.br/proposicoes/0/0/0/0/128888#pesquisa
2024-11-12 20:35:37,EMENDA IMPOSITIVA INDIVIDUAL N.º 134/2024 AO PROJETO DE LEI ORDINÁRIA N.º 170/2024,,Carlos Moura - Magrão,https://www.pindamonhangaba.sp.leg.br/proposicoes/0/0/0/0/128893#pesquisa
2024-11-12 20:35:19,EMENDA IMPOSITIVA INDIVIDUAL N.º 133/2024 AO PROJETO DE LEI ORDINÁRIA N.º 170/2024,,Carlos Moura - Magrão,https://www.pindamonhangaba.sp.leg.br/proposicoes/0/0/0/0/128901#pesquisa
2024-11-12 20:34:57,EMENDA IMPOSITIVA INDIVIDUAL N.º 132/2024 AO PROJETO DE LEI ORDINÁRIA N.º 170/2024,,Carlos Moura - Magrão,https://www.pindamonhangaba.sp.leg.br/proposicoes/0/0/0/0/128906#pesquisa
2024-11-12 20:34:31,EMENDA IMPOSITIVA INDIVIDUAL N.º 131/2024 AO PROJETO DE LEI ORDINÁRIA N.º 170/2024,,Renato Cebola,https://www.pindamonhangaba.sp.leg.br/proposicoes/0/0/0/0/128990#pesquisa
2024-11-12 20:34:11,EMENDA IMPOSITIVA INDIVIDUAL N.º 130/2024 AO PROJETO DE LEI ORDINÁRIA N.º 170/2024,,Renato Cebola,https://www.pindamonhangaba.sp.leg.br/proposicoes/0/0/0/0/128988#pesquisa
2024-11-12 20:33:48,EMENDA IMPOSITIVA INDIVIDUAL N.º 129/2024 AO PROJETO DE LEI ORDINÁRIA N.º 170/2024,,Gilson Nagrin,https://www.pindamonhangaba.sp.leg.br/proposicoes/0/0/0/0/128982#pesquisa
2024-11-12 20:33:30,EMENDA IMPOSITIVA COLETIVA N.º 067/2024 AO PROJETO DE LEI ORDINÁRIA N.º 170/2024,,Gilson Nagrin,https://www.pindamonhangaba.sp.leg.br/proposicoes/0/0/0/0/128554#pesquisa
2024-11-12 20:32:30,EMENDA IMPOSITIVA COLETIVA N.º 066/2024 AO PROJETO DE LEI ORDINÁRIA N.º 170/2024,,Gilson Nagrin,https://www.pindamonhangaba.sp.leg.br/proposicoes/0/0/0/0/128555#pesquisa
2024-11-12 20:31:58,EMENDA IMPOSITIVA COLETIVA N.º 065/2024 AO PROJETO DE LEI ORDINÁRIA N.º 170/2024,,Gilson Nagrin,https://www.pindamonhangaba.sp.leg.br/proposicoes/0/0/0/0/128557#pesquisa
2024-11-12 20:31:37,EMENDA IMPOSITIVA COLETIVA N.º 064/2024 AO PROJETO DE LEI ORDINÁRIA N.º 170/2024,,Gilson Nagrin,https://www.pindamonhangaba.sp.leg.br/proposicoes/0/0/0/0/128558#pesquisa
2024-11-12 20:30:45,EMENDA IMPOSITIVA COLETIVA N.º 063/2024 AO PROJETO DE LEI ORDINÁRIA N.º 170/2024,,Gilson Nagrin,https://www.pindamonhangaba.sp.leg.br/proposicoes/0/0/0/0/128559#pesquisa
2024-11-12 20:30:26,EMENDA IMPOSITIVA COLETIVA N.º 062/2024 AO PROJETO DE LEI ORDINÁRIA N.º 170/2024,,Gilson Nagrin,https://www.pindamonhangaba.sp.leg.br/proposicoes/0/0/0/0/128562#pesquisa
2024-11-12 20:29:32,EMENDA IMPOSITIVA COLETIVA N.º 061/2024 AO PROJETO DE LEI ORDINÁRIA N.º 170/2024,,Gilson Nagrin,https://www.pindamonhangaba.sp.leg.br/proposicoes/0/0/0/0/128620#pesquisa
2024-11-12 20:29:09,EMENDA IMPOSITIVA COLETIVA N.º 060/2024 AO PROJETO DE LEI ORDINÁRIA N.º 170/2024,,Gilson Nagrin,https://www.pindamonhangaba.sp.leg.br/proposicoes/0/0/0/0/128612#pesquisa
2024-11-12 20:28:49,EMENDA IMPOSITIVA COLETIVA N.º 059/2024 AO PROJETO DE LEI ORDINÁRIA N.º 170/2024,,Gilson Nagrin,https://www.pindamonhangaba.sp.leg.br/proposicoes/0/0/0/0/128622#pesquisa
2024-11-12 20:28:19,EMENDA IMPOSITIVA COLETIVA N.º 058/2024 AO PROJETO DE LEI ORDINÁRIA N.º 170/2024,,Gilson Nagrin,https://www.pindamonhangaba.sp.leg.br/proposicoes/0/0/0/0/128623#pesquisa
2024-11-12 20:27:54,EMENDA IMPOSITIVA COLETIVA N.º 057/2024 AO PROJETO DE LEI ORDINÁRIA N.º 170/2024,,Gilson Nagrin,https://www.pindamonhangaba.sp.leg.br/proposicoes/0/0/0/0/128630#pesquisa
2024-11-12 20:27:29,EMENDA IMPOSITIVA COLETIVA N.º 056/2024 AO PROJETO DE LEI ORDINÁRIA N.º 170/2024,,Gilson Nagrin,https://www.pindamonhangaba.sp.leg.br/proposicoes/0/0/0/0/128635#pesquisa
2024-11-12 20:26:44,EMENDA IMPOSITIVA COLETIVA N.º 055/2024 AO PROJETO DE LEI ORDINÁRIA N.º 170/2024,,Gilson Nagrin,https://www.pindamonhangaba.sp.leg.br/proposicoes/0/0/0/0/128639#pesquisa
2024-11-12 20:26:19,EMENDA IMPOSITIVA COLETIVA N.º 054/2024 AO PROJETO DE LEI ORDINÁRIA N.º 170/2024,,Gilson Nagrin,https://www.pindamonhangaba.sp.leg.br/proposicoes/0/0/0/0/128644#pesquisa
2024-11-12 20:25:58,EMENDA IMPOSITIVA COLETIVA N.º 053/2024 AO PROJETO DE LEI ORDINÁRIA N.º 170/2024,,Gilson Nagrin,https://www.pindamonhangaba.sp.leg.br/proposicoes/0/0/0/0/128645#pesquisa
2024-11-12 20:25:37,EMENDA IMPOSITIVA COLETIVA N.º 052/2024 AO PROJETO DE LEI ORDINÁRIA N.º 170/2024,,Gilson Nagrin,https://www.pindamonhangaba.sp.leg.br/proposicoes/0/0/0/0/128651#pesquisa
2024-11-12 20:25:16,EMENDA IMPOSITIVA COLETIVA N.º 051/2024 AO PROJETO DE LEI ORDINÁRIA N.º 170/2024,,Gilson Nagrin,https://www.pindamonhangaba.sp.leg.br/proposicoes/0/0/0/0/128653#pesquisa
2024-11-12 20:24:54,EMENDA IMPOSITIVA COLETIVA N.º 050/2024 AO PROJETO DE LEI ORDINÁRIA N.º 170/2024,,Gilson Nagrin,https://www.pindamonhangaba.sp.leg.br/proposicoes/0/0/0/0/128658#pesquisa
2024-11-12 20:24:31,EMENDA IMPOSITIVA COLETIVA N.º 049/2024 AO PROJETO DE LEI ORDINÁRIA N.º 170/2024,,Gilson Nagrin,https://www.pindamonhangaba.sp.leg.br/proposicoes/0/0/0/0/128664#pesquisa
2024-11-12 20:24:10,EMENDA IMPOSITIVA COLETIVA N.º 048/2024 AO PROJETO DE LEI ORDINÁRIA N.º 170/2024,,Gilson Nagrin,https://www.pindamonhangaba.sp.leg.br/proposicoes/0/0/0/0/128665#pesquisa
2024-11-12 20:23:50,EMENDA IMPOSITIVA COLETIVA N.º 047/2024 AO PROJETO DE LEI ORDINÁRIA N.º 170/2024,,Gilson Nagrin,https://www.pindamonhangaba.sp.leg.br/proposicoes/0/0/0/0/128739#pesquisa
2024-11-12 20:23:29,EMENDA IMPOSITIVA COLETIVA N.º 046/2024 AO PROJETO DE LEI ORDINÁRIA N.º 170/2024,,Gilson Nagrin,https://www.pindamonhangaba.sp.leg.br/proposicoes/0/0/0/0/128668#pesquisa
2024-11-12 20:22:55,EMENDA IMPOSITIVA COLETIVA N.º 045/2024 AO PROJETO DE LEI ORDINÁRIA N.º 170/2024,,Gilson Nagrin,https://www.pindamonhangaba.sp.leg.br/proposicoes/0/0/0/0/128743#pesquisa
2024-11-12 20:22:30,EMENDA IMPOSITIVA COLETIVA N.º 044/2024 AO PROJETO DE LEI ORDINÁRIA N.º 170/2024,,Gilson Nagrin,https://www.pindamonhangaba.sp.leg.br/proposicoes/0/0/0/0/128882#pesquisa
2024-11-12 20:22:04,EMENDA IMPOSITIVA COLETIVA N.º 043/2024 AO PROJETO DE LEI ORDINÁRIA N.º 170/2024,,Gilson Nagrin,https://www.pindamonhangaba.sp.leg.br/proposicoes/0/0/0/0/128907#pesquisa
2024-11-12 20:21:41,EMENDA IMPOSITIVA COLETIVA N.º 042/2024 AO PROJETO DE LEI ORDINÁRIA N.º 170/2024,,Gilson Nagrin,https://www.pindamonhangaba.sp.leg.br/proposicoes/0/0/0/0/128911#pesquisa
2024-11-12 20:21:10,EMENDA IMPOSITIVA INDIVIDUAL N.º 128/2024 AO PROJETO DE LEI ORDINÁRIA N.º 170/2024,,Gilson Nagrin; Marco Mayor; Regininha,https://www.pindamonhangaba.sp.leg.br/proposicoes/0/0/0/0/128922#pesquisa
2024-11-12 20:20:38,EMENDA IMPOSITIVA INDIVIDUAL N.º 127/2024 AO PROJETO DE LEI ORDINÁRIA N.º 170/2024,,Gilson Nagrin; Marco Mayor; Regininha,https://www.pindamonhangaba.sp.leg.br/proposicoes/0/0/0/0/128935#pesquisa
2024-11-12 20:20:14,EMENDA IMPOSITIVA INDIVIDUAL N.º 126/2024 AO PROJETO DE LEI ORDINÁRIA N.º 170/2024,,Gilson Nagrin; Marco Mayor; Regininha,https://www.pindamonhangaba.sp.leg.br/proposicoes/0/0/0/0/128950#pesquisa
2024-11-12 20:19:49,EMENDA IMPOSITIVA COLETIVA N.º 041/2024 AO PROJETO DE LEI ORDINÁRIA N.º 170/2024,,Gilson Nagrin,https://www.pindamonhangaba.sp.leg.br/proposicoes/0/0/0/0/128972#pesquisa
2024-11-12 20:19:29,EMENDA IMPOSITIVA INDIVIDUAL N.º 125/2024 AO PROJETO DE LEI ORDINÁRIA N.º 170/2024,,Gilson Nagrin,https://www.pindamonhangaba.sp.leg.br/proposicoes/0/0/0/0/128980#pesquisa
2024-11-12 20:19:07,EMENDA IMPOSITIVA COLETIVA N.º 040/2024 AO PROJETO DE LEI ORDINÁRIA N.º 170/2024,,Gilson Nagrin,https://www.pindamonhangaba.sp.leg.br/proposicoes/0/0/0/0/128973#pesquisa
2024-11-12 20:18:38,EMENDA IMPOSITIVA INDIVIDUAL N.º 124/2024 AO PROJETO DE LEI ORDINÁRIA N.º 170/2024,,Marco Mayor,https://www.pindamonhangaba.sp.leg.br/proposicoes/0/0/0/0/128978#pesquisa
2024-11-12 20:18:12,EMENDA IMPOSITIVA INDIVIDUAL N.º 123/2024 AO PROJETO DE LEI ORDINÁRIA N.º 170/2024,,Gilson Nagrin,https://www.pindamonhangaba.sp.leg.br/proposicoes/0/0/0/0/128968#pesquisa
2024-11-12 20:16:58,EMENDA IMPOSITIVA COLETIVA N.º 039/2024 AO PROJETO DE LEI ORDINÁRIA N.º 170/2024,,Renato Cebola,https://www.pindamonhangaba.sp.leg.br/proposicoes/0/0/0/0/128789#pesquisa
2024-11-12 20:16:33,EMENDA IMPOSITIVA COLETIVA N.º 038/2024 AO PROJETO DE LEI ORDINÁRIA N.º 170/2024,,Renato Cebola,https://www.pindamonhangaba.sp.leg.br/proposicoes/0/0/0/0/128787#pesquisa
2024-11-12 20:16:09,EMENDA IMPOSITIVA COLETIVA N.º 037/2024 AO PROJETO DE LEI ORDINÁRIA N.º 170/2024,,Renato Cebola,https://www.pindamonhangaba.sp.leg.br/proposicoes/0/0/0/0/128783#pesquisa
2024-11-12 20:15:49,EMENDA IMPOSITIVA COLETIVA N.º 036/2024 AO PROJETO DE LEI ORDINÁRIA N.º 170/2024,,Renato Cebola,https://www.pindamonhangaba.sp.leg.br/proposicoes/0/0/0/0/128799#pesquisa
2024-11-12 20:15:23,EMENDA IMPOSITIVA COLETIVA N.º 035/2024 AO PROJETO DE LEI ORDINÁRIA N.º 170/2024,,Renato Cebola,https://www.pindamonhangaba.sp.leg.br/proposicoes/0/0/0/0/128809#pesquisa
2024-11-12 20:15:01,EMENDA IMPOSITIVA COLETIVA N.º 034/2024 AO PROJETO DE LEI ORDINÁRIA N.º 170/2024,,Renato Cebola; Julinho Car,https://www.pindamonhangaba.sp.leg.br/proposicoes/0/0/0/0/128796#pesquisa
2024-11-12 20:14:38,EMENDA IMPOSITIVA COLETIVA N.º 033/2024 AO PROJETO DE LEI ORDINÁRIA N.º 170/2024,,Renato Cebola,https://www.pindamonhangaba.sp.leg.br/proposicoes/0/0/0/0/128816#pesquisa
2024-11-12 20:14:13,EMENDA IMPOSITIVA COLETIVA N.º 032/2024 AO PROJETO DE LEI ORDINÁRIA N.º 170/2024,,Renato Cebola,https://www.pindamonhangaba.sp.leg.br/proposicoes/0/0/0/0/128841#pesquisa
2024-11-12 20:13:52,EMENDA IMPOSITIVA COLETIVA N.º 031/2024 AO PROJETO DE LEI ORDINÁRIA N.º 170/2024,,Renato Cebola; Julinho Car,https://www.pindamonhangaba.sp.leg.br/proposicoes/0/0/0/0/128870#pesquisa
2024-11-12 20:13:23,EMENDA IMPOSITIVA COLETIVA N.º 030/2024 AO PROJETO DE LEI ORDINÁRIA N.º 170/2024,,Renato Cebola,https://www.pindamonhangaba.sp.leg.br/proposicoes/0/0/0/0/128835#pesquisa
2024-11-12 20:12:59,EMENDA IMPOSITIVA COLETIVA N.º 029/2024 AO PROJETO DE LEI ORDINÁRIA N.º 170/2024,,Renato Cebola,https://www.pindamonhangaba.sp.leg.br/proposicoes/0/0/0/0/128830#pesquisa
2024-11-12 20:12:37,EMENDA IMPOSITIVA COLETIVA N.º 028/2024 AO PROJETO DE LEI ORDINÁRIA N.º 170/2024,,Renato Cebola,https://www.pindamonhangaba.sp.leg.br/proposicoes/0/0/0/0/128794#pesquisa
2024-11-12 20:12:14,EMENDA IMPOSITIVA COLETIVA N.º 027/2024 AO PROJETO DE LEI ORDINÁRIA N.º 170/2024,,Renato Cebola,https://www.pindamonhangaba.sp.leg.br/proposicoes/0/0/0/0/128792#pesquisa
2024-11-12 20:11:54,EMENDA IMPOSITIVA COLETIVA N.º 026/2024 AO PROJETO DE LEI ORDINÁRIA N.º 170/2024,,Renato Cebola,https://www.pindamonhangaba.sp.leg.br/proposicoes/0/0/0/0/128778#pesquisa
2024-11-12 20:11:01,EMENDA IMPOSITIVA COLETIVA N.º 025/2024 AO PROJETO DE LEI ORDINÁRIA N.º 170/2024,,Renato Cebola,https://www.pindamonhangaba.sp.leg.br/proposicoes/0/0/0/0/128773#pesquisa
2024-11-12 20:10:29,EMENDA IMPOSITIVA INDIVIDUAL N.º 122/2024 AO PROJETO DE LEI ORDINÁRIA N.º 170/2024,,Gilson Nagrin,https://www.pindamonhangaba.sp.leg.br/proposicoes/0/0/0/0/128549#pesquisa
2024-11-12 20:09:45,EMENDA IMPOSITIVA INDIVIDUAL N.º 121/2024 AO PROJETO DE LEI ORDINÁRIA N.º 170/2024,,Gilson Nagrin,https://www.pindamonhangaba.sp.leg.br/proposicoes/0/0/0/0/128547#pesquisa
2024-11-12 20:09:21,EMENDA IMPOSITIVA INDIVIDUAL N.º 120/2024 AO PROJETO DE LEI ORDINÁRIA N.º 170/2024,,Gilson Nagrin,https://www.pindamonhangaba.sp.leg.br/proposicoes/0/0/0/0/128540#pesquisa
2024-11-12 20:08:57,EMENDA IMPOSITIVA INDIVIDUAL N.º 119/2024 AO PROJETO DE LEI ORDINÁRIA N.º 170/2024,,Gilson Nagrin,https://www.pindamonhangaba.sp.leg.br/proposicoes/0/0/0/0/128534#pesquisa
2024-11-12 20:08:31,EMENDA IMPOSITIVA INDIVIDUAL N.º 118/2024 AO PROJETO DE LEI ORDINÁRIA N.º 170/2024,,Gilson Nagrin,https://www.pindamonhangaba.sp.leg.br/proposicoes/0/0/0/0/128491#pesquisa
2024-11-12 20:08:08,EMENDA IMPOSITIVA INDIVIDUAL N.º 117/2024 AO PROJETO DE LEI ORDINÁRIA N.º 170/2024,,Gilson Nagrin,https://www.pindamonhangaba.sp.leg.br/proposicoes/0/0/0/0/128490#pesquisa
2024-11-12 20:07:28,EMENDA IMPOSITIVA COLETIVA N.º 024/2024 AO PROJETO DE LEI ORDINÁRIA N.º 170/2024,,Regininha; Marco Mayor; Gilson Nagrin,https://www.pindamonhangaba.sp.leg.br/proposicoes/0/0/0/0/128958#pesquisa
2024-11-12 20:07:06,EMENDA IMPOSITIVA INDIVIDUAL N.º 116/2024 AO PROJETO DE LEI ORDINÁRIA N.º 170/2024,,Gilson Nagrin,https://www.pindamonhangaba.sp.leg.br/proposicoes/0/0/0/0/128489#pesquisa
2024-11-12 20:06:28,EMENDA IMPOSITIVA INDIVIDUAL N.º 115/2024 AO PROJETO DE LEI ORDINÁRIA N.º 170/2024,,Gilson Nagrin,https://www.pindamonhangaba.sp.leg.br/proposicoes/0/0/0/0/128477#pesquisa
2024-11-12 20:06:03,EMENDA IMPOSITIVA INDIVIDUAL N.º 114/2024 AO PROJETO DE LEI ORDINÁRIA N.º 170/2024,,Gilson Nagrin,https://www.pindamonhangaba.sp.leg.br/proposicoes/0/0/0/0/128472#pesquisa
2024-11-12 20:05:05,EMENDA IMPOSITIVA COLETIVA N.º 023/2024 AO PROJETO DE LEI ORDINÁRIA N.º 170/2024,,Regininha; Marco Mayor; Gilson Nagrin,https://www.pindamonhangaba.sp.leg.br/proposicoes/0/0/0/0/128970#pesquisa
2024-11-12 20:03:45,EMENDA IMPOSITIVA INDIVIDUAL N.º 113/2024 AO PROJETO DE LEI ORDINÁRIA N.º 170/2024,,Gilson Nagrin,https://www.pindamonhangaba.sp.leg.br/proposicoes/0/0/0/0/128469#pesquisa
2024-11-12 20:02:28,EMENDA IMPOSITIVA INDIVIDUAL N.º 112/2024 AO PROJETO DE LEI ORDINÁRIA N.º 170/2024,,Marco Mayor,https://www.pindamonhangaba.sp.leg.br/proposicoes/0/0/0/0/128960#pesquisa
2024-11-12 20:01:13,EMENDA IMPOSITIVA INDIVIDUAL N.º 111/2024 AO PROJETO DE LEI ORDINÁRIA N.º 170/2024, ,Marco Mayor,https://www.pindamonhangaba.sp.leg.br/proposicoes/0/0/0/0/128969#pesquisa
2024-11-12 20:00:05,EMENDA IMPOSITIVA COLETIVA N.º 022/2024 AO PROJETO DE LEI ORDINÁRIA N.º 170/2024,,Regininha; Marco Mayor; Gilson Nagrin,https://www.pindamonhangaba.sp.leg.br/proposicoes/0/0/0/0/128733#pesquisa
2024-11-12 19:56:18,EMENDA IMPOSITIVA COLETIVA N.º 021/2024 AO PROJETO DE LEI ORDINÁRIA N.º 170/2024,,Regininha; Gilson Nagrin; Marco Mayor,https://www.pindamonhangaba.sp.leg.br/proposicoes/0/0/0/0/128726#pesquisa
2024-11-12 19:54:11,EMENDA IMPOSITIVA COLETIVA N.º 020/2024 AO PROJETO DE LEI ORDINÁRIA N.º 170/2024,,Regininha,https://www.pindamonhangaba.sp.leg.br/proposicoes/0/0/0/0/128720#pesquisa
2024-11-12 19:53:05,EMENDA IMPOSITIVA COLETIVA N.º 019/2024 AO PROJETO DE LEI ORDINÁRIA N.º 170/2024,,Regininha; Marco Mayor; Gilson Nagrin,https://www.pindamonhangaba.sp.leg.br/proposicoes/0/0/0/0/128464#pesquisa
2024-11-12 19:50:23,EMENDA IMPOSITIVA COLETIVA N.º 018/2024 AO PROJETO DE LEI ORDINÁRIA N.º 170/2024,,Regininha; Gilson Nagrin; Marco Mayor,https://www.pindamonhangaba.sp.leg.br/proposicoes/0/0/0/0/128304#pesquisa
2024-11-12 19:48:48,EMENDA IMPOSITIVA INDIVIDUAL N.º 110/2024 AO PROJETO DE LEI ORDINÁRIA N.º 170/2024,,Regininha,https://www.pindamonhangaba.sp.leg.br/proposicoes/0/0/0/0/128292#pesquisa
2024-11-12 19:47:05,EMENDA IMPOSITIVA INDIVIDUAL N.º 109/2024 AO PROJETO DE LEI ORDINÁRIA N.º 170/2024,,Regininha,https://www.pindamonhangaba.sp.leg.br/proposicoes/0/0/0/0/128291#pesquisa
2024-11-12 19:45:28,EMENDA IMPOSITIVA INDIVIDUAL N.º 108/2024 AO PROJETO DE LEI ORDINÁRIA N.º 170/2024,,Regininha,https://www.pindamonhangaba.sp.leg.br/proposicoes/0/0/0/0/128290#pesquisa
2024-11-12 19:43:38,EMENDA IMPOSITIVA INDIVIDUAL N.º 107/2024 AO PROJETO DE LEI ORDINÁRIA N.º 170/2024,,Regininha,https://www.pindamonhangaba.sp.leg.br/proposicoes/0/0/0/0/128253#pesquisa
2024-11-12 19:41:10,EMENDA IMPOSITIVA INDIVIDUAL N.º 106/2024 AO PROJETO DE LEI ORDINÁRIA N.º 170/2024,,Regininha,https://www.pindamonhangaba.sp.leg.br/proposicoes/0/0/0/0/128252#pesquisa
2024-11-12 19:40:00,EMENDA IMPOSITIVA COLETIVA N.º 017/2024 AO PROJETO DE LEI ORDINÁRIA N.º 170/2024,,Regininha; Gilson Nagrin; Marco Mayor,https://www.pindamonhangaba.sp.leg.br/proposicoes/0/0/0/0/128606#pesquisa
2024-11-12 19:38:20,EMENDA IMPOSITIVA INDIVIDUAL N.º 105/2024 AO PROJETO DE LEI ORDINÁRIA N.º 170/2024,,Regininha,https://www.pindamonhangaba.sp.leg.br/proposicoes/0/0/0/0/128712#pesquisa
2024-11-12 19:36:34,EMENDA IMPOSITIVA INDIVIDUAL N.º 104/2024 AO PROJETO DE LEI ORDINÁRIA N.º 170/2024,,Julinho Car,https://www.pindamonhangaba.sp.leg.br/proposicoes/0/0/0/0/128912#pesquisa
2024-11-12 19:35:34,EMENDA IMPOSITIVA INDIVIDUAL N.º 103/2024 AO PROJETO DE LEI ORDINÁRIA N.º 170/2024,,Julinho Car,https://www.pindamonhangaba.sp.leg.br/proposicoes/0/0/0/0/128904#pesquisa
2024-11-12 19:34:20,EMENDA IMPOSITIVA INDIVIDUAL N.º 102/2024 AO PROJETO DE LEI ORDINÁRIA N.º 170/2024,,Julinho Car,https://www.pindamonhangaba.sp.leg.br/proposicoes/0/0/0/0/128891#pesquisa
2024-11-12 19:33:23,EMENDA IMPOSITIVA INDIVIDUAL N.º 101/2024 AO PROJETO DE LEI ORDINÁRIA N.º 170/2024,,Julinho Car,https://www.pindamonhangaba.sp.leg.br/proposicoes/0/0/0/0/128877#pesquisa
2024-11-12 19:32:36,EMENDA IMPOSITIVA INDIVIDUAL N.º 100/2024 AO PROJETO DE LEI ORDINÁRIA N.º 170/2024,,Julinho Car,https://www.pindamonhangaba.sp.leg.br/proposicoes/0/0/0/0/128873#pesquisa
2024-11-12 19:31:42,EMENDA IMPOSITIVA INDIVIDUAL N.º 099/2024 AO PROJETO DE LEI ORDINÁRIA N.º 170/2024,,Julinho Car,https://www.pindamonhangaba.sp.leg.br/proposicoes/0/0/0/0/128872#pesquisa
2024-11-12 19:30:36,EMENDA IMPOSITIVA INDIVIDUAL N.º 098/2024 AO PROJETO DE LEI ORDINÁRIA N.º 170/2024,,Julinho Car,https://www.pindamonhangaba.sp.leg.br/proposicoes/0/0/0/0/128855#pesquisa
2024-11-12 19:29:24,EMENDA IMPOSITIVA INDIVIDUAL N.º 097/2024 AO PROJETO DE LEI ORDINÁRIA N.º 170/2024,,Julinho Car,https://www.pindamonhangaba.sp.leg.br/proposicoes/0/0/0/0/128812#pesquisa
2024-11-12 19:27:07,EMENDA IMPOSITIVA INDIVIDUAL N.º 096/2024 AO PROJETO DE LEI ORDINÁRIA N.º 170/2024,,Julinho Car,https://www.pindamonhangaba.sp.leg.br/proposicoes/0/0/0/0/128748#pesquisa
2024-11-12 15:34:40,EMENDA IMPOSITIVA INDIVIDUAL N.º 095/2024 AO PROJETO DE LEI ORDINÁRIA N.º 170/2024,EMENDA IMPOSITIVA INDIVIDUAL N.º _______/_______ AO PROJETO DE LEI ORDINÁRIA N.º 170/2024,Norberto Moraes,https://www.pindamonhangaba.sp.leg.br/proposicoes/0/0/0/0/128851#pesquisa
2024-11-12 15:33:51,EMENDA IMPOSITIVA INDIVIDUAL N.º 094/2024 AO PROJETO DE LEI ORDINÁRIA N.º 170/2024,EMENDA IMPOSITIVA INDIVIDUAL N.º _______/_______ AO PROJETO DE LEI ORDINÁRIA N.º 170/2024,Norberto Moraes,https://www.pindamonhangaba.sp.leg.br/proposicoes/0/0/0/0/128848#pesquisa
2024-11-12 15:33:06,EMENDA IMPOSITIVA INDIVIDUAL N.º 093/2024 AO PROJETO DE LEI ORDINÁRIA N.º 170/2024,EMENDA IMPOSITIVA INDIVIDUAL N.º _______/_______ AO PROJETO DE LEI ORDINÁRIA N.º 170/2024,Norberto Moraes,https://www.pindamonhangaba.sp.leg.br/proposicoes/0/0/0/0/128846#pesquisa
2024-11-12 15:32:19,EMENDA IMPOSITIVA INDIVIDUAL N.º 092/2024 AO PROJETO DE LEI ORDINÁRIA N.º 170/2024,EMENDA IMPOSITIVA INDIVIDUAL N.º _______/_______ AO PROJETO DE LEI ORDINÁRIA N.º 170/2024,Norberto Moraes,https://www.pindamonhangaba.sp.leg.br/proposicoes/0/0/0/0/128845#pesquisa
2024-11-12 15:31:46,EMENDA IMPOSITIVA INDIVIDUAL N.º 091/2024 AO PROJETO DE LEI ORDINÁRIA N.º 170/2024,EMENDA IMPOSITIVA INDIVIDUAL N.º _______/_______ AO PROJETO DE LEI ORDINÁRIA N.º 170/2024,Norberto Moraes,https://www.pindamonhangaba.sp.leg.br/proposicoes/0/0/0/0/128844#pesquisa
2024-11-12 15:31:03,EMENDA IMPOSITIVA INDIVIDUAL N.º 090/2024 AO PROJETO DE LEI ORDINÁRIA N.º 170/2024,EMENDA IMPOSITIVA INDIVIDUAL N.º _______/_______ AO PROJETO DE LEI ORDINÁRIA N.º 170/2024,Norberto Moraes,https://www.pindamonhangaba.sp.leg.br/proposicoes/0/0/0/0/128840#pesquisa
2024-11-12 15:30:23,EMENDA IMPOSITIVA INDIVIDUAL N.º 089/2024 AO PROJETO DE LEI ORDINÁRIA N.º 170/2024,EMENDA IMPOSITIVA INDIVIDUAL N.º _______/_______ AO PROJETO DE LEI ORDINÁRIA N.º 170/2024,Norberto Moraes,https://www.pindamonhangaba.sp.leg.br/proposicoes/0/0/0/0/128838#pesquisa
2024-11-12 15:29:44,EMENDA IMPOSITIVA INDIVIDUAL N.º 088/2024 AO PROJETO DE LEI ORDINÁRIA N.º 170/2024,EMENDA IMPOSITIVA INDIVIDUAL N.º _______/_______ AO PROJETO DE LEI ORDINÁRIA N.º 170/2024,Norberto Moraes,https://www.pindamonhangaba.sp.leg.br/proposicoes/0/0/0/0/128834#pesquisa
2024-11-12 15:28:50,EMENDA IMPOSITIVA INDIVIDUAL N.º 087/2024 AO PROJETO DE LEI ORDINÁRIA N.º 170/2024,EMENDA IMPOSITIVA INDIVIDUAL N.º _______/_______ AO PROJETO DE LEI ORDINÁRIA N.º 170/2024,Norberto Moraes,https://www.pindamonhangaba.sp.leg.br/proposicoes/0/0/0/0/128829#pesquisa
2024-11-12 15:28:12,EMENDA IMPOSITIVA INDIVIDUAL N.º 086/2024 AO PROJETO DE LEI ORDINÁRIA N.º 170/2024,EMENDA IMPOSITIVA INDIVIDUAL N.º _______/_______ AO PROJETO DE LEI ORDINÁRIA N.º 170/2024,Norberto Moraes,https://www.pindamonhangaba.sp.leg.br/proposicoes/0/0/0/0/128827#pesquisa
2024-11-12 15:27:35,EMENDA IMPOSITIVA INDIVIDUAL N.º 085/2024 AO PROJETO DE LEI ORDINÁRIA N.º 170/2024,EMENDA IMPOSITIVA INDIVIDUAL N.º _______/_______ AO PROJETO DE LEI ORDINÁRIA N.º 170/2024,Norberto Moraes,https://www.pindamonhangaba.sp.leg.br/proposicoes/0/0/0/0/128825#pesquisa
2024-11-12 15:26:56,EMENDA IMPOSITIVA INDIVIDUAL N.º 084/2024 AO PROJETO DE LEI ORDINÁRIA N.º 170/2024,EMENDA IMPOSITIVA INDIVIDUAL N.º _______/_______ AO PROJETO DE LEI ORDINÁRIA N.º 170/2024,Norberto Moraes,https://www.pindamonhangaba.sp.leg.br/proposicoes/0/0/0/0/128821#pesquisa
2024-11-12 15:26:13,EMENDA IMPOSITIVA INDIVIDUAL N.º 083/2024 AO PROJETO DE LEI ORDINÁRIA N.º 170/2024,EMENDA IMPOSITIVA INDIVIDUAL N.º _______/_______ AO PROJETO DE LEI ORDINÁRIA N.º 170/2024,Norberto Moraes,https://www.pindamonhangaba.sp.leg.br/proposicoes/0/0/0/0/128819#pesquisa
2024-11-12 15:25:21,EMENDA IMPOSITIVA INDIVIDUAL N.º 082/2024 AO PROJETO DE LEI ORDINÁRIA N.º 170/2024,EMENDA IMPOSITIVA INDIVIDUAL N.º _______/_______ AO PROJETO DE LEI ORDINÁRIA N.º 170/2024,Norberto Moraes,https://www.pindamonhangaba.sp.leg.br/proposicoes/0/0/0/0/128817#pesquisa
2024-11-12 15:24:33,EMENDA IMPOSITIVA INDIVIDUAL N.º 081/2024 AO PROJETO DE LEI ORDINÁRIA N.º 170/2024,EMENDA IMPOSITIVA INDIVIDUAL N.º _______/_______ AO PROJETO DE LEI ORDINÁRIA N.º 170/2024,Norberto Moraes,https://www.pindamonhangaba.sp.leg.br/proposicoes/0/0/0/0/128813#pesquisa
2024-11-12 15:23:55,EMENDA IMPOSITIVA INDIVIDUAL N.º 080/2024 AO PROJETO DE LEI ORDINÁRIA N.º 170/2024,EMENDA IMPOSITIVA INDIVIDUAL N.º _______/_______ AO PROJETO DE LEI ORDINÁRIA N.º 170/2024,Norberto Moraes,https://www.pindamonhangaba.sp.leg.br/proposicoes/0/0/0/0/128810#pesquisa
2024-11-12 15:23:19,EMENDA IMPOSITIVA INDIVIDUAL N.º 079/2024 AO PROJETO DE LEI ORDINÁRIA N.º 170/2024,EMENDA IMPOSITIVA INDIVIDUAL N.º _______/_______ AO PROJETO DE LEI ORDINÁRIA N.º 170/2024,Norberto Moraes,https://www.pindamonhangaba.sp.leg.br/proposicoes/0/0/0/0/128808#pesquisa
2024-11-12 15:22:35,EMENDA IMPOSITIVA INDIVIDUAL N.º 078/2024 AO PROJETO DE LEI ORDINÁRIA N.º 170/2024,EMENDA IMPOSITIVA INDIVIDUAL N.º _______/_______ AO PROJETO DE LEI ORDINÁRIA N.º 170/2024,Norberto Moraes,https://www.pindamonhangaba.sp.leg.br/proposicoes/0/0/0/0/128822#pesquisa
2024-11-12 15:21:30,EMENDA IMPOSITIVA INDIVIDUAL N.º 077/2024 AO PROJETO DE LEI ORDINÁRIA N.º 170/2024,EMENDA IMPOSITIVA INDIVIDUAL N.º _______/_______ AO PROJETO DE LEI ORDINÁRIA N.º 170/2024,Norberto Moraes,https://www.pindamonhangaba.sp.leg.br/proposicoes/0/0/0/0/128863#pesquisa
2024-11-12 15:20:49,EMENDA IMPOSITIVA INDIVIDUAL N.º 076/2024 AO PROJETO DE LEI ORDINÁRIA N.º 170/2024,EMENDA IMPOSITIVA INDIVIDUAL N.º _______/_______ AO PROJETO DE LEI ORDINÁRIA N.º 170/2024,Norberto Moraes,https://www.pindamonhangaba.sp.leg.br/proposicoes/0/0/0/0/128869#pesquisa
2024-11-12 15:19:52,EMENDA IMPOSITIVA INDIVIDUAL N.º 075/2024 AO PROJETO DE LEI ORDINÁRIA N.º 170/2024,EMENDA IMPOSITIVA INDIVIDUAL N.º _______/_______ AO PROJETO DE LEI ORDINÁRIA N.º 170/2024,Norberto Moraes,https://www.pindamonhangaba.sp.leg.br/proposicoes/0/0/0/0/128858#pesquisa
2024-11-12 15:19:01,EMENDA IMPOSITIVA INDIVIDUAL N.º 074/2024 AO PROJETO DE LEI ORDINÁRIA N.º 170/2024,EMENDA IMPOSITIVA INDIVIDUAL N.º _______/_______ AO PROJETO DE LEI ORDINÁRIA N.º 170/2024,Norberto Moraes,https://www.pindamonhangaba.sp.leg.br/proposicoes/0/0/0/0/128860#pesquisa
2024-11-12 14:43:03,EMENDA IMPOSITIVA INDIVIDUAL N.º 073/2024 AO PROJETO DE LEI ORDINÁRIA N.º 170/2024,EMENDA IMPOSITIVA INDIVIDUAL N.º _______/_______ AO PROJETO DE LEI ORDINÁRIA N.º 170/2024,Norberto Moraes,https://www.pindamonhangaba.sp.leg.br/proposicoes/0/0/0/0/128674#pesquisa
2024-11-12 14:42:18,EMENDA IMPOSITIVA INDIVIDUAL N.º 072/2024 AO PROJETO DE LEI ORDINÁRIA N.º 170/2024,EMENDA IMPOSITIVA INDIVIDUAL N.º _______/_______ AO PROJETO DE LEI ORDINÁRIA N.º 170/2024,Norberto Moraes,https://www.pindamonhangaba.sp.leg.br/proposicoes/0/0/0/0/128675#pesquisa
2024-11-12 14:41:39,EMENDA IMPOSITIVA INDIVIDUAL N.º 071/2024 AO PROJETO DE LEI ORDINÁRIA N.º 170/2024,EMENDA IMPOSITIVA INDIVIDUAL N.º _______/_______ AO PROJETO DE LEI ORDINÁRIA N.º 170/2024,Norberto Moraes,https://www.pindamonhangaba.sp.leg.br/proposicoes/0/0/0/0/128676#pesquisa
2024-11-12 14:40:51,EMENDA IMPOSITIVA INDIVIDUAL N.º 070/2024 AO PROJETO DE LEI ORDINÁRIA N.º 170/2024,EMENDA IMPOSITIVA INDIVIDUAL N.º _______/_______ AO PROJETO DE LEI ORDINÁRIA N.º 170/2024,Norberto Moraes,https://www.pindamonhangaba.sp.leg.br/proposicoes/0/0/0/0/128677#pesquisa
2024-11-12 14:39:51,EMENDA IMPOSITIVA COLETIVA N.º 016/2024 AO PROJETO DE LEI ORDINÁRIA N.º 170/2024,EMENDA IMPOSITIVA COLETIVA N.º _______/_______ AO PROJETO DE LEI ORDINÁRIA N.º 170/2024,Norberto Moraes,https://www.pindamonhangaba.sp.leg.br/proposicoes/0/0/0/0/128678#pesquisa
2024-11-12 14:39:04,EMENDA IMPOSITIVA COLETIVA N.º 015/2024 AO PROJETO DE LEI ORDINÁRIA N.º 170/2024,EMENDA IMPOSITIVA COLETIVA N.º _______/_______ AO PROJETO DE LEI ORDINÁRIA N.º 170/2024,Norberto Moraes,https://www.pindamonhangaba.sp.leg.br/proposicoes/0/0/0/0/128681#pesquisa
2024-11-12 14:38:10,EMENDA IMPOSITIVA COLETIVA N.º 014/2024 AO PROJETO DE LEI ORDINÁRIA N.º 170/2024,EMENDA IMPOSITIVA COLETIVA N.º _______/_______ AO PROJETO DE LEI ORDINÁRIA N.º 170/2024,Norberto Moraes,https://www.pindamonhangaba.sp.leg.br/proposicoes/0/0/0/0/128679#pesquisa
2024-11-12 14:37:04,EMENDA IMPOSITIVA COLETIVA N.º 013/2024 AO PROJETO DE LEI ORDINÁRIA N.º 170/2024,EMENDA IMPOSITIVA COLETIVA N.º _______/_______ AO PROJETO DE LEI ORDINÁRIA N.º 170/2024,Norberto Moraes,https://www.pindamonhangaba.sp.leg.br/proposicoes/0/0/0/0/128680#pesquisa
2024-11-12 14:36:19,EMENDA IMPOSITIVA INDIVIDUAL N.º 069/2024 AO PROJETO DE LEI ORDINÁRIA N.º 170/2024,EMENDA IMPOSITIVA INDIVIDUAL N.º _______/_______ AO PROJETO DE LEI ORDINÁRIA N.º 170/2024,Norberto Moraes,https://www.pindamonhangaba.sp.leg.br/proposicoes/0/0/0/0/128761#pesquisa
2024-11-12 14:35:35,EMENDA IMPOSITIVA INDIVIDUAL N.º 068/2024 AO PROJETO DE LEI ORDINÁRIA N.º 170/2024,EMENDA IMPOSITIVA INDIVIDUAL N.º _______/_______ AO PROJETO DE LEI ORDINÁRIA N.º 170/2024,Norberto Moraes,https://www.pindamonhangaba.sp.leg.br/proposicoes/0/0/0/0/128762#pesquisa
2024-11-12 14:34:49,EMENDA IMPOSITIVA INDIVIDUAL N.º 067/2024 AO PROJETO DE LEI ORDINÁRIA N.º 170/2024,EMENDA IMPOSITIVA INDIVIDUAL N.º _______/_______ AO PROJETO DE LEI ORDINÁRIA N.º 170/2024,Norberto Moraes,https://www.pindamonhangaba.sp.leg.br/proposicoes/0/0/0/0/128763#pesquisa
2024-11-12 14:34:08,EMENDA IMPOSITIVA INDIVIDUAL N.º 066/2024 AO PROJETO DE LEI ORDINÁRIA N.º 170/2024,EMENDA IMPOSITIVA INDIVIDUAL N.º _______/_______ AO PROJETO DE LEI ORDINÁRIA N.º 170/2024,Norberto Moraes,https://www.pindamonhangaba.sp.leg.br/proposicoes/0/0/0/0/128764#pesquisa
2024-11-12 14:31:52,EMENDA IMPOSITIVA INDIVIDUAL N.º 065/2024 AO PROJETO DE LEI ORDINÁRIA N.º 170/2024,EMENDA IMPOSITIVA INDIVIDUAL N.º _______/_______ AO PROJETO DE LEI ORDINÁRIA N.º 170/2024,Norberto Moraes,https://www.pindamonhangaba.sp.leg.br/proposicoes/0/0/0/0/128765#pesquisa
2024-11-12 14:31:11,EMENDA IMPOSITIVA INDIVIDUAL N.º 064/2024 AO PROJETO DE LEI ORDINÁRIA N.º 170/2024,EMENDA IMPOSITIVA INDIVIDUAL N.º _______/_______ AO PROJETO DE LEI ORDINÁRIA N.º 170/2024,Norberto Moraes,https://www.pindamonhangaba.sp.leg.br/proposicoes/0/0/0/0/128766#pesquisa
2024-11-12 14:30:29,EMENDA IMPOSITIVA INDIVIDUAL N.º 063/2024 AO PROJETO DE LEI ORDINÁRIA N.º 170/2024,EMENDA IMPOSITIVA INDIVIDUAL N.º _______/_______ AO PROJETO DE LEI ORDINÁRIA N.º 170/2024,Norberto Moraes,https://www.pindamonhangaba.sp.leg.br/proposicoes/0/0/0/0/128769#pesquisa
2024-11-12 14:29:51,EMENDA IMPOSITIVA INDIVIDUAL N.º 062/2024 AO PROJETO DE LEI ORDINÁRIA N.º 170/2024,EMENDA IMPOSITIVA INDIVIDUAL N.º ______/2024 AO PROJETO DE LEI ORDINÁRIA N.º 170/2024,Norberto Moraes,https://www.pindamonhangaba.sp.leg.br/proposicoes/0/0/0/0/128771#pesquisa
2024-11-12 14:29:00,EMENDA IMPOSITIVA INDIVIDUAL N.º 061/2024 AO PROJETO DE LEI ORDINÁRIA N.º 170/2024,EMENDA IMPOSITIVA INDIVIDUAL N.º __________ /2024 AO PROJETO DE LEI ORDINÁRIA N.º 170/2024,Norberto Moraes,https://www.pindamonhangaba.sp.leg.br/proposicoes/0/0/0/0/128776#pesquisa
2024-11-12 14:28:21,EMENDA IMPOSITIVA INDIVIDUAL N.º 060/2024 AO PROJETO DE LEI ORDINÁRIA N.º 170/2024,EMENDA IMPOSITIVA INDIVIDUAL N.º ______/______ AO PROJETO DE LEI ORDINÁRIA N.º 170/2024,Norberto Moraes,https://www.pindamonhangaba.sp.leg.br/proposicoes/0/0/0/0/128779#pesquisa
2024-11-12 14:27:34,EMENDA IMPOSITIVA INDIVIDUAL N.º 059/2024 AO PROJETO DE LEI ORDINÁRIA N.º 170/2024,EMENDA IMPOSITIVA INDIVIDUAL N.º _______/_______ AO PROJETO DE LEI ORDINÁRIA N.º 170/2024,Norberto Moraes,https://www.pindamonhangaba.sp.leg.br/proposicoes/0/0/0/0/128782#pesquisa
2024-11-12 14:26:50,EMENDA IMPOSITIVA INDIVIDUAL N.º 058/2024 AO PROJETO DE LEI ORDINÁRIA N.º 170/2024,EMENDA IMPOSITIVA INDIVIDUAL N.º _____/2024 AO PROJETO DE LEI ORDINÁRIA N.º 170/2024,Norberto Moraes,https://www.pindamonhangaba.sp.leg.br/proposicoes/0/0/0/0/128784#pesquisa
2024-11-12 14:26:01,EMENDA IMPOSITIVA INDIVIDUAL N.º 057/2024 AO PROJETO DE LEI ORDINÁRIA N.º 170/2024,EMENDA IMPOSITIVA INDIVIDUAL N.º _____/2024 AO PROJETO DE LEI ORDINÁRIA N.º 170/2024,Norberto Moraes,https://www.pindamonhangaba.sp.leg.br/proposicoes/0/0/0/0/128786#pesquisa
2024-11-12 14:25:04,EMENDA IMPOSITIVA INDIVIDUAL N.º 056/2024 AO PROJETO DE LEI ORDINÁRIA N.º 170/2024,EMENDA IMPOSITIVA INDIVIDUAL N.º _______/_______ AO PROJETO DE LEI ORDINÁRIA N.º 170/2024,Norberto Moraes,https://www.pindamonhangaba.sp.leg.br/proposicoes/0/0/0/0/128790#pesquisa
2024-11-12 14:24:17,EMENDA IMPOSITIVA INDIVIDUAL N.º 055/2024 AO PROJETO DE LEI ORDINÁRIA N.º 170/2024,EMENDA IMPOSITIVA INDIVIDUAL N.º _______/_______ AO PROJETO DE LEI ORDINÁRIA N.º 170/2024,Norberto Moraes,https://www.pindamonhangaba.sp.leg.br/proposicoes/0/0/0/0/128797#pesquisa
2024-11-12 14:21:31,EMENDA IMPOSITIVA INDIVIDUAL N.º 054/2024 AO PROJETO DE LEI ORDINÁRIA N.º 170/2024,EMENDA IMPOSITIVA INDIVIDUAL N.º _______/_______ AO PROJETO DE LEI ORDINÁRIA N.º 170/2024,Norberto Moraes,https://www.pindamonhangaba.sp.leg.br/proposicoes/0/0/0/0/128800#pesquisa
2024-11-12 11:11:56,EMENDA IMPOSITIVA INDIVIDUAL N.º 053/2024 AO PROJETO DE LEI ORDINÁRIA N.º 170/2024,,Marco Mayor,https://www.pindamonhangaba.sp.leg.br/proposicoes/0/0/0/0/128387#pesquisa
2024-11-12 11:01:07,EMENDA IMPOSITIVA INDIVIDUAL N.º 052/2024 AO PROJETO DE LEI ORDINÁRIA N.º 170/2024,,Regininha,https://www.pindamonhangaba.sp.leg.br/proposicoes/0/0/0/0/128541#pesquisa
2024-11-12 10:17:45,EMENDA IMPOSITIVA INDIVIDUAL N.º 051/2024 AO PROJETO DE LEI ORDINÁRIA N.º 170/2024,,Marco Mayor,https://www.pindamonhangaba.sp.leg.br/proposicoes/0/0/0/0/128682#pesquisa
2024-11-12 10:16:28,EMENDA IMPOSITIVA INDIVIDUAL N.º 050/2024 AO PROJETO DE LEI ORDINÁRIA N.º 170/2024,,Marco Mayor,https://www.pindamonhangaba.sp.leg.br/proposicoes/0/0/0/0/128683#pesquisa
2024-11-12 10:15:23,EMENDA IMPOSITIVA COLETIVA N.º 012/2024 AO PROJETO DE LEI ORDINÁRIA N.º 170/2024,,Marco Mayor,https://www.pindamonhangaba.sp.leg.br/proposicoes/0/0/0/0/128626#pesquisa
2024-11-12 10:13:42,EMENDA IMPOSITIVA INDIVIDUAL N.º 049/2024 AO PROJETO DE LEI ORDINÁRIA N.º 170/2024,,Regininha,https://www.pindamonhangaba.sp.leg.br/proposicoes/0/0/0/0/128244#pesquisa
2024-11-12 10:13:02,EMENDA IMPOSITIVA INDIVIDUAL N.º 048/2024 AO PROJETO DE LEI ORDINÁRIA N.º 170/2024,,Regininha,https://www.pindamonhangaba.sp.leg.br/proposicoes/0/0/0/0/128246#pesquisa
2024-11-12 10:12:09,EMENDA IMPOSITIVA INDIVIDUAL N.º 047/2024 AO PROJETO DE LEI ORDINÁRIA N.º 170/2024,,Regininha,https://www.pindamonhangaba.sp.leg.br/proposicoes/0/0/0/0/128249#pesquisa
2024-11-12 10:11:29,EMENDA IMPOSITIVA INDIVIDUAL N.º 046/2024 AO PROJETO DE LEI ORDINÁRIA N.º 170/2024,,Regininha,https://www.pindamonhangaba.sp.leg.br/proposicoes/0/0/0/0/128250#pesquisa
2024-11-12 10:10:45,EMENDA IMPOSITIVA INDIVIDUAL N.º 045/2024 AO PROJETO DE LEI ORDINÁRIA N.º 170/2024,,Regininha,https://www.pindamonhangaba.sp.leg.br/proposicoes/0/0/0/0/128297#pesquisa
2024-11-12 10:10:05,EMENDA IMPOSITIVA INDIVIDUAL N.º 044/2024 AO PROJETO DE LEI ORDINÁRIA N.º 170/2024,,Regininha,https://www.pindamonhangaba.sp.leg.br/proposicoes/0/0/0/0/128298#pesquisa
2024-11-12 10:09:09,EMENDA IMPOSITIVA INDIVIDUAL N.º 043/2024 AO PROJETO DE LEI ORDINÁRIA N.º 170/2024,,Regininha,https://www.pindamonhangaba.sp.leg.br/proposicoes/0/0/0/0/128301#pesquisa
2024-11-12 10:08:22,EMENDA IMPOSITIVA INDIVIDUAL N.º 042/2024 AO PROJETO DE LEI ORDINÁRIA N.º 170/2024,,Regininha,https://www.pindamonhangaba.sp.leg.br/proposicoes/0/0/0/0/128302#pesquisa
2024-11-12 10:07:41,EMENDA IMPOSITIVA INDIVIDUAL N.º 041/2024 AO PROJETO DE LEI ORDINÁRIA N.º 170/2024,,Regininha,https://www.pindamonhangaba.sp.leg.br/proposicoes/0/0/0/0/128303#pesquisa
2024-11-12 10:07:00,EMENDA IMPOSITIVA INDIVIDUAL N.º 040/2024 AO PROJETO DE LEI ORDINÁRIA N.º 170/2024,,Regininha,https://www.pindamonhangaba.sp.leg.br/proposicoes/0/0/0/0/128434#pesquisa
2024-11-12 10:06:16,EMENDA IMPOSITIVA INDIVIDUAL N.º 039/2024 AO PROJETO DE LEI ORDINÁRIA N.º 170/2024,,Regininha,https://www.pindamonhangaba.sp.leg.br/proposicoes/0/0/0/0/128459#pesquisa
2024-11-12 10:05:30,EMENDA IMPOSITIVA INDIVIDUAL N.º 038/2024 AO PROJETO DE LEI ORDINÁRIA N.º 170/2024,,Regininha,https://www.pindamonhangaba.sp.leg.br/proposicoes/0/0/0/0/128466#pesquisa
2024-11-12 10:04:44,EMENDA IMPOSITIVA INDIVIDUAL N.º 037/2024 AO PROJETO DE LEI ORDINÁRIA N.º 170/2024,,Regininha,https://www.pindamonhangaba.sp.leg.br/proposicoes/0/0/0/0/128515#pesquisa
2024-11-12 10:02:47,EMENDA IMPOSITIVA INDIVIDUAL N.º 036/2024 AO PROJETO DE LEI ORDINÁRIA N.º 170/2024,,Regininha,https://www.pindamonhangaba.sp.leg.br/proposicoes/0/0/0/0/128535#pesquisa
2024-11-12 10:01:52,EMENDA IMPOSITIVA INDIVIDUAL N.º 035/2024 AO PROJETO DE LEI ORDINÁRIA N.º 170/2024,,Regininha,https://www.pindamonhangaba.sp.leg.br/proposicoes/0/0/0/0/128543#pesquisa
2024-11-12 10:01:07,EMENDA IMPOSITIVA INDIVIDUAL N.º 034/2024 AO PROJETO DE LEI ORDINÁRIA N.º 170/2024,,Regininha,https://www.pindamonhangaba.sp.leg.br/proposicoes/0/0/0/0/128546#pesquisa
2024-11-12 09:59:59,EMENDA IMPOSITIVA INDIVIDUAL N.º 033/2024 AO PROJETO DE LEI ORDINÁRIA N.º 170/2024,,Regininha,https://www.pindamonhangaba.sp.leg.br/proposicoes/0/0/0/0/128595#pesquisa
2024-11-12 09:59:08,EMENDA IMPOSITIVA COLETIVA N.º 011/2024 AO PROJETO DE LEI ORDINÁRIA N.º 170/2024,,José Carlos Gomes – Cal,https://www.pindamonhangaba.sp.leg.br/proposicoes/0/0/0/0/128640#pesquisa
2024-11-12 09:54:55,EMENDA IMPOSITIVA INDIVIDUAL N.º 032/2024 AO PROJETO DE LEI ORDINÁRIA N.º 170/2024,,Marco Mayor,https://www.pindamonhangaba.sp.leg.br/proposicoes/0/0/0/0/128418#pesquisa
2024-11-12 09:53:28,EMENDA IMPOSITIVA INDIVIDUAL N.º 031/2024 AO PROJETO DE LEI ORDINÁRIA N.º 170/2024,,Marco Mayor,https://www.pindamonhangaba.sp.leg.br/proposicoes/0/0/0/0/128419#pesquisa
2024-11-12 09:52:10,EMENDA IMPOSITIVA INDIVIDUAL N.º 030/2024 AO PROJETO DE LEI ORDINÁRIA N.º 170/2024,,Marco Mayor,https://www.pindamonhangaba.sp.leg.br/proposicoes/0/0/0/0/128425#pesquisa
2024-11-12 09:51:12,EMENDA IMPOSITIVA INDIVIDUAL N.º 029/2024 AO PROJETO DE LEI ORDINÁRIA N.º 170/2024,,Marco Mayor,https://www.pindamonhangaba.sp.leg.br/proposicoes/0/0/0/0/128431#pesquisa
2024-11-12 09:47:23,EMENDA IMPOSITIVA INDIVIDUAL N.º 028/2024 AO PROJETO DE LEI ORDINÁRIA N.º 170/2024,,Marco Mayor,https://www.pindamonhangaba.sp.leg.br/proposicoes/0/0/0/0/128426#pesquisa
2024-11-12 09:46:11,EMENDA IMPOSITIVA INDIVIDUAL N.º 027/2024 AO PROJETO DE LEI ORDINÁRIA N.º 170/2024,,Marco Mayor,https://www.pindamonhangaba.sp.leg.br/proposicoes/0/0/0/0/128432#pesquisa
2024-11-12 09:45:02,EMENDA IMPOSITIVA INDIVIDUAL N.º 026/2024 AO PROJETO DE LEI ORDINÁRIA N.º 170/2024,,Marco Mayor,https://www.pindamonhangaba.sp.leg.br/proposicoes/0/0/0/0/128433#pesquisa
2024-11-12 09:43:48,EMENDA IMPOSITIVA INDIVIDUAL N.º 025/2024 AO PROJETO DE LEI ORDINÁRIA N.º 170/2024,,Marco Mayor,https://www.pindamonhangaba.sp.leg.br/proposicoes/0/0/0/0/128508#pesquisa
2024-11-12 09:42:42,EMENDA IMPOSITIVA COLETIVA N.º 010/2024 AO PROJETO DE LEI ORDINÁRIA N.º 170/2024,,Marco Mayor,https://www.pindamonhangaba.sp.leg.br/proposicoes/0/0/0/0/128408#pesquisa
2024-11-12 09:41:41,EMENDA IMPOSITIVA COLETIVA N.º 009/2024 AO PROJETO DE LEI ORDINÁRIA N.º 170/2024,,Marco Mayor,https://www.pindamonhangaba.sp.leg.br/proposicoes/0/0/0/0/128409#pesquisa
2024-11-12 09:40:40,EMENDA IMPOSITIVA COLETIVA N.º 008/2024 AO PROJETO DE LEI ORDINÁRIA N.º 170/2024,,Marco Mayor,https://www.pindamonhangaba.sp.leg.br/proposicoes/0/0/0/0/128410#pesquisa
2024-11-12 09:39:51,EMENDA IMPOSITIVA COLETIVA N.º 007/2024 AO PROJETO DE LEI ORDINÁRIA N.º 170/2024,,Marco Mayor,https://www.pindamonhangaba.sp.leg.br/proposicoes/0/0/0/0/128411#pesquisa
2024-11-12 09:38:59,EMENDA IMPOSITIVA COLETIVA N.º 006/2024 AO PROJETO DE LEI ORDINÁRIA N.º 170/2024,,Marco Mayor,https://www.pindamonhangaba.sp.leg.br/proposicoes/0/0/0/0/128412#pesquisa
2024-11-12 09:38:20,EMENDA IMPOSITIVA COLETIVA N.º 005/2024 AO PROJETO DE LEI ORDINÁRIA N.º 170/2024,,Marco Mayor,https://www.pindamonhangaba.sp.leg.br/proposicoes/0/0/0/0/128420#pesquisa
2024-11-12 09:36:55,EMENDA IMPOSITIVA INDIVIDUAL N.º 024/2024 AO PROJETO DE LEI ORDINÁRIA N.º 170/2024,,José Carlos Gomes – Cal,https://www.pindamonhangaba.sp.leg.br/proposicoes/0/0/0/0/128608#pesquisa
2024-11-12 09:36:10,EMENDA IMPOSITIVA INDIVIDUAL N.º 023/2024 AO PROJETO DE LEI ORDINÁRIA N.º 170/2024,,José Carlos Gomes – Cal,https://www.pindamonhangaba.sp.leg.br/proposicoes/0/0/0/0/128568#pesquisa
2024-11-12 09:35:20,EMENDA IMPOSITIVA INDIVIDUAL N.º 022/2024 AO PROJETO DE LEI ORDINÁRIA N.º 170/2024,,José Carlos Gomes – Cal,https://www.pindamonhangaba.sp.leg.br/proposicoes/0/0/0/0/128185#pesquisa
2024-11-12 09:34:43,EMENDA IMPOSITIVA INDIVIDUAL N.º 021/2024 AO PROJETO DE LEI ORDINÁRIA N.º 170/2024,,José Carlos Gomes – Cal,https://www.pindamonhangaba.sp.leg.br/proposicoes/0/0/0/0/128176#pesquisa
2024-11-12 09:34:01,EMENDA IMPOSITIVA INDIVIDUAL N.º 020/2024 AO PROJETO DE LEI ORDINÁRIA N.º 170/2024,,José Carlos Gomes – Cal,https://www.pindamonhangaba.sp.leg.br/proposicoes/0/0/0/0/128175#pesquisa
2024-11-12 09:33:11,EMENDA IMPOSITIVA INDIVIDUAL N.º 019/2024 AO PROJETO DE LEI ORDINÁRIA N.º 170/2024,,José Carlos Gomes – Cal,https://www.pindamonhangaba.sp.leg.br/proposicoes/0/0/0/0/128174#pesquisa
2024-11-12 09:32:25,EMENDA IMPOSITIVA COLETIVA N.º 004/2024 AO PROJETO DE LEI ORDINÁRIA N.º 170/2024,,José Carlos Gomes – Cal,https://www.pindamonhangaba.sp.leg.br/proposicoes/0/0/0/0/128172#pesquisa
2024-11-12 09:31:40,EMENDA IMPOSITIVA COLETIVA N.º 003/2024 AO PROJETO DE LEI ORDINÁRIA N.º 170/2024,,José Carlos Gomes – Cal,https://www.pindamonhangaba.sp.leg.br/proposicoes/0/0/0/0/128169#pesquisa
2024-11-12 09:30:47,EMENDA IMPOSITIVA COLETIVA N.º 002/2024 AO PROJETO DE LEI ORDINÁRIA N.º 170/2024,,José Carlos Gomes – Cal,https://www.pindamonhangaba.sp.leg.br/proposicoes/0/0/0/0/128168#pesquisa
2024-11-12 09:28:50,EMENDA IMPOSITIVA COLETIVA N.º 001/2024 AO PROJETO DE LEI ORDINÁRIA N.º 170/2024,,José Carlos Gomes – Cal,https://www.pindamonhangaba.sp.leg.br/proposicoes/0/0/0/0/128166#pesquisa
2024-11-12 09:27:57,EMENDA IMPOSITIVA INDIVIDUAL N.º 018/2024 AO PROJETO DE LEI ORDINÁRIA N.º 170/2024,,José Carlos Gomes – Cal,https://www.pindamonhangaba.sp.leg.br/proposicoes/0/0/0/0/128165#pesquisa
2024-11-12 09:27:20,EMENDA IMPOSITIVA INDIVIDUAL N.º 017/2024 AO PROJETO DE LEI ORDINÁRIA N.º 170/2024,,José Carlos Gomes – Cal,https://www.pindamonhangaba.sp.leg.br/proposicoes/0/0/0/0/128163#pesquisa
2024-11-12 09:26:36,EMENDA IMPOSITIVA INDIVIDUAL N.º 016/2024 AO PROJETO DE LEI ORDINÁRIA N.º 170/2024,,José Carlos Gomes – Cal,https://www.pindamonhangaba.sp.leg.br/proposicoes/0/0/0/0/128151#pesquisa
2024-11-12 09:25:33,EMENDA IMPOSITIVA INDIVIDUAL N.º 015/2024 AO PROJETO DE LEI ORDINÁRIA N.º 170/2024,,José Carlos Gomes – Cal,https://www.pindamonhangaba.sp.leg.br/proposicoes/0/0/0/0/128149#pesquisa
2024-11-12 09:24:50,EMENDA IMPOSITIVA INDIVIDUAL N.º 014/2024 AO PROJETO DE LEI ORDINÁRIA N.º 170/2024,,José Carlos Gomes – Cal,https://www.pindamonhangaba.sp.leg.br/proposicoes/0/0/0/0/128147#pesquisa
2024-11-12 09:24:03,EMENDA IMPOSITIVA INDIVIDUAL N.º 013/2024 AO PROJETO DE LEI ORDINÁRIA N.º 170/2024,,José Carlos Gomes – Cal,https://www.pindamonhangaba.sp.leg.br/proposicoes/0/0/0/0/128146#pesquisa
2024-11-12 09:22:54,EMENDA IMPOSITIVA INDIVIDUAL N.º 012/2024 AO PROJETO DE LEI ORDINÁRIA N.º 170/2024,,José Carlos Gomes – Cal,https://www.pindamonhangaba.sp.leg.br/proposicoes/0/0/0/0/128145#pesquisa
2024-11-12 09:22:13,EMENDA IMPOSITIVA INDIVIDUAL N.º 011/2024 AO PROJETO DE LEI ORDINÁRIA N.º 170/2024,,José Carlos Gomes – Cal,https://www.pindamonhangaba.sp.leg.br/proposicoes/0/0/0/0/128143#pesquisa
2024-11-12 09:21:34,EMENDA IMPOSITIVA INDIVIDUAL N.º 010/2024 AO PROJETO DE LEI ORDINÁRIA N.º 170/2024,,José Carlos Gomes – Cal,https://www.pindamonhangaba.sp.leg.br/proposicoes/0/0/0/0/128141#pesquisa
2024-11-12 09:20:49,EMENDA IMPOSITIVA INDIVIDUAL N.º 009/2024 AO PROJETO DE LEI ORDINÁRIA N.º 170/2024,,José Carlos Gomes – Cal,https://www.pindamonhangaba.sp.leg.br/proposicoes/0/0/0/0/128140#pesquisa
2024-11-12 09:19:58,EMENDA IMPOSITIVA INDIVIDUAL N.º 008/2024 AO PROJETO DE LEI ORDINÁRIA N.º 170/2024,,José Carlos Gomes – Cal,https://www.pindamonhangaba.sp.leg.br/proposicoes/0/0/0/0/128139#pesquisa
2024-11-12 09:19:12,EMENDA IMPOSITIVA INDIVIDUAL N.º 007/2024 AO PROJETO DE LEI ORDINÁRIA N.º 170/2024,,José Carlos Gomes – Cal,https://www.pindamonhangaba.sp.leg.br/proposicoes/0/0/0/0/128138#pesquisa
2024-11-12 09:18:20,EMENDA IMPOSITIVA INDIVIDUAL N.º 006/2024 AO PROJETO DE LEI ORDINÁRIA N.º 170/2024,,José Carlos Gomes – Cal,https://www.pindamonhangaba.sp.leg.br/proposicoes/0/0/0/0/128137#pesquisa
2024-11-12 09:17:14,EMENDA IMPOSITIVA INDIVIDUAL N.º 005/2024 AO PROJETO DE LEI ORDINÁRIA N.º 170/2024,,José Carlos Gomes – Cal,https://www.pindamonhangaba.sp.leg.br/proposicoes/0/0/0/0/128136#pesquisa
2024-11-12 09:16:30,EMENDA IMPOSITIVA INDIVIDUAL N.º 004/2024 AO PROJETO DE LEI ORDINÁRIA N.º 170/2024,,José Carlos Gomes – Cal,https://www.pindamonhangaba.sp.leg.br/proposicoes/0/0/0/0/128135#pesquisa
2024-11-12 09:15:36,EMENDA IMPOSITIVA INDIVIDUAL N.º 003/2024 AO PROJETO DE LEI ORDINÁRIA N.º 170/2024,,José Carlos Gomes – Cal,https://www.pindamonhangaba.sp.leg.br/proposicoes/0/0/0/0/128133#pesquisa
2024-11-12 09:13:03,EMENDA IMPOSITIVA INDIVIDUAL N.º 002/2024 AO PROJETO DE LEI ORDINÁRIA N.º 170/2024,,José Carlos Gomes – Cal,https://www.pindamonhangaba.sp.leg.br/proposicoes/0/0/0/0/128132#pesquisa
2024-11-12 09:11:11,EMENDA IMPOSITIVA INDIVIDUAL N.º 001/2024 AO PROJETO DE LEI ORDINÁRIA N.º 170/2024,,José Carlos Gomes – Cal,https://www.pindamonhangaba.sp.leg.br/proposicoes/0/0/0/0/128131#pesquisa
2024-10-07 15:03:46,SUBSTITUTIVO N.º 015/2024 AO PROJETO DE LEI ORDINÁRIA N.º 164/2024,"INSTITUI E INCLUI NO CALENDÁRIO DE EVENTOS DO MUNICÍPIO DE PINDAMONHANGABA ,A FESTA DAS CRIANÇAS DO BEM VIVER ,  A SER COMEMORADA  ANUALMENTE ,NO DIA DAS CRIANÇAS .",Marco Mayor,https://www.pindamonhangaba.sp.leg.br/proposicoes/0/0/0/0/127514#pesquisa
2024-08-21 17:17:58,SUBSTITUTIVO N.º 014/2024 AO PROJETO DE LEI ORDINÁRIA N.º 138/2024, ESTABELECE A OBRIGATORIEDADE DE SE INFORMAR SOBRE OS MOTIVOS DE EVENTUAL INTERRUPÇÃO OU PARALISAÇÃO DE OBRAS PÚBLICAS MUNICIPAIS  NO MUNICÍPIO DE PINDAMONHANGABA -SP.,Marco Mayor,https://www.pindamonhangaba.sp.leg.br/proposicoes/0/0/0/0/126152#pesquisa
2024-08-05 16:16:48,SUBSTITUTIVO N.º 013/2024 AO PROJETO DE LEI ORDINÁRIA N.º 116/2024,"Altera o artigo 15 e acrescenta os Capítulos VI, VII e VIII na Lei 6.636/2023, que dispõe sobre a instituição do estatuto de Proteção, Defesa e bem-estar animal e Controle das Populações de Animais Domésticos no Município de Pindamonhangaba, e dá outras providências.",Julinho Car,https://www.pindamonhangaba.sp.leg.br/proposicoes/0/0/0/0/125678#pesquisa
2024-07-01 14:38:37,EMENDA MODIFICATIVA N.º 012/2024 AO PROJETO DE LEI ORDINÁRIA N.º 057/2024,"Altera o art. 1° do Projeto de Lei n° 57/2024, que ""Fixa o subsídio do Prefeito, Vice-Prefeito e Secretários do Município para a Legislatura 2025/2028.",Mesa Diretora,https://www.pindamonhangaba.sp.leg.br/proposicoes/0/0/0/0/124059#pesquisa
2024-06-28 15:50:30,SUBSTITUTIVO N.º 011/2024 AO PROJETO DE LEI ORDINÁRIA N.º 124/2024,Denomina a Rotatória localizada na entrada do Bairro César Park na Avenida das Orquídeas como “Jonathan Duarte de Santana - Bill”.,Julinho Car,https://www.pindamonhangaba.sp.leg.br/proposicoes/0/0/0/0/124001#pesquisa
2024-06-03 16:55:46,SUBSTITUTIVO N.º 010/2024 AO PROJETO DE DECRETO LEGISLATIVO N.º 008/2023,"Dispõe sobre a comemoração anual do ""Dia dos profissionais da Saúde"".",Carlos Moura - Magrão; Gilson Nagrin; Herivelto Vela; José Carlos Gomes – Cal; Julinho Car; Professor Felipe Guimarães; Regininha; Renato Cebola; Rogério Ramos,https://www.pindamonhangaba.sp.leg.br/proposicoes/0/0/0/0/122537#pesquisa
2024-05-29 15:21:10,SUBSTITUTIVO N.º 009/2024 AO PROJETO DE LEI ORDINÁRIA N.º 027/2024,"Denomina de Maria de Nazaré da Silva Pereira, a Unidade Básica de Saúde,  localizada  no  Bairro  Jardim Morumbi. ",Renato Cebola,https://www.pindamonhangaba.sp.leg.br/proposicoes/0/0/0/0/122659#pesquisa
2024-05-27 16:35:28,EMENDA MODIFICATIVA N.º 008/2024 AO PROJETO DE LEI ORDINÁRIA N.º 101/2024,"Altera o artigo 5º do Projeto de Lei nº 101/2024, que autoriza a cessão de bem imóvel municipal mediante termo de cessão de uso  e dá outras providências. ",Carlos Moura - Magrão,https://www.pindamonhangaba.sp.leg.br/proposicoes/0/0/0/0/122535#pesquisa
2024-05-27 08:32:20,EMENDA MODIFICATIVA N.º 007/2024 AO PROJETO DE LEI ORDINÁRIA N.º 101/2024,"Altera o Art. 1° do Projeto de Lei Ordinária n° 101/2024, que ""Autoriza a cessão de bem imóvel municipal mediante termo de cessão de uso e dá outras providências.",Norberto Moraes,https://www.pindamonhangaba.sp.leg.br/proposicoes/0/0/0/0/122504#pesquisa
2024-05-20 14:57:56,SUBSTITUTIVO N.º 006/2024 AO PROJETO DE LEI ORDINÁRIA N.º 087/2024,"Institui, no âmbito do Município de Pindamonhangaba, a Semana de Conscientização e Combate à Esporotricose, e dá outras providências.",Julinho Car,https://www.pindamonhangaba.sp.leg.br/proposicoes/0/0/0/0/122205#pesquisa
2024-05-07 11:32:51,EMENDA MODIFICATIVA N.º 005/2024 AO PROJETO DE LEI ORDINÁRIA N.º 089/2024,Altera o artigo 1º do Projeto de Lei Ordinária nº 89/2024,Norberto Moraes,https://www.pindamonhangaba.sp.leg.br/proposicoes/0/0/0/0/121684#pesquisa
2024-03-11 17:03:06,SUBSTITUTIVO N.º 004/2024 AO PROJETO DE LEI ORDINÁRIA N.º 044/2024,"""Institui a Semana de Mobilização Contra a Dengue no calendário oficial de eventos do município de Pindamonhangaba, estabelecendo atividades relacionadas ao tema no penúltimo sábado de novembro.""",Carlos Moura - Magrão,https://www.pindamonhangaba.sp.leg.br/proposicoes/0/0/0/0/119366#pesquisa
2024-03-11 17:02:41,SUBSTITUTIVO N.º 003/2024 AO PROJETO DE LEI ORDINÁRIA N.º 259/2023,"Altera os artigos 1º e  6º,  e  acrescenta o artigo 7º, na Lei nº 4.757, de 05 de março de 2008, que disciplina a circulação de cães da raça no Município de Pindamonhangaba e dá outras providências.",Carlos Moura - Magrão,https://www.pindamonhangaba.sp.leg.br/proposicoes/0/0/0/0/119363#pesquisa
2024-03-05 11:11:13,EMENDA MODIFICATIVA N.º 002/2024 AO SUBSTITUTIVO Nº 1 AO PROJETO DE LEI N.º 189/2023,"Modifica o artigo 1º, incisos I, e II; Artigo 2º ; Artigo 3º, incisos I, II, III; Artigo 4º, incisos IV, VI, X, XI, XII, XIII, XIV; Artigo 5º; Artigo 7º; Artigo 8º.",Carlos Moura - Magrão,https://www.pindamonhangaba.sp.leg.br/proposicoes/0/0/0/0/119308#pesquisa
2024-02-19 17:11:43,EMENDA ADITIVA N.º 001/2024 AO PROJETO DE LEI ORDINÁRIA N.º 258/2023,"Altera o Projeto de Lei nº 258/2023 que dispõe sobre os critérios de controle da emissão de ruídos por veículos automotores, considerando o interesse local, no município de Pindamonhangaba e dá outras providências.
 ",Carlos Moura - Magrão,https://www.pindamonhangaba.sp.leg.br/proposicoes/0/0/0/0/118704#pesquisa
2023-12-18 00:00:00,EMENDA MODIFICATIVA N.º 1 AO PROJETO DE LEI ORDINÁRIA Nº 249/2023,"Emenda ao Projeto de Lei Ordinária nº 249/2023, que altera a Lei nº 3.429, de 03 de junho de 1998, que autoriza a Prefeitura Municipal a instituir nas vias e logradouros públicos, áreas especiais para estacionamento por tempo limitado e dá outras providências.",Norberto Moraes,https://www.pindamonhangaba.sp.leg.br/proposicoes/0/0/0/0/1243#pesquisa
2023-12-18 00:00:00,EMENDA MODIFICATIVA N.º 3 AO PROJETO DE LEI ORDINÁRIA Nº 209/2023,Emenda ao Projeto de Lei Ordinária nº 209/2023 - Prefeito Municipal - Dispõe sobre o Código de Posturas do Município de Pindamonhangaba.,José Carlos Gomes – Cal,https://www.pindamonhangaba.sp.leg.br/proposicoes/0/0/0/0/1244#pesquisa
2023-12-15 00:00:00,SUBSTITUTIVO Nº 1 AO PROJETO DE DECRETO LEGISLATIVO N.º 008/2023,"Substitutivo ao Projeto de Decreto Legislativo nº 8/2023 - CARLOS MOURA - MAGRÃO , GILSON NAGRIN, HERIVELTO VELA, JOSÉ CARLOS GOMES - CAL, JULINHO CAR, MARCO MAYOR, NORBERTO MORAES, PROFESSOR FELIPE GUIMARÃES, REGININHA, RENATO CEBOLA, ROGÉRIO RAMOS - Dispõe sobre a comemoração anual do",José Carlos Gomes – Cal; Renato Cebola; Herivelto Vela; Professor Felipe Guimarães; Norberto Moraes; Gilson Nagrin; Julinho Car; Marco Mayor; Regininha; Rogério Ramos,https://www.pindamonhangaba.sp.leg.br/proposicoes/0/0/0/0/118411#pesquisa
2023-12-15 00:00:00,EMENDA MODIFICATIVA N.º 1 AO PROJETO DE LEI ORDINÁRIA Nº 240/2023,"Emenda ao Projeto de Lei Ordinária nº 240/2023 - Prefeito Municipal - Dispõe sobre o Programa Bolsa Universitária “Educa Mais Pinda“, e dá outras providências.",Carlos Moura - Magrão,https://www.pindamonhangaba.sp.leg.br/proposicoes/0/0/0/0/1241#pesquisa
2023-12-15 00:00:00,EMENDA MODIFICATIVA N.º 2 AO PROJETO DE LEI ORDINÁRIA Nº 209/2023,Emenda ao Projeto de Lei Ordinária nº 209/2023 - Prefeito Municipal - Dispõe sobre o Código de Posturas do Município de Pindamonhangaba.,José Carlos Gomes – Cal,https://www.pindamonhangaba.sp.leg.br/proposicoes/0/0/0/0/1242#pesquisa
2023-12-12 00:00:00,EMENDA ADITIVA N.º 1 AO PROJETO DE LEI ORDINÁRIA Nº 209/2023,Emenda ao Projeto de Lei Ordinária nº 209/2023 - Prefeito Municipal - Dispõe sobre o Código de Posturas do Município de Pindamonhangaba.,Rogério Ramos,https://www.pindamonhangaba.sp.leg.br/proposicoes/0/0/0/0/1240#pesquisa
2023-11-23 00:00:00,SUBSTITUTIVO Nº 1 AO PROJETO DE LEI N.º 217/2023,Substitutivo ao Projeto de Lei Ordinária nº 217/2023 - MARCO MAYOR - Institui a obrigatoriedade aos estabelecimentos comerciais do Município de Pindamonhangaba a instalação de câmera de monitoramento na fachada e dá outras providências.,Marco Mayor,https://www.pindamonhangaba.sp.leg.br/proposicoes/0/0/0/0/118417#pesquisa
2023-11-23 00:00:00,EMENDA IMPOSITIVA INDIVIDUAL N.º 514 AO PROJETO DE LEI N° 208/2023,"EMENDA IMPOSITIVA AO PROJETO DE LEI N° 208/2023, QUE ESTIMA A RECEITA E FIXA A DESPESA DO MUNICÍPIO PARA O EXERCÍCIO DE 2024.",Norberto Moraes,https://www.pindamonhangaba.sp.leg.br/proposicoes/0/0/0/0/1223#pesquisa
2023-11-23 00:00:00,EMENDA IMPOSITIVA INDIVIDUAL N.º 515 AO PROJETO DE LEI ORDINÁRIA Nº 208/2023,Emenda ao Projeto de Lei Ordinária nº 208/2023 - Prefeito Municipal - Estima a receita e fixa a despesa do Município para o exercício de 2024.,Gilson Nagrin,https://www.pindamonhangaba.sp.leg.br/proposicoes/0/0/0/0/1224#pesquisa
2023-11-23 00:00:00,EMENDA IMPOSITIVA COLETIVA N.º 516 AO PROJETO DE LEI ORDINÁRIA Nº 208/2023,Emenda ao Projeto de Lei Ordinária nº 208/2023 - Prefeito Municipal - Estima a receita e fixa a despesa do Município para o exercício de 2024.,Rogério Ramos,https://www.pindamonhangaba.sp.leg.br/proposicoes/0/0/0/0/1225#pesquisa
2023-11-23 00:00:00,EMENDA IMPOSITIVA INDIVIDUAL N.º 517 AO PROJETO DE LEI ORDINÁRIA Nº 208/2023,Emenda ao Projeto de Lei Ordinária nº 208/2023 - Prefeito Municipal - Estima a receita e fixa a despesa do Município para o exercício de 2024.,Professor Felipe Guimarães,https://www.pindamonhangaba.sp.leg.br/proposicoes/0/0/0/0/1226#pesquisa
2023-11-23 00:00:00,EMENDA IMPOSITIVA INDIVIDUAL N.º 518 AO PROJETO DE LEI ORDINÁRIA Nº 208/2023,Emenda ao Projeto de Lei Ordinária nº 208/2023 - Prefeito Municipal - Estima a receita e fixa a despesa do Município para o exercício de 2024.,Professor Felipe Guimarães,https://www.pindamonhangaba.sp.leg.br/proposicoes/0/0/0/0/1227#pesquisa
2023-11-23 00:00:00,EMENDA IMPOSITIVA COLETIVA N.º 519 AO PROJETO DE LEI ORDINÁRIA Nº 208/2023,Emenda ao Projeto de Lei Ordinária nº 208/2023 - Prefeito Municipal - Estima a receita e fixa a despesa do Município para o exercício de 2024.,Rogério Ramos,https://www.pindamonhangaba.sp.leg.br/proposicoes/0/0/0/0/1228#pesquisa
2023-11-23 00:00:00,EMENDA IMPOSITIVA COLETIVA N.º 520 AO PROJETO DE LEI ORDINÁRIA Nº 208/2023,Emenda ao Projeto de Lei Ordinária nº 208/2023 - Prefeito Municipal - Estima a receita e fixa a despesa do Município para o exercício de 2024.,Marco Mayor,https://www.pindamonhangaba.sp.leg.br/proposicoes/0/0/0/0/1229#pesquisa
2023-11-23 00:00:00,EMENDA IMPOSITIVA INDIVIDUAL N.º 521 AO PROJETO DE LEI ORDINÁRIA Nº 208/2023,Emenda ao Projeto de Lei Ordinária nº 208/2023 - Prefeito Municipal - Estima a receita e fixa a despesa do Município para o exercício de 2024.,Carlos Moura - Magrão,https://www.pindamonhangaba.sp.leg.br/proposicoes/0/0/0/0/1230#pesquisa
2023-11-23 00:00:00,EMENDA IMPOSITIVA INDIVIDUAL N.º 522 AO PROJETO DE LEI ORDINÁRIA Nº 208/2023,Emenda ao Projeto de Lei Ordinária nº 208/2023 - Prefeito Municipal - Estima a receita e fixa a despesa do Município para o exercício de 2024.,Carlos Moura - Magrão,https://www.pindamonhangaba.sp.leg.br/proposicoes/0/0/0/0/1231#pesquisa
2023-11-23 00:00:00,EMENDA IMPOSITIVA INDIVIDUAL N.º 523 AO PROJETO DE LEI ORDINÁRIA Nº 208/2023,Emenda ao Projeto de Lei Ordinária nº 208/2023 - Prefeito Municipal - Estima a receita e fixa a despesa do Município para o exercício de 2024.,Carlos Moura - Magrão,https://www.pindamonhangaba.sp.leg.br/proposicoes/0/0/0/0/1232#pesquisa
2023-11-23 00:00:00,EMENDA IMPOSITIVA INDIVIDUAL N.º 524 AO PROJETO DE LEI ORDINÁRIA Nº 208/2023,Emenda ao Projeto de Lei Ordinária nº 208/2023 - Prefeito Municipal - Estima a receita e fixa a despesa do Município para o exercício de 2024.,Carlos Moura - Magrão,https://www.pindamonhangaba.sp.leg.br/proposicoes/0/0/0/0/1233#pesquisa
2023-11-23 00:00:00,EMENDA IMPOSITIVA COLETIVA N.º 525 AO PROJETO DE LEI ORDINÁRIA Nº 208/2023,Emenda ao Projeto de Lei Ordinária nº 208/2023 - Prefeito Municipal - Estima a receita e fixa a despesa do Município para o exercício de 2024.,Carlos Moura - Magrão,https://www.pindamonhangaba.sp.leg.br/proposicoes/0/0/0/0/1234#pesquisa
2023-11-23 00:00:00,EMENDA IMPOSITIVA COLETIVA N.º 526 AO PROJETO DE LEI ORDINÁRIA Nº 208/2023,Emenda ao Projeto de Lei Ordinária nº 208/2023 - Prefeito Municipal - Estima a receita e fixa a despesa do Município para o exercício de 2024.,Carlos Moura - Magrão,https://www.pindamonhangaba.sp.leg.br/proposicoes/0/0/0/0/1235#pesquisa
2023-11-23 00:00:00,EMENDA IMPOSITIVA COLETIVA N.º 527 AO PROJETO DE LEI ORDINÁRIA Nº 208/2023,Emenda ao Projeto de Lei Ordinária nº 208/2023 - Prefeito Municipal - Estima a receita e fixa a despesa do Município para o exercício de 2024.,Carlos Moura - Magrão,https://www.pindamonhangaba.sp.leg.br/proposicoes/0/0/0/0/1236#pesquisa
2023-11-23 00:00:00,EMENDA IMPOSITIVA COLETIVA N.º 528 AO PROJETO DE LEI ORDINÁRIA Nº 208/2023,Emenda ao Projeto de Lei Ordinária nº 208/2023 - Prefeito Municipal - Estima a receita e fixa a despesa do Município para o exercício de 2024.,Carlos Moura - Magrão,https://www.pindamonhangaba.sp.leg.br/proposicoes/0/0/0/0/1237#pesquisa
2023-11-23 00:00:00,EMENDA MODIFICATIVA N.º 529 AO PROJETO DE LEI ORDINÁRIA Nº 208/2023,Emenda ao Projeto de Lei Ordinária nº 208/2023 - Prefeito Municipal - Estima a receita e fixa a despesa do Município para o exercício de 2024. comu,Herivelto Vela,https://www.pindamonhangaba.sp.leg.br/proposicoes/0/0/0/0/1238#pesquisa
2023-11-23 00:00:00,EMENDA MODIFICATIVA N.º 530 AO PROJETO DE LEI ORDINÁRIA Nº 208/2023,Emenda ao Projeto de Lei Ordinária nº 208/2023 - Prefeito Municipal - Estima a receita e fixa a despesa do Município para o exercício de 2024.,Herivelto Vela,https://www.pindamonhangaba.sp.leg.br/proposicoes/0/0/0/0/1239#pesquisa
2023-11-19 00:00:00,EMENDA IMPOSITIVA COLETIVA N.º 309 AO PROJETO DE LEI ORDINÁRIA Nº 208/2023,Emenda ao Projeto de Lei Ordinária nº 208/2023 - Prefeito Municipal - Estima a receita e fixa a despesa do Município para o exercício de 2024.,Renato Cebola,https://www.pindamonhangaba.sp.leg.br/proposicoes/0/0/0/0/1024#pesquisa
2023-11-19 00:00:00,EMENDA IMPOSITIVA COLETIVA N.º 311 AO PROJETO DE LEI ORDINÁRIA Nº 208/2023,Emenda ao Projeto de Lei Ordinária nº 208/2023 - Prefeito Municipal - Estima a receita e fixa a despesa do Município para o exercício de 2024.,Gilson Nagrin,https://www.pindamonhangaba.sp.leg.br/proposicoes/0/0/0/0/1025#pesquisa
2023-11-19 00:00:00,EMENDA IMPOSITIVA COLETIVA N.º 312 AO PROJETO DE LEI ORDINÁRIA Nº 208/2023,Emenda ao Projeto de Lei Ordinária nº 208/2023 - Prefeito Municipal - Estima a receita e fixa a despesa do Município para o exercício de 2024.,Gilson Nagrin,https://www.pindamonhangaba.sp.leg.br/proposicoes/0/0/0/0/1026#pesquisa
2023-11-19 00:00:00,EMENDA IMPOSITIVA COLETIVA N.º 313 AO PROJETO DE LEI ORDINÁRIA Nº 208/2023,Emenda ao Projeto de Lei Ordinária nº 208/2023 - Prefeito Municipal - Estima a receita e fixa a despesa do Município para o exercício de 2024.,Gilson Nagrin,https://www.pindamonhangaba.sp.leg.br/proposicoes/0/0/0/0/1027#pesquisa
2023-11-19 00:00:00,EMENDA IMPOSITIVA INDIVIDUAL N.º 314 AO PROJETO DE LEI N° 208/2023,"EMENDA IMPOSITIVA AO PROJETO DE LEI N° 208/2023, QUE ESTIMA A RECEITA E FIXA A DESPESA DO MUNICÍPIO PARA O EXERCÍCIO DE 2024.",Norberto Moraes,https://www.pindamonhangaba.sp.leg.br/proposicoes/0/0/0/0/1028#pesquisa
2023-11-19 00:00:00,EMENDA IMPOSITIVA INDIVIDUAL N.º 315 AO PROJETO DE LEI N° 208/2023,"EMENDA IMPOSITIVA AO PROJETO DE LEI N° 208/2023, QUE ESTIMA A RECEITA E FIXA A DESPESA DO MUNICÍPIO PARA O EXERCÍCIO DE 2024.",Norberto Moraes,https://www.pindamonhangaba.sp.leg.br/proposicoes/0/0/0/0/1029#pesquisa
2023-11-19 00:00:00,EMENDA IMPOSITIVA INDIVIDUAL N.º 316 AO PROJETO DE LEI N° 208/2023,"EMENDA IMPOSITIVA AO PROJETO DE LEI N° 208/2023, QUE ESTIMA A RECEITA E FIXA A DESPESA DO MUNICÍPIO PARA O EXERCÍCIO DE 2024.",Norberto Moraes,https://www.pindamonhangaba.sp.leg.br/proposicoes/0/0/0/0/1030#pesquisa
2023-11-19 00:00:00,EMENDA IMPOSITIVA COLETIVA N.º 317 AO PROJETO DE LEI ORDINÁRIA Nº 208/2023,Emenda ao Projeto de Lei Ordinária nº 208/2023 - Prefeito Municipal - Estima a receita e fixa a despesa do Município para o exercício de 2024.,Carlos Moura - Magrão,https://www.pindamonhangaba.sp.leg.br/proposicoes/0/0/0/0/1031#pesquisa
2023-11-19 00:00:00,EMENDA IMPOSITIVA INDIVIDUAL N.º 318 AO PROJETO DE LEI N° 208/2023,"EMENDA IMPOSITIVA AO PROJETO DE LEI N° 208/2023, QUE ESTIMA A RECEITA E FIXA A DESPESA DO MUNICÍPIO PARA O EXERCÍCIO DE 2024.",Norberto Moraes,https://www.pindamonhangaba.sp.leg.br/proposicoes/0/0/0/0/1032#pesquisa
2023-11-19 00:00:00,EMENDA IMPOSITIVA COLETIVA N.º 319 AO PROJETO DE LEI ORDINÁRIA Nº 208/2023,Emenda ao Projeto de Lei Ordinária nº 208/2023 - Prefeito Municipal - Estima a receita e fixa a despesa do Município para o exercício de 2024.,Carlos Moura - Magrão,https://www.pindamonhangaba.sp.leg.br/proposicoes/0/0/0/0/1033#pesquisa
2023-11-19 00:00:00,EMENDA IMPOSITIVA COLETIVA N.º 320 AO PROJETO DE LEI ORDINÁRIA Nº 208/2023,Emenda ao Projeto de Lei Ordinária nº 208/2023 - Prefeito Municipal - Estima a receita e fixa a despesa do Município para o exercício de 2024.,Renato Cebola,https://www.pindamonhangaba.sp.leg.br/proposicoes/0/0/0/0/1034#pesquisa
2023-11-19 00:00:00,EMENDA IMPOSITIVA COLETIVA N.º 321 AO PROJETO DE LEI ORDINÁRIA Nº 208/2023,Emenda ao Projeto de Lei Ordinária nº 208/2023 - Prefeito Municipal - Estima a receita e fixa a despesa do Município para o exercício de 2024.,Carlos Moura - Magrão,https://www.pindamonhangaba.sp.leg.br/proposicoes/0/0/0/0/1035#pesquisa
2023-11-19 00:00:00,EMENDA IMPOSITIVA COLETIVA N.º 322 AO PROJETO DE LEI ORDINÁRIA Nº 208/2023,Emenda ao Projeto de Lei Ordinária nº 208/2023 - Prefeito Municipal - Estima a receita e fixa a despesa do Município para o exercício de 2024.,Regininha,https://www.pindamonhangaba.sp.leg.br/proposicoes/0/0/0/0/1036#pesquisa
2023-11-19 00:00:00,EMENDA IMPOSITIVA COLETIVA N.º 323 AO PROJETO DE LEI ORDINÁRIA Nº 208/2023,Emenda ao Projeto de Lei Ordinária nº 208/2023 - Prefeito Municipal - Estima a receita e fixa a despesa do Município para o exercício de 2024.,Renato Cebola,https://www.pindamonhangaba.sp.leg.br/proposicoes/0/0/0/0/1037#pesquisa
2023-11-19 00:00:00,EMENDA IMPOSITIVA COLETIVA N.º 324 AO PROJETO DE LEI ORDINÁRIA Nº 208/2023,Emenda ao Projeto de Lei Ordinária nº 208/2023 - Prefeito Municipal - Estima a receita e fixa a despesa do Município para o exercício de 2024.,Carlos Moura - Magrão,https://www.pindamonhangaba.sp.leg.br/proposicoes/0/0/0/0/1038#pesquisa
2023-11-19 00:00:00,EMENDA IMPOSITIVA COLETIVA N.º 325 AO PROJETO DE LEI ORDINÁRIA Nº 208/2023,Emenda ao Projeto de Lei Ordinária nº 208/2023 - Prefeito Municipal - Estima a receita e fixa a despesa do Município para o exercício de 2024.,Carlos Moura - Magrão,https://www.pindamonhangaba.sp.leg.br/proposicoes/0/0/0/0/1039#pesquisa
2023-11-19 00:00:00,EMENDA IMPOSITIVA COLETIVA N.º 326 AO PROJETO DE LEI ORDINÁRIA Nº 208/2023,Emenda ao Projeto de Lei Ordinária nº 208/2023 - Prefeito Municipal - Estima a receita e fixa a despesa do Município para o exercício de 2024.,Carlos Moura - Magrão,https://www.pindamonhangaba.sp.leg.br/proposicoes/0/0/0/0/1040#pesquisa
2023-11-19 00:00:00,EMENDA IMPOSITIVA COLETIVA N.º 327 AO PROJETO DE LEI ORDINÁRIA Nº 208/2023,Emenda ao Projeto de Lei Ordinária nº 208/2023 - Prefeito Municipal - Estima a receita e fixa a despesa do Município para o exercício de 2024.,Renato Cebola,https://www.pindamonhangaba.sp.leg.br/proposicoes/0/0/0/0/1041#pesquisa
2023-11-19 00:00:00,EMENDA IMPOSITIVA COLETIVA N.º 328 AO PROJETO DE LEI ORDINÁRIA Nº 208/2023,Emenda ao Projeto de Lei Ordinária nº 208/2023 - Prefeito Municipal - Estima a receita e fixa a despesa do Município para o exercício de 2024.,Carlos Moura - Magrão,https://www.pindamonhangaba.sp.leg.br/proposicoes/0/0/0/0/1042#pesquisa
2023-11-19 00:00:00,EMENDA IMPOSITIVA COLETIVA N.º 329 AO PROJETO DE LEI ORDINÁRIA Nº 208/2023,Emenda ao Projeto de Lei Ordinária nº 208/2023 - Prefeito Municipal - Estima a receita e fixa a despesa do Município para o exercício de 2024.,Carlos Moura - Magrão,https://www.pindamonhangaba.sp.leg.br/proposicoes/0/0/0/0/1043#pesquisa
2023-11-19 00:00:00,EMENDA IMPOSITIVA COLETIVA N.º 330 AO PROJETO DE LEI ORDINÁRIA Nº 208/2023,Emenda ao Projeto de Lei Ordinária nº 208/2023 - Prefeito Municipal - Estima a receita e fixa a despesa do Município para o exercício de 2024.,Carlos Moura - Magrão,https://www.pindamonhangaba.sp.leg.br/proposicoes/0/0/0/0/1044#pesquisa
2023-11-19 00:00:00,EMENDA IMPOSITIVA COLETIVA N.º 331 AO PROJETO DE LEI ORDINÁRIA Nº 208/2023,Emenda ao Projeto de Lei Ordinária nº 208/2023 - Prefeito Municipal - Estima a receita e fixa a despesa do Município para o exercício de 2024.,Carlos Moura - Magrão,https://www.pindamonhangaba.sp.leg.br/proposicoes/0/0/0/0/1045#pesquisa
2023-11-19 00:00:00,EMENDA IMPOSITIVA COLETIVA N.º 332 AO PROJETO DE LEI ORDINÁRIA Nº 208/2023,Emenda ao Projeto de Lei Ordinária nº 208/2023 - Prefeito Municipal - Estima a receita e fixa a despesa do Município para o exercício de 2024.,Rogério Ramos,https://www.pindamonhangaba.sp.leg.br/proposicoes/0/0/0/0/1046#pesquisa
2023-11-19 00:00:00,EMENDA IMPOSITIVA COLETIVA N.º 333 AO PROJETO DE LEI ORDINÁRIA Nº 208/2023,Emenda ao Projeto de Lei Ordinária nº 208/2023 - Prefeito Municipal - Estima a receita e fixa a despesa do Município para o exercício de 2024.,Carlos Moura - Magrão,https://www.pindamonhangaba.sp.leg.br/proposicoes/0/0/0/0/1047#pesquisa
2023-11-19 00:00:00,EMENDA IMPOSITIVA INDIVIDUAL N.º 334 AO PROJETO DE LEI N° 208/2023,"EMENDA IMPOSITIVA AO PROJETO DE LEI N° 208/2023, QUE ESTIMA A RECEITA E FIXA A DESPESA DO MUNICÍPIO PARA O EXERCÍCIO DE 2024.",Norberto Moraes,https://www.pindamonhangaba.sp.leg.br/proposicoes/0/0/0/0/1048#pesquisa
2023-11-19 00:00:00,EMENDA IMPOSITIVA INDIVIDUAL N.º 335 AO PROJETO DE LEI ORDINÁRIA Nº 208/2023,Emenda ao Projeto de Lei Ordinária nº 208/2023 - Prefeito Municipal - Estima a receita e fixa a despesa do Município para o exercício de 2024.,Rogério Ramos,https://www.pindamonhangaba.sp.leg.br/proposicoes/0/0/0/0/1049#pesquisa
2023-11-19 00:00:00,EMENDA IMPOSITIVA INDIVIDUAL N.º 336 AO PROJETO DE LEI N° 208/2023,"EMENDA IMPOSITIVA AO PROJETO DE LEI N° 208/2023, QUE ESTIMA A RECEITA E FIXA A DESPESA DO MUNICÍPIO PARA O EXERCÍCIO DE 2024.",Norberto Moraes,https://www.pindamonhangaba.sp.leg.br/proposicoes/0/0/0/0/1050#pesquisa
2023-11-19 00:00:00,EMENDA IMPOSITIVA INDIVIDUAL N.º 337 AO PROJETO DE LEI N° 208/2023,"EMENDA IMPOSITIVA AO PROJETO DE LEI N° 208/2023, QUE ESTIMA A RECEITA E FIXA A DESPESA DO MUNICÍPIO PARA O EXERCÍCIO DE 2024.",Norberto Moraes,https://www.pindamonhangaba.sp.leg.br/proposicoes/0/0/0/0/1051#pesquisa
2023-11-19 00:00:00,EMENDA IMPOSITIVA INDIVIDUAL N.º 338 AO PROJETO DE LEI N° 208/2023,"EMENDA IMPOSITIVA AO PROJETO DE LEI N° 208/2023, QUE ESTIMA A RECEITA E FIXA A DESPESA DO MUNICÍPIO PARA O EXERCÍCIO DE 2024.",Norberto Moraes,https://www.pindamonhangaba.sp.leg.br/proposicoes/0/0/0/0/1052#pesquisa
2023-11-19 00:00:00,EMENDA IMPOSITIVA COLETIVA N.º 339 AO PROJETO DE LEI ORDINÁRIA Nº 208/2023,Emenda ao Projeto de Lei Ordinária nº 208/2023 - Prefeito Municipal - Estima a receita e fixa a despesa do Município para o exercício de 2024.,Renato Cebola,https://www.pindamonhangaba.sp.leg.br/proposicoes/0/0/0/0/1053#pesquisa
2023-11-19 00:00:00,EMENDA IMPOSITIVA INDIVIDUAL N.º 340 AO PROJETO DE LEI N° 208/2023,"EMENDA IMPOSITIVA AO PROJETO DE LEI N° 208/2023, QUE ESTIMA A RECEITA E FIXA A DESPESA DO MUNICÍPIO PARA O EXERCÍCIO DE 2024.",Norberto Moraes,https://www.pindamonhangaba.sp.leg.br/proposicoes/0/0/0/0/1054#pesquisa
2023-11-19 00:00:00,EMENDA IMPOSITIVA COLETIVA N.º 341 AO PROJETO DE LEI ORDINÁRIA Nº 208/2023,Emenda ao Projeto de Lei Ordinária nº 208/2023 - Prefeito Municipal - Estima a receita e fixa a despesa do Município para o exercício de 2024.,Carlos Moura - Magrão,https://www.pindamonhangaba.sp.leg.br/proposicoes/0/0/0/0/1055#pesquisa
2023-11-19 00:00:00,EMENDA IMPOSITIVA INDIVIDUAL N.º 342 AO PROJETO DE LEI N° 208/2023,"EMENDA IMPOSITIVA AO PROJETO DE LEI N° 208/2023, QUE ESTIMA A RECEITA E FIXA A DESPESA DO MUNICÍPIO PARA O EXERCÍCIO DE 2024.",Norberto Moraes,https://www.pindamonhangaba.sp.leg.br/proposicoes/0/0/0/0/1056#pesquisa
2023-11-19 00:00:00,EMENDA IMPOSITIVA COLETIVA N.º 344 AO PROJETO DE LEI ORDINÁRIA Nº 208/2023,Emenda ao Projeto de Lei Ordinária nº 208/2023 - Prefeito Municipal - Estima a receita e fixa a despesa do Município para o exercício de 2024.,Carlos Moura - Magrão,https://www.pindamonhangaba.sp.leg.br/proposicoes/0/0/0/0/1057#pesquisa
2023-11-19 00:00:00,EMENDA IMPOSITIVA INDIVIDUAL N.º 345 AO PROJETO DE LEI N° 208/2023,"EMENDA IMPOSITIVA AO PROJETO DE LEI N° 208/2023, QUE ESTIMA A RECEITA E FIXA A DESPESA DO MUNICÍPIO PARA O EXERCÍCIO DE 2024.",Norberto Moraes,https://www.pindamonhangaba.sp.leg.br/proposicoes/0/0/0/0/1058#pesquisa
2023-11-19 00:00:00,EMENDA IMPOSITIVA COLETIVA N.º 346 AO PROJETO DE LEI ORDINÁRIA Nº 208/2023,Emenda ao Projeto de Lei Ordinária nº 208/2023 - Prefeito Municipal - Estima a receita e fixa a despesa do Município para o exercício de 2024.,Carlos Moura - Magrão,https://www.pindamonhangaba.sp.leg.br/proposicoes/0/0/0/0/1059#pesquisa
2023-11-19 00:00:00,EMENDA IMPOSITIVA INDIVIDUAL N.º 347 AO PROJETO DE LEI ORDINÁRIA Nº 208/2023,Emenda ao Projeto de Lei Ordinária nº 208/2023 - Prefeito Municipal - Estima a receita e fixa a despesa do Município para o exercício de 2024.,Rogério Ramos,https://www.pindamonhangaba.sp.leg.br/proposicoes/0/0/0/0/1060#pesquisa
2023-11-19 00:00:00,EMENDA IMPOSITIVA COLETIVA N.º 348 AO PROJETO DE LEI ORDINÁRIA Nº 208/2023,Emenda ao Projeto de Lei Ordinária nº 208/2023 - Prefeito Municipal - Estima a receita e fixa a despesa do Município para o exercício de 2024.,Carlos Moura - Magrão,https://www.pindamonhangaba.sp.leg.br/proposicoes/0/0/0/0/1061#pesquisa
2023-11-19 00:00:00,EMENDA IMPOSITIVA INDIVIDUAL N.º 349 AO PROJETO DE LEI N° 208/2023,"EMENDA IMPOSITIVA AO PROJETO DE LEI N° 208/2023, QUE ESTIMA A RECEITA E FIXA A DESPESA DO MUNICÍPIO PARA O EXERCÍCIO DE 2024.",Norberto Moraes,https://www.pindamonhangaba.sp.leg.br/proposicoes/0/0/0/0/1062#pesquisa
2023-11-19 00:00:00,EMENDA IMPOSITIVA COLETIVA N.º 351 AO PROJETO DE LEI ORDINÁRIA Nº 208/2023,Emenda ao Projeto de Lei Ordinária nº 208/2023 - Prefeito Municipal - Estima a receita e fixa a despesa do Município para o exercício de 2024.,Renato Cebola,https://www.pindamonhangaba.sp.leg.br/proposicoes/0/0/0/0/1063#pesquisa
2023-11-19 00:00:00,EMENDA IMPOSITIVA INDIVIDUAL N.º 352 AO PROJETO DE LEI N° 208/2023,"EMENDA IMPOSITIVA AO PROJETO DE LEI N° 208/2023, QUE ESTIMA A RECEITA E FIXA A DESPESA DO MUNICÍPIO PARA O EXERCÍCIO DE 2024.",Norberto Moraes,https://www.pindamonhangaba.sp.leg.br/proposicoes/0/0/0/0/1064#pesquisa
2023-11-19 00:00:00,EMENDA IMPOSITIVA INDIVIDUAL N.º 353 AO PROJETO DE LEI N° 208/2023,"EMENDA IMPOSITIVA AO PROJETO DE LEI N° 208/2023, QUE ESTIMA A RECEITA E FIXA A DESPESA DO MUNICÍPIO PARA O EXERCÍCIO DE 2024.",Norberto Moraes,https://www.pindamonhangaba.sp.leg.br/proposicoes/0/0/0/0/1065#pesquisa
2023-11-19 00:00:00,EMENDA IMPOSITIVA INDIVIDUAL N.º 354 AO PROJETO DE LEI N° 208/2023,"EMENDA IMPOSITIVA AO PROJETO DE LEI N° 208/2023, QUE ESTIMA A RECEITA E FIXA A DESPESA DO MUNICÍPIO PARA O EXERCÍCIO DE 2024.",Norberto Moraes,https://www.pindamonhangaba.sp.leg.br/proposicoes/0/0/0/0/1066#pesquisa
2023-11-19 00:00:00,EMENDA IMPOSITIVA COLETIVA N.º 355 AO PROJETO DE LEI ORDINÁRIA Nº 208/2023,Emenda ao Projeto de Lei Ordinária nº 208/2023 - Prefeito Municipal - Estima a receita e fixa a despesa do Município para o exercício de 2024.,Carlos Moura - Magrão,https://www.pindamonhangaba.sp.leg.br/proposicoes/0/0/0/0/1067#pesquisa
2023-11-19 00:00:00,EMENDA IMPOSITIVA COLETIVA N.º 356 AO PROJETO DE LEI ORDINÁRIA Nº 208/2023,Emenda ao Projeto de Lei Ordinária nº 208/2023 - Prefeito Municipal - Estima a receita e fixa a despesa do Município para o exercício de 2024.,Carlos Moura - Magrão,https://www.pindamonhangaba.sp.leg.br/proposicoes/0/0/0/0/1068#pesquisa
2023-11-19 00:00:00,EMENDA IMPOSITIVA COLETIVA N.º 357 AO PROJETO DE LEI ORDINÁRIA Nº 208/2023,Emenda ao Projeto de Lei Ordinária nº 208/2023 - Prefeito Municipal - Estima a receita e fixa a despesa do Município para o exercício de 2024.,Renato Cebola,https://www.pindamonhangaba.sp.leg.br/proposicoes/0/0/0/0/1069#pesquisa
2023-11-19 00:00:00,EMENDA IMPOSITIVA COLETIVA N.º 358 AO PROJETO DE LEI ORDINÁRIA Nº 208/2023,Emenda ao Projeto de Lei Ordinária nº 208/2023 - Prefeito Municipal - Estima a receita e fixa a despesa do Município para o exercício de 2024.,Renato Cebola,https://www.pindamonhangaba.sp.leg.br/proposicoes/0/0/0/0/1070#pesquisa
2023-11-19 00:00:00,EMENDA IMPOSITIVA COLETIVA N.º 359 AO PROJETO DE LEI ORDINÁRIA Nº 208/2023,Emenda ao Projeto de Lei Ordinária nº 208/2023 - Prefeito Municipal - Estima a receita e fixa a despesa do Município para o exercício de 2024.,Carlos Moura - Magrão,https://www.pindamonhangaba.sp.leg.br/proposicoes/0/0/0/0/1071#pesquisa
2023-11-19 00:00:00,EMENDA IMPOSITIVA COLETIVA N.º 360 AO PROJETO DE LEI ORDINÁRIA Nº 208/2023,Emenda ao Projeto de Lei Ordinária nº 208/2023 - Prefeito Municipal - Estima a receita e fixa a despesa do Município para o exercício de 2024.,Renato Cebola,https://www.pindamonhangaba.sp.leg.br/proposicoes/0/0/0/0/1072#pesquisa
2023-11-19 00:00:00,EMENDA IMPOSITIVA COLETIVA N.º 362 AO PROJETO DE LEI ORDINÁRIA Nº 208/2023,Emenda ao Projeto de Lei Ordinária nº 208/2023 - Prefeito Municipal - Estima a receita e fixa a despesa do Município para o exercício de 2024.,Carlos Moura - Magrão,https://www.pindamonhangaba.sp.leg.br/proposicoes/0/0/0/0/1073#pesquisa
2023-11-19 00:00:00,EMENDA IMPOSITIVA COLETIVA N.º 363 AO PROJETO DE LEI ORDINÁRIA Nº 208/2023,Emenda ao Projeto de Lei Ordinária nº 208/2023 - Prefeito Municipal - Estima a receita e fixa a despesa do Município para o exercício de 2024.,Carlos Moura - Magrão,https://www.pindamonhangaba.sp.leg.br/proposicoes/0/0/0/0/1074#pesquisa
2023-11-19 00:00:00,EMENDA IMPOSITIVA COLETIVA N.º 364 AO PROJETO DE LEI ORDINÁRIA Nº 208/2023,Emenda ao Projeto de Lei Ordinária nº 208/2023 - Prefeito Municipal - Estima a receita e fixa a despesa do Município para o exercício de 2024.,Carlos Moura - Magrão,https://www.pindamonhangaba.sp.leg.br/proposicoes/0/0/0/0/1075#pesquisa
2023-11-19 00:00:00,EMENDA IMPOSITIVA COLETIVA N.º 365 AO PROJETO DE LEI ORDINÁRIA Nº 208/2023,Emenda ao Projeto de Lei Ordinária nº 208/2023 - Prefeito Municipal - Estima a receita e fixa a despesa do Município para o exercício de 2024.,Carlos Moura - Magrão,https://www.pindamonhangaba.sp.leg.br/proposicoes/0/0/0/0/1076#pesquisa
2023-11-19 00:00:00,EMENDA IMPOSITIVA COLETIVA N.º 366 AO PROJETO DE LEI ORDINÁRIA Nº 208/2023,Emenda ao Projeto de Lei Ordinária nº 208/2023 - Prefeito Municipal - Estima a receita e fixa a despesa do Município para o exercício de 2024.,Renato Cebola,https://www.pindamonhangaba.sp.leg.br/proposicoes/0/0/0/0/1077#pesquisa
2023-11-19 00:00:00,EMENDA IMPOSITIVA COLETIVA N.º 367 AO PROJETO DE LEI ORDINÁRIA Nº 208/2023,Emenda ao Projeto de Lei Ordinária nº 208/2023 - Prefeito Municipal - Estima a receita e fixa a despesa do Município para o exercício de 2024.,Renato Cebola,https://www.pindamonhangaba.sp.leg.br/proposicoes/0/0/0/0/1078#pesquisa
2023-11-19 00:00:00,EMENDA IMPOSITIVA COLETIVA N.º 368 AO PROJETO DE LEI ORDINÁRIA Nº 208/2023,Emenda ao Projeto de Lei Ordinária nº 208/2023 - Prefeito Municipal - Estima a receita e fixa a despesa do Município para o exercício de 2024.,Renato Cebola,https://www.pindamonhangaba.sp.leg.br/proposicoes/0/0/0/0/1079#pesquisa
2023-11-19 00:00:00,EMENDA IMPOSITIVA COLETIVA N.º 369 AO PROJETO DE LEI ORDINÁRIA Nº 208/2023,Emenda ao Projeto de Lei Ordinária nº 208/2023 - Prefeito Municipal - Estima a receita e fixa a despesa do Município para o exercício de 2024.,Renato Cebola,https://www.pindamonhangaba.sp.leg.br/proposicoes/0/0/0/0/1080#pesquisa
2023-11-19 00:00:00,EMENDA IMPOSITIVA COLETIVA N.º 370 AO PROJETO DE LEI ORDINÁRIA Nº 208/2023,Emenda ao Projeto de Lei Ordinária nº 208/2023 - Prefeito Municipal - Estima a receita e fixa a despesa do Município para o exercício de 2024.,Renato Cebola,https://www.pindamonhangaba.sp.leg.br/proposicoes/0/0/0/0/1081#pesquisa
2023-11-19 00:00:00,EMENDA IMPOSITIVA COLETIVA N.º 371 AO PROJETO DE LEI ORDINÁRIA Nº 208/2023,Emenda ao Projeto de Lei Ordinária nº 208/2023 - Prefeito Municipal - Estima a receita e fixa a despesa do Município para o exercício de 2024.,Renato Cebola,https://www.pindamonhangaba.sp.leg.br/proposicoes/0/0/0/0/1082#pesquisa
2023-11-19 00:00:00,EMENDA IMPOSITIVA COLETIVA N.º 372 AO PROJETO DE LEI ORDINÁRIA Nº 208/2023,Emenda ao Projeto de Lei Ordinária nº 208/2023 - Prefeito Municipal - Estima a receita e fixa a despesa do Município para o exercício de 2024.,Rogério Ramos,https://www.pindamonhangaba.sp.leg.br/proposicoes/0/0/0/0/1083#pesquisa
2023-11-19 00:00:00,EMENDA IMPOSITIVA COLETIVA N.º 373 AO PROJETO DE LEI ORDINÁRIA Nº 208/2023,Emenda ao Projeto de Lei Ordinária nº 208/2023 - Prefeito Municipal - Estima a receita e fixa a despesa do Município para o exercício de 2024.,Rogério Ramos,https://www.pindamonhangaba.sp.leg.br/proposicoes/0/0/0/0/1084#pesquisa
2023-11-19 00:00:00,EMENDA IMPOSITIVA COLETIVA N.º 374 AO PROJETO DE LEI ORDINÁRIA Nº 208/2023,Emenda ao Projeto de Lei Ordinária nº 208/2023 - Prefeito Municipal - Estima a receita e fixa a despesa do Município para o exercício de 2024.,Renato Cebola,https://www.pindamonhangaba.sp.leg.br/proposicoes/0/0/0/0/1085#pesquisa
2023-11-19 00:00:00,EMENDA IMPOSITIVA COLETIVA N.º 375 AO PROJETO DE LEI ORDINÁRIA Nº 208/2023,Emenda ao Projeto de Lei Ordinária nº 208/2023 - Prefeito Municipal - Estima a receita e fixa a despesa do Município para o exercício de 2024.,Renato Cebola,https://www.pindamonhangaba.sp.leg.br/proposicoes/0/0/0/0/1086#pesquisa
2023-11-19 00:00:00,EMENDA IMPOSITIVA INDIVIDUAL N.º 376 AO PROJETO DE LEI ORDINÁRIA Nº 208/2023,Emenda ao Projeto de Lei Ordinária nº 208/2023 - Prefeito Municipal - Estima a receita e fixa a despesa do Município para o exercício de 2024.,Herivelto Vela,https://www.pindamonhangaba.sp.leg.br/proposicoes/0/0/0/0/1087#pesquisa
2023-11-19 00:00:00,EMENDA IMPOSITIVA INDIVIDUAL N.º 377 AO PROJETO DE LEI ORDINÁRIA Nº 208/2023,Emenda ao Projeto de Lei Ordinária nº 208/2023 - Prefeito Municipal - Estima a receita e fixa a despesa do Município para o exercício de 2024.,Herivelto Vela,https://www.pindamonhangaba.sp.leg.br/proposicoes/0/0/0/0/1088#pesquisa
2023-11-19 00:00:00,EMENDA IMPOSITIVA COLETIVA N.º 378 AO PROJETO DE LEI ORDINÁRIA Nº 208/2023,Emenda ao Projeto de Lei Ordinária nº 208/2023 - Prefeito Municipal - Estima a receita e fixa a despesa do Município para o exercício de 2024.,Renato Cebola,https://www.pindamonhangaba.sp.leg.br/proposicoes/0/0/0/0/1089#pesquisa
2023-11-19 00:00:00,EMENDA IMPOSITIVA INDIVIDUAL N.º 379 AO PROJETO DE LEI ORDINÁRIA Nº 208/2023,Emenda ao Projeto de Lei Ordinária nº 208/2023 - Prefeito Municipal - Estima a receita e fixa a despesa do Município para o exercício de 2024.,Herivelto Vela,https://www.pindamonhangaba.sp.leg.br/proposicoes/0/0/0/0/1090#pesquisa
2023-11-19 00:00:00,EMENDA IMPOSITIVA INDIVIDUAL N.º 380 AO PROJETO DE LEI ORDINÁRIA Nº 208/2023,Emenda ao Projeto de Lei Ordinária nº 208/2023 - Prefeito Municipal - Estima a receita e fixa a despesa do Município para o exercício de 2024.,Herivelto Vela,https://www.pindamonhangaba.sp.leg.br/proposicoes/0/0/0/0/1091#pesquisa
2023-11-19 00:00:00,EMENDA IMPOSITIVA INDIVIDUAL N.º 381 AO PROJETO DE LEI ORDINÁRIA Nº 208/2023,Emenda ao Projeto de Lei Ordinária nº 208/2023 - Prefeito Municipal - Estima a receita e fixa a despesa do Município para o exercício de 2024.,Herivelto Vela,https://www.pindamonhangaba.sp.leg.br/proposicoes/0/0/0/0/1092#pesquisa
2023-11-19 00:00:00,EMENDA IMPOSITIVA INDIVIDUAL N.º 382 AO PROJETO DE LEI ORDINÁRIA Nº 208/2023,Emenda ao Projeto de Lei Ordinária nº 208/2023 - Prefeito Municipal - Estima a receita e fixa a despesa do Município para o exercício de 2024.,Herivelto Vela,https://www.pindamonhangaba.sp.leg.br/proposicoes/0/0/0/0/1093#pesquisa
2023-11-19 00:00:00,EMENDA IMPOSITIVA INDIVIDUAL N.º 383 AO PROJETO DE LEI ORDINÁRIA Nº 208/2023,Emenda ao Projeto de Lei Ordinária nº 208/2023 - Prefeito Municipal - Estima a receita e fixa a despesa do Município para o exercício de 2024.,Herivelto Vela,https://www.pindamonhangaba.sp.leg.br/proposicoes/0/0/0/0/1094#pesquisa
2023-11-19 00:00:00,EMENDA IMPOSITIVA INDIVIDUAL N.º 384 AO PROJETO DE LEI ORDINÁRIA Nº 208/2023,Emenda ao Projeto de Lei Ordinária nº 208/2023 - Prefeito Municipal - Estima a receita e fixa a despesa do Município para o exercício de 2024.,Herivelto Vela,https://www.pindamonhangaba.sp.leg.br/proposicoes/0/0/0/0/1095#pesquisa
2023-11-19 00:00:00,EMENDA IMPOSITIVA INDIVIDUAL N.º 385 AO PROJETO DE LEI ORDINÁRIA Nº 208/2023,Emenda ao Projeto de Lei Ordinária nº 208/2023 - Prefeito Municipal - Estima a receita e fixa a despesa do Município para o exercício de 2024.,Herivelto Vela,https://www.pindamonhangaba.sp.leg.br/proposicoes/0/0/0/0/1096#pesquisa
2023-11-19 00:00:00,EMENDA IMPOSITIVA COLETIVA N.º 386 AO PROJETO DE LEI ORDINÁRIA Nº 208/2023,Emenda ao Projeto de Lei Ordinária nº 208/2023 - Prefeito Municipal - Estima a receita e fixa a despesa do Município para o exercício de 2024.,Renato Cebola,https://www.pindamonhangaba.sp.leg.br/proposicoes/0/0/0/0/1097#pesquisa
2023-11-19 00:00:00,EMENDA IMPOSITIVA COLETIVA N.º 387 AO PROJETO DE LEI ORDINÁRIA Nº 208/2023,Emenda ao Projeto de Lei Ordinária nº 208/2023 - Prefeito Municipal - Estima a receita e fixa a despesa do Município para o exercício de 2024.,Herivelto Vela,https://www.pindamonhangaba.sp.leg.br/proposicoes/0/0/0/0/1098#pesquisa
2023-11-19 00:00:00,EMENDA IMPOSITIVA INDIVIDUAL N.º 388 AO PROJETO DE LEI ORDINÁRIA Nº 208/2023,Emenda ao Projeto de Lei Ordinária nº 208/2023 - Prefeito Municipal - Estima a receita e fixa a despesa do Município para o exercício de 2024.,Julinho Car,https://www.pindamonhangaba.sp.leg.br/proposicoes/0/0/0/0/1099#pesquisa
2023-11-19 00:00:00,EMENDA IMPOSITIVA INDIVIDUAL N.º 389 AO PROJETO DE LEI ORDINÁRIA Nº 208/2023,Emenda ao Projeto de Lei Ordinária nº 208/2023 - Prefeito Municipal - Estima a receita e fixa a despesa do Município para o exercício de 2024.,Herivelto Vela,https://www.pindamonhangaba.sp.leg.br/proposicoes/0/0/0/0/1100#pesquisa
2023-11-19 00:00:00,EMENDA IMPOSITIVA INDIVIDUAL N.º 390 AO PROJETO DE LEI ORDINÁRIA Nº 208/2023,Emenda ao Projeto de Lei Ordinária nº 208/2023 - Prefeito Municipal - Estima a receita e fixa a despesa do Município para o exercício de 2024.,Herivelto Vela,https://www.pindamonhangaba.sp.leg.br/proposicoes/0/0/0/0/1101#pesquisa
2023-11-19 00:00:00,EMENDA IMPOSITIVA INDIVIDUAL N.º 391 AO PROJETO DE LEI ORDINÁRIA Nº 208/2023,Emenda ao Projeto de Lei Ordinária nº 208/2023 - Prefeito Municipal - Estima a receita e fixa a despesa do Município para o exercício de 2024.,Herivelto Vela,https://www.pindamonhangaba.sp.leg.br/proposicoes/0/0/0/0/1102#pesquisa
2023-11-19 00:00:00,EMENDA IMPOSITIVA INDIVIDUAL N.º 392 AO PROJETO DE LEI ORDINÁRIA Nº 208/2023,Emenda ao Projeto de Lei Ordinária nº 208/2023 - Prefeito Municipal - Estima a receita e fixa a despesa do Município para o exercício de 2024.,Herivelto Vela,https://www.pindamonhangaba.sp.leg.br/proposicoes/0/0/0/0/1103#pesquisa
2023-11-19 00:00:00,EMENDA IMPOSITIVA INDIVIDUAL N.º 393 AO PROJETO DE LEI ORDINÁRIA Nº 208/2023,Emenda ao Projeto de Lei Ordinária nº 208/2023 - Prefeito Municipal - Estima a receita e fixa a despesa do Município para o exercício de 2024.,Herivelto Vela,https://www.pindamonhangaba.sp.leg.br/proposicoes/0/0/0/0/1104#pesquisa
2023-11-19 00:00:00,EMENDA IMPOSITIVA INDIVIDUAL N.º 394 AO PROJETO DE LEI ORDINÁRIA Nº 208/2023,Emenda ao Projeto de Lei Ordinária nº 208/2023 - Prefeito Municipal - Estima a receita e fixa a despesa do Município para o exercício de 2024.,Herivelto Vela,https://www.pindamonhangaba.sp.leg.br/proposicoes/0/0/0/0/1105#pesquisa
2023-11-19 00:00:00,EMENDA IMPOSITIVA INDIVIDUAL N.º 395 AO PROJETO DE LEI ORDINÁRIA Nº 208/2023,Emenda ao Projeto de Lei Ordinária nº 208/2023 - Prefeito Municipal - Estima a receita e fixa a despesa do Município para o exercício de 2024.,Herivelto Vela,https://www.pindamonhangaba.sp.leg.br/proposicoes/0/0/0/0/1106#pesquisa
2023-11-19 00:00:00,EMENDA IMPOSITIVA INDIVIDUAL N.º 396 AO PROJETO DE LEI ORDINÁRIA Nº 208/2023,Emenda ao Projeto de Lei Ordinária nº 208/2023 - Prefeito Municipal - Estima a receita e fixa a despesa do Município para o exercício de 2024.,Renato Cebola,https://www.pindamonhangaba.sp.leg.br/proposicoes/0/0/0/0/1107#pesquisa
2023-11-19 00:00:00,EMENDA IMPOSITIVA INDIVIDUAL N.º 397 AO PROJETO DE LEI ORDINÁRIA Nº 208/2023,Emenda ao Projeto de Lei Ordinária nº 208/2023 - Prefeito Municipal - Estima a receita e fixa a despesa do Município para o exercício de 2024.,Herivelto Vela,https://www.pindamonhangaba.sp.leg.br/proposicoes/0/0/0/0/1108#pesquisa
2023-11-19 00:00:00,EMENDA IMPOSITIVA INDIVIDUAL N.º 398 AO PROJETO DE LEI ORDINÁRIA Nº 208/2023,Emenda ao Projeto de Lei Ordinária nº 208/2023 - Prefeito Municipal - Estima a receita e fixa a despesa do Município para o exercício de 2024.,Herivelto Vela,https://www.pindamonhangaba.sp.leg.br/proposicoes/0/0/0/0/1109#pesquisa
2023-11-19 00:00:00,EMENDA IMPOSITIVA INDIVIDUAL N.º 399 AO PROJETO DE LEI ORDINÁRIA Nº 208/2023,Emenda ao Projeto de Lei Ordinária nº 208/2023 - Prefeito Municipal - Estima a receita e fixa a despesa do Município para o exercício de 2024.,Herivelto Vela,https://www.pindamonhangaba.sp.leg.br/proposicoes/0/0/0/0/1110#pesquisa
2023-11-19 00:00:00,EMENDA IMPOSITIVA COLETIVA N.º 400 AO PROJETO DE LEI ORDINÁRIA Nº 208/2023,Emenda ao Projeto de Lei Ordinária nº 208/2023 - Prefeito Municipal - Estima a receita e fixa a despesa do Município para o exercício de 2024.,Herivelto Vela,https://www.pindamonhangaba.sp.leg.br/proposicoes/0/0/0/0/1111#pesquisa
2023-11-19 00:00:00,EMENDA IMPOSITIVA COLETIVA N.º 401 AO PROJETO DE LEI ORDINÁRIA Nº 208/2023,Emenda ao Projeto de Lei Ordinária nº 208/2023 - Prefeito Municipal - Estima a receita e fixa a despesa do Município para o exercício de 2024.,Herivelto Vela,https://www.pindamonhangaba.sp.leg.br/proposicoes/0/0/0/0/1112#pesquisa
2023-11-19 00:00:00,EMENDA IMPOSITIVA COLETIVA N.º 402 AO PROJETO DE LEI ORDINÁRIA Nº 208/2023,Emenda ao Projeto de Lei Ordinária nº 208/2023 - Prefeito Municipal - Estima a receita e fixa a despesa do Município para o exercício de 2024.,Herivelto Vela,https://www.pindamonhangaba.sp.leg.br/proposicoes/0/0/0/0/1113#pesquisa
2023-11-19 00:00:00,EMENDA IMPOSITIVA COLETIVA N.º 403 AO PROJETO DE LEI ORDINÁRIA Nº 208/2023,Emenda ao Projeto de Lei Ordinária nº 208/2023 - Prefeito Municipal - Estima a receita e fixa a despesa do Município para o exercício de 2024.,Herivelto Vela,https://www.pindamonhangaba.sp.leg.br/proposicoes/0/0/0/0/1114#pesquisa
2023-11-19 00:00:00,EMENDA IMPOSITIVA COLETIVA N.º 404 AO PROJETO DE LEI ORDINÁRIA Nº 208/2023,Emenda ao Projeto de Lei Ordinária nº 208/2023 - Prefeito Municipal - Estima a receita e fixa a despesa do Município para o exercício de 2024.,Herivelto Vela,https://www.pindamonhangaba.sp.leg.br/proposicoes/0/0/0/0/1115#pesquisa
2023-11-19 00:00:00,EMENDA IMPOSITIVA INDIVIDUAL N.º 405 AO PROJETO DE LEI ORDINÁRIA Nº 208/2023,Emenda ao Projeto de Lei Ordinária nº 208/2023 - Prefeito Municipal - Estima a receita e fixa a despesa do Município para o exercício de 2024.,Herivelto Vela,https://www.pindamonhangaba.sp.leg.br/proposicoes/0/0/0/0/1116#pesquisa
2023-11-19 00:00:00,EMENDA IMPOSITIVA COLETIVA N.º 406 AO PROJETO DE LEI ORDINÁRIA Nº 208/2023,Emenda ao Projeto de Lei Ordinária nº 208/2023 - Prefeito Municipal - Estima a receita e fixa a despesa do Município para o exercício de 2024.,Herivelto Vela,https://www.pindamonhangaba.sp.leg.br/proposicoes/0/0/0/0/1117#pesquisa
2023-11-19 00:00:00,EMENDA IMPOSITIVA COLETIVA N.º 407 AO PROJETO DE LEI ORDINÁRIA Nº 208/2023,Emenda ao Projeto de Lei Ordinária nº 208/2023 - Prefeito Municipal - Estima a receita e fixa a despesa do Município para o exercício de 2024.,Renato Cebola,https://www.pindamonhangaba.sp.leg.br/proposicoes/0/0/0/0/1118#pesquisa
2023-11-19 00:00:00,EMENDA IMPOSITIVA COLETIVA N.º 408 AO PROJETO DE LEI ORDINÁRIA Nº 208/2023,Emenda ao Projeto de Lei Ordinária nº 208/2023 - Prefeito Municipal - Estima a receita e fixa a despesa do Município para o exercício de 2024.,Herivelto Vela,https://www.pindamonhangaba.sp.leg.br/proposicoes/0/0/0/0/1119#pesquisa
2023-11-19 00:00:00,EMENDA IMPOSITIVA COLETIVA N.º 409 AO PROJETO DE LEI ORDINÁRIA Nº 208/2023,Emenda ao Projeto de Lei Ordinária nº 208/2023 - Prefeito Municipal - Estima a receita e fixa a despesa do Município para o exercício de 2024.,Herivelto Vela,https://www.pindamonhangaba.sp.leg.br/proposicoes/0/0/0/0/1120#pesquisa
2023-11-19 00:00:00,EMENDA IMPOSITIVA COLETIVA N.º 411 AO PROJETO DE LEI ORDINÁRIA Nº 208/2023,Emenda ao Projeto de Lei Ordinária nº 208/2023 - Prefeito Municipal - Estima a receita e fixa a despesa do Município para o exercício de 2024.,Herivelto Vela,https://www.pindamonhangaba.sp.leg.br/proposicoes/0/0/0/0/1121#pesquisa
2023-11-19 00:00:00,EMENDA IMPOSITIVA COLETIVA N.º 412 AO PROJETO DE LEI ORDINÁRIA Nº 208/2023,Emenda ao Projeto de Lei Ordinária nº 208/2023 - Prefeito Municipal - Estima a receita e fixa a despesa do Município para o exercício de 2024.,Rogério Ramos,https://www.pindamonhangaba.sp.leg.br/proposicoes/0/0/0/0/1122#pesquisa
2023-11-19 00:00:00,EMENDA IMPOSITIVA COLETIVA N.º 413 AO PROJETO DE LEI ORDINÁRIA Nº 208/2023,Emenda ao Projeto de Lei Ordinária nº 208/2023 - Prefeito Municipal - Estima a receita e fixa a despesa do Município para o exercício de 2024.,Rogério Ramos,https://www.pindamonhangaba.sp.leg.br/proposicoes/0/0/0/0/1123#pesquisa
2023-11-19 00:00:00,EMENDA IMPOSITIVA COLETIVA N.º 414 AO PROJETO DE LEI ORDINÁRIA Nº 208/2023,Emenda ao Projeto de Lei Ordinária nº 208/2023 - Prefeito Municipal - Estima a receita e fixa a despesa do Município para o exercício de 2024.,Renato Cebola,https://www.pindamonhangaba.sp.leg.br/proposicoes/0/0/0/0/1124#pesquisa
2023-11-19 00:00:00,EMENDA IMPOSITIVA COLETIVA N.º 415 AO PROJETO DE LEI ORDINÁRIA Nº 208/2023,Emenda ao Projeto de Lei Ordinária nº 208/2023 - Prefeito Municipal - Estima a receita e fixa a despesa do Município para o exercício de 2024.,Rogério Ramos,https://www.pindamonhangaba.sp.leg.br/proposicoes/0/0/0/0/1125#pesquisa
2023-11-19 00:00:00,EMENDA IMPOSITIVA COLETIVA N.º 416 AO PROJETO DE LEI ORDINÁRIA Nº 208/2023,Emenda ao Projeto de Lei Ordinária nº 208/2023 - Prefeito Municipal - Estima a receita e fixa a despesa do Município para o exercício de 2024.,Rogério Ramos,https://www.pindamonhangaba.sp.leg.br/proposicoes/0/0/0/0/1126#pesquisa
2023-11-19 00:00:00,EMENDA IMPOSITIVA COLETIVA N.º 417 AO PROJETO DE LEI ORDINÁRIA Nº 208/2023,Emenda ao Projeto de Lei Ordinária nº 208/2023 - Prefeito Municipal - Estima a receita e fixa a despesa do Município para o exercício de 2024.,Herivelto Vela,https://www.pindamonhangaba.sp.leg.br/proposicoes/0/0/0/0/1127#pesquisa
2023-11-19 00:00:00,EMENDA IMPOSITIVA COLETIVA N.º 418 AO PROJETO DE LEI ORDINÁRIA Nº 208/2023,Emenda ao Projeto de Lei Ordinária nº 208/2023 - Prefeito Municipal - Estima a receita e fixa a despesa do Município para o exercício de 2024.,Rogério Ramos,https://www.pindamonhangaba.sp.leg.br/proposicoes/0/0/0/0/1128#pesquisa
2023-11-19 00:00:00,EMENDA IMPOSITIVA COLETIVA N.º 419 AO PROJETO DE LEI ORDINÁRIA Nº 208/2023,Emenda ao Projeto de Lei Ordinária nº 208/2023 - Prefeito Municipal - Estima a receita e fixa a despesa do Município para o exercício de 2024.,Rogério Ramos,https://www.pindamonhangaba.sp.leg.br/proposicoes/0/0/0/0/1129#pesquisa
2023-11-19 00:00:00,EMENDA IMPOSITIVA COLETIVA N.º 420 AO PROJETO DE LEI ORDINÁRIA Nº 208/2023,Emenda ao Projeto de Lei Ordinária nº 208/2023 - Prefeito Municipal - Estima a receita e fixa a despesa do Município para o exercício de 2024.,Rogério Ramos,https://www.pindamonhangaba.sp.leg.br/proposicoes/0/0/0/0/1130#pesquisa
2023-11-19 00:00:00,EMENDA IMPOSITIVA COLETIVA N.º 421 AO PROJETO DE LEI ORDINÁRIA Nº 208/2023,Emenda ao Projeto de Lei Ordinária nº 208/2023 - Prefeito Municipal - Estima a receita e fixa a despesa do Município para o exercício de 2024. pé na ginga,Herivelto Vela,https://www.pindamonhangaba.sp.leg.br/proposicoes/0/0/0/0/1131#pesquisa
2023-11-19 00:00:00,EMENDA IMPOSITIVA COLETIVA N.º 422 AO PROJETO DE LEI ORDINÁRIA Nº 208/2023,Emenda ao Projeto de Lei Ordinária nº 208/2023 - Prefeito Municipal - Estima a receita e fixa a despesa do Município para o exercício de 2024. mercado,Herivelto Vela,https://www.pindamonhangaba.sp.leg.br/proposicoes/0/0/0/0/1132#pesquisa
2023-11-19 00:00:00,EMENDA IMPOSITIVA COLETIVA N.º 423 AO PROJETO DE LEI ORDINÁRIA Nº 208/2023,Emenda ao Projeto de Lei Ordinária nº 208/2023 - Prefeito Municipal - Estima a receita e fixa a despesa do Município para o exercício de 2024. GA,Herivelto Vela,https://www.pindamonhangaba.sp.leg.br/proposicoes/0/0/0/0/1133#pesquisa
2023-11-19 00:00:00,EMENDA IMPOSITIVA COLETIVA N.º 424 AO PROJETO DE LEI ORDINÁRIA Nº 208/2023,Emenda ao Projeto de Lei Ordinária nº 208/2023 - Prefeito Municipal - Estima a receita e fixa a despesa do Município para o exercício de 2024. GR,Herivelto Vela,https://www.pindamonhangaba.sp.leg.br/proposicoes/0/0/0/0/1134#pesquisa
2023-11-19 00:00:00,EMENDA IMPOSITIVA INDIVIDUAL N.º 425 AO PROJETO DE LEI ORDINÁRIA Nº 208/2023,Emenda ao Projeto de Lei Ordinária nº 208/2023 - Prefeito Municipal - Estima a receita e fixa a despesa do Município para o exercício de 2024. lij 2,Herivelto Vela,https://www.pindamonhangaba.sp.leg.br/proposicoes/0/0/0/0/1135#pesquisa
2023-11-19 00:00:00,EMENDA IMPOSITIVA COLETIVA N.º 426 AO PROJETO DE LEI ORDINÁRIA Nº 208/2023,Emenda ao Projeto de Lei Ordinária nº 208/2023 - Prefeito Municipal - Estima a receita e fixa a despesa do Município para o exercício de 2024.,Renato Cebola,https://www.pindamonhangaba.sp.leg.br/proposicoes/0/0/0/0/1136#pesquisa
2023-11-19 00:00:00,EMENDA IMPOSITIVA INDIVIDUAL N.º 427 AO PROJETO DE LEI ORDINÁRIA Nº 208/2023,Emenda ao Projeto de Lei Ordinária nº 208/2023 - Prefeito Municipal - Estima a receita e fixa a despesa do Município para o exercício de 2024. liga,Herivelto Vela,https://www.pindamonhangaba.sp.leg.br/proposicoes/0/0/0/0/1137#pesquisa
2023-11-19 00:00:00,EMENDA IMPOSITIVA COLETIVA N.º 428 AO PROJETO DE LEI ORDINÁRIA Nº 208/2023,Emenda ao Projeto de Lei Ordinária nº 208/2023 - Prefeito Municipal - Estima a receita e fixa a despesa do Município para o exercício de 2024. liga 2,Herivelto Vela,https://www.pindamonhangaba.sp.leg.br/proposicoes/0/0/0/0/1138#pesquisa
2023-11-19 00:00:00,EMENDA IMPOSITIVA INDIVIDUAL N.º 429 AO PROJETO DE LEI ORDINÁRIA Nº 208/2023,Emenda ao Projeto de Lei Ordinária nº 208/2023 - Prefeito Municipal - Estima a receita e fixa a despesa do Município para o exercício de 2024. nat,Herivelto Vela,https://www.pindamonhangaba.sp.leg.br/proposicoes/0/0/0/0/1139#pesquisa
2023-11-19 00:00:00,EMENDA IMPOSITIVA INDIVIDUAL N.º 430 AO PROJETO DE LEI ORDINÁRIA Nº 208/2023,Emenda ao Projeto de Lei Ordinária nº 208/2023 - Prefeito Municipal - Estima a receita e fixa a despesa do Município para o exercício de 2024. atuarte,Herivelto Vela,https://www.pindamonhangaba.sp.leg.br/proposicoes/0/0/0/0/1140#pesquisa
2023-11-19 00:00:00,EMENDA IMPOSITIVA COLETIVA N.º 431 AO PROJETO DE LEI ORDINÁRIA Nº 208/2023,Emenda ao Projeto de Lei Ordinária nº 208/2023 - Prefeito Municipal - Estima a receita e fixa a despesa do Município para o exercício de 2024.,Renato Cebola,https://www.pindamonhangaba.sp.leg.br/proposicoes/0/0/0/0/1141#pesquisa
2023-11-19 00:00:00,EMENDA IMPOSITIVA COLETIVA N.º 432 AO PROJETO DE LEI ORDINÁRIA Nº 208/2023,Emenda ao Projeto de Lei Ordinária nº 208/2023 - Prefeito Municipal - Estima a receita e fixa a despesa do Município para o exercício de 2024.,Carlos Moura - Magrão,https://www.pindamonhangaba.sp.leg.br/proposicoes/0/0/0/0/1142#pesquisa
2023-11-19 00:00:00,EMENDA IMPOSITIVA INDIVIDUAL N.º 433 AO PROJETO DE LEI ORDINÁRIA Nº 208/2023,Emenda ao Projeto de Lei Ordinária nº 208/2023 - Prefeito Municipal - Estima a receita e fixa a despesa do Município para o exercício de 2024.,Herivelto Vela,https://www.pindamonhangaba.sp.leg.br/proposicoes/0/0/0/0/1143#pesquisa
2023-11-19 00:00:00,EMENDA IMPOSITIVA INDIVIDUAL N.º 435 AO PROJETO DE LEI ORDINÁRIA Nº 208/2023,Emenda ao Projeto de Lei Ordinária nº 208/2023 - Prefeito Municipal - Estima a receita e fixa a despesa do Município para o exercício de 2024.,Herivelto Vela,https://www.pindamonhangaba.sp.leg.br/proposicoes/0/0/0/0/1144#pesquisa
2023-11-19 00:00:00,EMENDA IMPOSITIVA INDIVIDUAL N.º 436 AO PROJETO DE LEI ORDINÁRIA Nº 208/2023,Emenda ao Projeto de Lei Ordinária nº 208/2023 - Prefeito Municipal - Estima a receita e fixa a despesa do Município para o exercício de 2024.,Herivelto Vela,https://www.pindamonhangaba.sp.leg.br/proposicoes/0/0/0/0/1145#pesquisa
2023-11-19 00:00:00,EMENDA IMPOSITIVA COLETIVA N.º 437 AO PROJETO DE LEI ORDINÁRIA Nº 208/2023,Emenda ao Projeto de Lei Ordinária nº 208/2023 - Prefeito Municipal - Estima a receita e fixa a despesa do Município para o exercício de 2024.,Renato Cebola,https://www.pindamonhangaba.sp.leg.br/proposicoes/0/0/0/0/1146#pesquisa
2023-11-19 00:00:00,EMENDA IMPOSITIVA COLETIVA N.º 438 AO PROJETO DE LEI ORDINÁRIA Nº 208/2023,Emenda ao Projeto de Lei Ordinária nº 208/2023 - Prefeito Municipal - Estima a receita e fixa a despesa do Município para o exercício de 2024.,Renato Cebola,https://www.pindamonhangaba.sp.leg.br/proposicoes/0/0/0/0/1147#pesquisa
2023-11-19 00:00:00,EMENDA IMPOSITIVA COLETIVA N.º 439 AO PROJETO DE LEI ORDINÁRIA Nº 208/2023,Emenda ao Projeto de Lei Ordinária nº 208/2023 - Prefeito Municipal - Estima a receita e fixa a despesa do Município para o exercício de 2024.,Renato Cebola,https://www.pindamonhangaba.sp.leg.br/proposicoes/0/0/0/0/1148#pesquisa
2023-11-19 00:00:00,EMENDA IMPOSITIVA INDIVIDUAL N.º 440 AO PROJETO DE LEI ORDINÁRIA Nº 208/2023,Emenda ao Projeto de Lei Ordinária nº 208/2023 - Prefeito Municipal - Estima a receita e fixa a despesa do Município para o exercício de 2024.,Herivelto Vela,https://www.pindamonhangaba.sp.leg.br/proposicoes/0/0/0/0/1149#pesquisa
2023-11-19 00:00:00,EMENDA IMPOSITIVA INDIVIDUAL N.º 441 AO PROJETO DE LEI ORDINÁRIA Nº 208/2023,Emenda ao Projeto de Lei Ordinária nº 208/2023 - Prefeito Municipal - Estima a receita e fixa a despesa do Município para o exercício de 2024.,Herivelto Vela,https://www.pindamonhangaba.sp.leg.br/proposicoes/0/0/0/0/1150#pesquisa
2023-11-19 00:00:00,EMENDA IMPOSITIVA INDIVIDUAL N.º 442 AO PROJETO DE LEI ORDINÁRIA Nº 208/2023,Emenda ao Projeto de Lei Ordinária nº 208/2023 - Prefeito Municipal - Estima a receita e fixa a despesa do Município para o exercício de 2024.,Herivelto Vela,https://www.pindamonhangaba.sp.leg.br/proposicoes/0/0/0/0/1151#pesquisa
2023-11-19 00:00:00,EMENDA IMPOSITIVA COLETIVA N.º 443 AO PROJETO DE LEI ORDINÁRIA Nº 208/2023,Emenda ao Projeto de Lei Ordinária nº 208/2023 - Prefeito Municipal - Estima a receita e fixa a despesa do Município para o exercício de 2024.,Rogério Ramos,https://www.pindamonhangaba.sp.leg.br/proposicoes/0/0/0/0/1152#pesquisa
2023-11-19 00:00:00,EMENDA IMPOSITIVA INDIVIDUAL N.º 444 AO PROJETO DE LEI ORDINÁRIA Nº 208/2023,Emenda ao Projeto de Lei Ordinária nº 208/2023 - Prefeito Municipal - Estima a receita e fixa a despesa do Município para o exercício de 2024.,Herivelto Vela,https://www.pindamonhangaba.sp.leg.br/proposicoes/0/0/0/0/1153#pesquisa
2023-11-19 00:00:00,EMENDA IMPOSITIVA COLETIVA N.º 445 AO PROJETO DE LEI ORDINÁRIA Nº 208/2023,Emenda ao Projeto de Lei Ordinária nº 208/2023 - Prefeito Municipal - Estima a receita e fixa a despesa do Município para o exercício de 2024.,Julinho Car,https://www.pindamonhangaba.sp.leg.br/proposicoes/0/0/0/0/1154#pesquisa
2023-11-19 00:00:00,EMENDA IMPOSITIVA COLETIVA N.º 446 AO PROJETO DE LEI ORDINÁRIA Nº 208/2023,Emenda ao Projeto de Lei Ordinária nº 208/2023 - Prefeito Municipal - Estima a receita e fixa a despesa do Município para o exercício de 2024.,Julinho Car,https://www.pindamonhangaba.sp.leg.br/proposicoes/0/0/0/0/1155#pesquisa
2023-11-19 00:00:00,EMENDA IMPOSITIVA COLETIVA N.º 447 AO PROJETO DE LEI ORDINÁRIA Nº 208/2023,Emenda ao Projeto de Lei Ordinária nº 208/2023 - Prefeito Municipal - Estima a receita e fixa a despesa do Município para o exercício de 2024.,Julinho Car,https://www.pindamonhangaba.sp.leg.br/proposicoes/0/0/0/0/1156#pesquisa
2023-11-19 00:00:00,EMENDA IMPOSITIVA COLETIVA N.º 448 AO PROJETO DE LEI ORDINÁRIA Nº 208/2023,Emenda ao Projeto de Lei Ordinária nº 208/2023 - Prefeito Municipal - Estima a receita e fixa a despesa do Município para o exercício de 2024.,Julinho Car,https://www.pindamonhangaba.sp.leg.br/proposicoes/0/0/0/0/1157#pesquisa
2023-11-19 00:00:00,EMENDA IMPOSITIVA COLETIVA N.º 449 AO PROJETO DE LEI ORDINÁRIA Nº 208/2023,Emenda ao Projeto de Lei Ordinária nº 208/2023 - Prefeito Municipal - Estima a receita e fixa a despesa do Município para o exercício de 2024.,Julinho Car,https://www.pindamonhangaba.sp.leg.br/proposicoes/0/0/0/0/1158#pesquisa
2023-11-19 00:00:00,EMENDA IMPOSITIVA COLETIVA N.º 450 AO PROJETO DE LEI ORDINÁRIA Nº 208/2023,Emenda ao Projeto de Lei Ordinária nº 208/2023 - Prefeito Municipal - Estima a receita e fixa a despesa do Município para o exercício de 2024.,Julinho Car,https://www.pindamonhangaba.sp.leg.br/proposicoes/0/0/0/0/1159#pesquisa
2023-11-19 00:00:00,EMENDA IMPOSITIVA COLETIVA N.º 451 AO PROJETO DE LEI ORDINÁRIA Nº 208/2023,Emenda ao Projeto de Lei Ordinária nº 208/2023 - Prefeito Municipal - Estima a receita e fixa a despesa do Município para o exercício de 2024.,Julinho Car,https://www.pindamonhangaba.sp.leg.br/proposicoes/0/0/0/0/1160#pesquisa
2023-11-19 00:00:00,EMENDA IMPOSITIVA COLETIVA N.º 452 AO PROJETO DE LEI ORDINÁRIA Nº 208/2023,Emenda ao Projeto de Lei Ordinária nº 208/2023 - Prefeito Municipal - Estima a receita e fixa a despesa do Município para o exercício de 2024.,Julinho Car,https://www.pindamonhangaba.sp.leg.br/proposicoes/0/0/0/0/1161#pesquisa
2023-11-19 00:00:00,EMENDA IMPOSITIVA COLETIVA N.º 453 AO PROJETO DE LEI ORDINÁRIA Nº 208/2023,Emenda ao Projeto de Lei Ordinária nº 208/2023 - Prefeito Municipal - Estima a receita e fixa a despesa do Município para o exercício de 2024.,Julinho Car,https://www.pindamonhangaba.sp.leg.br/proposicoes/0/0/0/0/1162#pesquisa
2023-11-19 00:00:00,EMENDA IMPOSITIVA COLETIVA N.º 454 AO PROJETO DE LEI ORDINÁRIA Nº 208/2023,Emenda ao Projeto de Lei Ordinária nº 208/2023 - Prefeito Municipal - Estima a receita e fixa a despesa do Município para o exercício de 2024.,Julinho Car,https://www.pindamonhangaba.sp.leg.br/proposicoes/0/0/0/0/1163#pesquisa
2023-11-19 00:00:00,EMENDA IMPOSITIVA COLETIVA N.º 455 AO PROJETO DE LEI ORDINÁRIA Nº 208/2023,Emenda ao Projeto de Lei Ordinária nº 208/2023 - Prefeito Municipal - Estima a receita e fixa a despesa do Município para o exercício de 2024.,Julinho Car,https://www.pindamonhangaba.sp.leg.br/proposicoes/0/0/0/0/1164#pesquisa
2023-11-19 00:00:00,EMENDA IMPOSITIVA COLETIVA N.º 456 AO PROJETO DE LEI ORDINÁRIA Nº 208/2023,Emenda ao Projeto de Lei Ordinária nº 208/2023 - Prefeito Municipal - Estima a receita e fixa a despesa do Município para o exercício de 2024.,Julinho Car,https://www.pindamonhangaba.sp.leg.br/proposicoes/0/0/0/0/1165#pesquisa
2023-11-19 00:00:00,EMENDA IMPOSITIVA COLETIVA N.º 457 AO PROJETO DE LEI ORDINÁRIA Nº 208/2023,Emenda ao Projeto de Lei Ordinária nº 208/2023 - Prefeito Municipal - Estima a receita e fixa a despesa do Município para o exercício de 2024.,Julinho Car,https://www.pindamonhangaba.sp.leg.br/proposicoes/0/0/0/0/1166#pesquisa
2023-11-19 00:00:00,EMENDA IMPOSITIVA COLETIVA N.º 458 AO PROJETO DE LEI ORDINÁRIA Nº 208/2023,Emenda ao Projeto de Lei Ordinária nº 208/2023 - Prefeito Municipal - Estima a receita e fixa a despesa do Município para o exercício de 2024.,Julinho Car,https://www.pindamonhangaba.sp.leg.br/proposicoes/0/0/0/0/1167#pesquisa
2023-11-19 00:00:00,EMENDA IMPOSITIVA COLETIVA N.º 459 AO PROJETO DE LEI ORDINÁRIA Nº 208/2023,Emenda ao Projeto de Lei Ordinária nº 208/2023 - Prefeito Municipal - Estima a receita e fixa a despesa do Município para o exercício de 2024.,Julinho Car,https://www.pindamonhangaba.sp.leg.br/proposicoes/0/0/0/0/1168#pesquisa
2023-11-19 00:00:00,EMENDA IMPOSITIVA COLETIVA N.º 460 AO PROJETO DE LEI ORDINÁRIA Nº 208/2023,Emenda ao Projeto de Lei Ordinária nº 208/2023 - Prefeito Municipal - Estima a receita e fixa a despesa do Município para o exercício de 2024.,Julinho Car,https://www.pindamonhangaba.sp.leg.br/proposicoes/0/0/0/0/1169#pesquisa
2023-11-19 00:00:00,EMENDA IMPOSITIVA COLETIVA N.º 461 AO PROJETO DE LEI ORDINÁRIA Nº 208/2023,Emenda ao Projeto de Lei Ordinária nº 208/2023 - Prefeito Municipal - Estima a receita e fixa a despesa do Município para o exercício de 2024.,Julinho Car,https://www.pindamonhangaba.sp.leg.br/proposicoes/0/0/0/0/1170#pesquisa
2023-11-19 00:00:00,EMENDA IMPOSITIVA COLETIVA N.º 462 AO PROJETO DE LEI ORDINÁRIA Nº 208/2023,Emenda ao Projeto de Lei Ordinária nº 208/2023 - Prefeito Municipal - Estima a receita e fixa a despesa do Município para o exercício de 2024.,Julinho Car,https://www.pindamonhangaba.sp.leg.br/proposicoes/0/0/0/0/1171#pesquisa
2023-11-19 00:00:00,EMENDA IMPOSITIVA COLETIVA N.º 463 AO PROJETO DE LEI ORDINÁRIA Nº 208/2023,Emenda ao Projeto de Lei Ordinária nº 208/2023 - Prefeito Municipal - Estima a receita e fixa a despesa do Município para o exercício de 2024.,Julinho Car,https://www.pindamonhangaba.sp.leg.br/proposicoes/0/0/0/0/1172#pesquisa
2023-11-19 00:00:00,EMENDA IMPOSITIVA COLETIVA N.º 464 AO PROJETO DE LEI ORDINÁRIA Nº 208/2023,Emenda ao Projeto de Lei Ordinária nº 208/2023 - Prefeito Municipal - Estima a receita e fixa a despesa do Município para o exercício de 2024.,Julinho Car,https://www.pindamonhangaba.sp.leg.br/proposicoes/0/0/0/0/1173#pesquisa
2023-11-19 00:00:00,EMENDA IMPOSITIVA COLETIVA N.º 465 AO PROJETO DE LEI ORDINÁRIA Nº 208/2023,Emenda ao Projeto de Lei Ordinária nº 208/2023 - Prefeito Municipal - Estima a receita e fixa a despesa do Município para o exercício de 2024.,Professor Felipe Guimarães,https://www.pindamonhangaba.sp.leg.br/proposicoes/0/0/0/0/1174#pesquisa
2023-11-19 00:00:00,EMENDA IMPOSITIVA COLETIVA N.º 466 AO PROJETO DE LEI ORDINÁRIA Nº 208/2023,Emenda ao Projeto de Lei Ordinária nº 208/2023 - Prefeito Municipal - Estima a receita e fixa a despesa do Município para o exercício de 2024.,Professor Felipe Guimarães,https://www.pindamonhangaba.sp.leg.br/proposicoes/0/0/0/0/1175#pesquisa
2023-11-19 00:00:00,EMENDA IMPOSITIVA COLETIVA N.º 467 AO PROJETO DE LEI ORDINÁRIA Nº 208/2023,Emenda ao Projeto de Lei Ordinária nº 208/2023 - Prefeito Municipal - Estima a receita e fixa a despesa do Município para o exercício de 2024.,Professor Felipe Guimarães,https://www.pindamonhangaba.sp.leg.br/proposicoes/0/0/0/0/1176#pesquisa
2023-11-19 00:00:00,EMENDA IMPOSITIVA COLETIVA N.º 468 AO PROJETO DE LEI ORDINÁRIA Nº 208/2023,Emenda ao Projeto de Lei Ordinária nº 208/2023 - Prefeito Municipal - Estima a receita e fixa a despesa do Município para o exercício de 2024.,Professor Felipe Guimarães,https://www.pindamonhangaba.sp.leg.br/proposicoes/0/0/0/0/1177#pesquisa
2023-11-19 00:00:00,EMENDA IMPOSITIVA COLETIVA N.º 469 AO PROJETO DE LEI ORDINÁRIA Nº 208/2023,Emenda ao Projeto de Lei Ordinária nº 208/2023 - Prefeito Municipal - Estima a receita e fixa a despesa do Município para o exercício de 2024.,Professor Felipe Guimarães,https://www.pindamonhangaba.sp.leg.br/proposicoes/0/0/0/0/1178#pesquisa
2023-11-19 00:00:00,EMENDA IMPOSITIVA COLETIVA N.º 470 AO PROJETO DE LEI ORDINÁRIA Nº 208/2023,Emenda ao Projeto de Lei Ordinária nº 208/2023 - Prefeito Municipal - Estima a receita e fixa a despesa do Município para o exercício de 2024.,Professor Felipe Guimarães,https://www.pindamonhangaba.sp.leg.br/proposicoes/0/0/0/0/1179#pesquisa
2023-11-19 00:00:00,EMENDA IMPOSITIVA COLETIVA N.º 471 AO PROJETO DE LEI ORDINÁRIA Nº 208/2023,Emenda ao Projeto de Lei Ordinária nº 208/2023 - Prefeito Municipal - Estima a receita e fixa a despesa do Município para o exercício de 2024.,Professor Felipe Guimarães,https://www.pindamonhangaba.sp.leg.br/proposicoes/0/0/0/0/1180#pesquisa
2023-11-19 00:00:00,EMENDA IMPOSITIVA COLETIVA N.º 472 AO PROJETO DE LEI ORDINÁRIA Nº 208/2023,Emenda ao Projeto de Lei Ordinária nº 208/2023 - Prefeito Municipal - Estima a receita e fixa a despesa do Município para o exercício de 2024.,Professor Felipe Guimarães,https://www.pindamonhangaba.sp.leg.br/proposicoes/0/0/0/0/1181#pesquisa
2023-11-19 00:00:00,EMENDA IMPOSITIVA COLETIVA N.º 473 AO PROJETO DE LEI ORDINÁRIA Nº 208/2023,Emenda ao Projeto de Lei Ordinária nº 208/2023 - Prefeito Municipal - Estima a receita e fixa a despesa do Município para o exercício de 2024.,Professor Felipe Guimarães,https://www.pindamonhangaba.sp.leg.br/proposicoes/0/0/0/0/1182#pesquisa
2023-11-19 00:00:00,EMENDA IMPOSITIVA COLETIVA N.º 474 AO PROJETO DE LEI ORDINÁRIA Nº 208/2023,Emenda ao Projeto de Lei Ordinária nº 208/2023 - Prefeito Municipal - Estima a receita e fixa a despesa do Município para o exercício de 2024.,Professor Felipe Guimarães,https://www.pindamonhangaba.sp.leg.br/proposicoes/0/0/0/0/1183#pesquisa
2023-11-19 00:00:00,EMENDA IMPOSITIVA COLETIVA N.º 475 AO PROJETO DE LEI ORDINÁRIA Nº 208/2023,Emenda ao Projeto de Lei Ordinária nº 208/2023 - Prefeito Municipal - Estima a receita e fixa a despesa do Município para o exercício de 2024.,Professor Felipe Guimarães,https://www.pindamonhangaba.sp.leg.br/proposicoes/0/0/0/0/1184#pesquisa
2023-11-19 00:00:00,EMENDA IMPOSITIVA COLETIVA N.º 476 AO PROJETO DE LEI ORDINÁRIA Nº 208/2023,Emenda ao Projeto de Lei Ordinária nº 208/2023 - Prefeito Municipal - Estima a receita e fixa a despesa do Município para o exercício de 2024.,Professor Felipe Guimarães,https://www.pindamonhangaba.sp.leg.br/proposicoes/0/0/0/0/1185#pesquisa
2023-11-19 00:00:00,EMENDA IMPOSITIVA COLETIVA N.º 477 AO PROJETO DE LEI ORDINÁRIA Nº 208/2023,Emenda ao Projeto de Lei Ordinária nº 208/2023 - Prefeito Municipal - Estima a receita e fixa a despesa do Município para o exercício de 2024.,Professor Felipe Guimarães,https://www.pindamonhangaba.sp.leg.br/proposicoes/0/0/0/0/1186#pesquisa
2023-11-19 00:00:00,EMENDA IMPOSITIVA COLETIVA N.º 478 AO PROJETO DE LEI ORDINÁRIA Nº 208/2023,Emenda ao Projeto de Lei Ordinária nº 208/2023 - Prefeito Municipal - Estima a receita e fixa a despesa do Município para o exercício de 2024.,Professor Felipe Guimarães,https://www.pindamonhangaba.sp.leg.br/proposicoes/0/0/0/0/1187#pesquisa
2023-11-19 00:00:00,EMENDA IMPOSITIVA COLETIVA N.º 479 AO PROJETO DE LEI ORDINÁRIA Nº 208/2023,Emenda ao Projeto de Lei Ordinária nº 208/2023 - Prefeito Municipal - Estima a receita e fixa a despesa do Município para o exercício de 2024.,Professor Felipe Guimarães,https://www.pindamonhangaba.sp.leg.br/proposicoes/0/0/0/0/1188#pesquisa
2023-11-19 00:00:00,EMENDA IMPOSITIVA COLETIVA N.º 480 AO PROJETO DE LEI ORDINÁRIA Nº 208/2023,Emenda ao Projeto de Lei Ordinária nº 208/2023 - Prefeito Municipal - Estima a receita e fixa a despesa do Município para o exercício de 2024.,Professor Felipe Guimarães,https://www.pindamonhangaba.sp.leg.br/proposicoes/0/0/0/0/1189#pesquisa
2023-11-19 00:00:00,EMENDA IMPOSITIVA COLETIVA N.º 481 AO PROJETO DE LEI ORDINÁRIA Nº 208/2023,Emenda ao Projeto de Lei Ordinária nº 208/2023 - Prefeito Municipal - Estima a receita e fixa a despesa do Município para o exercício de 2024.,Professor Felipe Guimarães,https://www.pindamonhangaba.sp.leg.br/proposicoes/0/0/0/0/1190#pesquisa
2023-11-19 00:00:00,EMENDA IMPOSITIVA COLETIVA N.º 482 AO PROJETO DE LEI ORDINÁRIA Nº 208/2023,Emenda ao Projeto de Lei Ordinária nº 208/2023 - Prefeito Municipal - Estima a receita e fixa a despesa do Município para o exercício de 2024.,Professor Felipe Guimarães,https://www.pindamonhangaba.sp.leg.br/proposicoes/0/0/0/0/1191#pesquisa
2023-11-19 00:00:00,EMENDA IMPOSITIVA COLETIVA N.º 483 AO PROJETO DE LEI ORDINÁRIA Nº 208/2023,Emenda ao Projeto de Lei Ordinária nº 208/2023 - Prefeito Municipal - Estima a receita e fixa a despesa do Município para o exercício de 2024.,Professor Felipe Guimarães,https://www.pindamonhangaba.sp.leg.br/proposicoes/0/0/0/0/1192#pesquisa
2023-11-19 00:00:00,EMENDA IMPOSITIVA COLETIVA N.º 484 AO PROJETO DE LEI ORDINÁRIA Nº 208/2023,Emenda ao Projeto de Lei Ordinária nº 208/2023 - Prefeito Municipal - Estima a receita e fixa a despesa do Município para o exercício de 2024.,Professor Felipe Guimarães,https://www.pindamonhangaba.sp.leg.br/proposicoes/0/0/0/0/1193#pesquisa
2023-11-19 00:00:00,EMENDA IMPOSITIVA COLETIVA N.º 485 AO PROJETO DE LEI ORDINÁRIA Nº 208/2023,Emenda ao Projeto de Lei Ordinária nº 208/2023 - Prefeito Municipal - Estima a receita e fixa a despesa do Município para o exercício de 2024.,Professor Felipe Guimarães,https://www.pindamonhangaba.sp.leg.br/proposicoes/0/0/0/0/1194#pesquisa
2023-11-19 00:00:00,EMENDA IMPOSITIVA COLETIVA N.º 486 AO PROJETO DE LEI ORDINÁRIA Nº 208/2023,Emenda ao Projeto de Lei Ordinária nº 208/2023 - Prefeito Municipal - Estima a receita e fixa a despesa do Município para o exercício de 2024.,Professor Felipe Guimarães,https://www.pindamonhangaba.sp.leg.br/proposicoes/0/0/0/0/1195#pesquisa
2023-11-19 00:00:00,EMENDA IMPOSITIVA COLETIVA N.º 487 AO PROJETO DE LEI ORDINÁRIA Nº 208/2023,Emenda ao Projeto de Lei Ordinária nº 208/2023 - Prefeito Municipal - Estima a receita e fixa a despesa do Município para o exercício de 2024.,Professor Felipe Guimarães,https://www.pindamonhangaba.sp.leg.br/proposicoes/0/0/0/0/1196#pesquisa
2023-11-19 00:00:00,EMENDA IMPOSITIVA COLETIVA N.º 488 AO PROJETO DE LEI ORDINÁRIA Nº 208/2023,Emenda ao Projeto de Lei Ordinária nº 208/2023 - Prefeito Municipal - Estima a receita e fixa a despesa do Município para o exercício de 2024.,Professor Felipe Guimarães,https://www.pindamonhangaba.sp.leg.br/proposicoes/0/0/0/0/1197#pesquisa
2023-11-19 00:00:00,EMENDA IMPOSITIVA COLETIVA N.º 489 AO PROJETO DE LEI ORDINÁRIA Nº 208/2023,Emenda ao Projeto de Lei Ordinária nº 208/2023 - Prefeito Municipal - Estima a receita e fixa a despesa do Município para o exercício de 2024.,Professor Felipe Guimarães,https://www.pindamonhangaba.sp.leg.br/proposicoes/0/0/0/0/1198#pesquisa
2023-11-19 00:00:00,EMENDA IMPOSITIVA COLETIVA N.º 490 AO PROJETO DE LEI ORDINÁRIA Nº 208/2023,Emenda ao Projeto de Lei Ordinária nº 208/2023 - Prefeito Municipal - Estima a receita e fixa a despesa do Município para o exercício de 2024.,Professor Felipe Guimarães,https://www.pindamonhangaba.sp.leg.br/proposicoes/0/0/0/0/1199#pesquisa
2023-11-19 00:00:00,EMENDA IMPOSITIVA COLETIVA N.º 491 AO PROJETO DE LEI ORDINÁRIA Nº 208/2023,Emenda ao Projeto de Lei Ordinária nº 208/2023 - Prefeito Municipal - Estima a receita e fixa a despesa do Município para o exercício de 2024.,Professor Felipe Guimarães,https://www.pindamonhangaba.sp.leg.br/proposicoes/0/0/0/0/1200#pesquisa
2023-11-19 00:00:00,EMENDA IMPOSITIVA COLETIVA N.º 492 AO PROJETO DE LEI ORDINÁRIA Nº 208/2023,Emenda ao Projeto de Lei Ordinária nº 208/2023 - Prefeito Municipal - Estima a receita e fixa a despesa do Município para o exercício de 2024.,Professor Felipe Guimarães,https://www.pindamonhangaba.sp.leg.br/proposicoes/0/0/0/0/1201#pesquisa
2023-11-19 00:00:00,EMENDA IMPOSITIVA COLETIVA N.º 493 AO PROJETO DE LEI ORDINÁRIA Nº 208/2023,Emenda ao Projeto de Lei Ordinária nº 208/2023 - Prefeito Municipal - Estima a receita e fixa a despesa do Município para o exercício de 2024.,Professor Felipe Guimarães,https://www.pindamonhangaba.sp.leg.br/proposicoes/0/0/0/0/1202#pesquisa
2023-11-19 00:00:00,EMENDA IMPOSITIVA COLETIVA N.º 494 AO PROJETO DE LEI ORDINÁRIA Nº 208/2023,Emenda ao Projeto de Lei Ordinária nº 208/2023 - Prefeito Municipal - Estima a receita e fixa a despesa do Município para o exercício de 2024.,Professor Felipe Guimarães,https://www.pindamonhangaba.sp.leg.br/proposicoes/0/0/0/0/1203#pesquisa
2023-11-19 00:00:00,EMENDA IMPOSITIVA COLETIVA N.º 495 AO PROJETO DE LEI ORDINÁRIA Nº 208/2023,Emenda ao Projeto de Lei Ordinária nº 208/2023 - Prefeito Municipal - Estima a receita e fixa a despesa do Município para o exercício de 2024.,Professor Felipe Guimarães,https://www.pindamonhangaba.sp.leg.br/proposicoes/0/0/0/0/1204#pesquisa
2023-11-19 00:00:00,EMENDA IMPOSITIVA COLETIVA N.º 496 AO PROJETO DE LEI ORDINÁRIA Nº 208/2023,Emenda ao Projeto de Lei Ordinária nº 208/2023 - Prefeito Municipal - Estima a receita e fixa a despesa do Município para o exercício de 2024.,Professor Felipe Guimarães,https://www.pindamonhangaba.sp.leg.br/proposicoes/0/0/0/0/1205#pesquisa
2023-11-19 00:00:00,EMENDA IMPOSITIVA COLETIVA N.º 497 AO PROJETO DE LEI ORDINÁRIA Nº 208/2023,Emenda ao Projeto de Lei Ordinária nº 208/2023 - Prefeito Municipal - Estima a receita e fixa a despesa do Município para o exercício de 2024.,Professor Felipe Guimarães,https://www.pindamonhangaba.sp.leg.br/proposicoes/0/0/0/0/1206#pesquisa
2023-11-19 00:00:00,EMENDA IMPOSITIVA COLETIVA N.º 498 AO PROJETO DE LEI ORDINÁRIA Nº 208/2023,Emenda ao Projeto de Lei Ordinária nº 208/2023 - Prefeito Municipal - Estima a receita e fixa a despesa do Município para o exercício de 2024.,Professor Felipe Guimarães,https://www.pindamonhangaba.sp.leg.br/proposicoes/0/0/0/0/1207#pesquisa
2023-11-19 00:00:00,EMENDA IMPOSITIVA COLETIVA N.º 499 AO PROJETO DE LEI ORDINÁRIA Nº 208/2023,Emenda ao Projeto de Lei Ordinária nº 208/2023 - Prefeito Municipal - Estima a receita e fixa a despesa do Município para o exercício de 2024.,Professor Felipe Guimarães,https://www.pindamonhangaba.sp.leg.br/proposicoes/0/0/0/0/1208#pesquisa
2023-11-19 00:00:00,EMENDA IMPOSITIVA COLETIVA N.º 500 AO PROJETO DE LEI ORDINÁRIA Nº 208/2023,Emenda ao Projeto de Lei Ordinária nº 208/2023 - Prefeito Municipal - Estima a receita e fixa a despesa do Município para o exercício de 2024.,Professor Felipe Guimarães,https://www.pindamonhangaba.sp.leg.br/proposicoes/0/0/0/0/1209#pesquisa
2023-11-19 00:00:00,EMENDA IMPOSITIVA COLETIVA N.º 501 AO PROJETO DE LEI ORDINÁRIA Nº 208/2023,Emenda ao Projeto de Lei Ordinária nº 208/2023 - Prefeito Municipal - Estima a receita e fixa a despesa do Município para o exercício de 2024.,Professor Felipe Guimarães,https://www.pindamonhangaba.sp.leg.br/proposicoes/0/0/0/0/1210#pesquisa
2023-11-19 00:00:00,EMENDA IMPOSITIVA COLETIVA N.º 502 AO PROJETO DE LEI ORDINÁRIA Nº 208/2023,Emenda ao Projeto de Lei Ordinária nº 208/2023 - Prefeito Municipal - Estima a receita e fixa a despesa do Município para o exercício de 2024.,Professor Felipe Guimarães,https://www.pindamonhangaba.sp.leg.br/proposicoes/0/0/0/0/1211#pesquisa
2023-11-19 00:00:00,EMENDA IMPOSITIVA COLETIVA N.º 503 AO PROJETO DE LEI ORDINÁRIA Nº 208/2023,Emenda ao Projeto de Lei Ordinária nº 208/2023 - Prefeito Municipal - Estima a receita e fixa a despesa do Município para o exercício de 2024.,Professor Felipe Guimarães,https://www.pindamonhangaba.sp.leg.br/proposicoes/0/0/0/0/1212#pesquisa
2023-11-19 00:00:00,EMENDA IMPOSITIVA COLETIVA N.º 504 AO PROJETO DE LEI ORDINÁRIA Nº 208/2023,Emenda ao Projeto de Lei Ordinária nº 208/2023 - Prefeito Municipal - Estima a receita e fixa a despesa do Município para o exercício de 2024.,Professor Felipe Guimarães,https://www.pindamonhangaba.sp.leg.br/proposicoes/0/0/0/0/1213#pesquisa
2023-11-19 00:00:00,EMENDA IMPOSITIVA INDIVIDUAL N.º 505 AO PROJETO DE LEI ORDINÁRIA Nº 208/2023,Emenda ao Projeto de Lei Ordinária nº 208/2023 - Prefeito Municipal - Estima a receita e fixa a despesa do Município para o exercício de 2024.,Professor Felipe Guimarães,https://www.pindamonhangaba.sp.leg.br/proposicoes/0/0/0/0/1214#pesquisa
2023-11-19 00:00:00,EMENDA IMPOSITIVA INDIVIDUAL N.º 506 AO PROJETO DE LEI ORDINÁRIA Nº 208/2023,Emenda ao Projeto de Lei Ordinária nº 208/2023 - Prefeito Municipal - Estima a receita e fixa a despesa do Município para o exercício de 2024.,Professor Felipe Guimarães,https://www.pindamonhangaba.sp.leg.br/proposicoes/0/0/0/0/1215#pesquisa
2023-11-19 00:00:00,EMENDA IMPOSITIVA INDIVIDUAL N.º 507 AO PROJETO DE LEI ORDINÁRIA Nº 208/2023,Emenda ao Projeto de Lei Ordinária nº 208/2023 - Prefeito Municipal - Estima a receita e fixa a despesa do Município para o exercício de 2024.,Professor Felipe Guimarães,https://www.pindamonhangaba.sp.leg.br/proposicoes/0/0/0/0/1216#pesquisa
2023-11-19 00:00:00,EMENDA IMPOSITIVA INDIVIDUAL N.º 508 AO PROJETO DE LEI ORDINÁRIA Nº 208/2023,Emenda ao Projeto de Lei Ordinária nº 208/2023 - Prefeito Municipal - Estima a receita e fixa a despesa do Município para o exercício de 2024.,Professor Felipe Guimarães,https://www.pindamonhangaba.sp.leg.br/proposicoes/0/0/0/0/1217#pesquisa
2023-11-19 00:00:00,EMENDA IMPOSITIVA INDIVIDUAL N.º 509 AO PROJETO DE LEI ORDINÁRIA Nº 208/2023,Emenda ao Projeto de Lei Ordinária nº 208/2023 - Prefeito Municipal - Estima a receita e fixa a despesa do Município para o exercício de 2024.,Professor Felipe Guimarães,https://www.pindamonhangaba.sp.leg.br/proposicoes/0/0/0/0/1218#pesquisa
2023-11-19 00:00:00,EMENDA IMPOSITIVA INDIVIDUAL N.º 510 AO PROJETO DE LEI ORDINÁRIA Nº 208/2023,Emenda ao Projeto de Lei Ordinária nº 208/2023 - Prefeito Municipal - Estima a receita e fixa a despesa do Município para o exercício de 2024.,Professor Felipe Guimarães,https://www.pindamonhangaba.sp.leg.br/proposicoes/0/0/0/0/1219#pesquisa
2023-11-19 00:00:00,EMENDA IMPOSITIVA INDIVIDUAL N.º 511 AO PROJETO DE LEI ORDINÁRIA Nº 208/2023,Emenda ao Projeto de Lei Ordinária nº 208/2023 - Prefeito Municipal - Estima a receita e fixa a despesa do Município para o exercício de 2024.,Professor Felipe Guimarães,https://www.pindamonhangaba.sp.leg.br/proposicoes/0/0/0/0/1220#pesquisa
2023-11-19 00:00:00,EMENDA IMPOSITIVA INDIVIDUAL N.º 512 AO PROJETO DE LEI ORDINÁRIA Nº 208/2023,Emenda ao Projeto de Lei Ordinária nº 208/2023 - Prefeito Municipal - Estima a receita e fixa a despesa do Município para o exercício de 2024.,Professor Felipe Guimarães,https://www.pindamonhangaba.sp.leg.br/proposicoes/0/0/0/0/1221#pesquisa
2023-11-19 00:00:00,EMENDA IMPOSITIVA INDIVIDUAL N.º 513 AO PROJETO DE LEI ORDINÁRIA Nº 208/2023,Emenda ao Projeto de Lei Ordinária nº 208/2023 - Prefeito Municipal - Estima a receita e fixa a despesa do Município para o exercício de 2024.,Professor Felipe Guimarães,https://www.pindamonhangaba.sp.leg.br/proposicoes/0/0/0/0/1222#pesquisa
2023-11-19 00:00:00,EMENDA IMPOSITIVA INDIVIDUAL N.º 302 AO PROJETO DE LEI N° 208/2023,"EMENDA IMPOSITIVA AO PROJETO DE LEI N° 208/2023, QUE ESTIMA A RECEITA E FIXA A DESPESA DO MUNICÍPIO PARA O EXERCÍCIO DE 2024.",Norberto Moraes,https://www.pindamonhangaba.sp.leg.br/proposicoes/0/0/0/0/1017#pesquisa
2023-11-19 00:00:00,EMENDA IMPOSITIVA INDIVIDUAL N.º 303 AO PROJETO DE LEI N° 208/2023,"EMENDA IMPOSITIVA AO PROJETO DE LEI N° 208/2023, QUE ESTIMA A RECEITA E FIXA A DESPESA DO MUNICÍPIO PARA O EXERCÍCIO DE 2024.",Norberto Moraes,https://www.pindamonhangaba.sp.leg.br/proposicoes/0/0/0/0/1018#pesquisa
2023-11-19 00:00:00,EMENDA IMPOSITIVA COLETIVA N.º 304 AO PROJETO DE LEI ORDINÁRIA Nº 208/2023,Emenda ao Projeto de Lei Ordinária nº 208/2023 - Prefeito Municipal - Estima a receita e fixa a despesa do Município para o exercício de 2024.,Carlos Moura - Magrão,https://www.pindamonhangaba.sp.leg.br/proposicoes/0/0/0/0/1019#pesquisa
2023-11-19 00:00:00,EMENDA IMPOSITIVA INDIVIDUAL N.º 305 AO PROJETO DE LEI N° 208/2023,"EMENDA IMPOSITIVA AO PROJETO DE LEI N° 208/2023, QUE ESTIMA A RECEITA E FIXA A DESPESA DO MUNICÍPIO PARA O EXERCÍCIO DE 2024.",Norberto Moraes,https://www.pindamonhangaba.sp.leg.br/proposicoes/0/0/0/0/1020#pesquisa
2023-11-19 00:00:00,EMENDA IMPOSITIVA INDIVIDUAL N.º 306 AO PROJETO DE LEI N° 208/2023,"EMENDA IMPOSITIVA AO PROJETO DE LEI N° 208/2023, QUE ESTIMA A RECEITA E FIXA A DESPESA DO MUNICÍPIO PARA O EXERCÍCIO DE 2024.",Norberto Moraes,https://www.pindamonhangaba.sp.leg.br/proposicoes/0/0/0/0/1021#pesquisa
2023-11-19 00:00:00,EMENDA IMPOSITIVA INDIVIDUAL N.º 307 AO PROJETO DE LEI N° 208/2023,"EMENDA IMPOSITIVA AO PROJETO DE LEI N° 208/2023, QUE ESTIMA A RECEITA E FIXA A DESPESA DO MUNICÍPIO PARA O EXERCÍCIO DE 2024.",Norberto Moraes,https://www.pindamonhangaba.sp.leg.br/proposicoes/0/0/0/0/1022#pesquisa
2023-11-19 00:00:00,EMENDA IMPOSITIVA INDIVIDUAL N.º 308 AO PROJETO DE LEI N° 208/2023,"EMENDA IMPOSITIVA AO PROJETO DE LEI N° 208/2023, QUE ESTIMA A RECEITA E FIXA A DESPESA DO MUNICÍPIO PARA O EXERCÍCIO DE 2024.",Norberto Moraes,https://www.pindamonhangaba.sp.leg.br/proposicoes/0/0/0/0/1023#pesquisa
2023-11-18 00:00:00,EMENDA IMPOSITIVA INDIVIDUAL N.º 182 AO PROJETO DE LEI ORDINÁRIA Nº 208/2023,Emenda ao Projeto de Lei Ordinária nº 208/2023 - Prefeito Municipal - Estima a receita e fixa a despesa do Município para o exercício de 2024.,Rogério Ramos,https://www.pindamonhangaba.sp.leg.br/proposicoes/0/0/0/0/901#pesquisa
2023-11-18 00:00:00,EMENDA IMPOSITIVA COLETIVA N.º 183 AO PROJETO DE LEI ORDINÁRIA Nº 208/2023,Emenda ao Projeto de Lei Ordinária nº 208/2023 - Prefeito Municipal - Estima a receita e fixa a despesa do Município para o exercício de 2024.,Gilson Nagrin,https://www.pindamonhangaba.sp.leg.br/proposicoes/0/0/0/0/902#pesquisa
2023-11-18 00:00:00,EMENDA IMPOSITIVA INDIVIDUAL N.º 184 AO PROJETO DE LEI ORDINÁRIA Nº 208/2023,Emenda ao Projeto de Lei Ordinária nº 208/2023 - Prefeito Municipal - Estima a receita e fixa a despesa do Município para o exercício de 2024.,Carlos Moura - Magrão,https://www.pindamonhangaba.sp.leg.br/proposicoes/0/0/0/0/903#pesquisa
2023-11-18 00:00:00,EMENDA IMPOSITIVA INDIVIDUAL N.º 185 AO PROJETO DE LEI ORDINÁRIA Nº 208/2023,Emenda ao Projeto de Lei Ordinária nº 208/2023 - Prefeito Municipal - Estima a receita e fixa a despesa do Município para o exercício de 2024.,Carlos Moura - Magrão,https://www.pindamonhangaba.sp.leg.br/proposicoes/0/0/0/0/904#pesquisa
2023-11-18 00:00:00,EMENDA IMPOSITIVA INDIVIDUAL N.º 186 AO PROJETO DE LEI ORDINÁRIA Nº 208/2023,Emenda ao Projeto de Lei Ordinária nº 208/2023 - Prefeito Municipal - Estima a receita e fixa a despesa do Município para o exercício de 2024.,Rogério Ramos,https://www.pindamonhangaba.sp.leg.br/proposicoes/0/0/0/0/905#pesquisa
2023-11-18 00:00:00,EMENDA IMPOSITIVA COLETIVA N.º 187 AO PROJETO DE LEI ORDINÁRIA Nº 208/2023,Emenda ao Projeto de Lei Ordinária nº 208/2023 - Prefeito Municipal - Estima a receita e fixa a despesa do Município para o exercício de 2024.,Marco Mayor,https://www.pindamonhangaba.sp.leg.br/proposicoes/0/0/0/0/906#pesquisa
2023-11-18 00:00:00,EMENDA IMPOSITIVA INDIVIDUAL N.º 188 AO PROJETO DE LEI N° 208/2023,"EMENDA IMPOSITIVA AO PROJETO DE LEI N° 208/2023, QUE ESTIMA A RECEITA E FIXA A DESPESA DO MUNICÍPIO PARA O EXERCÍCIO DE 2024.",Norberto Moraes,https://www.pindamonhangaba.sp.leg.br/proposicoes/0/0/0/0/907#pesquisa
2023-11-18 00:00:00,EMENDA IMPOSITIVA INDIVIDUAL N.º 189 AO PROJETO DE LEI ORDINÁRIA Nº 208/2023,Emenda ao Projeto de Lei Ordinária nº 208/2023 - Prefeito Municipal - Estima a receita e fixa a despesa do Município para o exercício de 2024.,Carlos Moura - Magrão,https://www.pindamonhangaba.sp.leg.br/proposicoes/0/0/0/0/908#pesquisa
2023-11-18 00:00:00,EMENDA IMPOSITIVA INDIVIDUAL N.º 190 AO PROJETO DE LEI ORDINÁRIA Nº 208/2023,Emenda ao Projeto de Lei Ordinária nº 208/2023 - Prefeito Municipal - Estima a receita e fixa a despesa do Município para o exercício de 2024.,Carlos Moura - Magrão,https://www.pindamonhangaba.sp.leg.br/proposicoes/0/0/0/0/909#pesquisa
2023-11-18 00:00:00,EMENDA IMPOSITIVA INDIVIDUAL N.º 191 AO PROJETO DE LEI ORDINÁRIA Nº 208/2023,Emenda ao Projeto de Lei Ordinária nº 208/2023 - Prefeito Municipal - Estima a receita e fixa a despesa do Município para o exercício de 2024.,Rogério Ramos,https://www.pindamonhangaba.sp.leg.br/proposicoes/0/0/0/0/910#pesquisa
2023-11-18 00:00:00,EMENDA IMPOSITIVA INDIVIDUAL N.º 192 AO PROJETO DE LEI ORDINÁRIA Nº 208/2023,Emenda ao Projeto de Lei Ordinária nº 208/2023 - Prefeito Municipal - Estima a receita e fixa a despesa do Município para o exercício de 2024.,Rogério Ramos,https://www.pindamonhangaba.sp.leg.br/proposicoes/0/0/0/0/911#pesquisa
2023-11-18 00:00:00,EMENDA IMPOSITIVA INDIVIDUAL N.º 193 AO PROJETO DE LEI ORDINÁRIA Nº 208/2023,Emenda ao Projeto de Lei Ordinária nº 208/2023 - Prefeito Municipal - Estima a receita e fixa a despesa do Município para o exercício de 2024.,Carlos Moura - Magrão,https://www.pindamonhangaba.sp.leg.br/proposicoes/0/0/0/0/912#pesquisa
2023-11-18 00:00:00,EMENDA IMPOSITIVA INDIVIDUAL N.º 194 AO PROJETO DE LEI ORDINÁRIA Nº 208/2023,Emenda ao Projeto de Lei Ordinária nº 208/2023 - Prefeito Municipal - Estima a receita e fixa a despesa do Município para o exercício de 2024.,Carlos Moura - Magrão,https://www.pindamonhangaba.sp.leg.br/proposicoes/0/0/0/0/913#pesquisa
2023-11-18 00:00:00,EMENDA IMPOSITIVA INDIVIDUAL N.º 195 AO PROJETO DE LEI ORDINÁRIA Nº 208/2023,Emenda ao Projeto de Lei Ordinária nº 208/2023 - Prefeito Municipal - Estima a receita e fixa a despesa do Município para o exercício de 2024.,Rogério Ramos,https://www.pindamonhangaba.sp.leg.br/proposicoes/0/0/0/0/914#pesquisa
2023-11-18 00:00:00,EMENDA IMPOSITIVA INDIVIDUAL N.º 196 AO PROJETO DE LEI ORDINÁRIA Nº 208/2023,Emenda ao Projeto de Lei Ordinária nº 208/2023 - Prefeito Municipal - Estima a receita e fixa a despesa do Município para o exercício de 2024.,Rogério Ramos,https://www.pindamonhangaba.sp.leg.br/proposicoes/0/0/0/0/915#pesquisa
2023-11-18 00:00:00,EMENDA IMPOSITIVA INDIVIDUAL N.º 197 AO PROJETO DE LEI N° 208/2023,"EMENDA IMPOSITIVA AO PROJETO DE LEI N° 208/2023, QUE ESTIMA A RECEITA E FIXA A DESPESA DO MUNICÍPIO PARA O EXERCÍCIO DE 2024.",Norberto Moraes,https://www.pindamonhangaba.sp.leg.br/proposicoes/0/0/0/0/916#pesquisa
2023-11-18 00:00:00,EMENDA IMPOSITIVA COLETIVA N.º 198 AO PROJETO DE LEI ORDINÁRIA Nº 208/2023,Emenda ao Projeto de Lei Ordinária nº 208/2023 - Prefeito Municipal - Estima a receita e fixa a despesa do Município para o exercício de 2024.,Marco Mayor,https://www.pindamonhangaba.sp.leg.br/proposicoes/0/0/0/0/917#pesquisa
2023-11-18 00:00:00,EMENDA IMPOSITIVA INDIVIDUAL N.º 199 AO PROJETO DE LEI N° 208/2023,"EMENDA IMPOSITIVA AO PROJETO DE LEI N° 208/2023, QUE ESTIMA A RECEITA E FIXA A DESPESA DO MUNICÍPIO PARA O EXERCÍCIO DE 2024.",Norberto Moraes,https://www.pindamonhangaba.sp.leg.br/proposicoes/0/0/0/0/918#pesquisa
2023-11-18 00:00:00,EMENDA IMPOSITIVA INDIVIDUAL N.º 200 AO PROJETO DE LEI N° 208/2023,"EMENDA IMPOSITIVA AO PROJETO DE LEI N° 208/2023, QUE ESTIMA A RECEITA E FIXA A DESPESA DO MUNICÍPIO PARA O EXERCÍCIO DE 2024.",Norberto Moraes,https://www.pindamonhangaba.sp.leg.br/proposicoes/0/0/0/0/919#pesquisa
2023-11-18 00:00:00,EMENDA IMPOSITIVA INDIVIDUAL N.º 201 AO PROJETO DE LEI ORDINÁRIA Nº 208/2023,Emenda ao Projeto de Lei Ordinária nº 208/2023 - Prefeito Municipal - Estima a receita e fixa a despesa do Município para o exercício de 2024.,Carlos Moura - Magrão,https://www.pindamonhangaba.sp.leg.br/proposicoes/0/0/0/0/920#pesquisa
2023-11-18 00:00:00,EMENDA IMPOSITIVA INDIVIDUAL N.º 202 AO PROJETO DE LEI ORDINÁRIA Nº 208/2023,Emenda ao Projeto de Lei Ordinária nº 208/2023 - Prefeito Municipal - Estima a receita e fixa a despesa do Município para o exercício de 2024.,Regininha,https://www.pindamonhangaba.sp.leg.br/proposicoes/0/0/0/0/921#pesquisa
2023-11-18 00:00:00,EMENDA IMPOSITIVA INDIVIDUAL N.º 203 AO PROJETO DE LEI ORDINÁRIA Nº 208/2023,Emenda ao Projeto de Lei Ordinária nº 208/2023 - Prefeito Municipal - Estima a receita e fixa a despesa do Município para o exercício de 2024.,Carlos Moura - Magrão,https://www.pindamonhangaba.sp.leg.br/proposicoes/0/0/0/0/922#pesquisa
2023-11-18 00:00:00,EMENDA IMPOSITIVA INDIVIDUAL N.º 204 AO PROJETO DE LEI ORDINÁRIA Nº 208/2023,Emenda ao Projeto de Lei Ordinária nº 208/2023 - Prefeito Municipal - Estima a receita e fixa a despesa do Município para o exercício de 2024.,Carlos Moura - Magrão,https://www.pindamonhangaba.sp.leg.br/proposicoes/0/0/0/0/923#pesquisa
2023-11-18 00:00:00,EMENDA IMPOSITIVA INDIVIDUAL N.º 205 AO PROJETO DE LEI ORDINÁRIA Nº 208/2023,Emenda ao Projeto de Lei Ordinária nº 208/2023 - Prefeito Municipal - Estima a receita e fixa a despesa do Município para o exercício de 2024.,Regininha,https://www.pindamonhangaba.sp.leg.br/proposicoes/0/0/0/0/924#pesquisa
2023-11-18 00:00:00,EMENDA IMPOSITIVA INDIVIDUAL N.º 206 AO PROJETO DE LEI ORDINÁRIA Nº 208/2023,Emenda ao Projeto de Lei Ordinária nº 208/2023 - Prefeito Municipal - Estima a receita e fixa a despesa do Município para o exercício de 2024.,Carlos Moura - Magrão,https://www.pindamonhangaba.sp.leg.br/proposicoes/0/0/0/0/925#pesquisa
2023-11-18 00:00:00,EMENDA IMPOSITIVA COLETIVA N.º 207 AO PROJETO DE LEI ORDINÁRIA Nº 208/2023,Emenda ao Projeto de Lei Ordinária nº 208/2023 - Prefeito Municipal - Estima a receita e fixa a despesa do Município para o exercício de 2024.,Gilson Nagrin,https://www.pindamonhangaba.sp.leg.br/proposicoes/0/0/0/0/926#pesquisa
2023-11-18 00:00:00,EMENDA IMPOSITIVA INDIVIDUAL N.º 209 AO PROJETO DE LEI N° 208/2023,"EMENDA IMPOSITIVA AO PROJETO DE LEI N° 208/2023, QUE ESTIMA A RECEITA E FIXA A DESPESA DO MUNICÍPIO PARA O EXERCÍCIO DE 2024.",Norberto Moraes,https://www.pindamonhangaba.sp.leg.br/proposicoes/0/0/0/0/927#pesquisa
2023-11-18 00:00:00,EMENDA IMPOSITIVA INDIVIDUAL N.º 210 AO PROJETO DE LEI ORDINÁRIA Nº 208/2023,Emenda ao Projeto de Lei Ordinária nº 208/2023 - Prefeito Municipal - Estima a receita e fixa a despesa do Município para o exercício de 2024.,Rogério Ramos,https://www.pindamonhangaba.sp.leg.br/proposicoes/0/0/0/0/928#pesquisa
2023-11-18 00:00:00,EMENDA IMPOSITIVA INDIVIDUAL N.º 211 AO PROJETO DE LEI ORDINÁRIA Nº 208/2023,Emenda ao Projeto de Lei Ordinária nº 208/2023 - Prefeito Municipal - Estima a receita e fixa a despesa do Município para o exercício de 2024.,Rogério Ramos,https://www.pindamonhangaba.sp.leg.br/proposicoes/0/0/0/0/929#pesquisa
2023-11-18 00:00:00,EMENDA IMPOSITIVA INDIVIDUAL N.º 212 AO PROJETO DE LEI ORDINÁRIA Nº 208/2023,Emenda ao Projeto de Lei Ordinária nº 208/2023 - Prefeito Municipal - Estima a receita e fixa a despesa do Município para o exercício de 2024.,Renato Cebola,https://www.pindamonhangaba.sp.leg.br/proposicoes/0/0/0/0/930#pesquisa
2023-11-18 00:00:00,EMENDA IMPOSITIVA INDIVIDUAL N.º 213 AO PROJETO DE LEI ORDINÁRIA Nº 208/2023,Emenda ao Projeto de Lei Ordinária nº 208/2023 - Prefeito Municipal - Estima a receita e fixa a despesa do Município para o exercício de 2024.,Renato Cebola,https://www.pindamonhangaba.sp.leg.br/proposicoes/0/0/0/0/931#pesquisa
2023-11-18 00:00:00,EMENDA IMPOSITIVA INDIVIDUAL N.º 214 AO PROJETO DE LEI ORDINÁRIA Nº 208/2023,Emenda ao Projeto de Lei Ordinária nº 208/2023 - Prefeito Municipal - Estima a receita e fixa a despesa do Município para o exercício de 2024.,Renato Cebola,https://www.pindamonhangaba.sp.leg.br/proposicoes/0/0/0/0/932#pesquisa
2023-11-18 00:00:00,EMENDA IMPOSITIVA INDIVIDUAL N.º 215 AO PROJETO DE LEI ORDINÁRIA Nº 208/2023,Emenda ao Projeto de Lei Ordinária nº 208/2023 - Prefeito Municipal - Estima a receita e fixa a despesa do Município para o exercício de 2024.,Renato Cebola,https://www.pindamonhangaba.sp.leg.br/proposicoes/0/0/0/0/933#pesquisa
2023-11-18 00:00:00,EMENDA IMPOSITIVA INDIVIDUAL N.º 216 AO PROJETO DE LEI ORDINÁRIA Nº 208/2023,Emenda ao Projeto de Lei Ordinária nº 208/2023 - Prefeito Municipal - Estima a receita e fixa a despesa do Município para o exercício de 2024.,Renato Cebola,https://www.pindamonhangaba.sp.leg.br/proposicoes/0/0/0/0/934#pesquisa
2023-11-18 00:00:00,EMENDA IMPOSITIVA INDIVIDUAL N.º 217 AO PROJETO DE LEI ORDINÁRIA Nº 208/2023,Emenda ao Projeto de Lei Ordinária nº 208/2023 - Prefeito Municipal - Estima a receita e fixa a despesa do Município para o exercício de 2024.,Renato Cebola,https://www.pindamonhangaba.sp.leg.br/proposicoes/0/0/0/0/935#pesquisa
2023-11-18 00:00:00,EMENDA IMPOSITIVA INDIVIDUAL N.º 218 AO PROJETO DE LEI ORDINÁRIA Nº 208/2023,Emenda ao Projeto de Lei Ordinária nº 208/2023 - Prefeito Municipal - Estima a receita e fixa a despesa do Município para o exercício de 2024.,Renato Cebola,https://www.pindamonhangaba.sp.leg.br/proposicoes/0/0/0/0/936#pesquisa
2023-11-18 00:00:00,EMENDA IMPOSITIVA INDIVIDUAL N.º 219 AO PROJETO DE LEI ORDINÁRIA Nº 208/2023,Emenda ao Projeto de Lei Ordinária nº 208/2023 - Prefeito Municipal - Estima a receita e fixa a despesa do Município para o exercício de 2024.,Renato Cebola,https://www.pindamonhangaba.sp.leg.br/proposicoes/0/0/0/0/937#pesquisa
2023-11-18 00:00:00,EMENDA IMPOSITIVA INDIVIDUAL N.º 220 AO PROJETO DE LEI ORDINÁRIA Nº 208/2023,Emenda ao Projeto de Lei Ordinária nº 208/2023 - Prefeito Municipal - Estima a receita e fixa a despesa do Município para o exercício de 2024.,Renato Cebola,https://www.pindamonhangaba.sp.leg.br/proposicoes/0/0/0/0/938#pesquisa
2023-11-18 00:00:00,EMENDA IMPOSITIVA INDIVIDUAL N.º 221 AO PROJETO DE LEI ORDINÁRIA Nº 208/2023,Emenda ao Projeto de Lei Ordinária nº 208/2023 - Prefeito Municipal - Estima a receita e fixa a despesa do Município para o exercício de 2024.,Renato Cebola,https://www.pindamonhangaba.sp.leg.br/proposicoes/0/0/0/0/939#pesquisa
2023-11-18 00:00:00,EMENDA IMPOSITIVA INDIVIDUAL N.º 222 AO PROJETO DE LEI ORDINÁRIA Nº 208/2023,Emenda ao Projeto de Lei Ordinária nº 208/2023 - Prefeito Municipal - Estima a receita e fixa a despesa do Município para o exercício de 2024.,Renato Cebola,https://www.pindamonhangaba.sp.leg.br/proposicoes/0/0/0/0/940#pesquisa
2023-11-18 00:00:00,EMENDA IMPOSITIVA INDIVIDUAL N.º 223 AO PROJETO DE LEI ORDINÁRIA Nº 208/2023,Emenda ao Projeto de Lei Ordinária nº 208/2023 - Prefeito Municipal - Estima a receita e fixa a despesa do Município para o exercício de 2024.,Renato Cebola,https://www.pindamonhangaba.sp.leg.br/proposicoes/0/0/0/0/941#pesquisa
2023-11-18 00:00:00,EMENDA IMPOSITIVA INDIVIDUAL N.º 224 AO PROJETO DE LEI ORDINÁRIA Nº 208/2023,Emenda ao Projeto de Lei Ordinária nº 208/2023 - Prefeito Municipal - Estima a receita e fixa a despesa do Município para o exercício de 2024.,Rogério Ramos,https://www.pindamonhangaba.sp.leg.br/proposicoes/0/0/0/0/942#pesquisa
2023-11-18 00:00:00,EMENDA IMPOSITIVA INDIVIDUAL N.º 225 AO PROJETO DE LEI ORDINÁRIA Nº 208/2023,Emenda ao Projeto de Lei Ordinária nº 208/2023 - Prefeito Municipal - Estima a receita e fixa a despesa do Município para o exercício de 2024.,Renato Cebola,https://www.pindamonhangaba.sp.leg.br/proposicoes/0/0/0/0/943#pesquisa
2023-11-18 00:00:00,EMENDA IMPOSITIVA INDIVIDUAL N.º 226 AO PROJETO DE LEI ORDINÁRIA Nº 208/2023,Emenda ao Projeto de Lei Ordinária nº 208/2023 - Prefeito Municipal - Estima a receita e fixa a despesa do Município para o exercício de 2024.,Renato Cebola,https://www.pindamonhangaba.sp.leg.br/proposicoes/0/0/0/0/944#pesquisa
2023-11-18 00:00:00,EMENDA IMPOSITIVA INDIVIDUAL N.º 227 AO PROJETO DE LEI ORDINÁRIA Nº 208/2023,Emenda ao Projeto de Lei Ordinária nº 208/2023 - Prefeito Municipal - Estima a receita e fixa a despesa do Município para o exercício de 2024.,Rogério Ramos,https://www.pindamonhangaba.sp.leg.br/proposicoes/0/0/0/0/945#pesquisa
2023-11-18 00:00:00,EMENDA IMPOSITIVA INDIVIDUAL N.º 228 AO PROJETO DE LEI ORDINÁRIA Nº 208/2023,Emenda ao Projeto de Lei Ordinária nº 208/2023 - Prefeito Municipal - Estima a receita e fixa a despesa do Município para o exercício de 2024.,Renato Cebola,https://www.pindamonhangaba.sp.leg.br/proposicoes/0/0/0/0/946#pesquisa
2023-11-18 00:00:00,EMENDA IMPOSITIVA INDIVIDUAL N.º 229 AO PROJETO DE LEI ORDINÁRIA Nº 208/2023,Emenda ao Projeto de Lei Ordinária nº 208/2023 - Prefeito Municipal - Estima a receita e fixa a despesa do Município para o exercício de 2024.,Renato Cebola,https://www.pindamonhangaba.sp.leg.br/proposicoes/0/0/0/0/947#pesquisa
2023-11-18 00:00:00,EMENDA IMPOSITIVA INDIVIDUAL N.º 230 AO PROJETO DE LEI ORDINÁRIA Nº 208/2023,Emenda ao Projeto de Lei Ordinária nº 208/2023 - Prefeito Municipal - Estima a receita e fixa a despesa do Município para o exercício de 2024.,Renato Cebola,https://www.pindamonhangaba.sp.leg.br/proposicoes/0/0/0/0/948#pesquisa
2023-11-18 00:00:00,EMENDA IMPOSITIVA INDIVIDUAL N.º 231 AO PROJETO DE LEI ORDINÁRIA Nº 208/2023,Emenda ao Projeto de Lei Ordinária nº 208/2023 - Prefeito Municipal - Estima a receita e fixa a despesa do Município para o exercício de 2024.,Renato Cebola,https://www.pindamonhangaba.sp.leg.br/proposicoes/0/0/0/0/949#pesquisa
2023-11-18 00:00:00,EMENDA IMPOSITIVA INDIVIDUAL N.º 232 AO PROJETO DE LEI ORDINÁRIA Nº 208/2023,Emenda ao Projeto de Lei Ordinária nº 208/2023 - Prefeito Municipal - Estima a receita e fixa a despesa do Município para o exercício de 2024.,Renato Cebola,https://www.pindamonhangaba.sp.leg.br/proposicoes/0/0/0/0/950#pesquisa
2023-11-18 00:00:00,EMENDA IMPOSITIVA INDIVIDUAL N.º 233 AO PROJETO DE LEI ORDINÁRIA Nº 208/2023,Emenda ao Projeto de Lei Ordinária nº 208/2023 - Prefeito Municipal - Estima a receita e fixa a despesa do Município para o exercício de 2024.,Renato Cebola,https://www.pindamonhangaba.sp.leg.br/proposicoes/0/0/0/0/951#pesquisa
2023-11-18 00:00:00,EMENDA IMPOSITIVA INDIVIDUAL N.º 234 AO PROJETO DE LEI ORDINÁRIA Nº 208/2023,Emenda ao Projeto de Lei Ordinária nº 208/2023 - Prefeito Municipal - Estima a receita e fixa a despesa do Município para o exercício de 2024.,Renato Cebola,https://www.pindamonhangaba.sp.leg.br/proposicoes/0/0/0/0/952#pesquisa
2023-11-18 00:00:00,EMENDA IMPOSITIVA INDIVIDUAL N.º 235 AO PROJETO DE LEI ORDINÁRIA Nº 208/2023,Emenda ao Projeto de Lei Ordinária nº 208/2023 - Prefeito Municipal - Estima a receita e fixa a despesa do Município para o exercício de 2024.,Rogério Ramos,https://www.pindamonhangaba.sp.leg.br/proposicoes/0/0/0/0/953#pesquisa
2023-11-18 00:00:00,EMENDA IMPOSITIVA INDIVIDUAL N.º 236 AO PROJETO DE LEI ORDINÁRIA Nº 208/2023,Emenda ao Projeto de Lei Ordinária nº 208/2023 - Prefeito Municipal - Estima a receita e fixa a despesa do Município para o exercício de 2024.,Renato Cebola,https://www.pindamonhangaba.sp.leg.br/proposicoes/0/0/0/0/954#pesquisa
2023-11-18 00:00:00,EMENDA IMPOSITIVA INDIVIDUAL N.º 237 AO PROJETO DE LEI N° 208/2023,"EMENDA IMPOSITIVA AO PROJETO DE LEI N° 208/2023, QUE ESTIMA A RECEITA E FIXA A DESPESA DO MUNICÍPIO PARA O EXERCÍCIO DE 2024.",Norberto Moraes,https://www.pindamonhangaba.sp.leg.br/proposicoes/0/0/0/0/955#pesquisa
2023-11-18 00:00:00,EMENDA IMPOSITIVA INDIVIDUAL N.º 238 AO PROJETO DE LEI ORDINÁRIA Nº 208/2023,Emenda ao Projeto de Lei Ordinária nº 208/2023 - Prefeito Municipal - Estima a receita e fixa a despesa do Município para o exercício de 2024.,Renato Cebola,https://www.pindamonhangaba.sp.leg.br/proposicoes/0/0/0/0/956#pesquisa
2023-11-18 00:00:00,EMENDA IMPOSITIVA INDIVIDUAL N.º 239 AO PROJETO DE LEI ORDINÁRIA Nº 208/2023,Emenda ao Projeto de Lei Ordinária nº 208/2023 - Prefeito Municipal - Estima a receita e fixa a despesa do Município para o exercício de 2024.,Renato Cebola,https://www.pindamonhangaba.sp.leg.br/proposicoes/0/0/0/0/957#pesquisa
2023-11-18 00:00:00,EMENDA IMPOSITIVA INDIVIDUAL N.º 240 AO PROJETO DE LEI ORDINÁRIA Nº 208/2023,Emenda ao Projeto de Lei Ordinária nº 208/2023 - Prefeito Municipal - Estima a receita e fixa a despesa do Município para o exercício de 2024.,Renato Cebola,https://www.pindamonhangaba.sp.leg.br/proposicoes/0/0/0/0/958#pesquisa
2023-11-18 00:00:00,EMENDA IMPOSITIVA COLETIVA N.º 241 AO PROJETO DE LEI ORDINÁRIA Nº 208/2023,Emenda ao Projeto de Lei Ordinária nº 208/2023 - Prefeito Municipal - Estima a receita e fixa a despesa do Município para o exercício de 2024.,Marco Mayor,https://www.pindamonhangaba.sp.leg.br/proposicoes/0/0/0/0/959#pesquisa
2023-11-18 00:00:00,EMENDA IMPOSITIVA INDIVIDUAL N.º 242 AO PROJETO DE LEI ORDINÁRIA Nº 208/2023,Emenda ao Projeto de Lei Ordinária nº 208/2023 - Prefeito Municipal - Estima a receita e fixa a despesa do Município para o exercício de 2024.,Renato Cebola,https://www.pindamonhangaba.sp.leg.br/proposicoes/0/0/0/0/960#pesquisa
2023-11-18 00:00:00,EMENDA IMPOSITIVA INDIVIDUAL N.º 243 AO PROJETO DE LEI ORDINÁRIA Nº 208/2023,Emenda ao Projeto de Lei Ordinária nº 208/2023 - Prefeito Municipal - Estima a receita e fixa a despesa do Município para o exercício de 2024.,Renato Cebola,https://www.pindamonhangaba.sp.leg.br/proposicoes/0/0/0/0/961#pesquisa
2023-11-18 00:00:00,EMENDA IMPOSITIVA INDIVIDUAL N.º 244 AO PROJETO DE LEI ORDINÁRIA Nº 208/2023,Emenda ao Projeto de Lei Ordinária nº 208/2023 - Prefeito Municipal - Estima a receita e fixa a despesa do Município para o exercício de 2024.,Renato Cebola,https://www.pindamonhangaba.sp.leg.br/proposicoes/0/0/0/0/962#pesquisa
2023-11-18 00:00:00,EMENDA IMPOSITIVA INDIVIDUAL N.º 245 AO PROJETO DE LEI ORDINÁRIA Nº 208/2023,Emenda ao Projeto de Lei Ordinária nº 208/2023 - Prefeito Municipal - Estima a receita e fixa a despesa do Município para o exercício de 2024.,Renato Cebola,https://www.pindamonhangaba.sp.leg.br/proposicoes/0/0/0/0/963#pesquisa
2023-11-18 00:00:00,EMENDA IMPOSITIVA INDIVIDUAL N.º 246 AO PROJETO DE LEI ORDINÁRIA Nº 208/2023,Emenda ao Projeto de Lei Ordinária nº 208/2023 - Prefeito Municipal - Estima a receita e fixa a despesa do Município para o exercício de 2024.,Renato Cebola,https://www.pindamonhangaba.sp.leg.br/proposicoes/0/0/0/0/964#pesquisa
2023-11-18 00:00:00,EMENDA IMPOSITIVA INDIVIDUAL N.º 247 AO PROJETO DE LEI ORDINÁRIA Nº 208/2023,Emenda ao Projeto de Lei Ordinária nº 208/2023 - Prefeito Municipal - Estima a receita e fixa a despesa do Município para o exercício de 2024.,Renato Cebola,https://www.pindamonhangaba.sp.leg.br/proposicoes/0/0/0/0/965#pesquisa
2023-11-18 00:00:00,EMENDA IMPOSITIVA INDIVIDUAL N.º 248 AO PROJETO DE LEI ORDINÁRIA Nº 208/2023,Emenda ao Projeto de Lei Ordinária nº 208/2023 - Prefeito Municipal - Estima a receita e fixa a despesa do Município para o exercício de 2024.,Renato Cebola,https://www.pindamonhangaba.sp.leg.br/proposicoes/0/0/0/0/966#pesquisa
2023-11-18 00:00:00,EMENDA IMPOSITIVA COLETIVA N.º 249 AO PROJETO DE LEI ORDINÁRIA Nº 208/2023,Emenda ao Projeto de Lei Ordinária nº 208/2023 - Prefeito Municipal - Estima a receita e fixa a despesa do Município para o exercício de 2024.,Marco Mayor,https://www.pindamonhangaba.sp.leg.br/proposicoes/0/0/0/0/967#pesquisa
2023-11-18 00:00:00,EMENDA IMPOSITIVA INDIVIDUAL N.º 250 AO PROJETO DE LEI N° 208/2023,"EMENDA IMPOSITIVA AO PROJETO DE LEI N° 208/2023, QUE ESTIMA A RECEITA E FIXA A DESPESA DO MUNICÍPIO PARA O EXERCÍCIO DE 2024.",Norberto Moraes,https://www.pindamonhangaba.sp.leg.br/proposicoes/0/0/0/0/968#pesquisa
2023-11-18 00:00:00,EMENDA IMPOSITIVA INDIVIDUAL N.º 251 AO PROJETO DE LEI ORDINÁRIA Nº 208/2023,Emenda ao Projeto de Lei Ordinária nº 208/2023 - Prefeito Municipal - Estima a receita e fixa a despesa do Município para o exercício de 2024.,Carlos Moura - Magrão,https://www.pindamonhangaba.sp.leg.br/proposicoes/0/0/0/0/969#pesquisa
2023-11-18 00:00:00,EMENDA IMPOSITIVA COLETIVA N.º 252 AO PROJETO DE LEI ORDINÁRIA Nº 208/2023,Emenda ao Projeto de Lei Ordinária nº 208/2023 - Prefeito Municipal - Estima a receita e fixa a despesa do Município para o exercício de 2024.,Rogério Ramos,https://www.pindamonhangaba.sp.leg.br/proposicoes/0/0/0/0/970#pesquisa
2023-11-18 00:00:00,EMENDA IMPOSITIVA COLETIVA N.º 253 AO PROJETO DE LEI ORDINÁRIA Nº 208/2023,Emenda ao Projeto de Lei Ordinária nº 208/2023 - Prefeito Municipal - Estima a receita e fixa a despesa do Município para o exercício de 2024.,Rogério Ramos,https://www.pindamonhangaba.sp.leg.br/proposicoes/0/0/0/0/971#pesquisa
2023-11-18 00:00:00,EMENDA IMPOSITIVA COLETIVA N.º 254 AO PROJETO DE LEI ORDINÁRIA Nº 208/2023,Emenda ao Projeto de Lei Ordinária nº 208/2023 - Prefeito Municipal - Estima a receita e fixa a despesa do Município para o exercício de 2024.,Rogério Ramos,https://www.pindamonhangaba.sp.leg.br/proposicoes/0/0/0/0/972#pesquisa
2023-11-18 00:00:00,EMENDA IMPOSITIVA COLETIVA N.º 255 AO PROJETO DE LEI ORDINÁRIA Nº 208/2023,Emenda ao Projeto de Lei Ordinária nº 208/2023 - Prefeito Municipal - Estima a receita e fixa a despesa do Município para o exercício de 2024.,Rogério Ramos,https://www.pindamonhangaba.sp.leg.br/proposicoes/0/0/0/0/973#pesquisa
2023-11-18 00:00:00,EMENDA IMPOSITIVA INDIVIDUAL N.º 256 AO PROJETO DE LEI ORDINÁRIA Nº 208/2023,Emenda ao Projeto de Lei Ordinária nº 208/2023 - Prefeito Municipal - Estima a receita e fixa a despesa do Município para o exercício de 2024.,Rogério Ramos,https://www.pindamonhangaba.sp.leg.br/proposicoes/0/0/0/0/974#pesquisa
2023-11-18 00:00:00,EMENDA IMPOSITIVA INDIVIDUAL N.º 257 AO PROJETO DE LEI ORDINÁRIA Nº 208/2023,Emenda ao Projeto de Lei Ordinária nº 208/2023 - Prefeito Municipal - Estima a receita e fixa a despesa do Município para o exercício de 2024.,Rogério Ramos,https://www.pindamonhangaba.sp.leg.br/proposicoes/0/0/0/0/975#pesquisa
2023-11-18 00:00:00,EMENDA IMPOSITIVA INDIVIDUAL N.º 258 AO PROJETO DE LEI ORDINÁRIA Nº 208/2023,Emenda ao Projeto de Lei Ordinária nº 208/2023 - Prefeito Municipal - Estima a receita e fixa a despesa do Município para o exercício de 2024.,Rogério Ramos,https://www.pindamonhangaba.sp.leg.br/proposicoes/0/0/0/0/976#pesquisa
2023-11-18 00:00:00,EMENDA IMPOSITIVA INDIVIDUAL N.º 259 AO PROJETO DE LEI ORDINÁRIA Nº 208/2023,Emenda ao Projeto de Lei Ordinária nº 208/2023 - Prefeito Municipal - Estima a receita e fixa a despesa do Município para o exercício de 2024.,Rogério Ramos,https://www.pindamonhangaba.sp.leg.br/proposicoes/0/0/0/0/977#pesquisa
2023-11-18 00:00:00,EMENDA IMPOSITIVA INDIVIDUAL N.º 260 AO PROJETO DE LEI ORDINÁRIA Nº 208/2023,Emenda ao Projeto de Lei Ordinária nº 208/2023 - Prefeito Municipal - Estima a receita e fixa a despesa do Município para o exercício de 2024.,Renato Cebola,https://www.pindamonhangaba.sp.leg.br/proposicoes/0/0/0/0/978#pesquisa
2023-11-18 00:00:00,EMENDA IMPOSITIVA INDIVIDUAL N.º 261 AO PROJETO DE LEI ORDINÁRIA Nº 208/2023,Emenda ao Projeto de Lei Ordinária nº 208/2023 - Prefeito Municipal - Estima a receita e fixa a despesa do Município para o exercício de 2024.,Rogério Ramos,https://www.pindamonhangaba.sp.leg.br/proposicoes/0/0/0/0/979#pesquisa
2023-11-18 00:00:00,EMENDA IMPOSITIVA INDIVIDUAL N.º 262 AO PROJETO DE LEI ORDINÁRIA Nº 208/2023,Emenda ao Projeto de Lei Ordinária nº 208/2023 - Prefeito Municipal - Estima a receita e fixa a despesa do Município para o exercício de 2024.,Rogério Ramos,https://www.pindamonhangaba.sp.leg.br/proposicoes/0/0/0/0/980#pesquisa
2023-11-18 00:00:00,EMENDA IMPOSITIVA INDIVIDUAL N.º 263 AO PROJETO DE LEI ORDINÁRIA Nº 208/2023,Emenda ao Projeto de Lei Ordinária nº 208/2023 - Prefeito Municipal - Estima a receita e fixa a despesa do Município para o exercício de 2024.,Rogério Ramos,https://www.pindamonhangaba.sp.leg.br/proposicoes/0/0/0/0/981#pesquisa
2023-11-18 00:00:00,EMENDA IMPOSITIVA INDIVIDUAL N.º 264 AO PROJETO DE LEI ORDINÁRIA Nº 208/2023,Emenda ao Projeto de Lei Ordinária nº 208/2023 - Prefeito Municipal - Estima a receita e fixa a despesa do Município para o exercício de 2024.,Rogério Ramos,https://www.pindamonhangaba.sp.leg.br/proposicoes/0/0/0/0/982#pesquisa
2023-11-18 00:00:00,EMENDA IMPOSITIVA INDIVIDUAL N.º 265 AO PROJETO DE LEI ORDINÁRIA Nº 208/2023,Emenda ao Projeto de Lei Ordinária nº 208/2023 - Prefeito Municipal - Estima a receita e fixa a despesa do Município para o exercício de 2024.,Rogério Ramos,https://www.pindamonhangaba.sp.leg.br/proposicoes/0/0/0/0/983#pesquisa
2023-11-18 00:00:00,EMENDA IMPOSITIVA INDIVIDUAL N.º 266 AO PROJETO DE LEI ORDINÁRIA Nº 208/2023,Emenda ao Projeto de Lei Ordinária nº 208/2023 - Prefeito Municipal - Estima a receita e fixa a despesa do Município para o exercício de 2024.,Rogério Ramos,https://www.pindamonhangaba.sp.leg.br/proposicoes/0/0/0/0/984#pesquisa
2023-11-18 00:00:00,EMENDA IMPOSITIVA INDIVIDUAL N.º 267 AO PROJETO DE LEI ORDINÁRIA Nº 208/2023,Emenda ao Projeto de Lei Ordinária nº 208/2023 - Prefeito Municipal - Estima a receita e fixa a despesa do Município para o exercício de 2024.,Rogério Ramos,https://www.pindamonhangaba.sp.leg.br/proposicoes/0/0/0/0/985#pesquisa
2023-11-18 00:00:00,EMENDA IMPOSITIVA INDIVIDUAL N.º 268 AO PROJETO DE LEI ORDINÁRIA Nº 208/2023,Emenda ao Projeto de Lei Ordinária nº 208/2023 - Prefeito Municipal - Estima a receita e fixa a despesa do Município para o exercício de 2024.,Rogério Ramos,https://www.pindamonhangaba.sp.leg.br/proposicoes/0/0/0/0/986#pesquisa
2023-11-18 00:00:00,EMENDA IMPOSITIVA INDIVIDUAL N.º 269 AO PROJETO DE LEI ORDINÁRIA Nº 208/2023,Emenda ao Projeto de Lei Ordinária nº 208/2023 - Prefeito Municipal - Estima a receita e fixa a despesa do Município para o exercício de 2024.,Regininha,https://www.pindamonhangaba.sp.leg.br/proposicoes/0/0/0/0/987#pesquisa
2023-11-18 00:00:00,EMENDA IMPOSITIVA COLETIVA N.º 270 AO PROJETO DE LEI ORDINÁRIA Nº 208/2023,Emenda ao Projeto de Lei Ordinária nº 208/2023 - Prefeito Municipal - Estima a receita e fixa a despesa do Município para o exercício de 2024.,Renato Cebola,https://www.pindamonhangaba.sp.leg.br/proposicoes/0/0/0/0/988#pesquisa
2023-11-18 00:00:00,EMENDA IMPOSITIVA INDIVIDUAL N.º 271 AO PROJETO DE LEI ORDINÁRIA Nº 208/2023,Emenda ao Projeto de Lei Ordinária nº 208/2023 - Prefeito Municipal - Estima a receita e fixa a despesa do Município para o exercício de 2024.,José Carlos Gomes – Cal,https://www.pindamonhangaba.sp.leg.br/proposicoes/0/0/0/0/989#pesquisa
2023-11-18 00:00:00,EMENDA IMPOSITIVA COLETIVA N.º 272 AO PROJETO DE LEI ORDINÁRIA Nº 208/2023,Emenda ao Projeto de Lei Ordinária nº 208/2023 - Prefeito Municipal - Estima a receita e fixa a despesa do Município para o exercício de 2024.,Renato Cebola,https://www.pindamonhangaba.sp.leg.br/proposicoes/0/0/0/0/990#pesquisa
2023-11-18 00:00:00,EMENDA IMPOSITIVA INDIVIDUAL N.º 273 AO PROJETO DE LEI ORDINÁRIA Nº 208/2023,Emenda ao Projeto de Lei Ordinária nº 208/2023 - Prefeito Municipal - Estima a receita e fixa a despesa do Município para o exercício de 2024.,Rogério Ramos,https://www.pindamonhangaba.sp.leg.br/proposicoes/0/0/0/0/991#pesquisa
2023-11-18 00:00:00,EMENDA IMPOSITIVA INDIVIDUAL N.º 274 AO PROJETO DE LEI N° 208/2023,"EMENDA IMPOSITIVA AO PROJETO DE LEI N° 208/2023, QUE ESTIMA A RECEITA E FIXA A DESPESA DO MUNICÍPIO PARA O EXERCÍCIO DE 2024.",Norberto Moraes,https://www.pindamonhangaba.sp.leg.br/proposicoes/0/0/0/0/992#pesquisa
2023-11-18 00:00:00,EMENDA IMPOSITIVA COLETIVA N.º 275 AO PROJETO DE LEI N° 208/2023,"EMENDA IMPOSITIVA AO PROJETO DE LEI N° 208/2023, QUE ESTIMA A RECEITA E FIXA A DESPESA DO MUNICÍPIO PARA O EXERCÍCIO DE 2024.",Norberto Moraes,https://www.pindamonhangaba.sp.leg.br/proposicoes/0/0/0/0/993#pesquisa
2023-11-18 00:00:00,EMENDA IMPOSITIVA COLETIVA N.º 276 AO PROJETO DE LEI ORDINÁRIA Nº 208/2023,Emenda ao Projeto de Lei Ordinária nº 208/2023 - Prefeito Municipal - Estima a receita e fixa a despesa do Município para o exercício de 2024.,Renato Cebola,https://www.pindamonhangaba.sp.leg.br/proposicoes/0/0/0/0/994#pesquisa
2023-11-18 00:00:00,EMENDA IMPOSITIVA COLETIVA N.º 277 AO PROJETO DE LEI ORDINÁRIA Nº 208/2023,Emenda ao Projeto de Lei Ordinária nº 208/2023 - Prefeito Municipal - Estima a receita e fixa a despesa do Município para o exercício de 2024.,Gilson Nagrin,https://www.pindamonhangaba.sp.leg.br/proposicoes/0/0/0/0/995#pesquisa
2023-11-18 00:00:00,EMENDA IMPOSITIVA COLETIVA N.º 278 AO PROJETO DE LEI ORDINÁRIA Nº 208/2023,Emenda ao Projeto de Lei Ordinária nº 208/2023 - Prefeito Municipal - Estima a receita e fixa a despesa do Município para o exercício de 2024.,Gilson Nagrin,https://www.pindamonhangaba.sp.leg.br/proposicoes/0/0/0/0/996#pesquisa
2023-11-18 00:00:00,EMENDA IMPOSITIVA COLETIVA N.º 279 AO PROJETO DE LEI ORDINÁRIA Nº 208/2023,Emenda ao Projeto de Lei Ordinária nº 208/2023 - Prefeito Municipal - Estima a receita e fixa a despesa do Município para o exercício de 2024.,Gilson Nagrin,https://www.pindamonhangaba.sp.leg.br/proposicoes/0/0/0/0/997#pesquisa
2023-11-18 00:00:00,EMENDA IMPOSITIVA INDIVIDUAL N.º 281 AO PROJETO DE LEI ORDINÁRIA Nº 208/2023,Emenda ao Projeto de Lei Ordinária nº 208/2023 - Prefeito Municipal - Estima a receita e fixa a despesa do Município para o exercício de 2024.,Julinho Car,https://www.pindamonhangaba.sp.leg.br/proposicoes/0/0/0/0/998#pesquisa
2023-11-18 00:00:00,EMENDA IMPOSITIVA INDIVIDUAL N.º 282 AO PROJETO DE LEI ORDINÁRIA Nº 208/2023,Emenda ao Projeto de Lei Ordinária nº 208/2023 - Prefeito Municipal - Estima a receita e fixa a despesa do Município para o exercício de 2024.,Julinho Car,https://www.pindamonhangaba.sp.leg.br/proposicoes/0/0/0/0/999#pesquisa
2023-11-18 00:00:00,EMENDA IMPOSITIVA INDIVIDUAL N.º 283 AO PROJETO DE LEI ORDINÁRIA Nº 208/2023,Emenda ao Projeto de Lei Ordinária nº 208/2023 - Prefeito Municipal - Estima a receita e fixa a despesa do Município para o exercício de 2024.,Julinho Car,https://www.pindamonhangaba.sp.leg.br/proposicoes/0/0/0/0/1000#pesquisa
2023-11-18 00:00:00,EMENDA IMPOSITIVA COLETIVA N.º 284 AO PROJETO DE LEI ORDINÁRIA Nº 208/2023,Emenda ao Projeto de Lei Ordinária nº 208/2023 - Prefeito Municipal - Estima a receita e fixa a despesa do Município para o exercício de 2024.,Renato Cebola,https://www.pindamonhangaba.sp.leg.br/proposicoes/0/0/0/0/1001#pesquisa
2023-11-18 00:00:00,EMENDA IMPOSITIVA INDIVIDUAL N.º 285 AO PROJETO DE LEI ORDINÁRIA Nº 208/2023,Emenda ao Projeto de Lei Ordinária nº 208/2023 - Prefeito Municipal - Estima a receita e fixa a despesa do Município para o exercício de 2024.,Julinho Car,https://www.pindamonhangaba.sp.leg.br/proposicoes/0/0/0/0/1002#pesquisa
2023-11-18 00:00:00,EMENDA IMPOSITIVA INDIVIDUAL N.º 286 AO PROJETO DE LEI ORDINÁRIA Nº 208/2023,Emenda ao Projeto de Lei Ordinária nº 208/2023 - Prefeito Municipal - Estima a receita e fixa a despesa do Município para o exercício de 2024.,Julinho Car,https://www.pindamonhangaba.sp.leg.br/proposicoes/0/0/0/0/1003#pesquisa
2023-11-18 00:00:00,EMENDA IMPOSITIVA COLETIVA N.º 287 AO PROJETO DE LEI ORDINÁRIA Nº 208/2023,Emenda ao Projeto de Lei Ordinária nº 208/2023 - Prefeito Municipal - Estima a receita e fixa a despesa do Município para o exercício de 2024.,Carlos Moura - Magrão,https://www.pindamonhangaba.sp.leg.br/proposicoes/0/0/0/0/1004#pesquisa
2023-11-18 00:00:00,EMENDA IMPOSITIVA COLETIVA N.º 288 AO PROJETO DE LEI ORDINÁRIA Nº 208/2023,Emenda ao Projeto de Lei Ordinária nº 208/2023 - Prefeito Municipal - Estima a receita e fixa a despesa do Município para o exercício de 2024.,Julinho Car,https://www.pindamonhangaba.sp.leg.br/proposicoes/0/0/0/0/1005#pesquisa
2023-11-18 00:00:00,EMENDA IMPOSITIVA COLETIVA N.º 289 AO PROJETO DE LEI ORDINÁRIA Nº 208/2023,Emenda ao Projeto de Lei Ordinária nº 208/2023 - Prefeito Municipal - Estima a receita e fixa a despesa do Município para o exercício de 2024.,Julinho Car,https://www.pindamonhangaba.sp.leg.br/proposicoes/0/0/0/0/1006#pesquisa
2023-11-18 00:00:00,EMENDA IMPOSITIVA COLETIVA N.º 290 AO PROJETO DE LEI ORDINÁRIA Nº 208/2023,Emenda ao Projeto de Lei Ordinária nº 208/2023 - Prefeito Municipal - Estima a receita e fixa a despesa do Município para o exercício de 2024.,Carlos Moura - Magrão,https://www.pindamonhangaba.sp.leg.br/proposicoes/0/0/0/0/1007#pesquisa
2023-11-18 00:00:00,EMENDA IMPOSITIVA COLETIVA N.º 291 AO PROJETO DE LEI ORDINÁRIA Nº 208/2023,Emenda ao Projeto de Lei Ordinária nº 208/2023 - Prefeito Municipal - Estima a receita e fixa a despesa do Município para o exercício de 2024.,Carlos Moura - Magrão,https://www.pindamonhangaba.sp.leg.br/proposicoes/0/0/0/0/1008#pesquisa
2023-11-18 00:00:00,EMENDA IMPOSITIVA COLETIVA N.º 292 AO PROJETO DE LEI ORDINÁRIA Nº 208/2023,Emenda ao Projeto de Lei Ordinária nº 208/2023 - Prefeito Municipal - Estima a receita e fixa a despesa do Município para o exercício de 2024.,Rogério Ramos,https://www.pindamonhangaba.sp.leg.br/proposicoes/0/0/0/0/1009#pesquisa
2023-11-18 00:00:00,EMENDA IMPOSITIVA INDIVIDUAL N.º 293 AO PROJETO DE LEI ORDINÁRIA Nº 208/2023,Emenda ao Projeto de Lei Ordinária nº 208/2023 - Prefeito Municipal - Estima a receita e fixa a despesa do Município para o exercício de 2024.,Rogério Ramos,https://www.pindamonhangaba.sp.leg.br/proposicoes/0/0/0/0/1010#pesquisa
2023-11-18 00:00:00,EMENDA IMPOSITIVA COLETIVA N.º 294 AO PROJETO DE LEI ORDINÁRIA Nº 208/2023,Emenda ao Projeto de Lei Ordinária nº 208/2023 - Prefeito Municipal - Estima a receita e fixa a despesa do Município para o exercício de 2024.,Rogério Ramos,https://www.pindamonhangaba.sp.leg.br/proposicoes/0/0/0/0/1011#pesquisa
2023-11-18 00:00:00,EMENDA IMPOSITIVA COLETIVA N.º 295 AO PROJETO DE LEI ORDINÁRIA Nº 208/2023,Emenda ao Projeto de Lei Ordinária nº 208/2023 - Prefeito Municipal - Estima a receita e fixa a despesa do Município para o exercício de 2024.,Rogério Ramos,https://www.pindamonhangaba.sp.leg.br/proposicoes/0/0/0/0/1012#pesquisa
2023-11-18 00:00:00,EMENDA IMPOSITIVA COLETIVA N.º 296 AO PROJETO DE LEI ORDINÁRIA Nº 208/2023,Emenda ao Projeto de Lei Ordinária nº 208/2023 - Prefeito Municipal - Estima a receita e fixa a despesa do Município para o exercício de 2024.,Rogério Ramos,https://www.pindamonhangaba.sp.leg.br/proposicoes/0/0/0/0/1013#pesquisa
2023-11-18 00:00:00,EMENDA IMPOSITIVA COLETIVA N.º 297 AO PROJETO DE LEI ORDINÁRIA Nº 208/2023,Emenda ao Projeto de Lei Ordinária nº 208/2023 - Prefeito Municipal - Estima a receita e fixa a despesa do Município para o exercício de 2024.,Renato Cebola,https://www.pindamonhangaba.sp.leg.br/proposicoes/0/0/0/0/1014#pesquisa
2023-11-18 00:00:00,EMENDA IMPOSITIVA INDIVIDUAL N.º 299 AO PROJETO DE LEI N° 208/2023,"EMENDA IMPOSITIVA AO PROJETO DE LEI N° 208/2023, QUE ESTIMA A RECEITA E FIXA A DESPESA DO MUNICÍPIO PARA O EXERCÍCIO DE 2024.",Norberto Moraes,https://www.pindamonhangaba.sp.leg.br/proposicoes/0/0/0/0/1015#pesquisa
2023-11-18 00:00:00,EMENDA IMPOSITIVA INDIVIDUAL N.º 300 AO PROJETO DE LEI N° 208/2023,"EMENDA IMPOSITIVA AO PROJETO DE LEI N° 208/2023, QUE ESTIMA A RECEITA E FIXA A DESPESA DO MUNICÍPIO PARA O EXERCÍCIO DE 2024.",Norberto Moraes,https://www.pindamonhangaba.sp.leg.br/proposicoes/0/0/0/0/1016#pesquisa
2023-11-16 00:00:00,EMENDA IMPOSITIVA INDIVIDUAL N.º 77 AO PROJETO DE LEI ORDINÁRIA Nº 208/2023,Emenda ao Projeto de Lei Ordinária nº 208/2023 - Prefeito Municipal - Estima a receita e fixa a despesa do Município para o exercício de 2024.,José Carlos Gomes – Cal,https://www.pindamonhangaba.sp.leg.br/proposicoes/0/0/0/0/797#pesquisa
2023-11-16 00:00:00,EMENDA IMPOSITIVA INDIVIDUAL N.º 78 AO PROJETO DE LEI ORDINÁRIA Nº 208/2023,Emenda ao Projeto de Lei Ordinária nº 208/2023 - Prefeito Municipal - Estima a receita e fixa a despesa do Município para o exercício de 2024.,José Carlos Gomes – Cal,https://www.pindamonhangaba.sp.leg.br/proposicoes/0/0/0/0/798#pesquisa
2023-11-16 00:00:00,EMENDA IMPOSITIVA INDIVIDUAL N.º 79 AO PROJETO DE LEI ORDINÁRIA Nº 208/2023,Emenda ao Projeto de Lei Ordinária nº 208/2023 - Prefeito Municipal - Estima a receita e fixa a despesa do Município para o exercício de 2024.,José Carlos Gomes – Cal,https://www.pindamonhangaba.sp.leg.br/proposicoes/0/0/0/0/799#pesquisa
2023-11-16 00:00:00,EMENDA IMPOSITIVA INDIVIDUAL N.º 80 AO PROJETO DE LEI ORDINÁRIA Nº 208/2023,Emenda ao Projeto de Lei Ordinária nº 208/2023 - Prefeito Municipal - Estima a receita e fixa a despesa do Município para o exercício de 2024.,José Carlos Gomes – Cal,https://www.pindamonhangaba.sp.leg.br/proposicoes/0/0/0/0/800#pesquisa
2023-11-16 00:00:00,EMENDA IMPOSITIVA COLETIVA N.º 81 AO PROJETO DE LEI ORDINÁRIA Nº 208/2023,Emenda ao Projeto de Lei Ordinária nº 208/2023 - Prefeito Municipal - Estima a receita e fixa a despesa do Município para o exercício de 2024.,José Carlos Gomes – Cal,https://www.pindamonhangaba.sp.leg.br/proposicoes/0/0/0/0/801#pesquisa
2023-11-16 00:00:00,EMENDA IMPOSITIVA INDIVIDUAL N.º 82 AO PROJETO DE LEI ORDINÁRIA Nº 208/2023,Emenda ao Projeto de Lei Ordinária nº 208/2023 - Prefeito Municipal - Estima a receita e fixa a despesa do Município para o exercício de 2024.,Gilson Nagrin,https://www.pindamonhangaba.sp.leg.br/proposicoes/0/0/0/0/802#pesquisa
2023-11-16 00:00:00,EMENDA IMPOSITIVA INDIVIDUAL N.º 83 AO PROJETO DE LEI ORDINÁRIA Nº 208/2023,Emenda ao Projeto de Lei Ordinária nº 208/2023 - Prefeito Municipal - Estima a receita e fixa a despesa do Município para o exercício de 2024.,Gilson Nagrin,https://www.pindamonhangaba.sp.leg.br/proposicoes/0/0/0/0/803#pesquisa
2023-11-16 00:00:00,EMENDA IMPOSITIVA INDIVIDUAL N.º 84 AO PROJETO DE LEI ORDINÁRIA Nº 208/2023,Emenda ao Projeto de Lei Ordinária nº 208/2023 - Prefeito Municipal - Estima a receita e fixa a despesa do Município para o exercício de 2024.,Regininha,https://www.pindamonhangaba.sp.leg.br/proposicoes/0/0/0/0/804#pesquisa
2023-11-16 00:00:00,EMENDA IMPOSITIVA INDIVIDUAL N.º 85 AO PROJETO DE LEI ORDINÁRIA Nº 208/2023,Emenda ao Projeto de Lei Ordinária nº 208/2023 - Prefeito Municipal - Estima a receita e fixa a despesa do Município para o exercício de 2024.,Regininha,https://www.pindamonhangaba.sp.leg.br/proposicoes/0/0/0/0/805#pesquisa
2023-11-16 00:00:00,EMENDA IMPOSITIVA INDIVIDUAL N.º 86 AO PROJETO DE LEI ORDINÁRIA Nº 208/2023,Emenda ao Projeto de Lei Ordinária nº 208/2023 - Prefeito Municipal - Estima a receita e fixa a despesa do Município para o exercício de 2024.,Regininha,https://www.pindamonhangaba.sp.leg.br/proposicoes/0/0/0/0/806#pesquisa
2023-11-16 00:00:00,EMENDA IMPOSITIVA INDIVIDUAL N.º 87 AO PROJETO DE LEI ORDINÁRIA Nº 208/2023,Emenda ao Projeto de Lei Ordinária nº 208/2023 - Prefeito Municipal - Estima a receita e fixa a despesa do Município para o exercício de 2024.,Gilson Nagrin,https://www.pindamonhangaba.sp.leg.br/proposicoes/0/0/0/0/807#pesquisa
2023-11-16 00:00:00,EMENDA IMPOSITIVA INDIVIDUAL N.º 88 AO PROJETO DE LEI ORDINÁRIA Nº 208/2023,Emenda ao Projeto de Lei Ordinária nº 208/2023 - Prefeito Municipal - Estima a receita e fixa a despesa do Município para o exercício de 2024.,Regininha,https://www.pindamonhangaba.sp.leg.br/proposicoes/0/0/0/0/808#pesquisa
2023-11-16 00:00:00,EMENDA IMPOSITIVA INDIVIDUAL N.º 89 AO PROJETO DE LEI ORDINÁRIA Nº 208/2023,Emenda ao Projeto de Lei Ordinária nº 208/2023 - Prefeito Municipal - Estima a receita e fixa a despesa do Município para o exercício de 2024.,Regininha,https://www.pindamonhangaba.sp.leg.br/proposicoes/0/0/0/0/809#pesquisa
2023-11-16 00:00:00,EMENDA IMPOSITIVA INDIVIDUAL N.º 90 AO PROJETO DE LEI ORDINÁRIA Nº 208/2023,Emenda ao Projeto de Lei Ordinária nº 208/2023 - Prefeito Municipal - Estima a receita e fixa a despesa do Município para o exercício de 2024.,Regininha,https://www.pindamonhangaba.sp.leg.br/proposicoes/0/0/0/0/810#pesquisa
2023-11-16 00:00:00,EMENDA IMPOSITIVA INDIVIDUAL N.º 91 AO PROJETO DE LEI ORDINÁRIA Nº 208/2023,Emenda ao Projeto de Lei Ordinária nº 208/2023 - Prefeito Municipal - Estima a receita e fixa a despesa do Município para o exercício de 2024.,Regininha,https://www.pindamonhangaba.sp.leg.br/proposicoes/0/0/0/0/811#pesquisa
2023-11-16 00:00:00,EMENDA IMPOSITIVA INDIVIDUAL N.º 92 AO PROJETO DE LEI ORDINÁRIA Nº 208/2023,Emenda ao Projeto de Lei Ordinária nº 208/2023 - Prefeito Municipal - Estima a receita e fixa a despesa do Município para o exercício de 2024.,Regininha,https://www.pindamonhangaba.sp.leg.br/proposicoes/0/0/0/0/812#pesquisa
2023-11-16 00:00:00,EMENDA IMPOSITIVA INDIVIDUAL N.º 93 AO PROJETO DE LEI ORDINÁRIA Nº 208/2023,Emenda ao Projeto de Lei Ordinária nº 208/2023 - Prefeito Municipal - Estima a receita e fixa a despesa do Município para o exercício de 2024.,Regininha,https://www.pindamonhangaba.sp.leg.br/proposicoes/0/0/0/0/813#pesquisa
2023-11-16 00:00:00,EMENDA IMPOSITIVA INDIVIDUAL N.º 94 AO PROJETO DE LEI ORDINÁRIA Nº 208/2023,Emenda ao Projeto de Lei Ordinária nº 208/2023 - Prefeito Municipal - Estima a receita e fixa a despesa do Município para o exercício de 2024.,Regininha,https://www.pindamonhangaba.sp.leg.br/proposicoes/0/0/0/0/814#pesquisa
2023-11-16 00:00:00,EMENDA IMPOSITIVA INDIVIDUAL N.º 95 AO PROJETO DE LEI ORDINÁRIA Nº 208/2023,Emenda ao Projeto de Lei Ordinária nº 208/2023 - Prefeito Municipal - Estima a receita e fixa a despesa do Município para o exercício de 2024.,Gilson Nagrin,https://www.pindamonhangaba.sp.leg.br/proposicoes/0/0/0/0/815#pesquisa
2023-11-16 00:00:00,EMENDA IMPOSITIVA INDIVIDUAL N.º 96 AO PROJETO DE LEI ORDINÁRIA Nº 208/2023,Emenda ao Projeto de Lei Ordinária nº 208/2023 - Prefeito Municipal - Estima a receita e fixa a despesa do Município para o exercício de 2024.,Regininha,https://www.pindamonhangaba.sp.leg.br/proposicoes/0/0/0/0/816#pesquisa
2023-11-16 00:00:00,EMENDA IMPOSITIVA INDIVIDUAL N.º 97 AO PROJETO DE LEI ORDINÁRIA Nº 208/2023,Emenda ao Projeto de Lei Ordinária nº 208/2023 - Prefeito Municipal - Estima a receita e fixa a despesa do Município para o exercício de 2024.,Regininha,https://www.pindamonhangaba.sp.leg.br/proposicoes/0/0/0/0/817#pesquisa
2023-11-16 00:00:00,EMENDA IMPOSITIVA INDIVIDUAL N.º 98 AO PROJETO DE LEI ORDINÁRIA Nº 208/2023,Emenda ao Projeto de Lei Ordinária nº 208/2023 - Prefeito Municipal - Estima a receita e fixa a despesa do Município para o exercício de 2024.,Regininha,https://www.pindamonhangaba.sp.leg.br/proposicoes/0/0/0/0/818#pesquisa
2023-11-16 00:00:00,EMENDA IMPOSITIVA INDIVIDUAL N.º 99 AO PROJETO DE LEI ORDINÁRIA Nº 208/2023,Emenda ao Projeto de Lei Ordinária nº 208/2023 - Prefeito Municipal - Estima a receita e fixa a despesa do Município para o exercício de 2024.,Regininha,https://www.pindamonhangaba.sp.leg.br/proposicoes/0/0/0/0/819#pesquisa
2023-11-16 00:00:00,EMENDA IMPOSITIVA INDIVIDUAL N.º 100 AO PROJETO DE LEI ORDINÁRIA Nº 208/2023,Emenda ao Projeto de Lei Ordinária nº 208/2023 - Prefeito Municipal - Estima a receita e fixa a despesa do Município para o exercício de 2024.,Regininha,https://www.pindamonhangaba.sp.leg.br/proposicoes/0/0/0/0/820#pesquisa
2023-11-16 00:00:00,EMENDA IMPOSITIVA INDIVIDUAL N.º 101 AO PROJETO DE LEI ORDINÁRIA Nº 208/2023,Emenda ao Projeto de Lei Ordinária nº 208/2023 - Prefeito Municipal - Estima a receita e fixa a despesa do Município para o exercício de 2024.,Regininha,https://www.pindamonhangaba.sp.leg.br/proposicoes/0/0/0/0/821#pesquisa
2023-11-16 00:00:00,EMENDA IMPOSITIVA INDIVIDUAL N.º 102 AO PROJETO DE LEI ORDINÁRIA Nº 208/2023,Emenda ao Projeto de Lei Ordinária nº 208/2023 - Prefeito Municipal - Estima a receita e fixa a despesa do Município para o exercício de 2024.,Regininha,https://www.pindamonhangaba.sp.leg.br/proposicoes/0/0/0/0/822#pesquisa
2023-11-16 00:00:00,EMENDA IMPOSITIVA INDIVIDUAL N.º 103 AO PROJETO DE LEI ORDINÁRIA Nº 208/2023,Emenda ao Projeto de Lei Ordinária nº 208/2023 - Prefeito Municipal - Estima a receita e fixa a despesa do Município para o exercício de 2024.,Regininha,https://www.pindamonhangaba.sp.leg.br/proposicoes/0/0/0/0/823#pesquisa
2023-11-16 00:00:00,EMENDA IMPOSITIVA INDIVIDUAL N.º 104 AO PROJETO DE LEI ORDINÁRIA Nº 208/2023,Emenda ao Projeto de Lei Ordinária nº 208/2023 - Prefeito Municipal - Estima a receita e fixa a despesa do Município para o exercício de 2024.,Regininha,https://www.pindamonhangaba.sp.leg.br/proposicoes/0/0/0/0/824#pesquisa
2023-11-16 00:00:00,EMENDA IMPOSITIVA COLETIVA N.º 105 AO PROJETO DE LEI ORDINÁRIA Nº 208/2023,Emenda ao Projeto de Lei Ordinária nº 208/2023 - Prefeito Municipal - Estima a receita e fixa a despesa do Município para o exercício de 2024.,Marco Mayor,https://www.pindamonhangaba.sp.leg.br/proposicoes/0/0/0/0/825#pesquisa
2023-11-16 00:00:00,EMENDA IMPOSITIVA COLETIVA N.º 106 AO PROJETO DE LEI ORDINÁRIA Nº 208/2023,Emenda ao Projeto de Lei Ordinária nº 208/2023 - Prefeito Municipal - Estima a receita e fixa a despesa do Município para o exercício de 2024.,Marco Mayor,https://www.pindamonhangaba.sp.leg.br/proposicoes/0/0/0/0/826#pesquisa
2023-11-16 00:00:00,EMENDA IMPOSITIVA INDIVIDUAL N.º 107 AO PROJETO DE LEI ORDINÁRIA Nº 208/2023,Emenda ao Projeto de Lei Ordinária nº 208/2023 - Prefeito Municipal - Estima a receita e fixa a despesa do Município para o exercício de 2024.,Regininha,https://www.pindamonhangaba.sp.leg.br/proposicoes/0/0/0/0/827#pesquisa
2023-11-16 00:00:00,EMENDA IMPOSITIVA INDIVIDUAL N.º 108 AO PROJETO DE LEI N° 208/2023,"EMENDA IMPOSITIVA AO PROJETO DE LEI N° 208/2023, QUE ESTIMA A RECEITA E FIXA A DESPESA DO MUNICÍPIO PARA O EXERCÍCIO DE 2024.",Norberto Moraes,https://www.pindamonhangaba.sp.leg.br/proposicoes/0/0/0/0/828#pesquisa
2023-11-16 00:00:00,EMENDA IMPOSITIVA INDIVIDUAL N.º 109 AO PROJETO DE LEI N° 208/2023,"EMENDA IMPOSITIVA AO PROJETO DE LEI N° 208/2023, QUE ESTIMA A RECEITA E FIXA A DESPESA DO MUNICÍPIO PARA O EXERCÍCIO DE 2024.",Norberto Moraes,https://www.pindamonhangaba.sp.leg.br/proposicoes/0/0/0/0/829#pesquisa
2023-11-16 00:00:00,EMENDA IMPOSITIVA INDIVIDUAL N.º 110 AO PROJETO DE LEI N° 208/2023,"EMENDA IMPOSITIVA AO PROJETO DE LEI N° 208/2023, QUE ESTIMA A RECEITA E FIXA A DESPESA DO MUNICÍPIO PARA O EXERCÍCIO DE 2024.",Norberto Moraes,https://www.pindamonhangaba.sp.leg.br/proposicoes/0/0/0/0/830#pesquisa
2023-11-16 00:00:00,EMENDA IMPOSITIVA INDIVIDUAL N.º 111 AO PROJETO DE LEI N° 208/2023,"EMENDA IMPOSITIVA AO PROJETO DE LEI N° 208/2023, QUE ESTIMA A RECEITA E FIXA A DESPESA DO MUNICÍPIO PARA O EXERCÍCIO DE 2024.",Norberto Moraes,https://www.pindamonhangaba.sp.leg.br/proposicoes/0/0/0/0/831#pesquisa
2023-11-16 00:00:00,EMENDA IMPOSITIVA INDIVIDUAL N.º 112 AO PROJETO DE LEI ORDINÁRIA Nº 208/2023,Emenda ao Projeto de Lei Ordinária nº 208/2023 - Prefeito Municipal - Estima a receita e fixa a despesa do Município para o exercício de 2024.,Marco Mayor,https://www.pindamonhangaba.sp.leg.br/proposicoes/0/0/0/0/832#pesquisa
2023-11-16 00:00:00,EMENDA IMPOSITIVA INDIVIDUAL N.º 113 AO PROJETO DE LEI ORDINÁRIA Nº 208/2023,Emenda ao Projeto de Lei Ordinária nº 208/2023 - Prefeito Municipal - Estima a receita e fixa a despesa do Município para o exercício de 2024.,Regininha,https://www.pindamonhangaba.sp.leg.br/proposicoes/0/0/0/0/833#pesquisa
2023-11-16 00:00:00,EMENDA IMPOSITIVA INDIVIDUAL N.º 114 AO PROJETO DE LEI ORDINÁRIA Nº 208/2023,Emenda ao Projeto de Lei Ordinária nº 208/2023 - Prefeito Municipal - Estima a receita e fixa a despesa do Município para o exercício de 2024.,Marco Mayor,https://www.pindamonhangaba.sp.leg.br/proposicoes/0/0/0/0/834#pesquisa
2023-11-16 00:00:00,EMENDA IMPOSITIVA INDIVIDUAL N.º 115 AO PROJETO DE LEI ORDINÁRIA Nº 208/2023,Emenda ao Projeto de Lei Ordinária nº 208/2023 - Prefeito Municipal - Estima a receita e fixa a despesa do Município para o exercício de 2024.,Marco Mayor,https://www.pindamonhangaba.sp.leg.br/proposicoes/0/0/0/0/835#pesquisa
2023-11-16 00:00:00,EMENDA IMPOSITIVA INDIVIDUAL N.º 116 AO PROJETO DE LEI ORDINÁRIA Nº 208/2023,Emenda ao Projeto de Lei Ordinária nº 208/2023 - Prefeito Municipal - Estima a receita e fixa a despesa do Município para o exercício de 2024.,Marco Mayor,https://www.pindamonhangaba.sp.leg.br/proposicoes/0/0/0/0/836#pesquisa
2023-11-16 00:00:00,EMENDA IMPOSITIVA INDIVIDUAL N.º 117 AO PROJETO DE LEI ORDINÁRIA Nº 208/2023,Emenda ao Projeto de Lei Ordinária nº 208/2023 - Prefeito Municipal - Estima a receita e fixa a despesa do Município para o exercício de 2024.,Regininha,https://www.pindamonhangaba.sp.leg.br/proposicoes/0/0/0/0/837#pesquisa
2023-11-16 00:00:00,EMENDA IMPOSITIVA INDIVIDUAL N.º 118 AO PROJETO DE LEI ORDINÁRIA Nº 208/2023,Emenda ao Projeto de Lei Ordinária nº 208/2023 - Prefeito Municipal - Estima a receita e fixa a despesa do Município para o exercício de 2024.,Gilson Nagrin,https://www.pindamonhangaba.sp.leg.br/proposicoes/0/0/0/0/838#pesquisa
2023-11-16 00:00:00,EMENDA IMPOSITIVA INDIVIDUAL N.º 119 AO PROJETO DE LEI ORDINÁRIA Nº 208/2023,Emenda ao Projeto de Lei Ordinária nº 208/2023 - Prefeito Municipal - Estima a receita e fixa a despesa do Município para o exercício de 2024.,Gilson Nagrin,https://www.pindamonhangaba.sp.leg.br/proposicoes/0/0/0/0/839#pesquisa
2023-11-16 00:00:00,EMENDA IMPOSITIVA INDIVIDUAL N.º 120 AO PROJETO DE LEI ORDINÁRIA Nº 208/2023,Emenda ao Projeto de Lei Ordinária nº 208/2023 - Prefeito Municipal - Estima a receita e fixa a despesa do Município para o exercício de 2024.,Gilson Nagrin,https://www.pindamonhangaba.sp.leg.br/proposicoes/0/0/0/0/840#pesquisa
2023-11-16 00:00:00,EMENDA IMPOSITIVA INDIVIDUAL N.º 121 AO PROJETO DE LEI ORDINÁRIA Nº 208/2023,Emenda ao Projeto de Lei Ordinária nº 208/2023 - Prefeito Municipal - Estima a receita e fixa a despesa do Município para o exercício de 2024.,Gilson Nagrin,https://www.pindamonhangaba.sp.leg.br/proposicoes/0/0/0/0/841#pesquisa
2023-11-16 00:00:00,EMENDA IMPOSITIVA INDIVIDUAL N.º 122 AO PROJETO DE LEI ORDINÁRIA Nº 208/2023,Emenda ao Projeto de Lei Ordinária nº 208/2023 - Prefeito Municipal - Estima a receita e fixa a despesa do Município para o exercício de 2024.,Gilson Nagrin,https://www.pindamonhangaba.sp.leg.br/proposicoes/0/0/0/0/842#pesquisa
2023-11-16 00:00:00,EMENDA IMPOSITIVA INDIVIDUAL N.º 123 AO PROJETO DE LEI ORDINÁRIA Nº 208/2023,Emenda ao Projeto de Lei Ordinária nº 208/2023 - Prefeito Municipal - Estima a receita e fixa a despesa do Município para o exercício de 2024.,Gilson Nagrin,https://www.pindamonhangaba.sp.leg.br/proposicoes/0/0/0/0/843#pesquisa
2023-11-16 00:00:00,EMENDA IMPOSITIVA INDIVIDUAL N.º 124 AO PROJETO DE LEI ORDINÁRIA Nº 208/2023,Emenda ao Projeto de Lei Ordinária nº 208/2023 - Prefeito Municipal - Estima a receita e fixa a despesa do Município para o exercício de 2024.,Gilson Nagrin,https://www.pindamonhangaba.sp.leg.br/proposicoes/0/0/0/0/844#pesquisa
2023-11-16 00:00:00,EMENDA IMPOSITIVA INDIVIDUAL N.º 125 AO PROJETO DE LEI ORDINÁRIA Nº 208/2023,Emenda ao Projeto de Lei Ordinária nº 208/2023 - Prefeito Municipal - Estima a receita e fixa a despesa do Município para o exercício de 2024.,Gilson Nagrin,https://www.pindamonhangaba.sp.leg.br/proposicoes/0/0/0/0/845#pesquisa
2023-11-16 00:00:00,EMENDA IMPOSITIVA INDIVIDUAL N.º 126 AO PROJETO DE LEI ORDINÁRIA Nº 208/2023,Emenda ao Projeto de Lei Ordinária nº 208/2023 - Prefeito Municipal - Estima a receita e fixa a despesa do Município para o exercício de 2024.,Gilson Nagrin,https://www.pindamonhangaba.sp.leg.br/proposicoes/0/0/0/0/846#pesquisa
2023-11-16 00:00:00,EMENDA IMPOSITIVA COLETIVA N.º 127 AO PROJETO DE LEI ORDINÁRIA Nº 208/2023,Emenda ao Projeto de Lei Ordinária nº 208/2023 - Prefeito Municipal - Estima a receita e fixa a despesa do Município para o exercício de 2024.,Regininha,https://www.pindamonhangaba.sp.leg.br/proposicoes/0/0/0/0/847#pesquisa
2023-11-16 00:00:00,EMENDA IMPOSITIVA INDIVIDUAL N.º 128 AO PROJETO DE LEI ORDINÁRIA Nº 208/2023,Emenda ao Projeto de Lei Ordinária nº 208/2023 - Prefeito Municipal - Estima a receita e fixa a despesa do Município para o exercício de 2024.,Regininha,https://www.pindamonhangaba.sp.leg.br/proposicoes/0/0/0/0/848#pesquisa
2023-11-16 00:00:00,EMENDA IMPOSITIVA COLETIVA N.º 129 AO PROJETO DE LEI ORDINÁRIA Nº 208/2023,Emenda ao Projeto de Lei Ordinária nº 208/2023 - Prefeito Municipal - Estima a receita e fixa a despesa do Município para o exercício de 2024.,Gilson Nagrin,https://www.pindamonhangaba.sp.leg.br/proposicoes/0/0/0/0/849#pesquisa
2023-11-16 00:00:00,EMENDA IMPOSITIVA COLETIVA N.º 130 AO PROJETO DE LEI ORDINÁRIA Nº 208/2023,Emenda ao Projeto de Lei Ordinária nº 208/2023 - Prefeito Municipal - Estima a receita e fixa a despesa do Município para o exercício de 2024.,Gilson Nagrin,https://www.pindamonhangaba.sp.leg.br/proposicoes/0/0/0/0/850#pesquisa
2023-11-16 00:00:00,EMENDA IMPOSITIVA COLETIVA N.º 131 AO PROJETO DE LEI ORDINÁRIA Nº 208/2023,Emenda ao Projeto de Lei Ordinária nº 208/2023 - Prefeito Municipal - Estima a receita e fixa a despesa do Município para o exercício de 2024.,Gilson Nagrin,https://www.pindamonhangaba.sp.leg.br/proposicoes/0/0/0/0/851#pesquisa
2023-11-16 00:00:00,EMENDA IMPOSITIVA INDIVIDUAL N.º 132 AO PROJETO DE LEI ORDINÁRIA Nº 208/2023,Emenda ao Projeto de Lei Ordinária nº 208/2023 - Prefeito Municipal - Estima a receita e fixa a despesa do Município para o exercício de 2024.,Gilson Nagrin,https://www.pindamonhangaba.sp.leg.br/proposicoes/0/0/0/0/852#pesquisa
2023-11-16 00:00:00,EMENDA IMPOSITIVA COLETIVA N.º 133 AO PROJETO DE LEI ORDINÁRIA Nº 208/2023,Emenda ao Projeto de Lei Ordinária nº 208/2023 - Prefeito Municipal - Estima a receita e fixa a despesa do Município para o exercício de 2024.,Marco Mayor,https://www.pindamonhangaba.sp.leg.br/proposicoes/0/0/0/0/853#pesquisa
2023-11-16 00:00:00,EMENDA IMPOSITIVA COLETIVA N.º 134 AO PROJETO DE LEI ORDINÁRIA Nº 208/2023,Emenda ao Projeto de Lei Ordinária nº 208/2023 - Prefeito Municipal - Estima a receita e fixa a despesa do Município para o exercício de 2024.,Gilson Nagrin,https://www.pindamonhangaba.sp.leg.br/proposicoes/0/0/0/0/854#pesquisa
2023-11-16 00:00:00,EMENDA IMPOSITIVA COLETIVA N.º 135 AO PROJETO DE LEI ORDINÁRIA Nº 208/2023,Emenda ao Projeto de Lei Ordinária nº 208/2023 - Prefeito Municipal - Estima a receita e fixa a despesa do Município para o exercício de 2024.,Gilson Nagrin,https://www.pindamonhangaba.sp.leg.br/proposicoes/0/0/0/0/855#pesquisa
2023-11-16 00:00:00,EMENDA IMPOSITIVA COLETIVA N.º 136 AO PROJETO DE LEI ORDINÁRIA Nº 208/2023,Emenda ao Projeto de Lei Ordinária nº 208/2023 - Prefeito Municipal - Estima a receita e fixa a despesa do Município para o exercício de 2024.,Gilson Nagrin,https://www.pindamonhangaba.sp.leg.br/proposicoes/0/0/0/0/856#pesquisa
2023-11-16 00:00:00,EMENDA IMPOSITIVA COLETIVA N.º 137 AO PROJETO DE LEI ORDINÁRIA Nº 208/2023,Emenda ao Projeto de Lei Ordinária nº 208/2023 - Prefeito Municipal - Estima a receita e fixa a despesa do Município para o exercício de 2024.,Gilson Nagrin,https://www.pindamonhangaba.sp.leg.br/proposicoes/0/0/0/0/857#pesquisa
2023-11-16 00:00:00,EMENDA IMPOSITIVA COLETIVA N.º 138 AO PROJETO DE LEI ORDINÁRIA Nº 208/2023,Emenda ao Projeto de Lei Ordinária nº 208/2023 - Prefeito Municipal - Estima a receita e fixa a despesa do Município para o exercício de 2024.,Gilson Nagrin,https://www.pindamonhangaba.sp.leg.br/proposicoes/0/0/0/0/858#pesquisa
2023-11-16 00:00:00,EMENDA IMPOSITIVA INDIVIDUAL N.º 139 AO PROJETO DE LEI ORDINÁRIA Nº 208/2023,Emenda ao Projeto de Lei Ordinária nº 208/2023 - Prefeito Municipal - Estima a receita e fixa a despesa do Município para o exercício de 2024.,Carlos Moura - Magrão,https://www.pindamonhangaba.sp.leg.br/proposicoes/0/0/0/0/859#pesquisa
2023-11-16 00:00:00,EMENDA IMPOSITIVA INDIVIDUAL N.º 140 AO PROJETO DE LEI ORDINÁRIA Nº 208/2023,Emenda ao Projeto de Lei Ordinária nº 208/2023 - Prefeito Municipal - Estima a receita e fixa a despesa do Município para o exercício de 2024.,Carlos Moura - Magrão,https://www.pindamonhangaba.sp.leg.br/proposicoes/0/0/0/0/860#pesquisa
2023-11-16 00:00:00,EMENDA IMPOSITIVA INDIVIDUAL N.º 141 AO PROJETO DE LEI ORDINÁRIA Nº 208/2023,Emenda ao Projeto de Lei Ordinária nº 208/2023 - Prefeito Municipal - Estima a receita e fixa a despesa do Município para o exercício de 2024.,Carlos Moura - Magrão,https://www.pindamonhangaba.sp.leg.br/proposicoes/0/0/0/0/861#pesquisa
2023-11-16 00:00:00,EMENDA IMPOSITIVA INDIVIDUAL N.º 142 AO PROJETO DE LEI ORDINÁRIA Nº 208/2023,Emenda ao Projeto de Lei Ordinária nº 208/2023 - Prefeito Municipal - Estima a receita e fixa a despesa do Município para o exercício de 2024.,Carlos Moura - Magrão,https://www.pindamonhangaba.sp.leg.br/proposicoes/0/0/0/0/862#pesquisa
2023-11-16 00:00:00,EMENDA IMPOSITIVA INDIVIDUAL N.º 143 AO PROJETO DE LEI ORDINÁRIA Nº 208/2023,Emenda ao Projeto de Lei Ordinária nº 208/2023 - Prefeito Municipal - Estima a receita e fixa a despesa do Município para o exercício de 2024.,Carlos Moura - Magrão,https://www.pindamonhangaba.sp.leg.br/proposicoes/0/0/0/0/863#pesquisa
2023-11-16 00:00:00,EMENDA IMPOSITIVA INDIVIDUAL N.º 145 AO PROJETO DE LEI ORDINÁRIA Nº 208/2023,Emenda ao Projeto de Lei Ordinária nº 208/2023 - Prefeito Municipal - Estima a receita e fixa a despesa do Município para o exercício de 2024.,Carlos Moura - Magrão,https://www.pindamonhangaba.sp.leg.br/proposicoes/0/0/0/0/864#pesquisa
2023-11-16 00:00:00,EMENDA IMPOSITIVA INDIVIDUAL N.º 146 AO PROJETO DE LEI ORDINÁRIA Nº 208/2023,Emenda ao Projeto de Lei Ordinária nº 208/2023 - Prefeito Municipal - Estima a receita e fixa a despesa do Município para o exercício de 2024.,Carlos Moura - Magrão,https://www.pindamonhangaba.sp.leg.br/proposicoes/0/0/0/0/865#pesquisa
2023-11-16 00:00:00,EMENDA IMPOSITIVA INDIVIDUAL N.º 147 AO PROJETO DE LEI ORDINÁRIA Nº 208/2023,Emenda ao Projeto de Lei Ordinária nº 208/2023 - Prefeito Municipal - Estima a receita e fixa a despesa do Município para o exercício de 2024.,Carlos Moura - Magrão,https://www.pindamonhangaba.sp.leg.br/proposicoes/0/0/0/0/866#pesquisa
2023-11-16 00:00:00,EMENDA IMPOSITIVA INDIVIDUAL N.º 148 AO PROJETO DE LEI ORDINÁRIA Nº 208/2023,Emenda ao Projeto de Lei Ordinária nº 208/2023 - Prefeito Municipal - Estima a receita e fixa a despesa do Município para o exercício de 2024.,Carlos Moura - Magrão,https://www.pindamonhangaba.sp.leg.br/proposicoes/0/0/0/0/867#pesquisa
2023-11-16 00:00:00,EMENDA IMPOSITIVA INDIVIDUAL N.º 149 AO PROJETO DE LEI ORDINÁRIA Nº 208/2023,Emenda ao Projeto de Lei Ordinária nº 208/2023 - Prefeito Municipal - Estima a receita e fixa a despesa do Município para o exercício de 2024.,Carlos Moura - Magrão,https://www.pindamonhangaba.sp.leg.br/proposicoes/0/0/0/0/868#pesquisa
2023-11-16 00:00:00,EMENDA IMPOSITIVA INDIVIDUAL N.º 150 AO PROJETO DE LEI ORDINÁRIA Nº 208/2023,Emenda ao Projeto de Lei Ordinária nº 208/2023 - Prefeito Municipal - Estima a receita e fixa a despesa do Município para o exercício de 2024.,Carlos Moura - Magrão,https://www.pindamonhangaba.sp.leg.br/proposicoes/0/0/0/0/869#pesquisa
2023-11-16 00:00:00,EMENDA IMPOSITIVA INDIVIDUAL N.º 151 AO PROJETO DE LEI ORDINÁRIA Nº 208/2023,Emenda ao Projeto de Lei Ordinária nº 208/2023 - Prefeito Municipal - Estima a receita e fixa a despesa do Município para o exercício de 2024.,Carlos Moura - Magrão,https://www.pindamonhangaba.sp.leg.br/proposicoes/0/0/0/0/870#pesquisa
2023-11-16 00:00:00,EMENDA IMPOSITIVA INDIVIDUAL N.º 152 AO PROJETO DE LEI ORDINÁRIA Nº 208/2023,Emenda ao Projeto de Lei Ordinária nº 208/2023 - Prefeito Municipal - Estima a receita e fixa a despesa do Município para o exercício de 2024.,Carlos Moura - Magrão,https://www.pindamonhangaba.sp.leg.br/proposicoes/0/0/0/0/871#pesquisa
2023-11-16 00:00:00,EMENDA IMPOSITIVA INDIVIDUAL N.º 153 AO PROJETO DE LEI ORDINÁRIA Nº 208/2023,Emenda ao Projeto de Lei Ordinária nº 208/2023 - Prefeito Municipal - Estima a receita e fixa a despesa do Município para o exercício de 2024.,Carlos Moura - Magrão,https://www.pindamonhangaba.sp.leg.br/proposicoes/0/0/0/0/872#pesquisa
2023-11-16 00:00:00,EMENDA IMPOSITIVA INDIVIDUAL N.º 154 AO PROJETO DE LEI ORDINÁRIA Nº 208/2023,Emenda ao Projeto de Lei Ordinária nº 208/2023 - Prefeito Municipal - Estima a receita e fixa a despesa do Município para o exercício de 2024.,Carlos Moura - Magrão,https://www.pindamonhangaba.sp.leg.br/proposicoes/0/0/0/0/873#pesquisa
2023-11-16 00:00:00,EMENDA IMPOSITIVA INDIVIDUAL N.º 155 AO PROJETO DE LEI ORDINÁRIA Nº 208/2023,Emenda ao Projeto de Lei Ordinária nº 208/2023 - Prefeito Municipal - Estima a receita e fixa a despesa do Município para o exercício de 2024.,Carlos Moura - Magrão,https://www.pindamonhangaba.sp.leg.br/proposicoes/0/0/0/0/874#pesquisa
2023-11-16 00:00:00,EMENDA IMPOSITIVA INDIVIDUAL N.º 156 AO PROJETO DE LEI ORDINÁRIA Nº 208/2023,Emenda ao Projeto de Lei Ordinária nº 208/2023 - Prefeito Municipal - Estima a receita e fixa a despesa do Município para o exercício de 2024.,Carlos Moura - Magrão,https://www.pindamonhangaba.sp.leg.br/proposicoes/0/0/0/0/875#pesquisa
2023-11-16 00:00:00,EMENDA IMPOSITIVA INDIVIDUAL N.º 157 AO PROJETO DE LEI ORDINÁRIA Nº 208/2023,Emenda ao Projeto de Lei Ordinária nº 208/2023 - Prefeito Municipal - Estima a receita e fixa a despesa do Município para o exercício de 2024.,Carlos Moura - Magrão,https://www.pindamonhangaba.sp.leg.br/proposicoes/0/0/0/0/876#pesquisa
2023-11-16 00:00:00,EMENDA IMPOSITIVA INDIVIDUAL N.º 158 AO PROJETO DE LEI ORDINÁRIA Nº 208/2023,Emenda ao Projeto de Lei Ordinária nº 208/2023 - Prefeito Municipal - Estima a receita e fixa a despesa do Município para o exercício de 2024.,Carlos Moura - Magrão,https://www.pindamonhangaba.sp.leg.br/proposicoes/0/0/0/0/877#pesquisa
2023-11-16 00:00:00,EMENDA IMPOSITIVA INDIVIDUAL N.º 159 AO PROJETO DE LEI ORDINÁRIA Nº 208/2023,Emenda ao Projeto de Lei Ordinária nº 208/2023 - Prefeito Municipal - Estima a receita e fixa a despesa do Município para o exercício de 2024.,Carlos Moura - Magrão,https://www.pindamonhangaba.sp.leg.br/proposicoes/0/0/0/0/878#pesquisa
2023-11-16 00:00:00,EMENDA IMPOSITIVA INDIVIDUAL N.º 160 AO PROJETO DE LEI ORDINÁRIA Nº 208/2023,Emenda ao Projeto de Lei Ordinária nº 208/2023 - Prefeito Municipal - Estima a receita e fixa a despesa do Município para o exercício de 2024.,Carlos Moura - Magrão,https://www.pindamonhangaba.sp.leg.br/proposicoes/0/0/0/0/879#pesquisa
2023-11-16 00:00:00,EMENDA IMPOSITIVA INDIVIDUAL N.º 161 AO PROJETO DE LEI ORDINÁRIA Nº 208/2023,Emenda ao Projeto de Lei Ordinária nº 208/2023 - Prefeito Municipal - Estima a receita e fixa a despesa do Município para o exercício de 2024.,Carlos Moura - Magrão,https://www.pindamonhangaba.sp.leg.br/proposicoes/0/0/0/0/880#pesquisa
2023-11-16 00:00:00,EMENDA IMPOSITIVA INDIVIDUAL N.º 162 AO PROJETO DE LEI ORDINÁRIA Nº 208/2023,Emenda ao Projeto de Lei Ordinária nº 208/2023 - Prefeito Municipal - Estima a receita e fixa a despesa do Município para o exercício de 2024.,Rogério Ramos,https://www.pindamonhangaba.sp.leg.br/proposicoes/0/0/0/0/881#pesquisa
2023-11-16 00:00:00,EMENDA IMPOSITIVA INDIVIDUAL N.º 163 AO PROJETO DE LEI ORDINÁRIA Nº 208/2023,Emenda ao Projeto de Lei Ordinária nº 208/2023 - Prefeito Municipal - Estima a receita e fixa a despesa do Município para o exercício de 2024.,Carlos Moura - Magrão,https://www.pindamonhangaba.sp.leg.br/proposicoes/0/0/0/0/882#pesquisa
2023-11-16 00:00:00,EMENDA IMPOSITIVA INDIVIDUAL N.º 164 AO PROJETO DE LEI ORDINÁRIA Nº 208/2023,Emenda ao Projeto de Lei Ordinária nº 208/2023 - Prefeito Municipal - Estima a receita e fixa a despesa do Município para o exercício de 2024.,Rogério Ramos,https://www.pindamonhangaba.sp.leg.br/proposicoes/0/0/0/0/883#pesquisa
2023-11-16 00:00:00,EMENDA IMPOSITIVA INDIVIDUAL N.º 165 AO PROJETO DE LEI ORDINÁRIA Nº 208/2023,Emenda ao Projeto de Lei Ordinária nº 208/2023 - Prefeito Municipal - Estima a receita e fixa a despesa do Município para o exercício de 2024.,Rogério Ramos,https://www.pindamonhangaba.sp.leg.br/proposicoes/0/0/0/0/884#pesquisa
2023-11-16 00:00:00,EMENDA IMPOSITIVA INDIVIDUAL N.º 166 AO PROJETO DE LEI ORDINÁRIA Nº 208/2023,Emenda ao Projeto de Lei Ordinária nº 208/2023 - Prefeito Municipal - Estima a receita e fixa a despesa do Município para o exercício de 2024.,Rogério Ramos,https://www.pindamonhangaba.sp.leg.br/proposicoes/0/0/0/0/885#pesquisa
2023-11-16 00:00:00,EMENDA IMPOSITIVA INDIVIDUAL N.º 167 AO PROJETO DE LEI ORDINÁRIA Nº 208/2023,Emenda ao Projeto de Lei Ordinária nº 208/2023 - Prefeito Municipal - Estima a receita e fixa a despesa do Município para o exercício de 2024.,Rogério Ramos,https://www.pindamonhangaba.sp.leg.br/proposicoes/0/0/0/0/886#pesquisa
2023-11-16 00:00:00,EMENDA IMPOSITIVA INDIVIDUAL N.º 168 AO PROJETO DE LEI ORDINÁRIA Nº 208/2023,Emenda ao Projeto de Lei Ordinária nº 208/2023 - Prefeito Municipal - Estima a receita e fixa a despesa do Município para o exercício de 2024.,Rogério Ramos,https://www.pindamonhangaba.sp.leg.br/proposicoes/0/0/0/0/887#pesquisa
2023-11-16 00:00:00,EMENDA IMPOSITIVA INDIVIDUAL N.º 169 AO PROJETO DE LEI ORDINÁRIA Nº 208/2023,Emenda ao Projeto de Lei Ordinária nº 208/2023 - Prefeito Municipal - Estima a receita e fixa a despesa do Município para o exercício de 2024.,Carlos Moura - Magrão,https://www.pindamonhangaba.sp.leg.br/proposicoes/0/0/0/0/888#pesquisa
2023-11-16 00:00:00,EMENDA IMPOSITIVA INDIVIDUAL N.º 170 AO PROJETO DE LEI ORDINÁRIA Nº 208/2023,Emenda ao Projeto de Lei Ordinária nº 208/2023 - Prefeito Municipal - Estima a receita e fixa a despesa do Município para o exercício de 2024.,Rogério Ramos,https://www.pindamonhangaba.sp.leg.br/proposicoes/0/0/0/0/889#pesquisa
2023-11-16 00:00:00,EMENDA IMPOSITIVA INDIVIDUAL N.º 171 AO PROJETO DE LEI ORDINÁRIA Nº 208/2023,Emenda ao Projeto de Lei Ordinária nº 208/2023 - Prefeito Municipal - Estima a receita e fixa a despesa do Município para o exercício de 2024.,Carlos Moura - Magrão,https://www.pindamonhangaba.sp.leg.br/proposicoes/0/0/0/0/890#pesquisa
2023-11-16 00:00:00,EMENDA IMPOSITIVA COLETIVA N.º 172 AO PROJETO DE LEI N° 208/2023,"EMENDA IMPOSITIVA AO PROJETO DE LEI N° 208/2023, QUE ESTIMA A RECEITA E FIXA A DESPESA DO MUNICÍPIO PARA O EXERCÍCIO DE 2024.",Norberto Moraes,https://www.pindamonhangaba.sp.leg.br/proposicoes/0/0/0/0/891#pesquisa
2023-11-16 00:00:00,EMENDA IMPOSITIVA COLETIVA N.º 173 AO PROJETO DE LEI N° 208/2023,"EMENDA IMPOSITIVA AO PROJETO DE LEI N° 208/2023, QUE ESTIMA A RECEITA E FIXA A DESPESA DO MUNICÍPIO PARA O EXERCÍCIO DE 2024.",Norberto Moraes,https://www.pindamonhangaba.sp.leg.br/proposicoes/0/0/0/0/892#pesquisa
2023-11-16 00:00:00,EMENDA IMPOSITIVA COLETIVA N.º 174 AO PROJETO DE LEI N° 208/2023,"EMENDA IMPOSITIVA AO PROJETO DE LEI N° 208/2023, QUE ESTIMA A RECEITA E FIXA A DESPESA DO MUNICÍPIO PARA O EXERCÍCIO DE 2024.",Norberto Moraes,https://www.pindamonhangaba.sp.leg.br/proposicoes/0/0/0/0/893#pesquisa
2023-11-16 00:00:00,EMENDA IMPOSITIVA INDIVIDUAL N.º 175 AO PROJETO DE LEI ORDINÁRIA Nº 208/2023,Emenda ao Projeto de Lei Ordinária nº 208/2023 - Prefeito Municipal - Estima a receita e fixa a despesa do Município para o exercício de 2024.,Carlos Moura - Magrão,https://www.pindamonhangaba.sp.leg.br/proposicoes/0/0/0/0/894#pesquisa
2023-11-16 00:00:00,EMENDA IMPOSITIVA INDIVIDUAL N.º 176 AO PROJETO DE LEI ORDINÁRIA Nº 208/2023,Emenda ao Projeto de Lei Ordinária nº 208/2023 - Prefeito Municipal - Estima a receita e fixa a despesa do Município para o exercício de 2024.,Rogério Ramos,https://www.pindamonhangaba.sp.leg.br/proposicoes/0/0/0/0/895#pesquisa
2023-11-16 00:00:00,EMENDA IMPOSITIVA COLETIVA N.º 177 AO PROJETO DE LEI N° 208/2023,"EMENDA IMPOSITIVA AO PROJETO DE LEI N° 208/2023, QUE ESTIMA A RECEITA E FIXA A DESPESA DO MUNICÍPIO PARA O EXERCÍCIO DE 2024.",Norberto Moraes,https://www.pindamonhangaba.sp.leg.br/proposicoes/0/0/0/0/896#pesquisa
2023-11-16 00:00:00,EMENDA IMPOSITIVA INDIVIDUAL N.º 178 AO PROJETO DE LEI ORDINÁRIA Nº 208/2023,Emenda ao Projeto de Lei Ordinária nº 208/2023 - Prefeito Municipal - Estima a receita e fixa a despesa do Município para o exercício de 2024.,Carlos Moura - Magrão,https://www.pindamonhangaba.sp.leg.br/proposicoes/0/0/0/0/897#pesquisa
2023-11-16 00:00:00,EMENDA IMPOSITIVA INDIVIDUAL N.º 179 AO PROJETO DE LEI ORDINÁRIA Nº 208/2023,Emenda ao Projeto de Lei Ordinária nº 208/2023 - Prefeito Municipal - Estima a receita e fixa a despesa do Município para o exercício de 2024.,Carlos Moura - Magrão,https://www.pindamonhangaba.sp.leg.br/proposicoes/0/0/0/0/898#pesquisa
2023-11-16 00:00:00,EMENDA IMPOSITIVA INDIVIDUAL N.º 180 AO PROJETO DE LEI ORDINÁRIA Nº 208/2023,Emenda ao Projeto de Lei Ordinária nº 208/2023 - Prefeito Municipal - Estima a receita e fixa a despesa do Município para o exercício de 2024.,Rogério Ramos,https://www.pindamonhangaba.sp.leg.br/proposicoes/0/0/0/0/899#pesquisa
2023-11-16 00:00:00,EMENDA IMPOSITIVA INDIVIDUAL N.º 181 AO PROJETO DE LEI ORDINÁRIA Nº 208/2023,Emenda ao Projeto de Lei Ordinária nº 208/2023 - Prefeito Municipal - Estima a receita e fixa a despesa do Município para o exercício de 2024.,Carlos Moura - Magrão,https://www.pindamonhangaba.sp.leg.br/proposicoes/0/0/0/0/900#pesquisa
2023-11-15 00:00:00,EMENDA IMPOSITIVA INDIVIDUAL N.º 47 AO PROJETO DE LEI ORDINÁRIA Nº 208/2023,Emenda ao Projeto de Lei Ordinária nº 208/2023 - Prefeito Municipal - Estima a receita e fixa a despesa do Município para o exercício de 2024.,José Carlos Gomes – Cal,https://www.pindamonhangaba.sp.leg.br/proposicoes/0/0/0/0/768#pesquisa
2023-11-15 00:00:00,EMENDA IMPOSITIVA INDIVIDUAL N.º 48 AO PROJETO DE LEI ORDINÁRIA Nº 208/2023,Emenda ao Projeto de Lei Ordinária nº 208/2023 - Prefeito Municipal - Estima a receita e fixa a despesa do Município para o exercício de 2024.,José Carlos Gomes – Cal,https://www.pindamonhangaba.sp.leg.br/proposicoes/0/0/0/0/769#pesquisa
2023-11-15 00:00:00,EMENDA IMPOSITIVA INDIVIDUAL N.º 50 AO PROJETO DE LEI ORDINÁRIA Nº 208/2023,Emenda ao Projeto de Lei Ordinária nº 208/2023 - Prefeito Municipal - Estima a receita e fixa a despesa do Município para o exercício de 2024.,José Carlos Gomes – Cal,https://www.pindamonhangaba.sp.leg.br/proposicoes/0/0/0/0/770#pesquisa
2023-11-15 00:00:00,EMENDA IMPOSITIVA INDIVIDUAL N.º 51 AO PROJETO DE LEI ORDINÁRIA Nº 208/2023,Emenda ao Projeto de Lei Ordinária nº 208/2023 - Prefeito Municipal - Estima a receita e fixa a despesa do Município para o exercício de 2024.,José Carlos Gomes – Cal,https://www.pindamonhangaba.sp.leg.br/proposicoes/0/0/0/0/771#pesquisa
2023-11-15 00:00:00,EMENDA IMPOSITIVA INDIVIDUAL N.º 52 AO PROJETO DE LEI ORDINÁRIA Nº 208/2023,Emenda ao Projeto de Lei Ordinária nº 208/2023 - Prefeito Municipal - Estima a receita e fixa a despesa do Município para o exercício de 2024.,José Carlos Gomes – Cal,https://www.pindamonhangaba.sp.leg.br/proposicoes/0/0/0/0/772#pesquisa
2023-11-15 00:00:00,EMENDA IMPOSITIVA INDIVIDUAL N.º 53 AO PROJETO DE LEI ORDINÁRIA Nº 208/2023,Emenda ao Projeto de Lei Ordinária nº 208/2023 - Prefeito Municipal - Estima a receita e fixa a despesa do Município para o exercício de 2024.,José Carlos Gomes – Cal,https://www.pindamonhangaba.sp.leg.br/proposicoes/0/0/0/0/773#pesquisa
2023-11-15 00:00:00,EMENDA IMPOSITIVA INDIVIDUAL N.º 54 AO PROJETO DE LEI ORDINÁRIA Nº 208/2023,Emenda ao Projeto de Lei Ordinária nº 208/2023 - Prefeito Municipal - Estima a receita e fixa a despesa do Município para o exercício de 2024.,José Carlos Gomes – Cal,https://www.pindamonhangaba.sp.leg.br/proposicoes/0/0/0/0/774#pesquisa
2023-11-15 00:00:00,EMENDA IMPOSITIVA INDIVIDUAL N.º 55 AO PROJETO DE LEI ORDINÁRIA Nº 208/2023,Emenda ao Projeto de Lei Ordinária nº 208/2023 - Prefeito Municipal - Estima a receita e fixa a despesa do Município para o exercício de 2024.,José Carlos Gomes – Cal,https://www.pindamonhangaba.sp.leg.br/proposicoes/0/0/0/0/775#pesquisa
2023-11-15 00:00:00,EMENDA IMPOSITIVA INDIVIDUAL N.º 56 AO PROJETO DE LEI ORDINÁRIA Nº 208/2023,Emenda ao Projeto de Lei Ordinária nº 208/2023 - Prefeito Municipal - Estima a receita e fixa a despesa do Município para o exercício de 2024.,José Carlos Gomes – Cal,https://www.pindamonhangaba.sp.leg.br/proposicoes/0/0/0/0/776#pesquisa
2023-11-15 00:00:00,EMENDA IMPOSITIVA INDIVIDUAL N.º 57 AO PROJETO DE LEI ORDINÁRIA Nº 208/2023,Emenda ao Projeto de Lei Ordinária nº 208/2023 - Prefeito Municipal - Estima a receita e fixa a despesa do Município para o exercício de 2024.,José Carlos Gomes – Cal,https://www.pindamonhangaba.sp.leg.br/proposicoes/0/0/0/0/777#pesquisa
2023-11-15 00:00:00,EMENDA IMPOSITIVA INDIVIDUAL N.º 58 AO PROJETO DE LEI ORDINÁRIA Nº 208/2023,Emenda ao Projeto de Lei Ordinária nº 208/2023 - Prefeito Municipal - Estima a receita e fixa a despesa do Município para o exercício de 2024.,José Carlos Gomes – Cal,https://www.pindamonhangaba.sp.leg.br/proposicoes/0/0/0/0/778#pesquisa
2023-11-15 00:00:00,EMENDA IMPOSITIVA INDIVIDUAL N.º 59 AO PROJETO DE LEI ORDINÁRIA Nº 208/2023,Emenda ao Projeto de Lei Ordinária nº 208/2023 - Prefeito Municipal - Estima a receita e fixa a despesa do Município para o exercício de 2024.,José Carlos Gomes – Cal,https://www.pindamonhangaba.sp.leg.br/proposicoes/0/0/0/0/779#pesquisa
2023-11-15 00:00:00,EMENDA IMPOSITIVA INDIVIDUAL N.º 60 AO PROJETO DE LEI ORDINÁRIA Nº 208/2023,Emenda ao Projeto de Lei Ordinária nº 208/2023 - Prefeito Municipal - Estima a receita e fixa a despesa do Município para o exercício de 2024.,José Carlos Gomes – Cal,https://www.pindamonhangaba.sp.leg.br/proposicoes/0/0/0/0/780#pesquisa
2023-11-15 00:00:00,EMENDA IMPOSITIVA INDIVIDUAL N.º 61 AO PROJETO DE LEI ORDINÁRIA Nº 208/2023,Emenda ao Projeto de Lei Ordinária nº 208/2023 - Prefeito Municipal - Estima a receita e fixa a despesa do Município para o exercício de 2024.,José Carlos Gomes – Cal,https://www.pindamonhangaba.sp.leg.br/proposicoes/0/0/0/0/781#pesquisa
2023-11-15 00:00:00,EMENDA IMPOSITIVA INDIVIDUAL N.º 62 AO PROJETO DE LEI ORDINÁRIA Nº 208/2023,Emenda ao Projeto de Lei Ordinária nº 208/2023 - Prefeito Municipal - Estima a receita e fixa a despesa do Município para o exercício de 2024.,José Carlos Gomes – Cal,https://www.pindamonhangaba.sp.leg.br/proposicoes/0/0/0/0/782#pesquisa
2023-11-15 00:00:00,EMENDA IMPOSITIVA INDIVIDUAL N.º 63 AO PROJETO DE LEI ORDINÁRIA Nº 208/2023,Emenda ao Projeto de Lei Ordinária nº 208/2023 - Prefeito Municipal - Estima a receita e fixa a despesa do Município para o exercício de 2024.,José Carlos Gomes – Cal,https://www.pindamonhangaba.sp.leg.br/proposicoes/0/0/0/0/783#pesquisa
2023-11-15 00:00:00,EMENDA IMPOSITIVA INDIVIDUAL N.º 64 AO PROJETO DE LEI ORDINÁRIA Nº 208/2023,Emenda ao Projeto de Lei Ordinária nº 208/2023 - Prefeito Municipal - Estima a receita e fixa a despesa do Município para o exercício de 2024.,José Carlos Gomes – Cal,https://www.pindamonhangaba.sp.leg.br/proposicoes/0/0/0/0/784#pesquisa
2023-11-15 00:00:00,EMENDA IMPOSITIVA INDIVIDUAL N.º 65 AO PROJETO DE LEI ORDINÁRIA Nº 208/2023,Emenda ao Projeto de Lei Ordinária nº 208/2023 - Prefeito Municipal - Estima a receita e fixa a despesa do Município para o exercício de 2024.,José Carlos Gomes – Cal,https://www.pindamonhangaba.sp.leg.br/proposicoes/0/0/0/0/785#pesquisa
2023-11-15 00:00:00,EMENDA IMPOSITIVA INDIVIDUAL N.º 66 AO PROJETO DE LEI ORDINÁRIA Nº 208/2023,Emenda ao Projeto de Lei Ordinária nº 208/2023 - Prefeito Municipal - Estima a receita e fixa a despesa do Município para o exercício de 2024.,José Carlos Gomes – Cal,https://www.pindamonhangaba.sp.leg.br/proposicoes/0/0/0/0/786#pesquisa
2023-11-15 00:00:00,EMENDA IMPOSITIVA INDIVIDUAL N.º 67 AO PROJETO DE LEI ORDINÁRIA Nº 208/2023,Emenda ao Projeto de Lei Ordinária nº 208/2023 - Prefeito Municipal - Estima a receita e fixa a despesa do Município para o exercício de 2024.,José Carlos Gomes – Cal,https://www.pindamonhangaba.sp.leg.br/proposicoes/0/0/0/0/787#pesquisa
2023-11-15 00:00:00,EMENDA IMPOSITIVA INDIVIDUAL N.º 68 AO PROJETO DE LEI ORDINÁRIA Nº 208/2023,Emenda ao Projeto de Lei Ordinária nº 208/2023 - Prefeito Municipal - Estima a receita e fixa a despesa do Município para o exercício de 2024.,José Carlos Gomes – Cal,https://www.pindamonhangaba.sp.leg.br/proposicoes/0/0/0/0/788#pesquisa
2023-11-15 00:00:00,EMENDA IMPOSITIVA INDIVIDUAL N.º 69 AO PROJETO DE LEI ORDINÁRIA Nº 208/2023,Emenda ao Projeto de Lei Ordinária nº 208/2023 - Prefeito Municipal - Estima a receita e fixa a despesa do Município para o exercício de 2024.,José Carlos Gomes – Cal,https://www.pindamonhangaba.sp.leg.br/proposicoes/0/0/0/0/789#pesquisa
2023-11-15 00:00:00,EMENDA IMPOSITIVA INDIVIDUAL N.º 70 AO PROJETO DE LEI ORDINÁRIA Nº 208/2023,Emenda ao Projeto de Lei Ordinária nº 208/2023 - Prefeito Municipal - Estima a receita e fixa a despesa do Município para o exercício de 2024.,José Carlos Gomes – Cal,https://www.pindamonhangaba.sp.leg.br/proposicoes/0/0/0/0/790#pesquisa
2023-11-15 00:00:00,EMENDA IMPOSITIVA INDIVIDUAL N.º 71 AO PROJETO DE LEI ORDINÁRIA Nº 208/2023,Emenda ao Projeto de Lei Ordinária nº 208/2023 - Prefeito Municipal - Estima a receita e fixa a despesa do Município para o exercício de 2024.,José Carlos Gomes – Cal,https://www.pindamonhangaba.sp.leg.br/proposicoes/0/0/0/0/791#pesquisa
2023-11-15 00:00:00,EMENDA IMPOSITIVA INDIVIDUAL N.º 72 AO PROJETO DE LEI ORDINÁRIA Nº 208/2023,Emenda ao Projeto de Lei Ordinária nº 208/2023 - Prefeito Municipal - Estima a receita e fixa a despesa do Município para o exercício de 2024.,José Carlos Gomes – Cal,https://www.pindamonhangaba.sp.leg.br/proposicoes/0/0/0/0/792#pesquisa
2023-11-15 00:00:00,EMENDA IMPOSITIVA INDIVIDUAL N.º 73 AO PROJETO DE LEI ORDINÁRIA Nº 208/2023,Emenda ao Projeto de Lei Ordinária nº 208/2023 - Prefeito Municipal - Estima a receita e fixa a despesa do Município para o exercício de 2024.,José Carlos Gomes – Cal,https://www.pindamonhangaba.sp.leg.br/proposicoes/0/0/0/0/793#pesquisa
2023-11-15 00:00:00,EMENDA IMPOSITIVA INDIVIDUAL N.º 74 AO PROJETO DE LEI ORDINÁRIA Nº 208/2023,Emenda ao Projeto de Lei Ordinária nº 208/2023 - Prefeito Municipal - Estima a receita e fixa a despesa do Município para o exercício de 2024.,José Carlos Gomes – Cal,https://www.pindamonhangaba.sp.leg.br/proposicoes/0/0/0/0/794#pesquisa
2023-11-15 00:00:00,EMENDA IMPOSITIVA INDIVIDUAL N.º 75 AO PROJETO DE LEI ORDINÁRIA Nº 208/2023,Emenda ao Projeto de Lei Ordinária nº 208/2023 - Prefeito Municipal - Estima a receita e fixa a despesa do Município para o exercício de 2024.,José Carlos Gomes – Cal,https://www.pindamonhangaba.sp.leg.br/proposicoes/0/0/0/0/795#pesquisa
2023-11-15 00:00:00,EMENDA IMPOSITIVA INDIVIDUAL N.º 76 AO PROJETO DE LEI ORDINÁRIA Nº 208/2023,Emenda ao Projeto de Lei Ordinária nº 208/2023 - Prefeito Municipal - Estima a receita e fixa a despesa do Município para o exercício de 2024.,José Carlos Gomes – Cal,https://www.pindamonhangaba.sp.leg.br/proposicoes/0/0/0/0/796#pesquisa
2023-11-15 00:00:00,EMENDA IMPOSITIVA COLETIVA N.º 14 AO PROJETO DE LEI ORDINÁRIA Nº 208/2023,Emenda ao Projeto de Lei Ordinária nº 208/2023 - Prefeito Municipal - Estima a receita e fixa a despesa do Município para o exercício de 2024.,Marco Mayor,https://www.pindamonhangaba.sp.leg.br/proposicoes/0/0/0/0/735#pesquisa
2023-11-15 00:00:00,EMENDA IMPOSITIVA INDIVIDUAL N.º 15 AO PROJETO DE LEI ORDINÁRIA Nº 208/2023,Emenda ao Projeto de Lei Ordinária nº 208/2023 - Prefeito Municipal - Estima a receita e fixa a despesa do Município para o exercício de 2024.,Gilson Nagrin,https://www.pindamonhangaba.sp.leg.br/proposicoes/0/0/0/0/736#pesquisa
2023-11-15 00:00:00,EMENDA IMPOSITIVA COLETIVA N.º 16 AO PROJETO DE LEI ORDINÁRIA Nº 208/2023,Emenda ao Projeto de Lei Ordinária nº 208/2023 - Prefeito Municipal - Estima a receita e fixa a despesa do Município para o exercício de 2024.,Marco Mayor,https://www.pindamonhangaba.sp.leg.br/proposicoes/0/0/0/0/737#pesquisa
2023-11-15 00:00:00,EMENDA IMPOSITIVA COLETIVA N.º 17 AO PROJETO DE LEI ORDINÁRIA Nº 208/2023,Emenda ao Projeto de Lei Ordinária nº 208/2023 - Prefeito Municipal - Estima a receita e fixa a despesa do Município para o exercício de 2024.,Marco Mayor,https://www.pindamonhangaba.sp.leg.br/proposicoes/0/0/0/0/738#pesquisa
2023-11-15 00:00:00,EMENDA IMPOSITIVA COLETIVA N.º 18 AO PROJETO DE LEI ORDINÁRIA Nº 208/2023,Emenda ao Projeto de Lei Ordinária nº 208/2023 - Prefeito Municipal - Estima a receita e fixa a despesa do Município para o exercício de 2024.,Marco Mayor,https://www.pindamonhangaba.sp.leg.br/proposicoes/0/0/0/0/739#pesquisa
2023-11-15 00:00:00,EMENDA IMPOSITIVA COLETIVA N.º 19 AO PROJETO DE LEI ORDINÁRIA Nº 208/2023,Emenda ao Projeto de Lei Ordinária nº 208/2023 - Prefeito Municipal - Estima a receita e fixa a despesa do Município para o exercício de 2024.,Marco Mayor,https://www.pindamonhangaba.sp.leg.br/proposicoes/0/0/0/0/740#pesquisa
2023-11-15 00:00:00,EMENDA IMPOSITIVA INDIVIDUAL N.º 20 AO PROJETO DE LEI ORDINÁRIA Nº 208/2023,Emenda ao Projeto de Lei Ordinária nº 208/2023 - Prefeito Municipal - Estima a receita e fixa a despesa do Município para o exercício de 2024.,Regininha,https://www.pindamonhangaba.sp.leg.br/proposicoes/0/0/0/0/741#pesquisa
2023-11-15 00:00:00,EMENDA IMPOSITIVA INDIVIDUAL N.º 21 AO PROJETO DE LEI ORDINÁRIA Nº 208/2023,Emenda ao Projeto de Lei Ordinária nº 208/2023 - Prefeito Municipal - Estima a receita e fixa a despesa do Município para o exercício de 2024.,Regininha,https://www.pindamonhangaba.sp.leg.br/proposicoes/0/0/0/0/742#pesquisa
2023-11-15 00:00:00,EMENDA IMPOSITIVA INDIVIDUAL N.º 22 AO PROJETO DE LEI ORDINÁRIA Nº 208/2023,Emenda ao Projeto de Lei Ordinária nº 208/2023 - Prefeito Municipal - Estima a receita e fixa a despesa do Município para o exercício de 2024.,Regininha,https://www.pindamonhangaba.sp.leg.br/proposicoes/0/0/0/0/743#pesquisa
2023-11-15 00:00:00,EMENDA IMPOSITIVA INDIVIDUAL N.º 23 AO PROJETO DE LEI ORDINÁRIA Nº 208/2023,Emenda ao Projeto de Lei Ordinária nº 208/2023 - Prefeito Municipal - Estima a receita e fixa a despesa do Município para o exercício de 2024.,Regininha,https://www.pindamonhangaba.sp.leg.br/proposicoes/0/0/0/0/744#pesquisa
2023-11-15 00:00:00,EMENDA IMPOSITIVA INDIVIDUAL N.º 24 AO PROJETO DE LEI ORDINÁRIA Nº 208/2023,Emenda ao Projeto de Lei Ordinária nº 208/2023 - Prefeito Municipal - Estima a receita e fixa a despesa do Município para o exercício de 2024.,Regininha,https://www.pindamonhangaba.sp.leg.br/proposicoes/0/0/0/0/745#pesquisa
2023-11-15 00:00:00,EMENDA IMPOSITIVA COLETIVA N.º 25 AO PROJETO DE LEI ORDINÁRIA Nº 208/2023,Emenda ao Projeto de Lei Ordinária nº 208/2023 - Prefeito Municipal - Estima a receita e fixa a despesa do Município para o exercício de 2024.,Marco Mayor,https://www.pindamonhangaba.sp.leg.br/proposicoes/0/0/0/0/746#pesquisa
2023-11-15 00:00:00,EMENDA IMPOSITIVA INDIVIDUAL N.º 26 AO PROJETO DE LEI ORDINÁRIA Nº 208/2023,Emenda ao Projeto de Lei Ordinária nº 208/2023 - Prefeito Municipal - Estima a receita e fixa a despesa do Município para o exercício de 2024.,Regininha,https://www.pindamonhangaba.sp.leg.br/proposicoes/0/0/0/0/747#pesquisa
2023-11-15 00:00:00,EMENDA IMPOSITIVA COLETIVA N.º 27 AO PROJETO DE LEI ORDINÁRIA Nº 208/2023,Emenda ao Projeto de Lei Ordinária nº 208/2023 - Prefeito Municipal - Estima a receita e fixa a despesa do Município para o exercício de 2024.,Marco Mayor,https://www.pindamonhangaba.sp.leg.br/proposicoes/0/0/0/0/748#pesquisa
2023-11-15 00:00:00,EMENDA IMPOSITIVA INDIVIDUAL N.º 28 AO PROJETO DE LEI ORDINÁRIA Nº 208/2023,Emenda ao Projeto de Lei Ordinária nº 208/2023 - Prefeito Municipal - Estima a receita e fixa a despesa do Município para o exercício de 2024.,Regininha,https://www.pindamonhangaba.sp.leg.br/proposicoes/0/0/0/0/749#pesquisa
2023-11-15 00:00:00,EMENDA IMPOSITIVA INDIVIDUAL N.º 29 AO PROJETO DE LEI ORDINÁRIA Nº 208/2023,Emenda ao Projeto de Lei Ordinária nº 208/2023 - Prefeito Municipal - Estima a receita e fixa a despesa do Município para o exercício de 2024.,Regininha,https://www.pindamonhangaba.sp.leg.br/proposicoes/0/0/0/0/750#pesquisa
2023-11-15 00:00:00,EMENDA IMPOSITIVA INDIVIDUAL N.º 30 AO PROJETO DE LEI ORDINÁRIA Nº 208/2023,Emenda ao Projeto de Lei Ordinária nº 208/2023 - Prefeito Municipal - Estima a receita e fixa a despesa do Município para o exercício de 2024.,Regininha,https://www.pindamonhangaba.sp.leg.br/proposicoes/0/0/0/0/751#pesquisa
2023-11-15 00:00:00,EMENDA IMPOSITIVA INDIVIDUAL N.º 31 AO PROJETO DE LEI ORDINÁRIA Nº 208/2023,Emenda ao Projeto de Lei Ordinária nº 208/2023 - Prefeito Municipal - Estima a receita e fixa a despesa do Município para o exercício de 2024.,Regininha,https://www.pindamonhangaba.sp.leg.br/proposicoes/0/0/0/0/752#pesquisa
2023-11-15 00:00:00,EMENDA IMPOSITIVA INDIVIDUAL N.º 32 AO PROJETO DE LEI ORDINÁRIA Nº 208/2023,Emenda ao Projeto de Lei Ordinária nº 208/2023 - Prefeito Municipal - Estima a receita e fixa a despesa do Município para o exercício de 2024.,Regininha,https://www.pindamonhangaba.sp.leg.br/proposicoes/0/0/0/0/753#pesquisa
2023-11-15 00:00:00,EMENDA IMPOSITIVA INDIVIDUAL N.º 33 AO PROJETO DE LEI ORDINÁRIA Nº 208/2023,Emenda ao Projeto de Lei Ordinária nº 208/2023 - Prefeito Municipal - Estima a receita e fixa a despesa do Município para o exercício de 2024.,Regininha,https://www.pindamonhangaba.sp.leg.br/proposicoes/0/0/0/0/754#pesquisa
2023-11-15 00:00:00,EMENDA IMPOSITIVA INDIVIDUAL N.º 34 AO PROJETO DE LEI ORDINÁRIA Nº 208/2023,Emenda ao Projeto de Lei Ordinária nº 208/2023 - Prefeito Municipal - Estima a receita e fixa a despesa do Município para o exercício de 2024.,Regininha,https://www.pindamonhangaba.sp.leg.br/proposicoes/0/0/0/0/755#pesquisa
2023-11-15 00:00:00,EMENDA IMPOSITIVA INDIVIDUAL N.º 35 AO PROJETO DE LEI ORDINÁRIA Nº 208/2023,Emenda ao Projeto de Lei Ordinária nº 208/2023 - Prefeito Municipal - Estima a receita e fixa a despesa do Município para o exercício de 2024.,Regininha,https://www.pindamonhangaba.sp.leg.br/proposicoes/0/0/0/0/756#pesquisa
2023-11-15 00:00:00,EMENDA IMPOSITIVA COLETIVA N.º 36 AO PROJETO DE LEI ORDINÁRIA Nº 208/2023,Emenda ao Projeto de Lei Ordinária nº 208/2023 - Prefeito Municipal - Estima a receita e fixa a despesa do Município para o exercício de 2024.,Marco Mayor,https://www.pindamonhangaba.sp.leg.br/proposicoes/0/0/0/0/757#pesquisa
2023-11-15 00:00:00,EMENDA IMPOSITIVA INDIVIDUAL N.º 37 AO PROJETO DE LEI ORDINÁRIA Nº 208/2023,Emenda ao Projeto de Lei Ordinária nº 208/2023 - Prefeito Municipal - Estima a receita e fixa a despesa do Município para o exercício de 2024.,Regininha,https://www.pindamonhangaba.sp.leg.br/proposicoes/0/0/0/0/758#pesquisa
2023-11-15 00:00:00,EMENDA IMPOSITIVA INDIVIDUAL N.º 38 AO PROJETO DE LEI ORDINÁRIA Nº 208/2023,Emenda ao Projeto de Lei Ordinária nº 208/2023 - Prefeito Municipal - Estima a receita e fixa a despesa do Município para o exercício de 2024.,Regininha,https://www.pindamonhangaba.sp.leg.br/proposicoes/0/0/0/0/759#pesquisa
2023-11-15 00:00:00,EMENDA IMPOSITIVA INDIVIDUAL N.º 39 AO PROJETO DE LEI ORDINÁRIA Nº 208/2023,Emenda ao Projeto de Lei Ordinária nº 208/2023 - Prefeito Municipal - Estima a receita e fixa a despesa do Município para o exercício de 2024.,Gilson Nagrin,https://www.pindamonhangaba.sp.leg.br/proposicoes/0/0/0/0/760#pesquisa
2023-11-15 00:00:00,EMENDA IMPOSITIVA INDIVIDUAL N.º 40 AO PROJETO DE LEI ORDINÁRIA Nº 208/2023,Emenda ao Projeto de Lei Ordinária nº 208/2023 - Prefeito Municipal - Estima a receita e fixa a despesa do Município para o exercício de 2024.,Gilson Nagrin,https://www.pindamonhangaba.sp.leg.br/proposicoes/0/0/0/0/761#pesquisa
2023-11-15 00:00:00,EMENDA IMPOSITIVA INDIVIDUAL N.º 41 AO PROJETO DE LEI ORDINÁRIA Nº 208/2023,Emenda ao Projeto de Lei Ordinária nº 208/2023 - Prefeito Municipal - Estima a receita e fixa a despesa do Município para o exercício de 2024.,Gilson Nagrin,https://www.pindamonhangaba.sp.leg.br/proposicoes/0/0/0/0/762#pesquisa
2023-11-15 00:00:00,EMENDA IMPOSITIVA INDIVIDUAL N.º 42 AO PROJETO DE LEI ORDINÁRIA Nº 208/2023,Emenda ao Projeto de Lei Ordinária nº 208/2023 - Prefeito Municipal - Estima a receita e fixa a despesa do Município para o exercício de 2024.,Gilson Nagrin,https://www.pindamonhangaba.sp.leg.br/proposicoes/0/0/0/0/763#pesquisa
2023-11-15 00:00:00,EMENDA IMPOSITIVA INDIVIDUAL N.º 43 AO PROJETO DE LEI ORDINÁRIA Nº 208/2023,Emenda ao Projeto de Lei Ordinária nº 208/2023 - Prefeito Municipal - Estima a receita e fixa a despesa do Município para o exercício de 2024.,José Carlos Gomes – Cal,https://www.pindamonhangaba.sp.leg.br/proposicoes/0/0/0/0/764#pesquisa
2023-11-15 00:00:00,EMENDA IMPOSITIVA INDIVIDUAL N.º 44 AO PROJETO DE LEI ORDINÁRIA Nº 208/2023,Emenda ao Projeto de Lei Ordinária nº 208/2023 - Prefeito Municipal - Estima a receita e fixa a despesa do Município para o exercício de 2024.,José Carlos Gomes – Cal,https://www.pindamonhangaba.sp.leg.br/proposicoes/0/0/0/0/765#pesquisa
2023-11-15 00:00:00,EMENDA IMPOSITIVA INDIVIDUAL N.º 45 AO PROJETO DE LEI ORDINÁRIA Nº 208/2023,Emenda ao Projeto de Lei Ordinária nº 208/2023 - Prefeito Municipal - Estima a receita e fixa a despesa do Município para o exercício de 2024.,José Carlos Gomes – Cal,https://www.pindamonhangaba.sp.leg.br/proposicoes/0/0/0/0/766#pesquisa
2023-11-15 00:00:00,EMENDA IMPOSITIVA INDIVIDUAL N.º 46 AO PROJETO DE LEI ORDINÁRIA Nº 208/2023,Emenda ao Projeto de Lei Ordinária nº 208/2023 - Prefeito Municipal - Estima a receita e fixa a despesa do Município para o exercício de 2024.,José Carlos Gomes – Cal,https://www.pindamonhangaba.sp.leg.br/proposicoes/0/0/0/0/767#pesquisa
2023-11-14 00:00:00,EMENDA IMPOSITIVA COLETIVA N.º 9 AO PROJETO DE LEI ORDINÁRIA Nº 208/2023,Emenda ao Projeto de Lei Ordinária nº 208/2023 - Prefeito Municipal - Estima a receita e fixa a despesa do Município para o exercício de 2024.,Marco Mayor,https://www.pindamonhangaba.sp.leg.br/proposicoes/0/0/0/0/731#pesquisa
2023-11-14 00:00:00,EMENDA IMPOSITIVA COLETIVA N.º 10 AO PROJETO DE LEI ORDINÁRIA Nº 208/2023,Emenda ao Projeto de Lei Ordinária nº 208/2023 - Prefeito Municipal - Estima a receita e fixa a despesa do Município para o exercício de 2024.,Marco Mayor,https://www.pindamonhangaba.sp.leg.br/proposicoes/0/0/0/0/732#pesquisa
2023-11-14 00:00:00,EMENDA IMPOSITIVA COLETIVA N.º 11 AO PROJETO DE LEI ORDINÁRIA Nº 208/2023,Emenda ao Projeto de Lei Ordinária nº 208/2023 - Prefeito Municipal - Estima a receita e fixa a despesa do Município para o exercício de 2024.,Marco Mayor,https://www.pindamonhangaba.sp.leg.br/proposicoes/0/0/0/0/733#pesquisa
2023-11-14 00:00:00,EMENDA IMPOSITIVA COLETIVA N.º 12 AO PROJETO DE LEI ORDINÁRIA Nº 208/2023,Emenda ao Projeto de Lei Ordinária nº 208/2023 - Prefeito Municipal - Estima a receita e fixa a despesa do Município para o exercício de 2024.,Marco Mayor,https://www.pindamonhangaba.sp.leg.br/proposicoes/0/0/0/0/734#pesquisa
2023-11-13 00:00:00,EMENDA IMPOSITIVA INDIVIDUAL N.º 1 AO PROJETO DE LEI ORDINÁRIA Nº 208/2023,Emenda ao Projeto de Lei Ordinária nº 208/2023 - Prefeito Municipal - Estima a receita e fixa a despesa do Município para o exercício de 2024.,Professor Felipe Guimarães,https://www.pindamonhangaba.sp.leg.br/proposicoes/0/0/0/0/723#pesquisa
2023-11-13 00:00:00,EMENDA IMPOSITIVA INDIVIDUAL N.º 2 AO PROJETO DE LEI ORDINÁRIA Nº 208/2023,Emenda ao Projeto de Lei Ordinária nº 208/2023 - Prefeito Municipal - Estima a receita e fixa a despesa do Município para o exercício de 2024.,Professor Felipe Guimarães,https://www.pindamonhangaba.sp.leg.br/proposicoes/0/0/0/0/724#pesquisa
2023-11-13 00:00:00,EMENDA IMPOSITIVA INDIVIDUAL N.º 3 AO PROJETO DE LEI ORDINÁRIA Nº 208/2023,Emenda ao Projeto de Lei Ordinária nº 208/2023 - Prefeito Municipal - Estima a receita e fixa a despesa do Município para o exercício de 2024.,Professor Felipe Guimarães,https://www.pindamonhangaba.sp.leg.br/proposicoes/0/0/0/0/725#pesquisa
2023-11-13 00:00:00,EMENDA IMPOSITIVA INDIVIDUAL N.º 4 AO PROJETO DE LEI ORDINÁRIA Nº 208/2023,Emenda ao Projeto de Lei Ordinária nº 208/2023 - Prefeito Municipal - Estima a receita e fixa a despesa do Município para o exercício de 2024.,Professor Felipe Guimarães,https://www.pindamonhangaba.sp.leg.br/proposicoes/0/0/0/0/726#pesquisa
2023-11-13 00:00:00,EMENDA IMPOSITIVA INDIVIDUAL N.º 5 AO PROJETO DE LEI ORDINÁRIA Nº 208/2023,Emenda ao Projeto de Lei Ordinária nº 208/2023 - Prefeito Municipal - Estima a receita e fixa a despesa do Município para o exercício de 2024.,Professor Felipe Guimarães,https://www.pindamonhangaba.sp.leg.br/proposicoes/0/0/0/0/727#pesquisa
2023-11-13 00:00:00,EMENDA IMPOSITIVA INDIVIDUAL N.º 6 AO PROJETO DE LEI ORDINÁRIA Nº 208/2023,Emenda ao Projeto de Lei Ordinária nº 208/2023 - Prefeito Municipal - Estima a receita e fixa a despesa do Município para o exercício de 2024.,Professor Felipe Guimarães,https://www.pindamonhangaba.sp.leg.br/proposicoes/0/0/0/0/728#pesquisa
2023-11-13 00:00:00,EMENDA IMPOSITIVA INDIVIDUAL N.º 7 AO PROJETO DE LEI ORDINÁRIA Nº 208/2023,Emenda ao Projeto de Lei Ordinária nº 208/2023 - Prefeito Municipal - Estima a receita e fixa a despesa do Município para o exercício de 2024.,Professor Felipe Guimarães,https://www.pindamonhangaba.sp.leg.br/proposicoes/0/0/0/0/729#pesquisa
2023-11-13 00:00:00,EMENDA IMPOSITIVA INDIVIDUAL N.º 8 AO PROJETO DE LEI ORDINÁRIA Nº 208/2023,Emenda ao Projeto de Lei Ordinária nº 208/2023 - Prefeito Municipal - Estima a receita e fixa a despesa do Município para o exercício de 2024.,Professor Felipe Guimarães,https://www.pindamonhangaba.sp.leg.br/proposicoes/0/0/0/0/730#pesquisa
2023-09-21 00:00:00,SUBSTITUTIVO Nº 1 AO PROJETO DE LEI N.º 189/2023,Institui o Combate e Enfrentamento ao Assédio e à Violência Política contra a Mulher.,Regininha,https://www.pindamonhangaba.sp.leg.br/proposicoes/0/0/0/0/118416#pesquisa
2023-09-19 00:00:00,EMENDA ADITIVA N.º 1 AO PROJETO DE LEI Nº 174/2023,"Acrescenta-se o Páragrafo Único , ao artigo 10º , do Projeto de Lei nº 174/2023, que institui o Programa Jovem Aprendiz junto ao Poder Executivo Municipal e dá outras providências.",Carlos Moura - Magrão,https://www.pindamonhangaba.sp.leg.br/proposicoes/0/0/0/0/722#pesquisa
2023-09-04 00:00:00,EMENDA ADITIVA N.º 1 AO PROJETO DE LEI ORDINÁRIA Nº 171/2023,"Emenda ao Projeto de Lei Ordinária nº 171/2023 - NORBERTO MORAES - Altera a Lei n° 6.382, de 12 de novembro de 2020, que “Dispõe sobre a vedação de homenagens a pessoas que tenham sido condenadas por atos de violência contra a mulher, maus tratos aos animais, corrupção, improbidade, crimes contra a pessoa e dá outras providências”.",Carlos Moura - Magrão,https://www.pindamonhangaba.sp.leg.br/proposicoes/0/0/0/0/720#pesquisa
2023-09-04 00:00:00,EMENDA ADITIVA N.º 2 AO PROJETO DE LEI ORDINÁRIA Nº 151/2023,"Emenda ao Projeto de Lei Ordinária nº 151/2023 - Prefeito Municipal - Dispõe sobre a comercialização, comprovação da origem e cadastro dos fornecedores de ferros-velhos, sucatas e materiais recicláveis, e dá outras providências.",Carlos Moura - Magrão,https://www.pindamonhangaba.sp.leg.br/proposicoes/0/0/0/0/721#pesquisa
2023-08-21 00:00:00,EMENDA MODIFICATIVA N.º 1 AO PROJETO DE LEI ORDINÁRIA Nº 151/2023,"Emenda ao Projeto de Lei Ordinária nº 151/2023 - Prefeito Municipal - Dispõe sobre a comercialização, comprovação da origem e cadastro dos fornecedores de ferros-velhos, sucatas e materiais recicláveis, e dá outras providências.",Norberto Moraes,https://www.pindamonhangaba.sp.leg.br/proposicoes/0/0/0/0/719#pesquisa
2023-07-11 00:00:00,SUBSTITUTIVO Nº 2 AO PROJETO DE LEI N.º 115/2023,"Substitutivo ao Projeto de Lei Ordinária nº 115/2023 - JULINHO CAR - Estabelece que bares, restaurantes, casas noturnas, e de eventos, comércio em geral, estádios, campos de futebol, adotem medidas para auxiliar pessoa que se sintam em situação de preconceito ou discriminação, seja de origem, raça, sexo, cor, idade, nas dependências desses estabelecimentos e locais, no âmbito de Pindamonhangaba.",Julinho Car,https://www.pindamonhangaba.sp.leg.br/proposicoes/0/0/0/0/118414#pesquisa
2023-07-03 00:00:00,SUBSTITUTIVO Nº 1 AO PROJETO DE LEI N.º 130/2023,institui o programa “BOMBEIRO NAS ESCOLAS” como carga complementar no curriculum escolar dos alunos da rede municipal de ensino e dá outras providências.,Regininha,https://www.pindamonhangaba.sp.leg.br/proposicoes/0/0/0/0/118415#pesquisa
2023-06-28 00:00:00,SUBSTITUTIVO Nº 1 AO PROJETO DE LEI N.º 115/2023,"Substitutivo ao Projeto de Lei Ordinária nº 115/2023 - JULINHO CAR - Estabelece que bares, restaurantes, casas noturnas, e de eventos, comércio em geral, estádios, campos de futebol, adotem medidas para auxiliar pessoa que se sintam em situação de preconceito ou discriminação, seja de origem, raça, sexo, cor, idade, nas dependências desses estabelecimentos e locais, no âmbito de Pindamonhangaba.",Julinho Car,https://www.pindamonhangaba.sp.leg.br/proposicoes/0/0/0/0/118413#pesquisa
2023-06-22 00:00:00,SUBSTITUTIVO Nº 1 AO PROJETO DE LEI N.º 101/2023,Substitutivo ao Projeto de Lei Ordinária nº 101/2023 - MARCO MAYOR - Fica instituído o dia Municipal da Marcha para Jesus a ser comemorado no 1º sábado do mês de novembro na Cidade de Pindamonhangaba.,Marco Mayor,https://www.pindamonhangaba.sp.leg.br/proposicoes/0/0/0/0/118410#pesquisa
2023-05-29 00:00:00,SUBSTITUTIVO Nº 1 AO PROJETO DE LEI N.º 106/2023,Substitutivo ao Projeto de Lei Ordinária nº 106/2023 - CARLOS MOURA - MAGRÃO - INSTITUI NO CALENDÁRIO OFICIAL DE EVENTOS DO MUNICÍPIO DE PINDAMONHANGABA A “SEMANA MUNICIPAL DE ATENÇÃO AO IDOSO,Carlos Moura - Magrão,https://www.pindamonhangaba.sp.leg.br/proposicoes/0/0/0/0/118412#pesquisa
2023-05-26 00:00:00,EMENDA MODIFICATIVA N.º 1/2023,"Emenda ao Projeto de Lei Complementar nº 2/2023 - Prefeito Municipal - Dispõe sobre a regularização das edificações no Município de Pindamonhangaba, e dá outras providências.",Carlos Moura - Magrão,https://www.pindamonhangaba.sp.leg.br/proposicoes/0/0/0/0/717#pesquisa
2023-05-26 00:00:00,EMENDA MODIFICATIVA N.º 1 AO PROJETO DE LEI ORDINÁRIA Nº 79/2023,emenda ao Projeto de Lei Ordinária nº 79/2023 que Dispõe sobre as Diretrizes Orçamentárias para o exercício de 2024 e dá outras providências.,Rogério Ramos,https://www.pindamonhangaba.sp.leg.br/proposicoes/0/0/0/0/718#pesquisa
2023-05-09 00:00:00,SUBSTITUTIVO Nº 1 AO PROJETO DE LEI N.º 075/2023,Substitutivo ao Projeto de Lei Ordinária nº 75/2023 - CARLOS MOURA - MAGRÃO - Cria o DISK DENUNCIA ESCOLAR para recebimento de informações de ameaças e ataques contra as escolas no município de Pindamonhangaba.,Carlos Moura - Magrão,https://www.pindamonhangaba.sp.leg.br/proposicoes/0/0/0/0/118409#pesquisa
2023-04-18 00:00:00,SUBSTITUTIVO Nº 3 AO PROJETO DE LEI N.º 170/2022,"Proíbe as escolas públicas e privadas, no município de Pindamonhangaba, de disponibilizar banheiro(s) unissex; e obriga os demais espaços coletivos, públicos e privados, a deixar disponível banheiros masculino e feminino quando optarem por disponibilizar banheiro(s) unissex.",Gilson Nagrin,https://www.pindamonhangaba.sp.leg.br/proposicoes/0/0/0/0/118403#pesquisa
2023-04-18 00:00:00,SUBSTITUTIVO Nº 2 AO PROJETO DE LEI N.º 056/2023,Dispõe sobre a obrigatoriedade de instalação e manutenção de paredes de vidro com porta giratória e detector de metais nos acessos aos prédios públicos das escolas e creches municipais no âmbito de Pindamonhangaba.,Gilson Nagrin,https://www.pindamonhangaba.sp.leg.br/proposicoes/0/0/0/0/118407#pesquisa
2023-04-14 00:00:00,SUBSTITUTIVO Nº 1 AO PROJETO DE LEI N.º 065/2023,"Dispõe sobre a divulgação mensal nas redes sociais e site da Prefeitura Municipal de Pindamonhangaba de uma lista detalhada de exames laboratoriais e de imagem, consulta de especialidades médicas e cirurgias a serem realizadas no município que estão disponíveis pelo Sistema Único de Saúde – SUS, e dá outras providências.",Julinho Car,https://www.pindamonhangaba.sp.leg.br/proposicoes/0/0/0/0/118408#pesquisa
2023-04-13 00:00:00,SUBSTITUTIVO Nº 1 AO PROJETO DE LEI N.º 056/2023,"Dispõe sobre a obrigatoriedade de instalação e manutenção de paredes de vidro com porta giratória, detector de metal e vigia fardado nos acessos aos prédios públicos das escolas e creches municipais no âmbito de Pindamonhangaba.",Gilson Nagrin,https://www.pindamonhangaba.sp.leg.br/proposicoes/0/0/0/0/118406#pesquisa
2023-04-04 00:00:00,SUBSTITUTIVO Nº 1 AO PROJETO DE LEI N.º 043/2023,Cria o Selo Lilás de Reconhecimento às Empresas atuantes no combate a violência contra a mulher.,Regininha,https://www.pindamonhangaba.sp.leg.br/proposicoes/0/0/0/0/118405#pesquisa
2023-02-23 00:00:00,SUBSTITUTIVO Nº 1 AO PROJETO DE LEI N.º 230/2022,"Prolonga a denominação da Rua Capitão Alfredo de Paulo Salgado localizada no Bairro Alto do Cardoso, até o cruzamento da Avenida Nossa Senhora do  Bom Sucesso.",Renato Cebola,https://www.pindamonhangaba.sp.leg.br/proposicoes/0/0/0/0/118404#pesquisa
2023-01-31 00:00:00,SUBSTITUTIVO Nº 1 AO PROJETO DE LEI N.º 093/2022,Denomina de ENGRACINDA FRUTUOSO BRANDÃO - ZIZA BRANDÃO o Albergue Municipal.,Carlos Moura - Magrão,https://www.pindamonhangaba.sp.leg.br/proposicoes/0/0/0/0/118398#pesquisa
2023-01-30 00:00:00,SUBSTITUTIVO Nº 1 AO PROJETO DE LEI N.º 108/2022,"Denomina de Juliana Fernandes Cândido, o prédio das instalações do CRAVI - Centro de Referência de Apoio à Vítima, no Município de Pindamonhangaba.",Marco Mayor; Regininha,https://www.pindamonhangaba.sp.leg.br/proposicoes/0/0/0/0/118399#pesquisa
2022-11-30 00:00:00,EMENDA MODIFICATIVA N.º 1 AO PROJETO DE LEI N° 182/2022,"EMENDA AO PROJETO DE LEI N° 182/2022, QUE ESTIMA A RECEITA E FIXA A DESPESA DO MUNICÍPIO PARA O EXERCÍCIO DE 2023.",Professor Felipe Guimarães,https://www.pindamonhangaba.sp.leg.br/proposicoes/0/0/0/0/716#pesquisa
2022-11-22 00:00:00,SUBSTITUTIVO Nº 2 AO PROJETO DE LEI N.º 142/2022,"SUBSTITUTIVO AO PROJETO DE LEI N° 142/2022, QUE DENOMINA DE ESTRADA MUNICIPAL JOSÉ PAULO DO LIVRAMENTO, A ESTRADA CONHECIDA COMO ESTRADA PARTICULAR PAULO LIVRAMENTO, NO BAIRRO MANDÚ.",José Carlos Gomes – Cal,https://www.pindamonhangaba.sp.leg.br/proposicoes/0/0/0/0/118402#pesquisa
2022-11-17 00:00:00,EMENDA IMPOSITIVA INDIVIDUAL N.º 055/2022,"EMENDA IMPOSITIVA AO PROJETO DE LEI N° 182/2022, QUE ESTIMA A RECEITA E FIXA A DESPESA DO MUNICÍPIO PARA O EXERCÍCIO DE 2023.",Gilson Nagrin,https://www.pindamonhangaba.sp.leg.br/proposicoes/0/0/0/0/118016#pesquisa
2022-11-17 00:00:00,EMENDA IMPOSITIVA INDIVIDUAL N.º 056/2022,"EMENDA IMPOSITIVA AO PROJETO DE LEI N° 182/2022, QUE ESTIMA A RECEITA E FIXA A DESPESA DO MUNICÍPIO PARA O EXERCÍCIO DE 2023.",Gilson Nagrin,https://www.pindamonhangaba.sp.leg.br/proposicoes/0/0/0/0/118017#pesquisa
2022-11-17 00:00:00,EMENDA IMPOSITIVA INDIVIDUAL N.º 057/2022,"EMENDA IMPOSITIVA AO PROJETO DE LEI N° 182/2022, QUE ESTIMA A RECEITA E FIXA A DESPESA DO MUNICÍPIO PARA O EXERCÍCIO DE 2023.",Gilson Nagrin,https://www.pindamonhangaba.sp.leg.br/proposicoes/0/0/0/0/118018#pesquisa
2022-11-17 00:00:00,EMENDA IMPOSITIVA INDIVIDUAL N.º 058/2022,"EMENDA IMPOSITIVA AO PROJETO DE LEI N° 182/2022, QUE ESTIMA A RECEITA E FIXA A DESPESA DO MUNICÍPIO PARA O EXERCÍCIO DE 2023.",Gilson Nagrin,https://www.pindamonhangaba.sp.leg.br/proposicoes/0/0/0/0/118019#pesquisa
2022-11-17 00:00:00,EMENDA IMPOSITIVA INDIVIDUAL N.º 059/2022,"EMENDA IMPOSITIVA AO PROJETO DE LEI N° 182/2022, QUE ESTIMA A RECEITA E FIXA A DESPESA DO MUNICÍPIO PARA O EXERCÍCIO DE 2023.",Gilson Nagrin,https://www.pindamonhangaba.sp.leg.br/proposicoes/0/0/0/0/118020#pesquisa
2022-11-17 00:00:00,EMENDA IMPOSITIVA INDIVIDUAL N.º 060/2022,"EMENDA IMPOSITIVA AO PROJETO DE LEI N° 182/2022, QUE ESTIMA A RECEITA E FIXA A DESPESA DO MUNICÍPIO PARA O EXERCÍCIO DE 2023.",Gilson Nagrin,https://www.pindamonhangaba.sp.leg.br/proposicoes/0/0/0/0/118021#pesquisa
2022-11-17 00:00:00,EMENDA IMPOSITIVA INDIVIDUAL N.º 061/2022,"EMENDA IMPOSITIVA AO PROJETO DE LEI N° 182/2022, QUE ESTIMA A RECEITA E FIXA A DESPESA DO MUNICÍPIO PARA O EXERCÍCIO DE 2023.",Gilson Nagrin,https://www.pindamonhangaba.sp.leg.br/proposicoes/0/0/0/0/118022#pesquisa
2022-11-17 00:00:00,EMENDA IMPOSITIVA INDIVIDUAL N.º 062/2022,"EMENDA IMPOSITIVA AO PROJETO DE LEI N° 182/2022, QUE ESTIMA A RECEITA E FIXA A DESPESA DO MUNICÍPIO PARA O EXERCÍCIO DE 2023.",Gilson Nagrin,https://www.pindamonhangaba.sp.leg.br/proposicoes/0/0/0/0/118023#pesquisa
2022-11-17 00:00:00,EMENDA IMPOSITIVA INDIVIDUAL N.º 063/2022,"EMENDA IMPOSITIVA AO PROJETO DE LEI N° 182/2022, QUE ESTIMA A RECEITA E FIXA A DESPESA DO MUNICÍPIO PARA O EXERCÍCIO DE 2023.",Gilson Nagrin,https://www.pindamonhangaba.sp.leg.br/proposicoes/0/0/0/0/118024#pesquisa
2022-11-17 00:00:00,EMENDA IMPOSITIVA INDIVIDUAL N.º 064/2022,"EMENDA IMPOSITIVA AO PROJETO DE LEI N° 182/2022, QUE ESTIMA A RECEITA E FIXA A DESPESA DO MUNICÍPIO PARA O EXERCÍCIO DE 2023.",Gilson Nagrin,https://www.pindamonhangaba.sp.leg.br/proposicoes/0/0/0/0/118025#pesquisa
2022-11-17 00:00:00,EMENDA IMPOSITIVA INDIVIDUAL N.º 065/2022,"EMENDA IMPOSITIVA AO PROJETO DE LEI N° 182/2022, QUE ESTIMA A RECEITA E FIXA A DESPESA DO MUNICÍPIO PARA O EXERCÍCIO DE 2023.",Gilson Nagrin,https://www.pindamonhangaba.sp.leg.br/proposicoes/0/0/0/0/118026#pesquisa
2022-11-17 00:00:00,EMENDA IMPOSITIVA INDIVIDUAL N.º 066/2022,"EMENDA IMPOSITIVA AO PROJETO DE LEI N° 182/2022, QUE ESTIMA A RECEITA E FIXA A DESPESA DO MUNICÍPIO PARA O EXERCÍCIO DE 2023.",Gilson Nagrin,https://www.pindamonhangaba.sp.leg.br/proposicoes/0/0/0/0/118027#pesquisa
2022-11-17 00:00:00,EMENDA IMPOSITIVA INDIVIDUAL N.º 067/2022,"EMENDA IMPOSITIVA AO PROJETO DE LEI N° 182/2022, QUE ESTIMA A RECEITA E FIXA A DESPESA DO MUNICÍPIO PARA O EXERCÍCIO DE 2023.",Gilson Nagrin,https://www.pindamonhangaba.sp.leg.br/proposicoes/0/0/0/0/118028#pesquisa
2022-11-17 00:00:00,EMENDA IMPOSITIVA INDIVIDUAL N.º 068/2022,"EMENDA IMPOSITIVA AO PROJETO DE LEI N° 182/2022, QUE ESTIMA A RECEITA E FIXA A DESPESA DO MUNICÍPIO PARA O EXERCÍCIO DE 2023.",Gilson Nagrin,https://www.pindamonhangaba.sp.leg.br/proposicoes/0/0/0/0/118029#pesquisa
2022-11-17 00:00:00,EMENDA IMPOSITIVA INDIVIDUAL N.º 069/2022,"EMENDA IMPOSITIVA AO PROJETO DE LEI N° 182/2022, QUE ESTIMA A RECEITA E FIXA A DESPESA DO MUNICÍPIO PARA O EXERCÍCIO DE 2023.",Carlos Moura - Magrão,https://www.pindamonhangaba.sp.leg.br/proposicoes/0/0/0/0/118030#pesquisa
2022-11-17 00:00:00,EMENDA IMPOSITIVA INDIVIDUAL N.º 070/2022,"EMENDA IMPOSITIVA AO PROJETO DE LEI N° 182/2022, QUE ESTIMA A RECEITA E FIXA A DESPESA DO MUNICÍPIO PARA O EXERCÍCIO DE 2023.",Carlos Moura - Magrão,https://www.pindamonhangaba.sp.leg.br/proposicoes/0/0/0/0/118031#pesquisa
2022-11-17 00:00:00,EMENDA IMPOSITIVA INDIVIDUAL N.º 071/2022,"EMENDA IMPOSITIVA AO PROJETO DE LEI N° 182/2022, QUE ESTIMA A RECEITA E FIXA A DESPESA DO MUNICÍPIO PARA O EXERCÍCIO DE 2023.",Carlos Moura - Magrão,https://www.pindamonhangaba.sp.leg.br/proposicoes/0/0/0/0/118032#pesquisa
2022-11-17 00:00:00,EMENDA IMPOSITIVA INDIVIDUAL N.º 072/2022,"EMENDA IMPOSITIVA AO PROJETO DE LEI N° 182/2022, QUE ESTIMA A RECEITA E FIXA A DESPESA DO MUNICÍPIO PARA O EXERCÍCIO DE 2023.",Carlos Moura - Magrão,https://www.pindamonhangaba.sp.leg.br/proposicoes/0/0/0/0/118033#pesquisa
2022-11-17 00:00:00,EMENDA IMPOSITIVA INDIVIDUAL N.º 073/2022,"EMENDA IMPOSITIVA AO PROJETO DE LEI N° 182/2022, QUE ESTIMA A RECEITA E FIXA A DESPESA DO MUNICÍPIO PARA O EXERCÍCIO DE 2023.",Carlos Moura - Magrão,https://www.pindamonhangaba.sp.leg.br/proposicoes/0/0/0/0/118034#pesquisa
2022-11-17 00:00:00,EMENDA IMPOSITIVA INDIVIDUAL N.º 074/2022,"EMENDA IMPOSITIVA AO PROJETO DE LEI N° 182/2022, QUE ESTIMA A RECEITA E FIXA A DESPESA DO MUNICÍPIO PARA O EXERCÍCIO DE 2023.",Carlos Moura - Magrão,https://www.pindamonhangaba.sp.leg.br/proposicoes/0/0/0/0/118035#pesquisa
2022-11-17 00:00:00,EMENDA IMPOSITIVA INDIVIDUAL N.º 075/2022,"EMENDA IMPOSITIVA AO PROJETO DE LEI N° 182/2022, QUE ESTIMA A RECEITA E FIXA A DESPESA DO MUNICÍPIO PARA O EXERCÍCIO DE 2023.",Carlos Moura - Magrão,https://www.pindamonhangaba.sp.leg.br/proposicoes/0/0/0/0/118036#pesquisa
2022-11-17 00:00:00,EMENDA IMPOSITIVA INDIVIDUAL N.º 076/2022,"EMENDA IMPOSITIVA AO PROJETO DE LEI N° 182/2022, QUE ESTIMA A RECEITA E FIXA A DESPESA DO MUNICÍPIO PARA O EXERCÍCIO DE 2023.",Carlos Moura - Magrão,https://www.pindamonhangaba.sp.leg.br/proposicoes/0/0/0/0/118037#pesquisa
2022-11-17 00:00:00,EMENDA IMPOSITIVA INDIVIDUAL N.º 077/2022,"EMENDA IMPOSITIVA AO PROJETO DE LEI N° 182/2022, QUE ESTIMA A RECEITA E FIXA A DESPESA DO MUNICÍPIO PARA O EXERCÍCIO DE 2023.",Carlos Moura - Magrão,https://www.pindamonhangaba.sp.leg.br/proposicoes/0/0/0/0/118038#pesquisa
2022-11-17 00:00:00,EMENDA IMPOSITIVA INDIVIDUAL N.º 078/2022,"EMENDA IMPOSITIVA AO PROJETO DE LEI N° 182/2022, QUE ESTIMA A RECEITA E FIXA A DESPESA DO MUNICÍPIO PARA O EXERCÍCIO DE 2023.",Carlos Moura - Magrão,https://www.pindamonhangaba.sp.leg.br/proposicoes/0/0/0/0/118039#pesquisa
2022-11-17 00:00:00,EMENDA IMPOSITIVA INDIVIDUAL N.º 079/2022,"EMENDA IMPOSITIVA AO PROJETO DE LEI N° 182/2022, QUE ESTIMA A RECEITA E FIXA A DESPESA DO MUNICÍPIO PARA O EXERCÍCIO DE 2023.",Carlos Moura - Magrão,https://www.pindamonhangaba.sp.leg.br/proposicoes/0/0/0/0/118040#pesquisa
2022-11-17 00:00:00,EMENDA IMPOSITIVA INDIVIDUAL N.º 080/2022,"EMENDA IMPOSITIVA AO PROJETO DE LEI N° 182/2022, QUE ESTIMA A RECEITA E FIXA A DESPESA DO MUNICÍPIO PARA O EXERCÍCIO DE 2023.",Carlos Moura - Magrão,https://www.pindamonhangaba.sp.leg.br/proposicoes/0/0/0/0/118041#pesquisa
2022-11-17 00:00:00,EMENDA IMPOSITIVA INDIVIDUAL N.º 081/2022,"EMENDA IMPOSITIVA AO PROJETO DE LEI N° 182/2022, QUE ESTIMA A RECEITA E FIXA A DESPESA DO MUNICÍPIO PARA O EXERCÍCIO DE 2023.",Carlos Moura - Magrão,https://www.pindamonhangaba.sp.leg.br/proposicoes/0/0/0/0/118042#pesquisa
2022-11-17 00:00:00,EMENDA IMPOSITIVA INDIVIDUAL N.º 082/2022,"EMENDA IMPOSITIVA AO PROJETO DE LEI N° 182/2022, QUE ESTIMA A RECEITA E FIXA A DESPESA DO MUNICÍPIO PARA O EXERCÍCIO DE 2023.",Carlos Moura - Magrão,https://www.pindamonhangaba.sp.leg.br/proposicoes/0/0/0/0/118043#pesquisa
2022-11-17 00:00:00,EMENDA IMPOSITIVA INDIVIDUAL N.º 083/2022,"EMENDA IMPOSITIVA AO PROJETO DE LEI N° 182/2022, QUE ESTIMA A RECEITA E FIXA A DESPESA DO MUNICÍPIO PARA O EXERCÍCIO DE 2023.",Carlos Moura - Magrão,https://www.pindamonhangaba.sp.leg.br/proposicoes/0/0/0/0/118044#pesquisa
2022-11-17 00:00:00,EMENDA IMPOSITIVA INDIVIDUAL N.º 084/2022,"EMENDA IMPOSITIVA AO PROJETO DE LEI N° 182/2022, QUE ESTIMA A RECEITA E FIXA A DESPESA DO MUNICÍPIO PARA O EXERCÍCIO DE 2023.",Carlos Moura - Magrão,https://www.pindamonhangaba.sp.leg.br/proposicoes/0/0/0/0/118045#pesquisa
2022-11-17 00:00:00,EMENDA IMPOSITIVA INDIVIDUAL N.º 085/2022,"EMENDA IMPOSITIVA AO PROJETO DE LEI N° 182/2022, QUE ESTIMA A RECEITA E FIXA A DESPESA DO MUNICÍPIO PARA O EXERCÍCIO DE 2023.",Carlos Moura - Magrão,https://www.pindamonhangaba.sp.leg.br/proposicoes/0/0/0/0/118046#pesquisa
2022-11-17 00:00:00,EMENDA IMPOSITIVA INDIVIDUAL N.º 086/2022,"EMENDA IMPOSITIVA AO PROJETO DE LEI N° 182/2022, QUE ESTIMA A RECEITA E FIXA A DESPESA DO MUNICÍPIO PARA O EXERCÍCIO DE 2023.",Carlos Moura - Magrão,https://www.pindamonhangaba.sp.leg.br/proposicoes/0/0/0/0/118047#pesquisa
2022-11-17 00:00:00,EMENDA IMPOSITIVA INDIVIDUAL N.º 087/2022,"EMENDA IMPOSITIVA AO PROJETO DE LEI N° 182/2022, QUE ESTIMA A RECEITA E FIXA A DESPESA DO MUNICÍPIO PARA O EXERCÍCIO DE 2023.",Carlos Moura - Magrão,https://www.pindamonhangaba.sp.leg.br/proposicoes/0/0/0/0/118048#pesquisa
2022-11-17 00:00:00,EMENDA IMPOSITIVA INDIVIDUAL N.º 088/2022,"EMENDA IMPOSITIVA AO PROJETO DE LEI N° 182/2022, QUE ESTIMA A RECEITA E FIXA A DESPESA DO MUNICÍPIO PARA O EXERCÍCIO DE 2023.",Carlos Moura - Magrão,https://www.pindamonhangaba.sp.leg.br/proposicoes/0/0/0/0/118049#pesquisa
2022-11-17 00:00:00,EMENDA IMPOSITIVA INDIVIDUAL N.º 089/2022,"EMENDA IMPOSITIVA AO PROJETO DE LEI N° 182/2022, QUE ESTIMA A RECEITA E FIXA A DESPESA DO MUNICÍPIO PARA O EXERCÍCIO DE 2023.",Carlos Moura - Magrão,https://www.pindamonhangaba.sp.leg.br/proposicoes/0/0/0/0/118050#pesquisa
2022-11-17 00:00:00,EMENDA IMPOSITIVA INDIVIDUAL N.º 090/2022,"EMENDA IMPOSITIVA AO PROJETO DE LEI N° 182/2022, QUE ESTIMA A RECEITA E FIXA A DESPESA DO MUNICÍPIO PARA O EXERCÍCIO DE 2023.",Carlos Moura - Magrão,https://www.pindamonhangaba.sp.leg.br/proposicoes/0/0/0/0/118051#pesquisa
2022-11-17 00:00:00,EMENDA IMPOSITIVA INDIVIDUAL N.º 091/2022,"EMENDA IMPOSITIVA AO PROJETO DE LEI N° 182/2022, QUE ESTIMA A RECEITA E FIXA A DESPESA DO MUNICÍPIO PARA O EXERCÍCIO DE 2023.",Carlos Moura - Magrão,https://www.pindamonhangaba.sp.leg.br/proposicoes/0/0/0/0/118052#pesquisa
2022-11-17 00:00:00,EMENDA IMPOSITIVA INDIVIDUAL N.º 092/2022,"EMENDA IMPOSITIVA AO PROJETO DE LEI N° 182/2022, QUE ESTIMA A RECEITA E FIXA A DESPESA DO MUNICÍPIO PARA O EXERCÍCIO DE 2023.",Carlos Moura - Magrão,https://www.pindamonhangaba.sp.leg.br/proposicoes/0/0/0/0/118053#pesquisa
2022-11-17 00:00:00,EMENDA IMPOSITIVA INDIVIDUAL N.º 093/2022,"EMENDA IMPOSITIVA AO PROJETO DE LEI N° 182/2022, QUE ESTIMA A RECEITA E FIXA A DESPESA DO MUNICÍPIO PARA O EXERCÍCIO DE 2023.",Carlos Moura - Magrão,https://www.pindamonhangaba.sp.leg.br/proposicoes/0/0/0/0/118054#pesquisa
2022-11-17 00:00:00,EMENDA IMPOSITIVA INDIVIDUAL N.º 094/2022,"EMENDA IMPOSITIVA AO PROJETO DE LEI N° 182/2022, QUE ESTIMA A RECEITA E FIXA A DESPESA DO MUNICÍPIO PARA O EXERCÍCIO DE 2023.",Carlos Moura - Magrão,https://www.pindamonhangaba.sp.leg.br/proposicoes/0/0/0/0/118055#pesquisa
2022-11-17 00:00:00,EMENDA IMPOSITIVA INDIVIDUAL N.º 095/2022,"EMENDA IMPOSITIVA AO PROJETO DE LEI N° 182/2022, QUE ESTIMA A RECEITA E FIXA A DESPESA DO MUNICÍPIO PARA O EXERCÍCIO DE 2023.",Carlos Moura - Magrão,https://www.pindamonhangaba.sp.leg.br/proposicoes/0/0/0/0/118056#pesquisa
2022-11-17 00:00:00,EMENDA IMPOSITIVA INDIVIDUAL N.º 096/2022,"EMENDA IMPOSITIVA AO PROJETO DE LEI N° 182/2022, QUE ESTIMA A RECEITA E FIXA A DESPESA DO MUNICÍPIO PARA O EXERCÍCIO DE 2023.",Carlos Moura - Magrão,https://www.pindamonhangaba.sp.leg.br/proposicoes/0/0/0/0/118057#pesquisa
2022-11-17 00:00:00,EMENDA IMPOSITIVA INDIVIDUAL N.º 097/2022,"EMENDA IMPOSITIVA AO PROJETO DE LEI N° 182/2022, QUE ESTIMA A RECEITA E FIXA A DESPESA DO MUNICÍPIO PARA O EXERCÍCIO DE 2023.",Carlos Moura - Magrão,https://www.pindamonhangaba.sp.leg.br/proposicoes/0/0/0/0/118058#pesquisa
2022-11-17 00:00:00,EMENDA IMPOSITIVA INDIVIDUAL N.º 098/2022,"EMENDA IMPOSITIVA AO PROJETO DE LEI N° 182/2022, QUE ESTIMA A RECEITA E FIXA A DESPESA DO MUNICÍPIO PARA O EXERCÍCIO DE 2023.",Renato Cebola,https://www.pindamonhangaba.sp.leg.br/proposicoes/0/0/0/0/118059#pesquisa
2022-11-17 00:00:00,EMENDA IMPOSITIVA INDIVIDUAL N.º 099/2022,"EMENDA IMPOSITIVA AO PROJETO DE LEI N° 182/2022, QUE ESTIMA A RECEITA E FIXA A DESPESA DO MUNICÍPIO PARA O EXERCÍCIO DE 2023.",Renato Cebola,https://www.pindamonhangaba.sp.leg.br/proposicoes/0/0/0/0/118060#pesquisa
2022-11-17 00:00:00,EMENDA IMPOSITIVA INDIVIDUAL N.º 100/2022,"EMENDA IMPOSITIVA AO PROJETO DE LEI N° 182/2022, QUE ESTIMA A RECEITA E FIXA A DESPESA DO MUNICÍPIO PARA O EXERCÍCIO DE 2023.",Renato Cebola,https://www.pindamonhangaba.sp.leg.br/proposicoes/0/0/0/0/118061#pesquisa
2022-11-17 00:00:00,EMENDA IMPOSITIVA INDIVIDUAL N.º 101/2022,"EMENDA IMPOSITIVA AO PROJETO DE LEI N° 182/2022, QUE ESTIMA A RECEITA E FIXA A DESPESA DO MUNICÍPIO PARA O EXERCÍCIO DE 2023.",Renato Cebola,https://www.pindamonhangaba.sp.leg.br/proposicoes/0/0/0/0/118062#pesquisa
2022-11-17 00:00:00,EMENDA IMPOSITIVA INDIVIDUAL N.º 102/2022,"EMENDA IMPOSITIVA AO PROJETO DE LEI N° 182/2022, QUE ESTIMA A RECEITA E FIXA A DESPESA DO MUNICÍPIO PARA O EXERCÍCIO DE 2023.",Renato Cebola,https://www.pindamonhangaba.sp.leg.br/proposicoes/0/0/0/0/118063#pesquisa
2022-11-17 00:00:00,EMENDA IMPOSITIVA INDIVIDUAL N.º 103/2022,"EMENDA IMPOSITIVA AO PROJETO DE LEI N° 182/2022, QUE ESTIMA A RECEITA E FIXA A DESPESA DO MUNICÍPIO PARA O EXERCÍCIO DE 2023.",Renato Cebola,https://www.pindamonhangaba.sp.leg.br/proposicoes/0/0/0/0/118064#pesquisa
2022-11-17 00:00:00,EMENDA IMPOSITIVA INDIVIDUAL N.º 104/2022,"EMENDA IMPOSITIVA AO PROJETO DE LEI N° 182/2022, QUE ESTIMA A RECEITA E FIXA A DESPESA DO MUNICÍPIO PARA O EXERCÍCIO DE 2023.",Renato Cebola,https://www.pindamonhangaba.sp.leg.br/proposicoes/0/0/0/0/118065#pesquisa
2022-11-17 00:00:00,EMENDA IMPOSITIVA INDIVIDUAL N.º 105/2022,"EMENDA IMPOSITIVA AO PROJETO DE LEI N° 182/2022, QUE ESTIMA A RECEITA E FIXA A DESPESA DO MUNICÍPIO PARA O EXERCÍCIO DE 2023.",Renato Cebola,https://www.pindamonhangaba.sp.leg.br/proposicoes/0/0/0/0/118066#pesquisa
2022-11-17 00:00:00,EMENDA IMPOSITIVA INDIVIDUAL N.º 106/2022,"EMENDA IMPOSITIVA AO PROJETO DE LEI N° 182/2022, QUE ESTIMA A RECEITA E FIXA A DESPESA DO MUNICÍPIO PARA O EXERCÍCIO DE 2023.",Renato Cebola,https://www.pindamonhangaba.sp.leg.br/proposicoes/0/0/0/0/118067#pesquisa
2022-11-17 00:00:00,EMENDA IMPOSITIVA INDIVIDUAL N.º 107/2022,"EMENDA IMPOSITIVA AO PROJETO DE LEI N° 182/2022, QUE ESTIMA A RECEITA E FIXA A DESPESA DO MUNICÍPIO PARA O EXERCÍCIO DE 2023.",Renato Cebola,https://www.pindamonhangaba.sp.leg.br/proposicoes/0/0/0/0/118068#pesquisa
2022-11-17 00:00:00,EMENDA IMPOSITIVA INDIVIDUAL N.º 108/2022,"EMENDA IMPOSITIVA AO PROJETO DE LEI N° 182/2022, QUE ESTIMA A RECEITA E FIXA A DESPESA DO MUNICÍPIO PARA O EXERCÍCIO DE 2023.",Renato Cebola,https://www.pindamonhangaba.sp.leg.br/proposicoes/0/0/0/0/118069#pesquisa
2022-11-17 00:00:00,EMENDA IMPOSITIVA INDIVIDUAL N.º 109/2022,"EMENDA IMPOSITIVA AO PROJETO DE LEI N° 182/2022, QUE ESTIMA A RECEITA E FIXA A DESPESA DO MUNICÍPIO PARA O EXERCÍCIO DE 2023.",Renato Cebola,https://www.pindamonhangaba.sp.leg.br/proposicoes/0/0/0/0/118070#pesquisa
2022-11-17 00:00:00,EMENDA IMPOSITIVA INDIVIDUAL N.º 110/2022,"EMENDA IMPOSITIVA AO PROJETO DE LEI N° 182/2022, QUE ESTIMA A RECEITA E FIXA A DESPESA DO MUNICÍPIO PARA O EXERCÍCIO DE 2023.",Renato Cebola,https://www.pindamonhangaba.sp.leg.br/proposicoes/0/0/0/0/118071#pesquisa
2022-11-17 00:00:00,EMENDA IMPOSITIVA INDIVIDUAL N.º 111/2022,"EMENDA IMPOSITIVA AO PROJETO DE LEI N° 182/2022, QUE ESTIMA A RECEITA E FIXA A DESPESA DO MUNICÍPIO PARA O EXERCÍCIO DE 2023.",Renato Cebola,https://www.pindamonhangaba.sp.leg.br/proposicoes/0/0/0/0/118072#pesquisa
2022-11-17 00:00:00,EMENDA IMPOSITIVA INDIVIDUAL N.º 112/2022,"EMENDA IMPOSITIVA AO PROJETO DE LEI N° 182/2022, QUE ESTIMA A RECEITA E FIXA A DESPESA DO MUNICÍPIO PARA O EXERCÍCIO DE 2023.",Renato Cebola,https://www.pindamonhangaba.sp.leg.br/proposicoes/0/0/0/0/118073#pesquisa
2022-11-17 00:00:00,EMENDA IMPOSITIVA INDIVIDUAL N.º 113/2022,"EMENDA IMPOSITIVA AO PROJETO DE LEI N° 182/2022, QUE ESTIMA A RECEITA E FIXA A DESPESA DO MUNICÍPIO PARA O EXERCÍCIO DE 2023.",Renato Cebola,https://www.pindamonhangaba.sp.leg.br/proposicoes/0/0/0/0/118074#pesquisa
2022-11-17 00:00:00,EMENDA IMPOSITIVA INDIVIDUAL N.º 114/2022,"EMENDA IMPOSITIVA AO PROJETO DE LEI N° 182/2022, QUE ESTIMA A RECEITA E FIXA A DESPESA DO MUNICÍPIO PARA O EXERCÍCIO DE 2023.",Renato Cebola,https://www.pindamonhangaba.sp.leg.br/proposicoes/0/0/0/0/118075#pesquisa
2022-11-17 00:00:00,EMENDA IMPOSITIVA INDIVIDUAL N.º 115/2022,"EMENDA IMPOSITIVA AO PROJETO DE LEI N° 182/2022, QUE ESTIMA A RECEITA E FIXA A DESPESA DO MUNICÍPIO PARA O EXERCÍCIO DE 2023.",Renato Cebola,https://www.pindamonhangaba.sp.leg.br/proposicoes/0/0/0/0/118076#pesquisa
2022-11-17 00:00:00,EMENDA IMPOSITIVA INDIVIDUAL N.º 116/2022,"EMENDA IMPOSITIVA AO PROJETO DE LEI N° 182/2022, QUE ESTIMA A RECEITA E FIXA A DESPESA DO MUNICÍPIO PARA O EXERCÍCIO DE 2023.",Renato Cebola,https://www.pindamonhangaba.sp.leg.br/proposicoes/0/0/0/0/118077#pesquisa
2022-11-17 00:00:00,EMENDA IMPOSITIVA INDIVIDUAL N.º 117/2022,"EMENDA IMPOSITIVA AO PROJETO DE LEI N° 182/2022, QUE ESTIMA A RECEITA E FIXA A DESPESA DO MUNICÍPIO PARA O EXERCÍCIO DE 2023.",Renato Cebola,https://www.pindamonhangaba.sp.leg.br/proposicoes/0/0/0/0/118078#pesquisa
2022-11-17 00:00:00,EMENDA IMPOSITIVA INDIVIDUAL N.º 118/2022,"EMENDA IMPOSITIVA AO PROJETO DE LEI N° 182/2022, QUE ESTIMA A RECEITA E FIXA A DESPESA DO MUNICÍPIO PARA O EXERCÍCIO DE 2023.",Renato Cebola,https://www.pindamonhangaba.sp.leg.br/proposicoes/0/0/0/0/118079#pesquisa
2022-11-17 00:00:00,EMENDA IMPOSITIVA INDIVIDUAL N.º 119/2022,"EMENDA IMPOSITIVA AO PROJETO DE LEI N° 182/2022, QUE ESTIMA A RECEITA E FIXA A DESPESA DO MUNICÍPIO PARA O EXERCÍCIO DE 2023.",Renato Cebola,https://www.pindamonhangaba.sp.leg.br/proposicoes/0/0/0/0/118080#pesquisa
2022-11-17 00:00:00,EMENDA IMPOSITIVA INDIVIDUAL N.º 120/2022,"EMENDA IMPOSITIVA AO PROJETO DE LEI N° 182/2022, QUE ESTIMA A RECEITA E FIXA A DESPESA DO MUNICÍPIO PARA O EXERCÍCIO DE 2023.",Renato Cebola,https://www.pindamonhangaba.sp.leg.br/proposicoes/0/0/0/0/118081#pesquisa
2022-11-17 00:00:00,EMENDA IMPOSITIVA INDIVIDUAL N.º 121/2022,"EMENDA IMPOSITIVA AO PROJETO DE LEI N° 182/2022, QUE ESTIMA A RECEITA E FIXA A DESPESA DO MUNICÍPIO PARA O EXERCÍCIO DE 2023.",José Carlos Gomes – Cal,https://www.pindamonhangaba.sp.leg.br/proposicoes/0/0/0/0/118082#pesquisa
2022-11-17 00:00:00,EMENDA IMPOSITIVA INDIVIDUAL N.º 122/2022,"EMENDA IMPOSITIVA AO PROJETO DE LEI N° 182/2022, QUE ESTIMA A RECEITA E FIXA A DESPESA DO MUNICÍPIO PARA O EXERCÍCIO DE 2023.",José Carlos Gomes – Cal,https://www.pindamonhangaba.sp.leg.br/proposicoes/0/0/0/0/118083#pesquisa
2022-11-17 00:00:00,EMENDA IMPOSITIVA INDIVIDUAL N.º 123/2022,"EMENDA IMPOSITIVA AO PROJETO DE LEI N° 182/2022, QUE ESTIMA A RECEITA E FIXA A DESPESA DO MUNICÍPIO PARA O EXERCÍCIO DE 2023.",José Carlos Gomes – Cal,https://www.pindamonhangaba.sp.leg.br/proposicoes/0/0/0/0/118084#pesquisa
2022-11-17 00:00:00,EMENDA IMPOSITIVA INDIVIDUAL N.º 124/2022,"EMENDA IMPOSITIVA AO PROJETO DE LEI N° 182/2022, QUE ESTIMA A RECEITA E FIXA A DESPESA DO MUNICÍPIO PARA O EXERCÍCIO DE 2023.",José Carlos Gomes – Cal,https://www.pindamonhangaba.sp.leg.br/proposicoes/0/0/0/0/118085#pesquisa
2022-11-17 00:00:00,EMENDA IMPOSITIVA INDIVIDUAL N.º 125/2022,"EMENDA IMPOSITIVA AO PROJETO DE LEI N° 182/2022, QUE ESTIMA A RECEITA E FIXA A DESPESA DO MUNICÍPIO PARA O EXERCÍCIO DE 2023.",José Carlos Gomes – Cal,https://www.pindamonhangaba.sp.leg.br/proposicoes/0/0/0/0/118086#pesquisa
2022-11-17 00:00:00,EMENDA IMPOSITIVA INDIVIDUAL N.º 126/2022,"EMENDA IMPOSITIVA AO PROJETO DE LEI N° 182/2022, QUE ESTIMA A RECEITA E FIXA A DESPESA DO MUNICÍPIO PARA O EXERCÍCIO DE 2023.",José Carlos Gomes – Cal,https://www.pindamonhangaba.sp.leg.br/proposicoes/0/0/0/0/118087#pesquisa
2022-11-17 00:00:00,EMENDA IMPOSITIVA INDIVIDUAL N.º 127/2022,"EMENDA IMPOSITIVA AO PROJETO DE LEI N° 182/2022, QUE ESTIMA A RECEITA E FIXA A DESPESA DO MUNICÍPIO PARA O EXERCÍCIO DE 2023.",José Carlos Gomes – Cal,https://www.pindamonhangaba.sp.leg.br/proposicoes/0/0/0/0/118088#pesquisa
2022-11-17 00:00:00,EMENDA IMPOSITIVA INDIVIDUAL N.º 128/2022,"EMENDA IMPOSITIVA AO PROJETO DE LEI N° 182/2022, QUE ESTIMA A RECEITA E FIXA A DESPESA DO MUNICÍPIO PARA O EXERCÍCIO DE 2023.",José Carlos Gomes – Cal,https://www.pindamonhangaba.sp.leg.br/proposicoes/0/0/0/0/118089#pesquisa
2022-11-17 00:00:00,EMENDA IMPOSITIVA INDIVIDUAL N.º 129/2022,"EMENDA IMPOSITIVA AO PROJETO DE LEI N° 182/2022, QUE ESTIMA A RECEITA E FIXA A DESPESA DO MUNICÍPIO PARA O EXERCÍCIO DE 2023.",José Carlos Gomes – Cal,https://www.pindamonhangaba.sp.leg.br/proposicoes/0/0/0/0/118090#pesquisa
2022-11-17 00:00:00,EMENDA IMPOSITIVA INDIVIDUAL N.º 130/2022,"EMENDA IMPOSITIVA AO PROJETO DE LEI N° 182/2022, QUE ESTIMA A RECEITA E FIXA A DESPESA DO MUNICÍPIO PARA O EXERCÍCIO DE 2023.",José Carlos Gomes – Cal,https://www.pindamonhangaba.sp.leg.br/proposicoes/0/0/0/0/118091#pesquisa
2022-11-17 00:00:00,EMENDA IMPOSITIVA INDIVIDUAL N.º 131/2022,"EMENDA IMPOSITIVA AO PROJETO DE LEI N° 182/2022, QUE ESTIMA A RECEITA E FIXA A DESPESA DO MUNICÍPIO PARA O EXERCÍCIO DE 2023.",José Carlos Gomes – Cal,https://www.pindamonhangaba.sp.leg.br/proposicoes/0/0/0/0/118092#pesquisa
2022-11-17 00:00:00,EMENDA IMPOSITIVA INDIVIDUAL N.º 132/2022,"EMENDA IMPOSITIVA AO PROJETO DE LEI N° 182/2022, QUE ESTIMA A RECEITA E FIXA A DESPESA DO MUNICÍPIO PARA O EXERCÍCIO DE 2023.",José Carlos Gomes – Cal,https://www.pindamonhangaba.sp.leg.br/proposicoes/0/0/0/0/118093#pesquisa
2022-11-17 00:00:00,EMENDA IMPOSITIVA INDIVIDUAL N.º 133/2022,"EMENDA IMPOSITIVA AO PROJETO DE LEI N° 182/2022, QUE ESTIMA A RECEITA E FIXA A DESPESA DO MUNICÍPIO PARA O EXERCÍCIO DE 2023.",José Carlos Gomes – Cal,https://www.pindamonhangaba.sp.leg.br/proposicoes/0/0/0/0/118094#pesquisa
2022-11-17 00:00:00,EMENDA IMPOSITIVA INDIVIDUAL N.º 134/2022,"EMENDA IMPOSITIVA AO PROJETO DE LEI N° 182/2022, QUE ESTIMA A RECEITA E FIXA A DESPESA DO MUNICÍPIO PARA O EXERCÍCIO DE 2023.",José Carlos Gomes – Cal,https://www.pindamonhangaba.sp.leg.br/proposicoes/0/0/0/0/118095#pesquisa
2022-11-17 00:00:00,EMENDA IMPOSITIVA INDIVIDUAL N.º 135/2022,"EMENDA IMPOSITIVA AO PROJETO DE LEI N° 182/2022, QUE ESTIMA A RECEITA E FIXA A DESPESA DO MUNICÍPIO PARA O EXERCÍCIO DE 2023.",José Carlos Gomes – Cal,https://www.pindamonhangaba.sp.leg.br/proposicoes/0/0/0/0/118096#pesquisa
2022-11-17 00:00:00,EMENDA IMPOSITIVA INDIVIDUAL N.º 136/2022,"EMENDA IMPOSITIVA AO PROJETO DE LEI N° 182/2022, QUE ESTIMA A RECEITA E FIXA A DESPESA DO MUNICÍPIO PARA O EXERCÍCIO DE 2023.",José Carlos Gomes – Cal,https://www.pindamonhangaba.sp.leg.br/proposicoes/0/0/0/0/118097#pesquisa
2022-11-17 00:00:00,EMENDA IMPOSITIVA INDIVIDUAL N.º 137/2022,"EMENDA IMPOSITIVA AO PROJETO DE LEI N° 182/2022, QUE ESTIMA A RECEITA E FIXA A DESPESA DO MUNICÍPIO PARA O EXERCÍCIO DE 2023.",José Carlos Gomes – Cal,https://www.pindamonhangaba.sp.leg.br/proposicoes/0/0/0/0/118098#pesquisa
2022-11-17 00:00:00,EMENDA IMPOSITIVA INDIVIDUAL N.º 138/2022,"EMENDA IMPOSITIVA AO PROJETO DE LEI N° 182/2022, QUE ESTIMA A RECEITA E FIXA A DESPESA DO MUNICÍPIO PARA O EXERCÍCIO DE 2023.",José Carlos Gomes – Cal,https://www.pindamonhangaba.sp.leg.br/proposicoes/0/0/0/0/118099#pesquisa
2022-11-17 00:00:00,EMENDA IMPOSITIVA INDIVIDUAL N.º 139/2022,"EMENDA IMPOSITIVA AO PROJETO DE LEI N° 182/2022, QUE ESTIMA A RECEITA E FIXA A DESPESA DO MUNICÍPIO PARA O EXERCÍCIO DE 2023.",José Carlos Gomes – Cal,https://www.pindamonhangaba.sp.leg.br/proposicoes/0/0/0/0/118100#pesquisa
2022-11-17 00:00:00,EMENDA IMPOSITIVA INDIVIDUAL N.º 140/2022,"EMENDA IMPOSITIVA AO PROJETO DE LEI N° 182/2022, QUE ESTIMA A RECEITA E FIXA A DESPESA DO MUNICÍPIO PARA O EXERCÍCIO DE 2023.",José Carlos Gomes – Cal,https://www.pindamonhangaba.sp.leg.br/proposicoes/0/0/0/0/118101#pesquisa
2022-11-17 00:00:00,EMENDA IMPOSITIVA INDIVIDUAL N.º 141/2022,"EMENDA IMPOSITIVA AO PROJETO DE LEI N° 182/2022, QUE ESTIMA A RECEITA E FIXA A DESPESA DO MUNICÍPIO PARA O EXERCÍCIO DE 2023.",José Carlos Gomes – Cal,https://www.pindamonhangaba.sp.leg.br/proposicoes/0/0/0/0/118102#pesquisa
2022-11-17 00:00:00,EMENDA IMPOSITIVA INDIVIDUAL N.º 142/2022,"EMENDA IMPOSITIVA AO PROJETO DE LEI N° 182/2022, QUE ESTIMA A RECEITA E FIXA A DESPESA DO MUNICÍPIO PARA O EXERCÍCIO DE 2023.",José Carlos Gomes – Cal,https://www.pindamonhangaba.sp.leg.br/proposicoes/0/0/0/0/118103#pesquisa
2022-11-17 00:00:00,EMENDA IMPOSITIVA INDIVIDUAL N.º 143/2022,"EMENDA IMPOSITIVA AO PROJETO DE LEI N° 182/2022, QUE ESTIMA A RECEITA E FIXA A DESPESA DO MUNICÍPIO PARA O EXERCÍCIO DE 2023.",José Carlos Gomes – Cal,https://www.pindamonhangaba.sp.leg.br/proposicoes/0/0/0/0/118104#pesquisa
2022-11-17 00:00:00,EMENDA IMPOSITIVA INDIVIDUAL N.º 144/2022,"EMENDA IMPOSITIVA AO PROJETO DE LEI N° 182/2022, QUE ESTIMA A RECEITA E FIXA A DESPESA DO MUNICÍPIO PARA O EXERCÍCIO DE 2023.",José Carlos Gomes – Cal,https://www.pindamonhangaba.sp.leg.br/proposicoes/0/0/0/0/118105#pesquisa
2022-11-17 00:00:00,EMENDA IMPOSITIVA INDIVIDUAL N.º 145/2022,"EMENDA IMPOSITIVA AO PROJETO DE LEI N° 182/2022, QUE ESTIMA A RECEITA E FIXA A DESPESA DO MUNICÍPIO PARA O EXERCÍCIO DE 2023.",José Carlos Gomes – Cal,https://www.pindamonhangaba.sp.leg.br/proposicoes/0/0/0/0/118106#pesquisa
2022-11-17 00:00:00,EMENDA IMPOSITIVA INDIVIDUAL N.º 146/2022,"EMENDA IMPOSITIVA AO PROJETO DE LEI N° 182/2022, QUE ESTIMA A RECEITA E FIXA A DESPESA DO MUNICÍPIO PARA O EXERCÍCIO DE 2023.",Norberto Moraes,https://www.pindamonhangaba.sp.leg.br/proposicoes/0/0/0/0/118107#pesquisa
2022-11-17 00:00:00,EMENDA IMPOSITIVA INDIVIDUAL N.º 147/2022,"EMENDA IMPOSITIVA AO PROJETO DE LEI N° 182/2022, QUE ESTIMA A RECEITA E FIXA A DESPESA DO MUNICÍPIO PARA O EXERCÍCIO DE 2023.",Norberto Moraes,https://www.pindamonhangaba.sp.leg.br/proposicoes/0/0/0/0/118108#pesquisa
2022-11-17 00:00:00,EMENDA IMPOSITIVA INDIVIDUAL N.º 148/2022,"EMENDA IMPOSITIVA AO PROJETO DE LEI N° 182/2022, QUE ESTIMA A RECEITA E FIXA A DESPESA DO MUNICÍPIO PARA O EXERCÍCIO DE 2023.",Norberto Moraes,https://www.pindamonhangaba.sp.leg.br/proposicoes/0/0/0/0/118109#pesquisa
2022-11-17 00:00:00,EMENDA IMPOSITIVA INDIVIDUAL N.º 149/2022,"EMENDA IMPOSITIVA AO PROJETO DE LEI N° 182/2022, QUE ESTIMA A RECEITA E FIXA A DESPESA DO MUNICÍPIO PARA O EXERCÍCIO DE 2023.",Norberto Moraes,https://www.pindamonhangaba.sp.leg.br/proposicoes/0/0/0/0/118110#pesquisa
2022-11-17 00:00:00,EMENDA IMPOSITIVA INDIVIDUAL N.º 150/2022,"EMENDA IMPOSITIVA AO PROJETO DE LEI N° 182/2022, QUE ESTIMA A RECEITA E FIXA A DESPESA DO MUNICÍPIO PARA O EXERCÍCIO DE 2023.",Norberto Moraes,https://www.pindamonhangaba.sp.leg.br/proposicoes/0/0/0/0/118111#pesquisa
2022-11-17 00:00:00,EMENDA IMPOSITIVA INDIVIDUAL N.º 151/2022,"EMENDA IMPOSITIVA AO PROJETO DE LEI N° 182/2022, QUE ESTIMA A RECEITA E FIXA A DESPESA DO MUNICÍPIO PARA O EXERCÍCIO DE 2023.",Norberto Moraes,https://www.pindamonhangaba.sp.leg.br/proposicoes/0/0/0/0/118112#pesquisa
2022-11-17 00:00:00,EMENDA IMPOSITIVA INDIVIDUAL N.º 152/2022,"EMENDA IMPOSITIVA AO PROJETO DE LEI N° 182/2022, QUE ESTIMA A RECEITA E FIXA A DESPESA DO MUNICÍPIO PARA O EXERCÍCIO DE 2023.",Norberto Moraes,https://www.pindamonhangaba.sp.leg.br/proposicoes/0/0/0/0/118113#pesquisa
2022-11-17 00:00:00,EMENDA IMPOSITIVA INDIVIDUAL N.º 153/2022,"EMENDA IMPOSITIVA AO PROJETO DE LEI N° 182/2022, QUE ESTIMA A RECEITA E FIXA A DESPESA DO MUNICÍPIO PARA O EXERCÍCIO DE 2023.",Norberto Moraes,https://www.pindamonhangaba.sp.leg.br/proposicoes/0/0/0/0/118114#pesquisa
2022-11-17 00:00:00,EMENDA IMPOSITIVA INDIVIDUAL N.º 154/2022,"EMENDA IMPOSITIVA AO PROJETO DE LEI N° 182/2022, QUE ESTIMA A RECEITA E FIXA A DESPESA DO MUNICÍPIO PARA O EXERCÍCIO DE 2023.",Norberto Moraes,https://www.pindamonhangaba.sp.leg.br/proposicoes/0/0/0/0/118115#pesquisa
2022-11-17 00:00:00,EMENDA IMPOSITIVA INDIVIDUAL N.º 155/2022,"EMENDA IMPOSITIVA AO PROJETO DE LEI N° 182/2022, QUE ESTIMA A RECEITA E FIXA A DESPESA DO MUNICÍPIO PARA O EXERCÍCIO DE 2023.",Norberto Moraes,https://www.pindamonhangaba.sp.leg.br/proposicoes/0/0/0/0/118116#pesquisa
2022-11-17 00:00:00,EMENDA IMPOSITIVA INDIVIDUAL N.º 156/2022,"EMENDA IMPOSITIVA AO PROJETO DE LEI N° 182/2022, QUE ESTIMA A RECEITA E FIXA A DESPESA DO MUNICÍPIO PARA O EXERCÍCIO DE 2023.",Norberto Moraes,https://www.pindamonhangaba.sp.leg.br/proposicoes/0/0/0/0/118117#pesquisa
2022-11-17 00:00:00,EMENDA IMPOSITIVA INDIVIDUAL N.º 157/2022,"EMENDA IMPOSITIVA AO PROJETO DE LEI N° 182/2022, QUE ESTIMA A RECEITA E FIXA A DESPESA DO MUNICÍPIO PARA O EXERCÍCIO DE 2023.",Norberto Moraes,https://www.pindamonhangaba.sp.leg.br/proposicoes/0/0/0/0/118118#pesquisa
2022-11-17 00:00:00,EMENDA IMPOSITIVA INDIVIDUAL N.º 158/2022,"EMENDA IMPOSITIVA AO PROJETO DE LEI N° 182/2022, QUE ESTIMA A RECEITA E FIXA A DESPESA DO MUNICÍPIO PARA O EXERCÍCIO DE 2023.",Norberto Moraes,https://www.pindamonhangaba.sp.leg.br/proposicoes/0/0/0/0/118119#pesquisa
2022-11-17 00:00:00,EMENDA IMPOSITIVA INDIVIDUAL N.º 159/2022,"EMENDA IMPOSITIVA AO PROJETO DE LEI N° 182/2022, QUE ESTIMA A RECEITA E FIXA A DESPESA DO MUNICÍPIO PARA O EXERCÍCIO DE 2023.",Norberto Moraes,https://www.pindamonhangaba.sp.leg.br/proposicoes/0/0/0/0/118120#pesquisa
2022-11-17 00:00:00,EMENDA IMPOSITIVA INDIVIDUAL N.º 160/2022,"EMENDA IMPOSITIVA AO PROJETO DE LEI N° 182/2022, QUE ESTIMA A RECEITA E FIXA A DESPESA DO MUNICÍPIO PARA O EXERCÍCIO DE 2023.",Norberto Moraes,https://www.pindamonhangaba.sp.leg.br/proposicoes/0/0/0/0/118121#pesquisa
2022-11-17 00:00:00,EMENDA IMPOSITIVA INDIVIDUAL N.º 161/2022,"EMENDA IMPOSITIVA AO PROJETO DE LEI N° 182/2022, QUE ESTIMA A RECEITA E FIXA A DESPESA DO MUNICÍPIO PARA O EXERCÍCIO DE 2023.",Norberto Moraes,https://www.pindamonhangaba.sp.leg.br/proposicoes/0/0/0/0/118122#pesquisa
2022-11-17 00:00:00,EMENDA IMPOSITIVA INDIVIDUAL N.º 162/2022,"EMENDA IMPOSITIVA AO PROJETO DE LEI N° 182/2022, QUE ESTIMA A RECEITA E FIXA A DESPESA DO MUNICÍPIO PARA O EXERCÍCIO DE 2023.",Norberto Moraes,https://www.pindamonhangaba.sp.leg.br/proposicoes/0/0/0/0/118123#pesquisa
2022-11-17 00:00:00,EMENDA IMPOSITIVA INDIVIDUAL N.º 163/2022,"EMENDA IMPOSITIVA AO PROJETO DE LEI N° 182/2022, QUE ESTIMA A RECEITA E FIXA A DESPESA DO MUNICÍPIO PARA O EXERCÍCIO DE 2023.",Norberto Moraes,https://www.pindamonhangaba.sp.leg.br/proposicoes/0/0/0/0/118124#pesquisa
2022-11-17 00:00:00,EMENDA IMPOSITIVA INDIVIDUAL N.º 164/2022,"EMENDA IMPOSITIVA AO PROJETO DE LEI N° 182/2022, QUE ESTIMA A RECEITA E FIXA A DESPESA DO MUNICÍPIO PARA O EXERCÍCIO DE 2023.",Norberto Moraes,https://www.pindamonhangaba.sp.leg.br/proposicoes/0/0/0/0/118125#pesquisa
2022-11-17 00:00:00,EMENDA IMPOSITIVA INDIVIDUAL N.º 165/2022,"EMENDA IMPOSITIVA AO PROJETO DE LEI N° 182/2022, QUE ESTIMA A RECEITA E FIXA A DESPESA DO MUNICÍPIO PARA O EXERCÍCIO DE 2023.",Norberto Moraes,https://www.pindamonhangaba.sp.leg.br/proposicoes/0/0/0/0/118126#pesquisa
2022-11-17 00:00:00,EMENDA IMPOSITIVA INDIVIDUAL N.º 166/2022,"EMENDA IMPOSITIVA AO PROJETO DE LEI N° 182/2022, QUE ESTIMA A RECEITA E FIXA A DESPESA DO MUNICÍPIO PARA O EXERCÍCIO DE 2023.",Norberto Moraes,https://www.pindamonhangaba.sp.leg.br/proposicoes/0/0/0/0/118127#pesquisa
2022-11-17 00:00:00,EMENDA IMPOSITIVA INDIVIDUAL N.º 167/2022,"EMENDA IMPOSITIVA AO PROJETO DE LEI N° 182/2022, QUE ESTIMA A RECEITA E FIXA A DESPESA DO MUNICÍPIO PARA O EXERCÍCIO DE 2023.",Norberto Moraes,https://www.pindamonhangaba.sp.leg.br/proposicoes/0/0/0/0/118128#pesquisa
2022-11-17 00:00:00,EMENDA IMPOSITIVA INDIVIDUAL N.º 168/2022,"EMENDA IMPOSITIVA AO PROJETO DE LEI N° 182/2022, QUE ESTIMA A RECEITA E FIXA A DESPESA DO MUNICÍPIO PARA O EXERCÍCIO DE 2023.",Norberto Moraes,https://www.pindamonhangaba.sp.leg.br/proposicoes/0/0/0/0/118129#pesquisa
2022-11-17 00:00:00,EMENDA IMPOSITIVA INDIVIDUAL N.º 169/2022,"EMENDA IMPOSITIVA AO PROJETO DE LEI N° 182/2022, QUE ESTIMA A RECEITA E FIXA A DESPESA DO MUNICÍPIO PARA O EXERCÍCIO DE 2023.",Norberto Moraes,https://www.pindamonhangaba.sp.leg.br/proposicoes/0/0/0/0/118130#pesquisa
2022-11-17 00:00:00,EMENDA IMPOSITIVA INDIVIDUAL N.º 170/2022,"EMENDA IMPOSITIVA AO PROJETO DE LEI N° 182/2022, QUE ESTIMA A RECEITA E FIXA A DESPESA DO MUNICÍPIO PARA O EXERCÍCIO DE 2023.",Norberto Moraes,https://www.pindamonhangaba.sp.leg.br/proposicoes/0/0/0/0/118131#pesquisa
2022-11-17 00:00:00,EMENDA IMPOSITIVA INDIVIDUAL N.º 171/2022,"EMENDA IMPOSITIVA AO PROJETO DE LEI N° 182/2022, QUE ESTIMA A RECEITA E FIXA A DESPESA DO MUNICÍPIO PARA O EXERCÍCIO DE 2023.",Norberto Moraes,https://www.pindamonhangaba.sp.leg.br/proposicoes/0/0/0/0/118132#pesquisa
2022-11-17 00:00:00,EMENDA IMPOSITIVA INDIVIDUAL N.º 172/2022,"EMENDA IMPOSITIVA AO PROJETO DE LEI N° 182/2022, QUE ESTIMA A RECEITA E FIXA A DESPESA DO MUNICÍPIO PARA O EXERCÍCIO DE 2023.",Norberto Moraes,https://www.pindamonhangaba.sp.leg.br/proposicoes/0/0/0/0/118133#pesquisa
2022-11-17 00:00:00,EMENDA IMPOSITIVA INDIVIDUAL N.º 173/2022,"EMENDA IMPOSITIVA AO PROJETO DE LEI N° 182/2022, QUE ESTIMA A RECEITA E FIXA A DESPESA DO MUNICÍPIO PARA O EXERCÍCIO DE 2023.",Norberto Moraes,https://www.pindamonhangaba.sp.leg.br/proposicoes/0/0/0/0/118134#pesquisa
2022-11-17 00:00:00,EMENDA IMPOSITIVA INDIVIDUAL N.º 174/2022,"EMENDA IMPOSITIVA AO PROJETO DE LEI N° 182/2022, QUE ESTIMA A RECEITA E FIXA A DESPESA DO MUNICÍPIO PARA O EXERCÍCIO DE 2023.",Norberto Moraes,https://www.pindamonhangaba.sp.leg.br/proposicoes/0/0/0/0/118135#pesquisa
2022-11-17 00:00:00,EMENDA IMPOSITIVA INDIVIDUAL N.º 175/2022,"EMENDA IMPOSITIVA AO PROJETO DE LEI N° 182/2022, QUE ESTIMA A RECEITA E FIXA A DESPESA DO MUNICÍPIO PARA O EXERCÍCIO DE 2023.",Norberto Moraes,https://www.pindamonhangaba.sp.leg.br/proposicoes/0/0/0/0/118136#pesquisa
2022-11-17 00:00:00,EMENDA IMPOSITIVA INDIVIDUAL N.º 176/2022,"EMENDA IMPOSITIVA AO PROJETO DE LEI N° 182/2022, QUE ESTIMA A RECEITA E FIXA A DESPESA DO MUNICÍPIO PARA O EXERCÍCIO DE 2023.",Norberto Moraes,https://www.pindamonhangaba.sp.leg.br/proposicoes/0/0/0/0/118137#pesquisa
2022-11-17 00:00:00,EMENDA IMPOSITIVA INDIVIDUAL N.º 177/2022,"EMENDA IMPOSITIVA AO PROJETO DE LEI N° 182/2022, QUE ESTIMA A RECEITA E FIXA A DESPESA DO MUNICÍPIO PARA O EXERCÍCIO DE 2023.",Marco Mayor,https://www.pindamonhangaba.sp.leg.br/proposicoes/0/0/0/0/118138#pesquisa
2022-11-17 00:00:00,EMENDA IMPOSITIVA INDIVIDUAL N.º 178/2022,"EMENDA IMPOSITIVA AO PROJETO DE LEI N° 182/2022, QUE ESTIMA A RECEITA E FIXA A DESPESA DO MUNICÍPIO PARA O EXERCÍCIO DE 2023.",Rogério Ramos,https://www.pindamonhangaba.sp.leg.br/proposicoes/0/0/0/0/118139#pesquisa
2022-11-17 00:00:00,EMENDA IMPOSITIVA INDIVIDUAL N.º 179/2022,"EMENDA IMPOSITIVA AO PROJETO DE LEI N° 182/2022, QUE ESTIMA A RECEITA E FIXA A DESPESA DO MUNICÍPIO PARA O EXERCÍCIO DE 2023.",Rogério Ramos,https://www.pindamonhangaba.sp.leg.br/proposicoes/0/0/0/0/118140#pesquisa
2022-11-17 00:00:00,EMENDA IMPOSITIVA INDIVIDUAL N.º 180/2022,"EMENDA IMPOSITIVA AO PROJETO DE LEI N° 182/2022, QUE ESTIMA A RECEITA E FIXA A DESPESA DO MUNICÍPIO PARA O EXERCÍCIO DE 2023.",Rogério Ramos,https://www.pindamonhangaba.sp.leg.br/proposicoes/0/0/0/0/118141#pesquisa
2022-11-17 00:00:00,EMENDA IMPOSITIVA INDIVIDUAL N.º 181/2022,"EMENDA IMPOSITIVA AO PROJETO DE LEI N° 182/2022, QUE ESTIMA A RECEITA E FIXA A DESPESA DO MUNICÍPIO PARA O EXERCÍCIO DE 2023.",Rogério Ramos,https://www.pindamonhangaba.sp.leg.br/proposicoes/0/0/0/0/118142#pesquisa
2022-11-17 00:00:00,EMENDA IMPOSITIVA INDIVIDUAL N.º 182/2022,"EMENDA IMPOSITIVA AO PROJETO DE LEI N° 182/2022, QUE ESTIMA A RECEITA E FIXA A DESPESA DO MUNICÍPIO PARA O EXERCÍCIO DE 2023.",Rogério Ramos,https://www.pindamonhangaba.sp.leg.br/proposicoes/0/0/0/0/118143#pesquisa
2022-11-17 00:00:00,EMENDA IMPOSITIVA INDIVIDUAL N.º 183/2022,"EMENDA IMPOSITIVA AO PROJETO DE LEI N° 182/2022, QUE ESTIMA A RECEITA E FIXA A DESPESA DO MUNICÍPIO PARA O EXERCÍCIO DE 2023.",Rogério Ramos,https://www.pindamonhangaba.sp.leg.br/proposicoes/0/0/0/0/118144#pesquisa
2022-11-17 00:00:00,EMENDA IMPOSITIVA INDIVIDUAL N.º 184/2022,"EMENDA IMPOSITIVA AO PROJETO DE LEI N° 182/2022, QUE ESTIMA A RECEITA E FIXA A DESPESA DO MUNICÍPIO PARA O EXERCÍCIO DE 2023.",Rogério Ramos,https://www.pindamonhangaba.sp.leg.br/proposicoes/0/0/0/0/118145#pesquisa
2022-11-17 00:00:00,EMENDA IMPOSITIVA INDIVIDUAL N.º 185/2022,"EMENDA IMPOSITIVA AO PROJETO DE LEI N° 182/2022, QUE ESTIMA A RECEITA E FIXA A DESPESA DO MUNICÍPIO PARA O EXERCÍCIO DE 2023.",Rogério Ramos,https://www.pindamonhangaba.sp.leg.br/proposicoes/0/0/0/0/118146#pesquisa
2022-11-17 00:00:00,EMENDA IMPOSITIVA INDIVIDUAL N.º 186/2022,"EMENDA IMPOSITIVA AO PROJETO DE LEI N° 182/2022, QUE ESTIMA A RECEITA E FIXA A DESPESA DO MUNICÍPIO PARA O EXERCÍCIO DE 2023.",Rogério Ramos,https://www.pindamonhangaba.sp.leg.br/proposicoes/0/0/0/0/118147#pesquisa
2022-11-17 00:00:00,EMENDA IMPOSITIVA INDIVIDUAL N.º 187/2022,"EMENDA IMPOSITIVA AO PROJETO DE LEI N° 182/2022, QUE ESTIMA A RECEITA E FIXA A DESPESA DO MUNICÍPIO PARA O EXERCÍCIO DE 2023.",Rogério Ramos,https://www.pindamonhangaba.sp.leg.br/proposicoes/0/0/0/0/118148#pesquisa
2022-11-17 00:00:00,EMENDA IMPOSITIVA INDIVIDUAL N.º 188/2022,"EMENDA IMPOSITIVA AO PROJETO DE LEI N° 182/2022, QUE ESTIMA A RECEITA E FIXA A DESPESA DO MUNICÍPIO PARA O EXERCÍCIO DE 2023.",Rogério Ramos,https://www.pindamonhangaba.sp.leg.br/proposicoes/0/0/0/0/118149#pesquisa
2022-11-17 00:00:00,EMENDA IMPOSITIVA INDIVIDUAL N.º 189/2022,"EMENDA IMPOSITIVA AO PROJETO DE LEI N° 182/2022, QUE ESTIMA A RECEITA E FIXA A DESPESA DO MUNICÍPIO PARA O EXERCÍCIO DE 2023.",Rogério Ramos,https://www.pindamonhangaba.sp.leg.br/proposicoes/0/0/0/0/118150#pesquisa
2022-11-17 00:00:00,EMENDA IMPOSITIVA INDIVIDUAL N.º 190/2022,"EMENDA IMPOSITIVA AO PROJETO DE LEI N° 182/2022, QUE ESTIMA A RECEITA E FIXA A DESPESA DO MUNICÍPIO PARA O EXERCÍCIO DE 2023.",Rogério Ramos,https://www.pindamonhangaba.sp.leg.br/proposicoes/0/0/0/0/118151#pesquisa
2022-11-17 00:00:00,EMENDA IMPOSITIVA INDIVIDUAL N.º 191/2022,"EMENDA IMPOSITIVA AO PROJETO DE LEI N° 182/2022, QUE ESTIMA A RECEITA E FIXA A DESPESA DO MUNICÍPIO PARA O EXERCÍCIO DE 2023.",Rogério Ramos,https://www.pindamonhangaba.sp.leg.br/proposicoes/0/0/0/0/118152#pesquisa
2022-11-17 00:00:00,EMENDA IMPOSITIVA INDIVIDUAL N.º 192/2022,"EMENDA IMPOSITIVA AO PROJETO DE LEI N° 182/2022, QUE ESTIMA A RECEITA E FIXA A DESPESA DO MUNICÍPIO PARA O EXERCÍCIO DE 2023.",Rogério Ramos,https://www.pindamonhangaba.sp.leg.br/proposicoes/0/0/0/0/118153#pesquisa
2022-11-17 00:00:00,EMENDA IMPOSITIVA INDIVIDUAL N.º 193/2022,"EMENDA IMPOSITIVA AO PROJETO DE LEI N° 182/2022, QUE ESTIMA A RECEITA E FIXA A DESPESA DO MUNICÍPIO PARA O EXERCÍCIO DE 2023.",Rogério Ramos,https://www.pindamonhangaba.sp.leg.br/proposicoes/0/0/0/0/118154#pesquisa
2022-11-17 00:00:00,EMENDA IMPOSITIVA INDIVIDUAL N.º 194/2022,"EMENDA IMPOSITIVA AO PROJETO DE LEI N° 182/2022, QUE ESTIMA A RECEITA E FIXA A DESPESA DO MUNICÍPIO PARA O EXERCÍCIO DE 2023.",Rogério Ramos,https://www.pindamonhangaba.sp.leg.br/proposicoes/0/0/0/0/118155#pesquisa
2022-11-17 00:00:00,EMENDA IMPOSITIVA INDIVIDUAL N.º 195/2022,"EMENDA IMPOSITIVA AO PROJETO DE LEI N° 182/2022, QUE ESTIMA A RECEITA E FIXA A DESPESA DO MUNICÍPIO PARA O EXERCÍCIO DE 2023.",Rogério Ramos,https://www.pindamonhangaba.sp.leg.br/proposicoes/0/0/0/0/118156#pesquisa
2022-11-17 00:00:00,EMENDA IMPOSITIVA INDIVIDUAL N.º 196/2022,"EMENDA IMPOSITIVA AO PROJETO DE LEI N° 182/2022, QUE ESTIMA A RECEITA E FIXA A DESPESA DO MUNICÍPIO PARA O EXERCÍCIO DE 2023.",Rogério Ramos,https://www.pindamonhangaba.sp.leg.br/proposicoes/0/0/0/0/118157#pesquisa
2022-11-17 00:00:00,EMENDA IMPOSITIVA INDIVIDUAL N.º 197/2022,"EMENDA IMPOSITIVA AO PROJETO DE LEI N° 182/2022, QUE ESTIMA A RECEITA E FIXA A DESPESA DO MUNICÍPIO PARA O EXERCÍCIO DE 2023.",Rogério Ramos,https://www.pindamonhangaba.sp.leg.br/proposicoes/0/0/0/0/118158#pesquisa
2022-11-17 00:00:00,EMENDA IMPOSITIVA INDIVIDUAL N.º 198/2022,"EMENDA IMPOSITIVA AO PROJETO DE LEI N° 182/2022, QUE ESTIMA A RECEITA E FIXA A DESPESA DO MUNICÍPIO PARA O EXERCÍCIO DE 2023.",Rogério Ramos,https://www.pindamonhangaba.sp.leg.br/proposicoes/0/0/0/0/118159#pesquisa
2022-11-17 00:00:00,EMENDA IMPOSITIVA INDIVIDUAL N.º 199/2022,"EMENDA IMPOSITIVA AO PROJETO DE LEI N° 182/2022, QUE ESTIMA A RECEITA E FIXA A DESPESA DO MUNICÍPIO PARA O EXERCÍCIO DE 2023.",Rogério Ramos,https://www.pindamonhangaba.sp.leg.br/proposicoes/0/0/0/0/118160#pesquisa
2022-11-17 00:00:00,EMENDA IMPOSITIVA INDIVIDUAL N.º 200/2022,"EMENDA IMPOSITIVA AO PROJETO DE LEI N° 182/2022, QUE ESTIMA A RECEITA E FIXA A DESPESA DO MUNICÍPIO PARA O EXERCÍCIO DE 2023.",Rogério Ramos,https://www.pindamonhangaba.sp.leg.br/proposicoes/0/0/0/0/118161#pesquisa
2022-11-17 00:00:00,EMENDA IMPOSITIVA INDIVIDUAL N.º 201/2022,"EMENDA IMPOSITIVA AO PROJETO DE LEI N° 182/2022, QUE ESTIMA A RECEITA E FIXA A DESPESA DO MUNICÍPIO PARA O EXERCÍCIO DE 2023.",Rogério Ramos,https://www.pindamonhangaba.sp.leg.br/proposicoes/0/0/0/0/118162#pesquisa
2022-11-17 00:00:00,EMENDA IMPOSITIVA INDIVIDUAL N.º 202/2022,"EMENDA IMPOSITIVA AO PROJETO DE LEI N° 182/2022, QUE ESTIMA A RECEITA E FIXA A DESPESA DO MUNICÍPIO PARA O EXERCÍCIO DE 2023.",Rogério Ramos,https://www.pindamonhangaba.sp.leg.br/proposicoes/0/0/0/0/118163#pesquisa
2022-11-17 00:00:00,EMENDA IMPOSITIVA INDIVIDUAL N.º 203/2022,"EMENDA IMPOSITIVA AO PROJETO DE LEI N° 182/2022, QUE ESTIMA A RECEITA E FIXA A DESPESA DO MUNICÍPIO PARA O EXERCÍCIO DE 2023.",Rogério Ramos,https://www.pindamonhangaba.sp.leg.br/proposicoes/0/0/0/0/118164#pesquisa
2022-11-17 00:00:00,EMENDA IMPOSITIVA INDIVIDUAL N.º 204/2022,"EMENDA IMPOSITIVA AO PROJETO DE LEI N° 182/2022, QUE ESTIMA A RECEITA E FIXA A DESPESA DO MUNICÍPIO PARA O EXERCÍCIO DE 2023.",Rogério Ramos,https://www.pindamonhangaba.sp.leg.br/proposicoes/0/0/0/0/118165#pesquisa
2022-11-17 00:00:00,EMENDA IMPOSITIVA INDIVIDUAL N.º 205/2022,"EMENDA IMPOSITIVA AO PROJETO DE LEI N° 182/2022, QUE ESTIMA A RECEITA E FIXA A DESPESA DO MUNICÍPIO PARA O EXERCÍCIO DE 2023.",Rogério Ramos,https://www.pindamonhangaba.sp.leg.br/proposicoes/0/0/0/0/118166#pesquisa
2022-11-17 00:00:00,EMENDA IMPOSITIVA INDIVIDUAL N.º 206/2022,"EMENDA IMPOSITIVA AO PROJETO DE LEI N° 182/2022, QUE ESTIMA A RECEITA E FIXA A DESPESA DO MUNICÍPIO PARA O EXERCÍCIO DE 2023.",Rogério Ramos,https://www.pindamonhangaba.sp.leg.br/proposicoes/0/0/0/0/118167#pesquisa
2022-11-17 00:00:00,EMENDA IMPOSITIVA INDIVIDUAL N.º 207/2022,"EMENDA IMPOSITIVA AO PROJETO DE LEI N° 182/2022, QUE ESTIMA A RECEITA E FIXA A DESPESA DO MUNICÍPIO PARA O EXERCÍCIO DE 2023.",Rogério Ramos,https://www.pindamonhangaba.sp.leg.br/proposicoes/0/0/0/0/118168#pesquisa
2022-11-17 00:00:00,EMENDA IMPOSITIVA INDIVIDUAL N.º 208/2022,"EMENDA IMPOSITIVA AO PROJETO DE LEI N° 182/2022, QUE ESTIMA A RECEITA E FIXA A DESPESA DO MUNICÍPIO PARA O EXERCÍCIO DE 2023.",Rogério Ramos,https://www.pindamonhangaba.sp.leg.br/proposicoes/0/0/0/0/118169#pesquisa
2022-11-17 00:00:00,EMENDA IMPOSITIVA INDIVIDUAL N.º 209/2022,"EMENDA IMPOSITIVA AO PROJETO DE LEI N° 182/2022, QUE ESTIMA A RECEITA E FIXA A DESPESA DO MUNICÍPIO PARA O EXERCÍCIO DE 2023.",Rogério Ramos,https://www.pindamonhangaba.sp.leg.br/proposicoes/0/0/0/0/118170#pesquisa
2022-11-17 00:00:00,EMENDA IMPOSITIVA INDIVIDUAL N.º 210/2022,"EMENDA IMPOSITIVA AO PROJETO DE LEI N° 182/2022, QUE ESTIMA A RECEITA E FIXA A DESPESA DO MUNICÍPIO PARA O EXERCÍCIO DE 2023.",Rogério Ramos,https://www.pindamonhangaba.sp.leg.br/proposicoes/0/0/0/0/118171#pesquisa
2022-11-17 00:00:00,EMENDA IMPOSITIVA INDIVIDUAL N.º 211/2022,"EMENDA IMPOSITIVA AO PROJETO DE LEI N° 182/2022, QUE ESTIMA A RECEITA E FIXA A DESPESA DO MUNICÍPIO PARA O EXERCÍCIO DE 2023.",Rogério Ramos,https://www.pindamonhangaba.sp.leg.br/proposicoes/0/0/0/0/118172#pesquisa
2022-11-17 00:00:00,EMENDA IMPOSITIVA INDIVIDUAL N.º 212/2022,"EMENDA IMPOSITIVA AO PROJETO DE LEI N° 182/2022, QUE ESTIMA A RECEITA E FIXA A DESPESA DO MUNICÍPIO PARA O EXERCÍCIO DE 2023.",Rogério Ramos,https://www.pindamonhangaba.sp.leg.br/proposicoes/0/0/0/0/118173#pesquisa
2022-11-17 00:00:00,EMENDA IMPOSITIVA INDIVIDUAL N.º 213/2022,"EMENDA IMPOSITIVA AO PROJETO DE LEI N° 182/2022, QUE ESTIMA A RECEITA E FIXA A DESPESA DO MUNICÍPIO PARA O EXERCÍCIO DE 2023.",Rogério Ramos,https://www.pindamonhangaba.sp.leg.br/proposicoes/0/0/0/0/118174#pesquisa
2022-11-17 00:00:00,EMENDA IMPOSITIVA INDIVIDUAL N.º 214/2022,"EMENDA IMPOSITIVA AO PROJETO DE LEI N° 182/2022, QUE ESTIMA A RECEITA E FIXA A DESPESA DO MUNICÍPIO PARA O EXERCÍCIO DE 2023.",Rogério Ramos,https://www.pindamonhangaba.sp.leg.br/proposicoes/0/0/0/0/118175#pesquisa
2022-11-17 00:00:00,EMENDA IMPOSITIVA INDIVIDUAL N.º 215/2022,"EMENDA IMPOSITIVA AO PROJETO DE LEI N° 182/2022, QUE ESTIMA A RECEITA E FIXA A DESPESA DO MUNICÍPIO PARA O EXERCÍCIO DE 2023.",Rogério Ramos,https://www.pindamonhangaba.sp.leg.br/proposicoes/0/0/0/0/118176#pesquisa
2022-11-17 00:00:00,EMENDA IMPOSITIVA INDIVIDUAL N.º 216/2022,"EMENDA IMPOSITIVA AO PROJETO DE LEI N° 182/2022, QUE ESTIMA A RECEITA E FIXA A DESPESA DO MUNICÍPIO PARA O EXERCÍCIO DE 2023.",Herivelto Vela,https://www.pindamonhangaba.sp.leg.br/proposicoes/0/0/0/0/118177#pesquisa
2022-11-17 00:00:00,EMENDA IMPOSITIVA INDIVIDUAL N.º 217/2022,"EMENDA IMPOSITIVA AO PROJETO DE LEI N° 182/2022, QUE ESTIMA A RECEITA E FIXA A DESPESA DO MUNICÍPIO PARA O EXERCÍCIO DE 2023.",Herivelto Vela,https://www.pindamonhangaba.sp.leg.br/proposicoes/0/0/0/0/118178#pesquisa
2022-11-17 00:00:00,EMENDA IMPOSITIVA INDIVIDUAL N.º 218/2022,"EMENDA IMPOSITIVA AO PROJETO DE LEI N° 182/2022, QUE ESTIMA A RECEITA E FIXA A DESPESA DO MUNICÍPIO PARA O EXERCÍCIO DE 2023.",Herivelto Vela,https://www.pindamonhangaba.sp.leg.br/proposicoes/0/0/0/0/118179#pesquisa
2022-11-17 00:00:00,EMENDA IMPOSITIVA INDIVIDUAL N.º 219/2022,"EMENDA IMPOSITIVA AO PROJETO DE LEI N° 182/2022, QUE ESTIMA A RECEITA E FIXA A DESPESA DO MUNICÍPIO PARA O EXERCÍCIO DE 2023.",Herivelto Vela,https://www.pindamonhangaba.sp.leg.br/proposicoes/0/0/0/0/118180#pesquisa
2022-11-17 00:00:00,EMENDA IMPOSITIVA INDIVIDUAL N.º 220/2022,"EMENDA IMPOSITIVA AO PROJETO DE LEI N° 182/2022, QUE ESTIMA A RECEITA E FIXA A DESPESA DO MUNICÍPIO PARA O EXERCÍCIO DE 2023.",Herivelto Vela,https://www.pindamonhangaba.sp.leg.br/proposicoes/0/0/0/0/118181#pesquisa
2022-11-17 00:00:00,EMENDA IMPOSITIVA INDIVIDUAL N.º 221/2022,"EMENDA IMPOSITIVA AO PROJETO DE LEI N° 182/2022, QUE ESTIMA A RECEITA E FIXA A DESPESA DO MUNICÍPIO PARA O EXERCÍCIO DE 2023.",Herivelto Vela,https://www.pindamonhangaba.sp.leg.br/proposicoes/0/0/0/0/118182#pesquisa
2022-11-17 00:00:00,EMENDA IMPOSITIVA INDIVIDUAL N.º 222/2022,"EMENDA IMPOSITIVA AO PROJETO DE LEI N° 182/2022, QUE ESTIMA A RECEITA E FIXA A DESPESA DO MUNICÍPIO PARA O EXERCÍCIO DE 2023.",Herivelto Vela,https://www.pindamonhangaba.sp.leg.br/proposicoes/0/0/0/0/118183#pesquisa
2022-11-17 00:00:00,EMENDA IMPOSITIVA INDIVIDUAL N.º 223/2022,"EMENDA IMPOSITIVA AO PROJETO DE LEI N° 182/2022, QUE ESTIMA A RECEITA E FIXA A DESPESA DO MUNICÍPIO PARA O EXERCÍCIO DE 2023.",Herivelto Vela,https://www.pindamonhangaba.sp.leg.br/proposicoes/0/0/0/0/118184#pesquisa
2022-11-17 00:00:00,EMENDA IMPOSITIVA INDIVIDUAL N.º 224/2022,"EMENDA IMPOSITIVA AO PROJETO DE LEI N° 182/2022, QUE ESTIMA A RECEITA E FIXA A DESPESA DO MUNICÍPIO PARA O EXERCÍCIO DE 2023.",Herivelto Vela,https://www.pindamonhangaba.sp.leg.br/proposicoes/0/0/0/0/118185#pesquisa
2022-11-17 00:00:00,EMENDA IMPOSITIVA INDIVIDUAL N.º 225/2022,"EMENDA IMPOSITIVA AO PROJETO DE LEI N° 182/2022, QUE ESTIMA A RECEITA E FIXA A DESPESA DO MUNICÍPIO PARA O EXERCÍCIO DE 2023.",Herivelto Vela,https://www.pindamonhangaba.sp.leg.br/proposicoes/0/0/0/0/118186#pesquisa
2022-11-17 00:00:00,EMENDA IMPOSITIVA INDIVIDUAL N.º 226/2022,"EMENDA IMPOSITIVA AO PROJETO DE LEI N° 182/2022, QUE ESTIMA A RECEITA E FIXA A DESPESA DO MUNICÍPIO PARA O EXERCÍCIO DE 2023.",Herivelto Vela,https://www.pindamonhangaba.sp.leg.br/proposicoes/0/0/0/0/118187#pesquisa
2022-11-17 00:00:00,EMENDA IMPOSITIVA INDIVIDUAL N.º 227/2022,"EMENDA IMPOSITIVA AO PROJETO DE LEI N° 182/2022, QUE ESTIMA A RECEITA E FIXA A DESPESA DO MUNICÍPIO PARA O EXERCÍCIO DE 2023.",Herivelto Vela,https://www.pindamonhangaba.sp.leg.br/proposicoes/0/0/0/0/118188#pesquisa
2022-11-17 00:00:00,EMENDA IMPOSITIVA INDIVIDUAL N.º 228/2022,"EMENDA IMPOSITIVA AO PROJETO DE LEI N° 182/2022, QUE ESTIMA A RECEITA E FIXA A DESPESA DO MUNICÍPIO PARA O EXERCÍCIO DE 2023.",Herivelto Vela,https://www.pindamonhangaba.sp.leg.br/proposicoes/0/0/0/0/118189#pesquisa
2022-11-17 00:00:00,EMENDA IMPOSITIVA INDIVIDUAL N.º 229/2022,"EMENDA IMPOSITIVA AO PROJETO DE LEI N° 182/2022, QUE ESTIMA A RECEITA E FIXA A DESPESA DO MUNICÍPIO PARA O EXERCÍCIO DE 2023.",Herivelto Vela,https://www.pindamonhangaba.sp.leg.br/proposicoes/0/0/0/0/118190#pesquisa
2022-11-17 00:00:00,EMENDA IMPOSITIVA INDIVIDUAL N.º 230/2022,"EMENDA IMPOSITIVA AO PROJETO DE LEI N° 182/2022, QUE ESTIMA A RECEITA E FIXA A DESPESA DO MUNICÍPIO PARA O EXERCÍCIO DE 2023.",Herivelto Vela,https://www.pindamonhangaba.sp.leg.br/proposicoes/0/0/0/0/118191#pesquisa
2022-11-17 00:00:00,EMENDA IMPOSITIVA INDIVIDUAL N.º 231/2022,"EMENDA IMPOSITIVA AO PROJETO DE LEI N° 182/2022, QUE ESTIMA A RECEITA E FIXA A DESPESA DO MUNICÍPIO PARA O EXERCÍCIO DE 2023.",Herivelto Vela,https://www.pindamonhangaba.sp.leg.br/proposicoes/0/0/0/0/118192#pesquisa
2022-11-17 00:00:00,EMENDA IMPOSITIVA INDIVIDUAL N.º 232/2022,"EMENDA IMPOSITIVA AO PROJETO DE LEI N° 182/2022, QUE ESTIMA A RECEITA E FIXA A DESPESA DO MUNICÍPIO PARA O EXERCÍCIO DE 2023.",Herivelto Vela,https://www.pindamonhangaba.sp.leg.br/proposicoes/0/0/0/0/118193#pesquisa
2022-11-17 00:00:00,EMENDA IMPOSITIVA INDIVIDUAL N.º 233/2022,"EMENDA IMPOSITIVA AO PROJETO DE LEI N° 182/2022, QUE ESTIMA A RECEITA E FIXA A DESPESA DO MUNICÍPIO PARA O EXERCÍCIO DE 2023.",Herivelto Vela,https://www.pindamonhangaba.sp.leg.br/proposicoes/0/0/0/0/118194#pesquisa
2022-11-17 00:00:00,EMENDA IMPOSITIVA INDIVIDUAL N.º 234/2022,"EMENDA IMPOSITIVA AO PROJETO DE LEI N° 182/2022, QUE ESTIMA A RECEITA E FIXA A DESPESA DO MUNICÍPIO PARA O EXERCÍCIO DE 2023.",Herivelto Vela,https://www.pindamonhangaba.sp.leg.br/proposicoes/0/0/0/0/118195#pesquisa
2022-11-17 00:00:00,EMENDA IMPOSITIVA INDIVIDUAL N.º 235/2022,"EMENDA IMPOSITIVA AO PROJETO DE LEI N° 182/2022, QUE ESTIMA A RECEITA E FIXA A DESPESA DO MUNICÍPIO PARA O EXERCÍCIO DE 2023.",Herivelto Vela,https://www.pindamonhangaba.sp.leg.br/proposicoes/0/0/0/0/118196#pesquisa
2022-11-17 00:00:00,EMENDA IMPOSITIVA INDIVIDUAL N.º 236/2022,"EMENDA IMPOSITIVA AO PROJETO DE LEI N° 182/2022, QUE ESTIMA A RECEITA E FIXA A DESPESA DO MUNICÍPIO PARA O EXERCÍCIO DE 2023.",Herivelto Vela,https://www.pindamonhangaba.sp.leg.br/proposicoes/0/0/0/0/118197#pesquisa
2022-11-17 00:00:00,EMENDA IMPOSITIVA INDIVIDUAL N.º 237/2022,"EMENDA IMPOSITIVA AO PROJETO DE LEI N° 182/2022, QUE ESTIMA A RECEITA E FIXA A DESPESA DO MUNICÍPIO PARA O EXERCÍCIO DE 2023.",Herivelto Vela,https://www.pindamonhangaba.sp.leg.br/proposicoes/0/0/0/0/118198#pesquisa
2022-11-17 00:00:00,EMENDA IMPOSITIVA INDIVIDUAL N.º 238/2022,"EMENDA IMPOSITIVA AO PROJETO DE LEI N° 182/2022, QUE ESTIMA A RECEITA E FIXA A DESPESA DO MUNICÍPIO PARA O EXERCÍCIO DE 2023.",Herivelto Vela,https://www.pindamonhangaba.sp.leg.br/proposicoes/0/0/0/0/118199#pesquisa
2022-11-17 00:00:00,EMENDA IMPOSITIVA INDIVIDUAL N.º 239/2022,"EMENDA IMPOSITIVA AO PROJETO DE LEI N° 182/2022, QUE ESTIMA A RECEITA E FIXA A DESPESA DO MUNICÍPIO PARA O EXERCÍCIO DE 2023.",Herivelto Vela,https://www.pindamonhangaba.sp.leg.br/proposicoes/0/0/0/0/118200#pesquisa
2022-11-17 00:00:00,EMENDA IMPOSITIVA INDIVIDUAL N.º 240/2022,"EMENDA IMPOSITIVA AO PROJETO DE LEI N° 182/2022, QUE ESTIMA A RECEITA E FIXA A DESPESA DO MUNICÍPIO PARA O EXERCÍCIO DE 2023.",Herivelto Vela,https://www.pindamonhangaba.sp.leg.br/proposicoes/0/0/0/0/118201#pesquisa
2022-11-17 00:00:00,EMENDA IMPOSITIVA INDIVIDUAL N.º 241/2022,"EMENDA IMPOSITIVA AO PROJETO DE LEI N° 182/2022, QUE ESTIMA A RECEITA E FIXA A DESPESA DO MUNICÍPIO PARA O EXERCÍCIO DE 2023.",Herivelto Vela,https://www.pindamonhangaba.sp.leg.br/proposicoes/0/0/0/0/118202#pesquisa
2022-11-17 00:00:00,EMENDA IMPOSITIVA INDIVIDUAL N.º 242/2022,"EMENDA IMPOSITIVA AO PROJETO DE LEI N° 182/2022, QUE ESTIMA A RECEITA E FIXA A DESPESA DO MUNICÍPIO PARA O EXERCÍCIO DE 2023.",Herivelto Vela,https://www.pindamonhangaba.sp.leg.br/proposicoes/0/0/0/0/118203#pesquisa
2022-11-17 00:00:00,EMENDA IMPOSITIVA INDIVIDUAL N.º 243/2022,"EMENDA IMPOSITIVA AO PROJETO DE LEI N° 182/2022, QUE ESTIMA A RECEITA E FIXA A DESPESA DO MUNICÍPIO PARA O EXERCÍCIO DE 2023.",Herivelto Vela,https://www.pindamonhangaba.sp.leg.br/proposicoes/0/0/0/0/118204#pesquisa
2022-11-17 00:00:00,EMENDA IMPOSITIVA INDIVIDUAL N.º 244/2022,"EMENDA IMPOSITIVA AO PROJETO DE LEI N° 182/2022, QUE ESTIMA A RECEITA E FIXA A DESPESA DO MUNICÍPIO PARA O EXERCÍCIO DE 2023.",Herivelto Vela,https://www.pindamonhangaba.sp.leg.br/proposicoes/0/0/0/0/118205#pesquisa
2022-11-17 00:00:00,EMENDA IMPOSITIVA INDIVIDUAL N.º 245/2022,"EMENDA IMPOSITIVA AO PROJETO DE LEI N° 182/2022, QUE ESTIMA A RECEITA E FIXA A DESPESA DO MUNICÍPIO PARA O EXERCÍCIO DE 2023.",Herivelto Vela,https://www.pindamonhangaba.sp.leg.br/proposicoes/0/0/0/0/118206#pesquisa
2022-11-17 00:00:00,EMENDA IMPOSITIVA INDIVIDUAL N.º 246/2022,"EMENDA IMPOSITIVA AO PROJETO DE LEI N° 182/2022, QUE ESTIMA A RECEITA E FIXA A DESPESA DO MUNICÍPIO PARA O EXERCÍCIO DE 2023.",Herivelto Vela,https://www.pindamonhangaba.sp.leg.br/proposicoes/0/0/0/0/118207#pesquisa
2022-11-17 00:00:00,EMENDA IMPOSITIVA INDIVIDUAL N.º 247/2022,"EMENDA IMPOSITIVA AO PROJETO DE LEI N° 182/2022, QUE ESTIMA A RECEITA E FIXA A DESPESA DO MUNICÍPIO PARA O EXERCÍCIO DE 2023.",Julinho Car,https://www.pindamonhangaba.sp.leg.br/proposicoes/0/0/0/0/118208#pesquisa
2022-11-17 00:00:00,EMENDA IMPOSITIVA INDIVIDUAL N.º 248/2022,"EMENDA IMPOSITIVA AO PROJETO DE LEI N° 182/2022, QUE ESTIMA A RECEITA E FIXA A DESPESA DO MUNICÍPIO PARA O EXERCÍCIO DE 2023.",Julinho Car,https://www.pindamonhangaba.sp.leg.br/proposicoes/0/0/0/0/118209#pesquisa
2022-11-17 00:00:00,EMENDA IMPOSITIVA INDIVIDUAL N.º 249/2022,"EMENDA IMPOSITIVA AO PROJETO DE LEI N° 182/2022, QUE ESTIMA A RECEITA E FIXA A DESPESA DO MUNICÍPIO PARA O EXERCÍCIO DE 2023.",Julinho Car,https://www.pindamonhangaba.sp.leg.br/proposicoes/0/0/0/0/118210#pesquisa
2022-11-17 00:00:00,EMENDA IMPOSITIVA INDIVIDUAL N.º 250/2022,"EMENDA IMPOSITIVA AO PROJETO DE LEI N° 182/2022, QUE ESTIMA A RECEITA E FIXA A DESPESA DO MUNICÍPIO PARA O EXERCÍCIO DE 2023.",Julinho Car,https://www.pindamonhangaba.sp.leg.br/proposicoes/0/0/0/0/118211#pesquisa
2022-11-17 00:00:00,EMENDA IMPOSITIVA INDIVIDUAL N.º 251/2022,"EMENDA IMPOSITIVA AO PROJETO DE LEI N° 182/2022, QUE ESTIMA A RECEITA E FIXA A DESPESA DO MUNICÍPIO PARA O EXERCÍCIO DE 2023.",Julinho Car,https://www.pindamonhangaba.sp.leg.br/proposicoes/0/0/0/0/118212#pesquisa
2022-11-17 00:00:00,EMENDA IMPOSITIVA INDIVIDUAL N.º 252/2022,"EMENDA IMPOSITIVA AO PROJETO DE LEI N° 182/2022, QUE ESTIMA A RECEITA E FIXA A DESPESA DO MUNICÍPIO PARA O EXERCÍCIO DE 2023.",Julinho Car,https://www.pindamonhangaba.sp.leg.br/proposicoes/0/0/0/0/118213#pesquisa
2022-11-17 00:00:00,EMENDA IMPOSITIVA INDIVIDUAL N.º 253/2022,"EMENDA IMPOSITIVA AO PROJETO DE LEI N° 182/2022, QUE ESTIMA A RECEITA E FIXA A DESPESA DO MUNICÍPIO PARA O EXERCÍCIO DE 2023.",Julinho Car,https://www.pindamonhangaba.sp.leg.br/proposicoes/0/0/0/0/118214#pesquisa
2022-11-17 00:00:00,EMENDA IMPOSITIVA INDIVIDUAL N.º 254/2022,"EMENDA IMPOSITIVA AO PROJETO DE LEI N° 182/2022, QUE ESTIMA A RECEITA E FIXA A DESPESA DO MUNICÍPIO PARA O EXERCÍCIO DE 2023.",Julinho Car,https://www.pindamonhangaba.sp.leg.br/proposicoes/0/0/0/0/118215#pesquisa
2022-11-17 00:00:00,EMENDA IMPOSITIVA INDIVIDUAL N.º 255/2022,"EMENDA IMPOSITIVA AO PROJETO DE LEI N° 182/2022, QUE ESTIMA A RECEITA E FIXA A DESPESA DO MUNICÍPIO PARA O EXERCÍCIO DE 2023.",Julinho Car,https://www.pindamonhangaba.sp.leg.br/proposicoes/0/0/0/0/118216#pesquisa
2022-11-17 00:00:00,EMENDA IMPOSITIVA INDIVIDUAL N.º 256/2022,"EMENDA IMPOSITIVA AO PROJETO DE LEI N° 182/2022, QUE ESTIMA A RECEITA E FIXA A DESPESA DO MUNICÍPIO PARA O EXERCÍCIO DE 2023.",Julinho Car,https://www.pindamonhangaba.sp.leg.br/proposicoes/0/0/0/0/118217#pesquisa
2022-11-17 00:00:00,EMENDA IMPOSITIVA INDIVIDUAL N.º 001/2022,"EMENDA IMPOSITIVA AO PROJETO DE LEI N° 182/2022, QUE ESTIMA A RECEITA E FIXA A DESPESA DO MUNICÍPIO PARA O EXERCÍCIO DE 2023.",Marco Mayor,https://www.pindamonhangaba.sp.leg.br/proposicoes/0/0/0/0/117962#pesquisa
2022-11-17 00:00:00,EMENDA IMPOSITIVA INDIVIDUAL N.º 257/2022,"EMENDA IMPOSITIVA AO PROJETO DE LEI N° 182/2022, QUE ESTIMA A RECEITA E FIXA A DESPESA DO MUNICÍPIO PARA O EXERCÍCIO DE 2023.",Julinho Car,https://www.pindamonhangaba.sp.leg.br/proposicoes/0/0/0/0/118218#pesquisa
2022-11-17 00:00:00,EMENDA IMPOSITIVA INDIVIDUAL N.º 002/2022,"EMENDA IMPOSITIVA AO PROJETO DE LEI N° 182/2022, QUE ESTIMA A RECEITA E FIXA A DESPESA DO MUNICÍPIO PARA O EXERCÍCIO DE 2023.",Marco Mayor,https://www.pindamonhangaba.sp.leg.br/proposicoes/0/0/0/0/117963#pesquisa
2022-11-17 00:00:00,EMENDA IMPOSITIVA INDIVIDUAL N.º 258/2022,"EMENDA IMPOSITIVA AO PROJETO DE LEI N° 182/2022, QUE ESTIMA A RECEITA E FIXA A DESPESA DO MUNICÍPIO PARA O EXERCÍCIO DE 2023.",Julinho Car,https://www.pindamonhangaba.sp.leg.br/proposicoes/0/0/0/0/118219#pesquisa
2022-11-17 00:00:00,EMENDA IMPOSITIVA INDIVIDUAL N.º 003/2022,"EMENDA IMPOSITIVA AO PROJETO DE LEI N° 182/2022, QUE ESTIMA A RECEITA E FIXA A DESPESA DO MUNICÍPIO PARA O EXERCÍCIO DE 2023.",Marco Mayor,https://www.pindamonhangaba.sp.leg.br/proposicoes/0/0/0/0/117964#pesquisa
2022-11-17 00:00:00,EMENDA IMPOSITIVA INDIVIDUAL N.º 259/2022,"EMENDA IMPOSITIVA AO PROJETO DE LEI N° 182/2022, QUE ESTIMA A RECEITA E FIXA A DESPESA DO MUNICÍPIO PARA O EXERCÍCIO DE 2023.",Julinho Car,https://www.pindamonhangaba.sp.leg.br/proposicoes/0/0/0/0/118220#pesquisa
2022-11-17 00:00:00,EMENDA IMPOSITIVA INDIVIDUAL N.º 004/2022,"EMENDA IMPOSITIVA AO PROJETO DE LEI N° 182/2022, QUE ESTIMA A RECEITA E FIXA A DESPESA DO MUNICÍPIO PARA O EXERCÍCIO DE 2023.",Marco Mayor,https://www.pindamonhangaba.sp.leg.br/proposicoes/0/0/0/0/117965#pesquisa
2022-11-17 00:00:00,EMENDA IMPOSITIVA INDIVIDUAL N.º 260/2022,"EMENDA IMPOSITIVA AO PROJETO DE LEI N° 182/2022, QUE ESTIMA A RECEITA E FIXA A DESPESA DO MUNICÍPIO PARA O EXERCÍCIO DE 2023.",Julinho Car,https://www.pindamonhangaba.sp.leg.br/proposicoes/0/0/0/0/118221#pesquisa
2022-11-17 00:00:00,EMENDA IMPOSITIVA INDIVIDUAL N.º 005/2022,"EMENDA IMPOSITIVA AO PROJETO DE LEI N° 182/2022, QUE ESTIMA A RECEITA E FIXA A DESPESA DO MUNICÍPIO PARA O EXERCÍCIO DE 2023.",Marco Mayor,https://www.pindamonhangaba.sp.leg.br/proposicoes/0/0/0/0/117966#pesquisa
2022-11-17 00:00:00,EMENDA IMPOSITIVA INDIVIDUAL N.º 261/2022,"EMENDA IMPOSITIVA AO PROJETO DE LEI N° 182/2022, QUE ESTIMA A RECEITA E FIXA A DESPESA DO MUNICÍPIO PARA O EXERCÍCIO DE 2023.",Julinho Car,https://www.pindamonhangaba.sp.leg.br/proposicoes/0/0/0/0/118222#pesquisa
2022-11-17 00:00:00,EMENDA IMPOSITIVA INDIVIDUAL N.º 006/2022,"EMENDA IMPOSITIVA AO PROJETO DE LEI N° 182/2022, QUE ESTIMA A RECEITA E FIXA A DESPESA DO MUNICÍPIO PARA O EXERCÍCIO DE 2023.",Marco Mayor,https://www.pindamonhangaba.sp.leg.br/proposicoes/0/0/0/0/117967#pesquisa
2022-11-17 00:00:00,EMENDA IMPOSITIVA INDIVIDUAL N.º 262/2022,"EMENDA IMPOSITIVA AO PROJETO DE LEI N° 182/2022, QUE ESTIMA A RECEITA E FIXA A DESPESA DO MUNICÍPIO PARA O EXERCÍCIO DE 2023.",Julinho Car,https://www.pindamonhangaba.sp.leg.br/proposicoes/0/0/0/0/118223#pesquisa
2022-11-17 00:00:00,EMENDA IMPOSITIVA INDIVIDUAL N.º 007/2022,"EMENDA IMPOSITIVA AO PROJETO DE LEI N° 182/2022, QUE ESTIMA A RECEITA E FIXA A DESPESA DO MUNICÍPIO PARA O EXERCÍCIO DE 2023.",Marco Mayor,https://www.pindamonhangaba.sp.leg.br/proposicoes/0/0/0/0/117968#pesquisa
2022-11-17 00:00:00,EMENDA IMPOSITIVA INDIVIDUAL N.º 263/2022,"EMENDA IMPOSITIVA AO PROJETO DE LEI N° 182/2022, QUE ESTIMA A RECEITA E FIXA A DESPESA DO MUNICÍPIO PARA O EXERCÍCIO DE 2023.",Julinho Car,https://www.pindamonhangaba.sp.leg.br/proposicoes/0/0/0/0/118224#pesquisa
2022-11-17 00:00:00,EMENDA IMPOSITIVA INDIVIDUAL N.º 008/2022,"EMENDA IMPOSITIVA AO PROJETO DE LEI N° 182/2022, QUE ESTIMA A RECEITA E FIXA A DESPESA DO MUNICÍPIO PARA O EXERCÍCIO DE 2023.",Marco Mayor,https://www.pindamonhangaba.sp.leg.br/proposicoes/0/0/0/0/117969#pesquisa
2022-11-17 00:00:00,EMENDA IMPOSITIVA INDIVIDUAL N.º 264/2022,"EMENDA IMPOSITIVA AO PROJETO DE LEI N° 182/2022, QUE ESTIMA A RECEITA E FIXA A DESPESA DO MUNICÍPIO PARA O EXERCÍCIO DE 2023.",Julinho Car,https://www.pindamonhangaba.sp.leg.br/proposicoes/0/0/0/0/118225#pesquisa
2022-11-17 00:00:00,EMENDA IMPOSITIVA INDIVIDUAL N.º 009/2022,"EMENDA IMPOSITIVA AO PROJETO DE LEI N° 182/2022, QUE ESTIMA A RECEITA E FIXA A DESPESA DO MUNICÍPIO PARA O EXERCÍCIO DE 2023.",Marco Mayor,https://www.pindamonhangaba.sp.leg.br/proposicoes/0/0/0/0/117970#pesquisa
2022-11-17 00:00:00,EMENDA IMPOSITIVA INDIVIDUAL N.º 265/2022,"EMENDA IMPOSITIVA AO PROJETO DE LEI N° 182/2022, QUE ESTIMA A RECEITA E FIXA A DESPESA DO MUNICÍPIO PARA O EXERCÍCIO DE 2023.",Julinho Car,https://www.pindamonhangaba.sp.leg.br/proposicoes/0/0/0/0/118226#pesquisa
2022-11-17 00:00:00,EMENDA IMPOSITIVA INDIVIDUAL N.º 010/2022,"EMENDA IMPOSITIVA AO PROJETO DE LEI N° 182/2022, QUE ESTIMA A RECEITA E FIXA A DESPESA DO MUNICÍPIO PARA O EXERCÍCIO DE 2023.",Regininha,https://www.pindamonhangaba.sp.leg.br/proposicoes/0/0/0/0/117971#pesquisa
2022-11-17 00:00:00,EMENDA IMPOSITIVA INDIVIDUAL N.º 266/2022,"EMENDA IMPOSITIVA AO PROJETO DE LEI N° 182/2022, QUE ESTIMA A RECEITA E FIXA A DESPESA DO MUNICÍPIO PARA O EXERCÍCIO DE 2023.",Julinho Car,https://www.pindamonhangaba.sp.leg.br/proposicoes/0/0/0/0/118227#pesquisa
2022-11-17 00:00:00,EMENDA IMPOSITIVA INDIVIDUAL N.º 011/2022,"EMENDA IMPOSITIVA AO PROJETO DE LEI N° 182/2022, QUE ESTIMA A RECEITA E FIXA A DESPESA DO MUNICÍPIO PARA O EXERCÍCIO DE 2023.",Regininha,https://www.pindamonhangaba.sp.leg.br/proposicoes/0/0/0/0/117972#pesquisa
2022-11-17 00:00:00,EMENDA IMPOSITIVA INDIVIDUAL N.º 267/2022,"EMENDA IMPOSITIVA AO PROJETO DE LEI N° 182/2022, QUE ESTIMA A RECEITA E FIXA A DESPESA DO MUNICÍPIO PARA O EXERCÍCIO DE 2023.",Julinho Car,https://www.pindamonhangaba.sp.leg.br/proposicoes/0/0/0/0/118228#pesquisa
2022-11-17 00:00:00,EMENDA IMPOSITIVA INDIVIDUAL N.º 012/2022,"EMENDA IMPOSITIVA AO PROJETO DE LEI N° 182/2022, QUE ESTIMA A RECEITA E FIXA A DESPESA DO MUNICÍPIO PARA O EXERCÍCIO DE 2023.",Regininha,https://www.pindamonhangaba.sp.leg.br/proposicoes/0/0/0/0/117973#pesquisa
2022-11-17 00:00:00,EMENDA IMPOSITIVA INDIVIDUAL N.º 268/2022,"EMENDA IMPOSITIVA AO PROJETO DE LEI N° 182/2022, QUE ESTIMA A RECEITA E FIXA A DESPESA DO MUNICÍPIO PARA O EXERCÍCIO DE 2023.",Julinho Car,https://www.pindamonhangaba.sp.leg.br/proposicoes/0/0/0/0/118229#pesquisa
2022-11-17 00:00:00,EMENDA IMPOSITIVA INDIVIDUAL N.º 013/2022,"EMENDA IMPOSITIVA AO PROJETO DE LEI N° 182/2022, QUE ESTIMA A RECEITA E FIXA A DESPESA DO MUNICÍPIO PARA O EXERCÍCIO DE 2023.",Regininha,https://www.pindamonhangaba.sp.leg.br/proposicoes/0/0/0/0/117974#pesquisa
2022-11-17 00:00:00,EMENDA IMPOSITIVA INDIVIDUAL N.º 269/2022,"EMENDA IMPOSITIVA AO PROJETO DE LEI N° 182/2022, QUE ESTIMA A RECEITA E FIXA A DESPESA DO MUNICÍPIO PARA O EXERCÍCIO DE 2023.",Julinho Car,https://www.pindamonhangaba.sp.leg.br/proposicoes/0/0/0/0/118230#pesquisa
2022-11-17 00:00:00,EMENDA IMPOSITIVA INDIVIDUAL N.º 014/2022,"EMENDA IMPOSITIVA AO PROJETO DE LEI N° 182/2022, QUE ESTIMA A RECEITA E FIXA A DESPESA DO MUNICÍPIO PARA O EXERCÍCIO DE 2023.",Regininha,https://www.pindamonhangaba.sp.leg.br/proposicoes/0/0/0/0/117975#pesquisa
2022-11-17 00:00:00,EMENDA IMPOSITIVA INDIVIDUAL N.º 270/2022,"EMENDA IMPOSITIVA AO PROJETO DE LEI N° 182/2022, QUE ESTIMA A RECEITA E FIXA A DESPESA DO MUNICÍPIO PARA O EXERCÍCIO DE 2023.",Julinho Car,https://www.pindamonhangaba.sp.leg.br/proposicoes/0/0/0/0/118231#pesquisa
2022-11-17 00:00:00,EMENDA IMPOSITIVA INDIVIDUAL N.º 015/2022,"EMENDA IMPOSITIVA AO PROJETO DE LEI N° 182/2022, QUE ESTIMA A RECEITA E FIXA A DESPESA DO MUNICÍPIO PARA O EXERCÍCIO DE 2023.",Regininha,https://www.pindamonhangaba.sp.leg.br/proposicoes/0/0/0/0/117976#pesquisa
2022-11-17 00:00:00,EMENDA IMPOSITIVA INDIVIDUAL N.º 271/2022,"EMENDA IMPOSITIVA AO PROJETO DE LEI N° 182/2022, QUE ESTIMA A RECEITA E FIXA A DESPESA DO MUNICÍPIO PARA O EXERCÍCIO DE 2023.",Julinho Car,https://www.pindamonhangaba.sp.leg.br/proposicoes/0/0/0/0/118232#pesquisa
2022-11-17 00:00:00,EMENDA IMPOSITIVA INDIVIDUAL N.º 016/2022,"EMENDA IMPOSITIVA AO PROJETO DE LEI N° 182/2022, QUE ESTIMA A RECEITA E FIXA A DESPESA DO MUNICÍPIO PARA O EXERCÍCIO DE 2023.",Regininha,https://www.pindamonhangaba.sp.leg.br/proposicoes/0/0/0/0/117977#pesquisa
2022-11-17 00:00:00,EMENDA IMPOSITIVA INDIVIDUAL N.º 272/2022,"EMENDA IMPOSITIVA AO PROJETO DE LEI N° 182/2022, QUE ESTIMA A RECEITA E FIXA A DESPESA DO MUNICÍPIO PARA O EXERCÍCIO DE 2023.",Professor Felipe Guimarães,https://www.pindamonhangaba.sp.leg.br/proposicoes/0/0/0/0/118233#pesquisa
2022-11-17 00:00:00,EMENDA IMPOSITIVA INDIVIDUAL N.º 017/2022,"EMENDA IMPOSITIVA AO PROJETO DE LEI N° 182/2022, QUE ESTIMA A RECEITA E FIXA A DESPESA DO MUNICÍPIO PARA O EXERCÍCIO DE 2023.",Regininha,https://www.pindamonhangaba.sp.leg.br/proposicoes/0/0/0/0/117978#pesquisa
2022-11-17 00:00:00,EMENDA IMPOSITIVA INDIVIDUAL N.º 273/2022,"EMENDA IMPOSITIVA AO PROJETO DE LEI N° 182/2022, QUE ESTIMA A RECEITA E FIXA A DESPESA DO MUNICÍPIO PARA O EXERCÍCIO DE 2023.",Professor Felipe Guimarães,https://www.pindamonhangaba.sp.leg.br/proposicoes/0/0/0/0/118234#pesquisa
2022-11-17 00:00:00,EMENDA IMPOSITIVA INDIVIDUAL N.º 018/2022,"EMENDA IMPOSITIVA AO PROJETO DE LEI N° 182/2022, QUE ESTIMA A RECEITA E FIXA A DESPESA DO MUNICÍPIO PARA O EXERCÍCIO DE 2023.",Regininha,https://www.pindamonhangaba.sp.leg.br/proposicoes/0/0/0/0/117979#pesquisa
2022-11-17 00:00:00,EMENDA IMPOSITIVA INDIVIDUAL N.º 274/2022,"EMENDA IMPOSITIVA AO PROJETO DE LEI N° 182/2022, QUE ESTIMA A RECEITA E FIXA A DESPESA DO MUNICÍPIO PARA O EXERCÍCIO DE 2023.",Professor Felipe Guimarães,https://www.pindamonhangaba.sp.leg.br/proposicoes/0/0/0/0/118235#pesquisa
2022-11-17 00:00:00,EMENDA IMPOSITIVA INDIVIDUAL N.º 019/2022,"EMENDA IMPOSITIVA AO PROJETO DE LEI N° 182/2022, QUE ESTIMA A RECEITA E FIXA A DESPESA DO MUNICÍPIO PARA O EXERCÍCIO DE 2023.",Regininha,https://www.pindamonhangaba.sp.leg.br/proposicoes/0/0/0/0/117980#pesquisa
2022-11-17 00:00:00,EMENDA IMPOSITIVA INDIVIDUAL N.º 275/2022,"EMENDA IMPOSITIVA AO PROJETO DE LEI N° 182/2022, QUE ESTIMA A RECEITA E FIXA A DESPESA DO MUNICÍPIO PARA O EXERCÍCIO DE 2023.",Professor Felipe Guimarães,https://www.pindamonhangaba.sp.leg.br/proposicoes/0/0/0/0/118236#pesquisa
2022-11-17 00:00:00,EMENDA IMPOSITIVA INDIVIDUAL N.º 020/2022,"EMENDA IMPOSITIVA AO PROJETO DE LEI N° 182/2022, QUE ESTIMA A RECEITA E FIXA A DESPESA DO MUNICÍPIO PARA O EXERCÍCIO DE 2023.",Regininha,https://www.pindamonhangaba.sp.leg.br/proposicoes/0/0/0/0/117981#pesquisa
2022-11-17 00:00:00,EMENDA IMPOSITIVA INDIVIDUAL N.º 276/2022,"EMENDA IMPOSITIVA AO PROJETO DE LEI N° 182/2022, QUE ESTIMA A RECEITA E FIXA A DESPESA DO MUNICÍPIO PARA O EXERCÍCIO DE 2023.",Professor Felipe Guimarães,https://www.pindamonhangaba.sp.leg.br/proposicoes/0/0/0/0/118237#pesquisa
2022-11-17 00:00:00,EMENDA IMPOSITIVA INDIVIDUAL N.º 021/2022,"EMENDA IMPOSITIVA AO PROJETO DE LEI N° 182/2022, QUE ESTIMA A RECEITA E FIXA A DESPESA DO MUNICÍPIO PARA O EXERCÍCIO DE 2023.",Regininha,https://www.pindamonhangaba.sp.leg.br/proposicoes/0/0/0/0/117982#pesquisa
2022-11-17 00:00:00,EMENDA IMPOSITIVA INDIVIDUAL N.º 277/2022,"EMENDA IMPOSITIVA AO PROJETO DE LEI N° 182/2022, QUE ESTIMA A RECEITA E FIXA A DESPESA DO MUNICÍPIO PARA O EXERCÍCIO DE 2023.",Professor Felipe Guimarães,https://www.pindamonhangaba.sp.leg.br/proposicoes/0/0/0/0/118238#pesquisa
2022-11-17 00:00:00,EMENDA IMPOSITIVA INDIVIDUAL N.º 022/2022,"EMENDA IMPOSITIVA AO PROJETO DE LEI N° 182/2022, QUE ESTIMA A RECEITA E FIXA A DESPESA DO MUNICÍPIO PARA O EXERCÍCIO DE 2023.",Regininha,https://www.pindamonhangaba.sp.leg.br/proposicoes/0/0/0/0/117983#pesquisa
2022-11-17 00:00:00,EMENDA IMPOSITIVA INDIVIDUAL N.º 278/2022,"EMENDA IMPOSITIVA AO PROJETO DE LEI N° 182/2022, QUE ESTIMA A RECEITA E FIXA A DESPESA DO MUNICÍPIO PARA O EXERCÍCIO DE 2023.",Professor Felipe Guimarães,https://www.pindamonhangaba.sp.leg.br/proposicoes/0/0/0/0/118239#pesquisa
2022-11-17 00:00:00,EMENDA IMPOSITIVA INDIVIDUAL N.º 023/2022,"EMENDA IMPOSITIVA AO PROJETO DE LEI N° 182/2022, QUE ESTIMA A RECEITA E FIXA A DESPESA DO MUNICÍPIO PARA O EXERCÍCIO DE 2023.",Regininha,https://www.pindamonhangaba.sp.leg.br/proposicoes/0/0/0/0/117984#pesquisa
2022-11-17 00:00:00,EMENDA IMPOSITIVA INDIVIDUAL N.º 279/2022,"EMENDA IMPOSITIVA AO PROJETO DE LEI N° 182/2022, QUE ESTIMA A RECEITA E FIXA A DESPESA DO MUNICÍPIO PARA O EXERCÍCIO DE 2023.",Professor Felipe Guimarães,https://www.pindamonhangaba.sp.leg.br/proposicoes/0/0/0/0/118240#pesquisa
2022-11-17 00:00:00,EMENDA IMPOSITIVA INDIVIDUAL N.º 024/2022,"EMENDA IMPOSITIVA AO PROJETO DE LEI N° 182/2022, QUE ESTIMA A RECEITA E FIXA A DESPESA DO MUNICÍPIO PARA O EXERCÍCIO DE 2023.",Regininha,https://www.pindamonhangaba.sp.leg.br/proposicoes/0/0/0/0/117985#pesquisa
2022-11-17 00:00:00,EMENDA IMPOSITIVA INDIVIDUAL N.º 280/2022,"EMENDA IMPOSITIVA AO PROJETO DE LEI N° 182/2022, QUE ESTIMA A RECEITA E FIXA A DESPESA DO MUNICÍPIO PARA O EXERCÍCIO DE 2023.",Professor Felipe Guimarães,https://www.pindamonhangaba.sp.leg.br/proposicoes/0/0/0/0/118241#pesquisa
2022-11-17 00:00:00,EMENDA IMPOSITIVA INDIVIDUAL N.º 025/2022,"EMENDA IMPOSITIVA AO PROJETO DE LEI N° 182/2022, QUE ESTIMA A RECEITA E FIXA A DESPESA DO MUNICÍPIO PARA O EXERCÍCIO DE 2023.",Regininha,https://www.pindamonhangaba.sp.leg.br/proposicoes/0/0/0/0/117986#pesquisa
2022-11-17 00:00:00,EMENDA IMPOSITIVA INDIVIDUAL N.º 281/2022,"EMENDA IMPOSITIVA AO PROJETO DE LEI N° 182/2022, QUE ESTIMA A RECEITA E FIXA A DESPESA DO MUNICÍPIO PARA O EXERCÍCIO DE 2023.",Professor Felipe Guimarães,https://www.pindamonhangaba.sp.leg.br/proposicoes/0/0/0/0/118242#pesquisa
2022-11-17 00:00:00,EMENDA IMPOSITIVA INDIVIDUAL N.º 026/2022,"EMENDA IMPOSITIVA AO PROJETO DE LEI N° 182/2022, QUE ESTIMA A RECEITA E FIXA A DESPESA DO MUNICÍPIO PARA O EXERCÍCIO DE 2023.",Regininha,https://www.pindamonhangaba.sp.leg.br/proposicoes/0/0/0/0/117987#pesquisa
2022-11-17 00:00:00,EMENDA IMPOSITIVA INDIVIDUAL N.º 282/2022,"EMENDA IMPOSITIVA AO PROJETO DE LEI N° 182/2022, QUE ESTIMA A RECEITA E FIXA A DESPESA DO MUNICÍPIO PARA O EXERCÍCIO DE 2023.",Professor Felipe Guimarães,https://www.pindamonhangaba.sp.leg.br/proposicoes/0/0/0/0/118243#pesquisa
2022-11-17 00:00:00,EMENDA IMPOSITIVA INDIVIDUAL N.º 027/2022,"EMENDA IMPOSITIVA AO PROJETO DE LEI N° 182/2022, QUE ESTIMA A RECEITA E FIXA A DESPESA DO MUNICÍPIO PARA O EXERCÍCIO DE 2023.",Renato Cebola,https://www.pindamonhangaba.sp.leg.br/proposicoes/0/0/0/0/117988#pesquisa
2022-11-17 00:00:00,EMENDA IMPOSITIVA INDIVIDUAL N.º 283/2022,"EMENDA IMPOSITIVA AO PROJETO DE LEI N° 182/2022, QUE ESTIMA A RECEITA E FIXA A DESPESA DO MUNICÍPIO PARA O EXERCÍCIO DE 2023.",Professor Felipe Guimarães,https://www.pindamonhangaba.sp.leg.br/proposicoes/0/0/0/0/118244#pesquisa
2022-11-17 00:00:00,EMENDA IMPOSITIVA INDIVIDUAL N.º 028/2022,"EMENDA IMPOSITIVA AO PROJETO DE LEI N° 182/2022, QUE ESTIMA A RECEITA E FIXA A DESPESA DO MUNICÍPIO PARA O EXERCÍCIO DE 2023.",Regininha,https://www.pindamonhangaba.sp.leg.br/proposicoes/0/0/0/0/117989#pesquisa
2022-11-17 00:00:00,EMENDA IMPOSITIVA INDIVIDUAL N.º 284/2022,"EMENDA IMPOSITIVA AO PROJETO DE LEI N° 182/2022, QUE ESTIMA A RECEITA E FIXA A DESPESA DO MUNICÍPIO PARA O EXERCÍCIO DE 2023.",Professor Felipe Guimarães,https://www.pindamonhangaba.sp.leg.br/proposicoes/0/0/0/0/118245#pesquisa
2022-11-17 00:00:00,EMENDA IMPOSITIVA INDIVIDUAL N.º 029/2022,"EMENDA IMPOSITIVA AO PROJETO DE LEI N° 182/2022, QUE ESTIMA A RECEITA E FIXA A DESPESA DO MUNICÍPIO PARA O EXERCÍCIO DE 2023.",Regininha,https://www.pindamonhangaba.sp.leg.br/proposicoes/0/0/0/0/117990#pesquisa
2022-11-17 00:00:00,EMENDA IMPOSITIVA INDIVIDUAL N.º 285/2022,"EMENDA IMPOSITIVA AO PROJETO DE LEI N° 182/2022, QUE ESTIMA A RECEITA E FIXA A DESPESA DO MUNICÍPIO PARA O EXERCÍCIO DE 2023.",Professor Felipe Guimarães,https://www.pindamonhangaba.sp.leg.br/proposicoes/0/0/0/0/118246#pesquisa
2022-11-17 00:00:00,EMENDA IMPOSITIVA INDIVIDUAL N.º 030/2022,"EMENDA IMPOSITIVA AO PROJETO DE LEI N° 182/2022, QUE ESTIMA A RECEITA E FIXA A DESPESA DO MUNICÍPIO PARA O EXERCÍCIO DE 2023.",Regininha,https://www.pindamonhangaba.sp.leg.br/proposicoes/0/0/0/0/117991#pesquisa
2022-11-17 00:00:00,EMENDA IMPOSITIVA INDIVIDUAL N.º 286/2022,"EMENDA IMPOSITIVA AO PROJETO DE LEI N° 182/2022, QUE ESTIMA A RECEITA E FIXA A DESPESA DO MUNICÍPIO PARA O EXERCÍCIO DE 2023.",Professor Felipe Guimarães,https://www.pindamonhangaba.sp.leg.br/proposicoes/0/0/0/0/118247#pesquisa
2022-11-17 00:00:00,EMENDA IMPOSITIVA INDIVIDUAL N.º 031/2022,"EMENDA IMPOSITIVA AO PROJETO DE LEI N° 182/2022, QUE ESTIMA A RECEITA E FIXA A DESPESA DO MUNICÍPIO PARA O EXERCÍCIO DE 2023.",Regininha,https://www.pindamonhangaba.sp.leg.br/proposicoes/0/0/0/0/117992#pesquisa
2022-11-17 00:00:00,EMENDA IMPOSITIVA INDIVIDUAL N.º 287/2022,"EMENDA IMPOSITIVA AO PROJETO DE LEI N° 182/2022, QUE ESTIMA A RECEITA E FIXA A DESPESA DO MUNICÍPIO PARA O EXERCÍCIO DE 2023.",Professor Felipe Guimarães,https://www.pindamonhangaba.sp.leg.br/proposicoes/0/0/0/0/118248#pesquisa
2022-11-17 00:00:00,EMENDA IMPOSITIVA INDIVIDUAL N.º 032/2022,"EMENDA IMPOSITIVA AO PROJETO DE LEI N° 182/2022, QUE ESTIMA A RECEITA E FIXA A DESPESA DO MUNICÍPIO PARA O EXERCÍCIO DE 2023.",Regininha,https://www.pindamonhangaba.sp.leg.br/proposicoes/0/0/0/0/117993#pesquisa
2022-11-17 00:00:00,EMENDA IMPOSITIVA INDIVIDUAL N.º 288/2022,"EMENDA IMPOSITIVA AO PROJETO DE LEI N° 182/2022, QUE ESTIMA A RECEITA E FIXA A DESPESA DO MUNICÍPIO PARA O EXERCÍCIO DE 2023.",Professor Felipe Guimarães,https://www.pindamonhangaba.sp.leg.br/proposicoes/0/0/0/0/118249#pesquisa
2022-11-17 00:00:00,EMENDA IMPOSITIVA INDIVIDUAL N.º 033/2022,"EMENDA IMPOSITIVA AO PROJETO DE LEI N° 182/2022, QUE ESTIMA A RECEITA E FIXA A DESPESA DO MUNICÍPIO PARA O EXERCÍCIO DE 2023.",Regininha,https://www.pindamonhangaba.sp.leg.br/proposicoes/0/0/0/0/117994#pesquisa
2022-11-17 00:00:00,EMENDA IMPOSITIVA INDIVIDUAL N.º 289/2022,"EMENDA IMPOSITIVA AO PROJETO DE LEI N° 182/2022, QUE ESTIMA A RECEITA E FIXA A DESPESA DO MUNICÍPIO PARA O EXERCÍCIO DE 2023.",Professor Felipe Guimarães,https://www.pindamonhangaba.sp.leg.br/proposicoes/0/0/0/0/118250#pesquisa
2022-11-17 00:00:00,EMENDA IMPOSITIVA INDIVIDUAL N.º 034/2022,"EMENDA IMPOSITIVA AO PROJETO DE LEI N° 182/2022, QUE ESTIMA A RECEITA E FIXA A DESPESA DO MUNICÍPIO PARA O EXERCÍCIO DE 2023.",Regininha,https://www.pindamonhangaba.sp.leg.br/proposicoes/0/0/0/0/117995#pesquisa
2022-11-17 00:00:00,EMENDA IMPOSITIVA INDIVIDUAL N.º 290/2022,"EMENDA IMPOSITIVA AO PROJETO DE LEI N° 182/2022, QUE ESTIMA A RECEITA E FIXA A DESPESA DO MUNICÍPIO PARA O EXERCÍCIO DE 2023.",Professor Felipe Guimarães,https://www.pindamonhangaba.sp.leg.br/proposicoes/0/0/0/0/118251#pesquisa
2022-11-17 00:00:00,EMENDA IMPOSITIVA INDIVIDUAL N.º 035/2022,"EMENDA IMPOSITIVA AO PROJETO DE LEI N° 182/2022, QUE ESTIMA A RECEITA E FIXA A DESPESA DO MUNICÍPIO PARA O EXERCÍCIO DE 2023.",Regininha,https://www.pindamonhangaba.sp.leg.br/proposicoes/0/0/0/0/117996#pesquisa
2022-11-17 00:00:00,EMENDA IMPOSITIVA INDIVIDUAL N.º 291/2022,"EMENDA IMPOSITIVA AO PROJETO DE LEI N° 182/2022, QUE ESTIMA A RECEITA E FIXA A DESPESA DO MUNICÍPIO PARA O EXERCÍCIO DE 2023.",Professor Felipe Guimarães,https://www.pindamonhangaba.sp.leg.br/proposicoes/0/0/0/0/118252#pesquisa
2022-11-17 00:00:00,EMENDA IMPOSITIVA INDIVIDUAL N.º 036/2022,"EMENDA IMPOSITIVA AO PROJETO DE LEI N° 182/2022, QUE ESTIMA A RECEITA E FIXA A DESPESA DO MUNICÍPIO PARA O EXERCÍCIO DE 2023.",Regininha,https://www.pindamonhangaba.sp.leg.br/proposicoes/0/0/0/0/117997#pesquisa
2022-11-17 00:00:00,EMENDA IMPOSITIVA INDIVIDUAL N.º 292/2022,"EMENDA IMPOSITIVA AO PROJETO DE LEI N° 182/2022, QUE ESTIMA A RECEITA E FIXA A DESPESA DO MUNICÍPIO PARA O EXERCÍCIO DE 2023.",Professor Felipe Guimarães,https://www.pindamonhangaba.sp.leg.br/proposicoes/0/0/0/0/118253#pesquisa
2022-11-17 00:00:00,EMENDA IMPOSITIVA INDIVIDUAL N.º 037/2022,"EMENDA IMPOSITIVA AO PROJETO DE LEI N° 182/2022, QUE ESTIMA A RECEITA E FIXA A DESPESA DO MUNICÍPIO PARA O EXERCÍCIO DE 2023.",Regininha,https://www.pindamonhangaba.sp.leg.br/proposicoes/0/0/0/0/117998#pesquisa
2022-11-17 00:00:00,EMENDA IMPOSITIVA INDIVIDUAL N.º 293/2022,"EMENDA IMPOSITIVA AO PROJETO DE LEI N° 182/2022, QUE ESTIMA A RECEITA E FIXA A DESPESA DO MUNICÍPIO PARA O EXERCÍCIO DE 2023.",Professor Felipe Guimarães,https://www.pindamonhangaba.sp.leg.br/proposicoes/0/0/0/0/118254#pesquisa
2022-11-17 00:00:00,EMENDA IMPOSITIVA INDIVIDUAL N.º 038/2022,"EMENDA IMPOSITIVA AO PROJETO DE LEI N° 182/2022, QUE ESTIMA A RECEITA E FIXA A DESPESA DO MUNICÍPIO PARA O EXERCÍCIO DE 2023.",Regininha,https://www.pindamonhangaba.sp.leg.br/proposicoes/0/0/0/0/117999#pesquisa
2022-11-17 00:00:00,EMENDA IMPOSITIVA INDIVIDUAL N.º 294/2022,"EMENDA IMPOSITIVA AO PROJETO DE LEI N° 182/2022, QUE ESTIMA A RECEITA E FIXA A DESPESA DO MUNICÍPIO PARA O EXERCÍCIO DE 2023.",Professor Felipe Guimarães,https://www.pindamonhangaba.sp.leg.br/proposicoes/0/0/0/0/118255#pesquisa
2022-11-17 00:00:00,EMENDA IMPOSITIVA INDIVIDUAL N.º 039/2022,"EMENDA IMPOSITIVA AO PROJETO DE LEI N° 182/2022, QUE ESTIMA A RECEITA E FIXA A DESPESA DO MUNICÍPIO PARA O EXERCÍCIO DE 2023.",Gilson Nagrin,https://www.pindamonhangaba.sp.leg.br/proposicoes/0/0/0/0/118000#pesquisa
2022-11-17 00:00:00,EMENDA IMPOSITIVA INDIVIDUAL N.º 295/2022,"EMENDA IMPOSITIVA AO PROJETO DE LEI N° 182/2022, QUE ESTIMA A RECEITA E FIXA A DESPESA DO MUNICÍPIO PARA O EXERCÍCIO DE 2023.",Professor Felipe Guimarães,https://www.pindamonhangaba.sp.leg.br/proposicoes/0/0/0/0/118256#pesquisa
2022-11-17 00:00:00,EMENDA IMPOSITIVA INDIVIDUAL N.º 040/2022,"EMENDA IMPOSITIVA AO PROJETO DE LEI N° 182/2022, QUE ESTIMA A RECEITA E FIXA A DESPESA DO MUNICÍPIO PARA O EXERCÍCIO DE 2023.",Gilson Nagrin,https://www.pindamonhangaba.sp.leg.br/proposicoes/0/0/0/0/118001#pesquisa
2022-11-17 00:00:00,EMENDA IMPOSITIVA INDIVIDUAL N.º 296/2022,"EMENDA IMPOSITIVA AO PROJETO DE LEI N° 182/2022, QUE ESTIMA A RECEITA E FIXA A DESPESA DO MUNICÍPIO PARA O EXERCÍCIO DE 2023.",Professor Felipe Guimarães,https://www.pindamonhangaba.sp.leg.br/proposicoes/0/0/0/0/118257#pesquisa
2022-11-17 00:00:00,EMENDA IMPOSITIVA INDIVIDUAL N.º 041/2022,"EMENDA IMPOSITIVA AO PROJETO DE LEI N° 182/2022, QUE ESTIMA A RECEITA E FIXA A DESPESA DO MUNICÍPIO PARA O EXERCÍCIO DE 2023.",Gilson Nagrin,https://www.pindamonhangaba.sp.leg.br/proposicoes/0/0/0/0/118002#pesquisa
2022-11-17 00:00:00,EMENDA IMPOSITIVA INDIVIDUAL N.º 297/2022,"EMENDA IMPOSITIVA AO PROJETO DE LEI N° 182/2022, QUE ESTIMA A RECEITA E FIXA A DESPESA DO MUNICÍPIO PARA O EXERCÍCIO DE 2023.",Professor Felipe Guimarães,https://www.pindamonhangaba.sp.leg.br/proposicoes/0/0/0/0/118258#pesquisa
2022-11-17 00:00:00,EMENDA IMPOSITIVA INDIVIDUAL N.º 042/2022,"EMENDA IMPOSITIVA AO PROJETO DE LEI N° 182/2022, QUE ESTIMA A RECEITA E FIXA A DESPESA DO MUNICÍPIO PARA O EXERCÍCIO DE 2023.",Gilson Nagrin,https://www.pindamonhangaba.sp.leg.br/proposicoes/0/0/0/0/118003#pesquisa
2022-11-17 00:00:00,EMENDA IMPOSITIVA INDIVIDUAL N.º 298/2022,"EMENDA IMPOSITIVA AO PROJETO DE LEI N° 182/2022, QUE ESTIMA A RECEITA E FIXA A DESPESA DO MUNICÍPIO PARA O EXERCÍCIO DE 2023.",Professor Felipe Guimarães,https://www.pindamonhangaba.sp.leg.br/proposicoes/0/0/0/0/118259#pesquisa
2022-11-17 00:00:00,EMENDA IMPOSITIVA INDIVIDUAL N.º 043/2022,"EMENDA IMPOSITIVA AO PROJETO DE LEI N° 182/2022, QUE ESTIMA A RECEITA E FIXA A DESPESA DO MUNICÍPIO PARA O EXERCÍCIO DE 2023.",Gilson Nagrin,https://www.pindamonhangaba.sp.leg.br/proposicoes/0/0/0/0/118004#pesquisa
2022-11-17 00:00:00,EMENDA IMPOSITIVA INDIVIDUAL N.º 299/2022,"EMENDA IMPOSITIVA AO PROJETO DE LEI N° 182/2022, QUE ESTIMA A RECEITA E FIXA A DESPESA DO MUNICÍPIO PARA O EXERCÍCIO DE 2023.",Professor Felipe Guimarães,https://www.pindamonhangaba.sp.leg.br/proposicoes/0/0/0/0/118260#pesquisa
2022-11-17 00:00:00,EMENDA IMPOSITIVA INDIVIDUAL N.º 044/2022,"EMENDA IMPOSITIVA AO PROJETO DE LEI N° 182/2022, QUE ESTIMA A RECEITA E FIXA A DESPESA DO MUNICÍPIO PARA O EXERCÍCIO DE 2023.",Gilson Nagrin,https://www.pindamonhangaba.sp.leg.br/proposicoes/0/0/0/0/118005#pesquisa
2022-11-17 00:00:00,EMENDA IMPOSITIVA INDIVIDUAL N.º 300/2022,"EMENDA IMPOSITIVA AO PROJETO DE LEI N° 182/2022, QUE ESTIMA A RECEITA E FIXA A DESPESA DO MUNICÍPIO PARA O EXERCÍCIO DE 2023.",Professor Felipe Guimarães,https://www.pindamonhangaba.sp.leg.br/proposicoes/0/0/0/0/118261#pesquisa
2022-11-17 00:00:00,EMENDA IMPOSITIVA INDIVIDUAL N.º 045/2022,"EMENDA IMPOSITIVA AO PROJETO DE LEI N° 182/2022, QUE ESTIMA A RECEITA E FIXA A DESPESA DO MUNICÍPIO PARA O EXERCÍCIO DE 2023.",Gilson Nagrin,https://www.pindamonhangaba.sp.leg.br/proposicoes/0/0/0/0/118006#pesquisa
2022-11-17 00:00:00,EMENDA IMPOSITIVA INDIVIDUAL N.º 301/2022,"EMENDA IMPOSITIVA AO PROJETO DE LEI N° 182/2022, QUE ESTIMA A RECEITA E FIXA A DESPESA DO MUNICÍPIO PARA O EXERCÍCIO DE 2023.",Professor Felipe Guimarães,https://www.pindamonhangaba.sp.leg.br/proposicoes/0/0/0/0/118262#pesquisa
2022-11-17 00:00:00,EMENDA IMPOSITIVA INDIVIDUAL N.º 046/2022,"EMENDA IMPOSITIVA AO PROJETO DE LEI N° 182/2022, QUE ESTIMA A RECEITA E FIXA A DESPESA DO MUNICÍPIO PARA O EXERCÍCIO DE 2023.",Gilson Nagrin,https://www.pindamonhangaba.sp.leg.br/proposicoes/0/0/0/0/118007#pesquisa
2022-11-17 00:00:00,EMENDA IMPOSITIVA INDIVIDUAL N.º 302/2022,"EMENDA IMPOSITIVA AO PROJETO DE LEI N° 182/2022, QUE ESTIMA A RECEITA E FIXA A DESPESA DO MUNICÍPIO PARA O EXERCÍCIO DE 2023.",Professor Felipe Guimarães,https://www.pindamonhangaba.sp.leg.br/proposicoes/0/0/0/0/118263#pesquisa
2022-11-17 00:00:00,EMENDA IMPOSITIVA INDIVIDUAL N.º 047/2022,"EMENDA IMPOSITIVA AO PROJETO DE LEI N° 182/2022, QUE ESTIMA A RECEITA E FIXA A DESPESA DO MUNICÍPIO PARA O EXERCÍCIO DE 2023.",Gilson Nagrin,https://www.pindamonhangaba.sp.leg.br/proposicoes/0/0/0/0/118008#pesquisa
2022-11-17 00:00:00,EMENDA IMPOSITIVA INDIVIDUAL N.º 048/2022,"EMENDA IMPOSITIVA AO PROJETO DE LEI N° 182/2022, QUE ESTIMA A RECEITA E FIXA A DESPESA DO MUNICÍPIO PARA O EXERCÍCIO DE 2023.",Gilson Nagrin,https://www.pindamonhangaba.sp.leg.br/proposicoes/0/0/0/0/118009#pesquisa
2022-11-17 00:00:00,EMENDA IMPOSITIVA INDIVIDUAL N.º 049/2022,"EMENDA IMPOSITIVA AO PROJETO DE LEI N° 182/2022, QUE ESTIMA A RECEITA E FIXA A DESPESA DO MUNICÍPIO PARA O EXERCÍCIO DE 2023.",Gilson Nagrin,https://www.pindamonhangaba.sp.leg.br/proposicoes/0/0/0/0/118010#pesquisa
2022-11-17 00:00:00,EMENDA IMPOSITIVA INDIVIDUAL N.º 050/2022,"EMENDA IMPOSITIVA AO PROJETO DE LEI N° 182/2022, QUE ESTIMA A RECEITA E FIXA A DESPESA DO MUNICÍPIO PARA O EXERCÍCIO DE 2023.",Gilson Nagrin,https://www.pindamonhangaba.sp.leg.br/proposicoes/0/0/0/0/118011#pesquisa
2022-11-17 00:00:00,EMENDA IMPOSITIVA INDIVIDUAL N.º 051/2022,"EMENDA IMPOSITIVA AO PROJETO DE LEI N° 182/2022, QUE ESTIMA A RECEITA E FIXA A DESPESA DO MUNICÍPIO PARA O EXERCÍCIO DE 2023.",Gilson Nagrin,https://www.pindamonhangaba.sp.leg.br/proposicoes/0/0/0/0/118012#pesquisa
2022-11-17 00:00:00,EMENDA IMPOSITIVA INDIVIDUAL N.º 052/2022,"EMENDA IMPOSITIVA AO PROJETO DE LEI N° 182/2022, QUE ESTIMA A RECEITA E FIXA A DESPESA DO MUNICÍPIO PARA O EXERCÍCIO DE 2023.",Gilson Nagrin,https://www.pindamonhangaba.sp.leg.br/proposicoes/0/0/0/0/118013#pesquisa
2022-11-17 00:00:00,EMENDA IMPOSITIVA INDIVIDUAL N.º 053/2022,"EMENDA IMPOSITIVA AO PROJETO DE LEI N° 182/2022, QUE ESTIMA A RECEITA E FIXA A DESPESA DO MUNICÍPIO PARA O EXERCÍCIO DE 2023.",Gilson Nagrin,https://www.pindamonhangaba.sp.leg.br/proposicoes/0/0/0/0/118014#pesquisa
2022-11-17 00:00:00,EMENDA IMPOSITIVA INDIVIDUAL N.º 054/2022,"EMENDA IMPOSITIVA AO PROJETO DE LEI N° 182/2022, QUE ESTIMA A RECEITA E FIXA A DESPESA DO MUNICÍPIO PARA O EXERCÍCIO DE 2023.",Gilson Nagrin,https://www.pindamonhangaba.sp.leg.br/proposicoes/0/0/0/0/118015#pesquisa
2022-10-18 00:00:00,SUBSTITUTIVO Nº 1 AO PROJETO DE LEI N.º 142/2022,"SUBSTITUTIVO AO PROJETO DE LEI N° 142/2022, QUE DENOMINA A ESTRADA CONHECIDA COMO ESTRADA PARTICULAR PAULO LIVRAMENTO PARA ESTRADA MUNICIPAL JOSÉ PAULO DO LIVRAMENTO, LOCALIZADA NO BAIRRO MANDÚ.",José Carlos Gomes – Cal,https://www.pindamonhangaba.sp.leg.br/proposicoes/0/0/0/0/118401#pesquisa
2022-08-26 00:00:00,SUBSTITUTIVO Nº 1 AO PROJETO DE LEI N.º 112/2022,"SUBSTITUTIVO AO PROJETO DE LEI Nº 112/2022 DENOMINA A CMEI CENTRO MUNICIPAL DE EDUCAÇÃO INFANTIL, LOCALIZADA NO PROLONGAMENTO DA RUA CEARÁ, NO BAIRRO CRISPIM DE PROF.ª ROSÁLIA DE FÁTIMA SANTOS QUEIROZ.",Regininha,https://www.pindamonhangaba.sp.leg.br/proposicoes/0/0/0/0/118400#pesquisa
2022-06-15 00:00:00,SUBSTITUTIVO Nº 1 AO PROJETO DE LEI N.º 085/2022,"INSTITUI E INCLUI NO CALENDÁRIO OFICIAL DE EVENTOS DO MUNICÍPIO DE PINDAMONHANGABA, O AGOSTO LILÁS, COMO MÊS DE PROTEÇÃO À MULHER, A SER DEDICADO À CONCIENTIZAÇÃO PELO FIM DA VIOLÊNCIA CONTRA A MULHER, E DÁ OUTRAS PROVIDÊNCIAS.",Regininha,https://www.pindamonhangaba.sp.leg.br/proposicoes/0/0/0/0/118397#pesquisa
2022-06-13 00:00:00,SUBSTITUTIVO Nº 1 AO PROJETO DE LEI N.º 038/2022,"DISPÕE SOBRE A INSTALAÇÃO DE CÂMERAS DE MONITORAMENTO, ALARMES E OUTROS DISPOSITIVOS DE SEGURANÇA NAS ESCOLAS E CRECHES PÚBLICAS DE PINDAMONHANGABA.",Marco Mayor,https://www.pindamonhangaba.sp.leg.br/proposicoes/0/0/0/0/118394#pesquisa
2022-06-13 00:00:00,SUBSTITUTIVO Nº 1 AO PROJETO DE LEI N.º 042/2022,"DENOMINA DE PRAÇA JOAQUIM CARDOSO DE ARAUJO A PRAÇA LOCALIZADA ENTRE A AV. PRINCESA DO NORTE, RUA UBATUBA E RUA BOM SUCESSO, NO LOTEAMENTO CIDADE NOVA - BAIRRO IPIRANGA.",Marco Mayor,https://www.pindamonhangaba.sp.leg.br/proposicoes/0/0/0/0/118395#pesquisa
2022-06-13 00:00:00,SUBSTITUTIVO Nº 1 AO PROJETO DE LEI N.º 060/2022,"DISPÕE SOBRE A INSTALAÇÃO DE PROVADORES DE ROUPAS ACESSÍVEIS A PESSOAS COM DEFICIÊNCIA E MOBILIDADE REDUZIDA, E DÁ OUTRAS PROVIDÊNCIAS.",Marco Mayor,https://www.pindamonhangaba.sp.leg.br/proposicoes/0/0/0/0/118396#pesquisa
2022-04-04 00:00:00,SUBSTITUTIVO Nº 1 AO PROJETO DE DECRETO LEGISLATIVO N.º 002/2022,"SUBSTITUTIVO AO PROJETO DE DECRETO LEGISLATIVO N° 2/2022 - CONCEDE O DIPLOMA ""DR. JOÃO ROMEIRO"".",Carlos Moura - Magrão,https://www.pindamonhangaba.sp.leg.br/proposicoes/0/0/0/0/118393#pesquisa
2022-03-18 00:00:00,SUBSTITUTIVO Nº 1 AO PROJETO DE LEI N.º 268/2021,"ESTABELECE QUE BARES, RESTAURANTES, CASAS NOTURNAS E DE EVENTOS ADOTEM MEDIDAS DE AUXÍLIO À MULHER QUE SE SINTA EM SITUAÇÃO DE RISCO.",Regininha,https://www.pindamonhangaba.sp.leg.br/proposicoes/0/0/0/0/118390#pesquisa
2022-02-14 00:00:00,SUBSTITUTIVO Nº 1 AO PROJETO DE LEI N.º 044/2021,"SUBSTITUTIVO AO PROJETO DE LEI N° 44/2021, PROÍBE O ABANDONO E MAUS-TRATOS DE ANIMAIS E DÁ OUTRAS PROVIDÊNCIAS.",Carlos Moura - Magrão,https://www.pindamonhangaba.sp.leg.br/proposicoes/0/0/0/0/118380#pesquisa
2022-01-31 00:00:00,EMENDA ADITIVA N.º 1/2022,"DISPÕE SOBRE O ESTÁGIO PROBATÓRIO DE QUE TRATA O § 4° DO ART. 41 DA CONSTITUIÇÃO FEDERAL, E A EMENDA CONSTITUCIONAL N° 19/98, E DÁ OUTRAS PROVIDÊNCIAS.",Renato Cebola,https://www.pindamonhangaba.sp.leg.br/proposicoes/0/0/0/0/117505#pesquisa
2022-01-26 00:00:00,SUBSTITUTIVO Nº 1 AO PROJETO DE LEI N.º 276/2021,"SUBSTITUTIVO AO PROJETO DE LEI N° 276/2021 QUE DENOMINA A PRAÇA LOCALIZADA ENTRE A RUA TININGA E A AVENIDA ORLANDO FERREIRA NO LOTEAMENTO MARICÁ, NO BAIRRO IPIRANGA, DE LUIS CARLOS PALMEIRA.",Gilson Nagrin; Rogério Ramos,https://www.pindamonhangaba.sp.leg.br/proposicoes/0/0/0/0/118391#pesquisa
2022-01-20 00:00:00,SUBSTITUTIVO Nº 1 AO PROJETO DE LEI N.º 290/2021,"SUBSTITUTIVO AO PROJETO DE LEI N° 290/2021 QUE DENOMINA DE WANDA FREIRA DA COSTA A PRAÇA LOCALIZADA NO LOTEAMENTO RESIDENCIAL E COMERCIAL PARQUE DAS PALMEIRAS, NO BAIRRO ÁGUA PRETA.",Marco Mayor,https://www.pindamonhangaba.sp.leg.br/proposicoes/0/0/0/0/118392#pesquisa
2021-12-06 00:00:00,EMENDA MODIFICATIVA N.º 1 AO PROJETO DE LEI Nº 284/2021,"EMENDA AO PROJETO DE LEI Nº 284/2021, QUE DISPÕE SOBRE AS REGRAS PARA COMÉRCIO AMBULANTE EM VIAS E ÁREAS PÚBLICAS E DÁ OUTRAS PROVIDÊNCIAS.",Carlos Moura - Magrão,https://www.pindamonhangaba.sp.leg.br/proposicoes/0/0/0/0/715#pesquisa
2021-11-25 00:00:00,EMENDA IMPOSITIVA N.º 70 AO PROJETO DE LEI N° 267/2021,"EMENDA IMPOSITIVA AO PROJETO DE LEI N° 267/2021, QUE ESTIMA A RECEITA E FIXA A DESPESA DO MUNICÍPIO PARA O EXERCÍCIO DE 2022.",Gilson Nagrin,https://www.pindamonhangaba.sp.leg.br/proposicoes/0/0/0/0/512#pesquisa
2021-11-25 00:00:00,EMENDA IMPOSITIVA N.º 71 AO PROJETO DE LEI N° 267/2021,"EMENDA IMPOSITIVA AO PROJETO DE LEI N° 267/2021, QUE ESTIMA A RECEITA E FIXA A DESPESA DO MUNICÍPIO PARA O EXERCÍCIO DE 2022.",Gilson Nagrin,https://www.pindamonhangaba.sp.leg.br/proposicoes/0/0/0/0/513#pesquisa
2021-11-25 00:00:00,EMENDA IMPOSITIVA N.º 72 AO PROJETO DE LEI N° 267/2021,"EMENDA IMPOSITIVA AO PROJETO DE LEI N° 267/2021, QUE ESTIMA A RECEITA E FIXA A DESPESA DO MUNICÍPIO PARA O EXERCÍCIO DE 2022.",Gilson Nagrin,https://www.pindamonhangaba.sp.leg.br/proposicoes/0/0/0/0/514#pesquisa
2021-11-25 00:00:00,EMENDA IMPOSITIVA N.º 73 AO PROJETO DE LEI N° 267/2021,"EMENDA IMPOSITIVA AO PROJETO DE LEI N° 267/2021, QUE ESTIMA A RECEITA E FIXA A DESPESA DO MUNICÍPIO PARA O EXERCÍCIO DE 2022.",Gilson Nagrin,https://www.pindamonhangaba.sp.leg.br/proposicoes/0/0/0/0/515#pesquisa
2021-11-25 00:00:00,EMENDA IMPOSITIVA N.º 74 AO PROJETO DE LEI N° 267/2021,"EMENDA IMPOSITIVA AO PROJETO DE LEI N° 267/2021, QUE ESTIMA A RECEITA E FIXA A DESPESA DO MUNICÍPIO PARA O EXERCÍCIO DE 2022.",Gilson Nagrin,https://www.pindamonhangaba.sp.leg.br/proposicoes/0/0/0/0/516#pesquisa
2021-11-25 00:00:00,EMENDA IMPOSITIVA N.º 75 AO PROJETO DE LEI N° 267/2021,"EMENDA IMPOSITIVA AO PROJETO DE LEI N° 267/2021, QUE ESTIMA A RECEITA E FIXA A DESPESA DO MUNICÍPIO PARA O EXERCÍCIO DE 2022.",Gilson Nagrin,https://www.pindamonhangaba.sp.leg.br/proposicoes/0/0/0/0/517#pesquisa
2021-11-25 00:00:00,EMENDA IMPOSITIVA N.º 76 AO PROJETO DE LEI N° 267/2021,"EMENDA IMPOSITIVA AO PROJETO DE LEI N° 267/2021, QUE ESTIMA A RECEITA E FIXA A DESPESA DO MUNICÍPIO PARA O EXERCÍCIO DE 2022.",Gilson Nagrin,https://www.pindamonhangaba.sp.leg.br/proposicoes/0/0/0/0/518#pesquisa
2021-11-25 00:00:00,EMENDA IMPOSITIVA N.º 77 AO PROJETO DE LEI N° 267/2021,"EMENDA IMPOSITIVA AO PROJETO DE LEI N° 267/2021, QUE ESTIMA A RECEITA E FIXA A DESPESA DO MUNICÍPIO PARA O EXERCÍCIO DE 2022.",Gilson Nagrin,https://www.pindamonhangaba.sp.leg.br/proposicoes/0/0/0/0/519#pesquisa
2021-11-25 00:00:00,EMENDA IMPOSITIVA N.º 78 AO PROJETO DE LEI N° 267/2021,"EMENDA IMPOSITIVA AO PROJETO DE LEI N° 267/2021, QUE ESTIMA A RECEITA E FIXA A DESPESA DO MUNICÍPIO PARA O EXERCÍCIO DE 2022.",Gilson Nagrin,https://www.pindamonhangaba.sp.leg.br/proposicoes/0/0/0/0/520#pesquisa
2021-11-25 00:00:00,EMENDA IMPOSITIVA N.º 79 AO PROJETO DE LEI N° 267/2021,"EMENDA IMPOSITIVA AO PROJETO DE LEI N° 267/2021, QUE ESTIMA A RECEITA E FIXA A DESPESA DO MUNICÍPIO PARA O EXERCÍCIO DE 2022.",Gilson Nagrin,https://www.pindamonhangaba.sp.leg.br/proposicoes/0/0/0/0/521#pesquisa
2021-11-25 00:00:00,EMENDA IMPOSITIVA N.º 80 AO PROJETO DE LEI N° 267/2021,"EMENDA IMPOSITIVA AO PROJETO DE LEI N° 267/2021, QUE ESTIMA A RECEITA E FIXA A DESPESA DO MUNICÍPIO PARA O EXERCÍCIO DE 2022.",Gilson Nagrin,https://www.pindamonhangaba.sp.leg.br/proposicoes/0/0/0/0/522#pesquisa
2021-11-25 00:00:00,EMENDA IMPOSITIVA N.º 81 AO PROJETO DE LEI N° 267/2021,"EMENDA IMPOSITIVA AO PROJETO DE LEI N° 267/2021, QUE ESTIMA A RECEITA E FIXA A DESPESA DO MUNICÍPIO PARA O EXERCÍCIO DE 2022.",Gilson Nagrin,https://www.pindamonhangaba.sp.leg.br/proposicoes/0/0/0/0/523#pesquisa
2021-11-25 00:00:00,EMENDA IMPOSITIVA N.º 82 AO PROJETO DE LEI N° 267/2021,"EMENDA IMPOSITIVA AO PROJETO DE LEI N° 267/2021, QUE ESTIMA A RECEITA E FIXA A DESPESA DO MUNICÍPIO PARA O EXERCÍCIO DE 2022.",Gilson Nagrin,https://www.pindamonhangaba.sp.leg.br/proposicoes/0/0/0/0/524#pesquisa
2021-11-25 00:00:00,EMENDA IMPOSITIVA N.º 83 AO PROJETO DE LEI N° 267/2021,"EMENDA IMPOSITIVA AO PROJETO DE LEI N° 267/2021, QUE ESTIMA A RECEITA E FIXA A DESPESA DO MUNICÍPIO PARA O EXERCÍCIO DE 2022.",Gilson Nagrin,https://www.pindamonhangaba.sp.leg.br/proposicoes/0/0/0/0/525#pesquisa
2021-11-25 00:00:00,EMENDA IMPOSITIVA N.º 84 AO PROJETO DE LEI N° 267/2021,"EMENDA IMPOSITIVA AO PROJETO DE LEI N° 267/2021, QUE ESTIMA A RECEITA E FIXA A DESPESA DO MUNICÍPIO PARA O EXERCÍCIO DE 2022.",Gilson Nagrin,https://www.pindamonhangaba.sp.leg.br/proposicoes/0/0/0/0/526#pesquisa
2021-11-25 00:00:00,EMENDA IMPOSITIVA N.º 85 AO PROJETO DE LEI N° 267/2021,"EMENDA AO PROJETO DE LEI N° 267/2021, QUE ESTIMA A RECEITA E FIXA A DESPESA DO MUNICÍPIO PARA O EXERCÍCIO DE 2022.",Gilson Nagrin,https://www.pindamonhangaba.sp.leg.br/proposicoes/0/0/0/0/527#pesquisa
2021-11-25 00:00:00,EMENDA IMPOSITIVA N.º 86 AO PROJETO DE LEI N° 267/2021,"EMENDA IMPOSITIVA AO PROJETO DE LEI N° 267/2021, QUE ESTIMA A RECEITA E FIXA A DESPESA DO MUNICÍPIO PARA O EXERCÍCIO DE 2022.",Professor Felipe Guimarães,https://www.pindamonhangaba.sp.leg.br/proposicoes/0/0/0/0/528#pesquisa
2021-11-25 00:00:00,EMENDA IMPOSITIVA N.º 87 AO PROJETO DE LEI N° 267/2021,"EMENDA IMPOSITIVA AO PROJETO DE LEI N° 267/2021, QUE ESTIMA A RECEITA E FIXA A DESPESA DO MUNICÍPIO PARA O EXERCÍCIO DE 2022.",Professor Felipe Guimarães,https://www.pindamonhangaba.sp.leg.br/proposicoes/0/0/0/0/529#pesquisa
2021-11-25 00:00:00,EMENDA IMPOSITIVA N.º 88 AO PROJETO DE LEI N° 267/2021,"EMENDA IMPOSITIVA AO PROJETO DE LEI N° 267/2021, QUE ESTIMA A RECEITA E FIXA A DESPESA DO MUNICÍPIO PARA O EXERCÍCIO DE 2022.",Professor Felipe Guimarães,https://www.pindamonhangaba.sp.leg.br/proposicoes/0/0/0/0/530#pesquisa
2021-11-25 00:00:00,EMENDA IMPOSITIVA N.º 89 AO PROJETO DE LEI N° 267/2021,"EMENDA IMPOSITIVA AO PROJETO DE LEI N° 267/2021, QUE ESTIMA A RECEITA E FIXA A DESPESA DO MUNICÍPIO PARA O EXERCÍCIO DE 2022.",Professor Felipe Guimarães,https://www.pindamonhangaba.sp.leg.br/proposicoes/0/0/0/0/531#pesquisa
2021-11-25 00:00:00,EMENDA IMPOSITIVA N.º 90 AO PROJETO DE LEI N° 267/2021,"EMENDA IMPOSITIVA AO PROJETO DE LEI N° 267/2021, QUE ESTIMA A RECEITA E FIXA A DESPESA DO MUNICÍPIO PARA O EXERCÍCIO DE 2022.",Professor Felipe Guimarães,https://www.pindamonhangaba.sp.leg.br/proposicoes/0/0/0/0/532#pesquisa
2021-11-25 00:00:00,EMENDA IMPOSITIVA N.º 91 AO PROJETO DE LEI N° 267/2021,"EMENDA IMPOSITIVA AO PROJETO DE LEI N° 267/2021, QUE ESTIMA A RECEITA E FIXA A DESPESA DO MUNICÍPIO PARA O EXERCÍCIO DE 2022.",Professor Felipe Guimarães,https://www.pindamonhangaba.sp.leg.br/proposicoes/0/0/0/0/533#pesquisa
2021-11-25 00:00:00,EMENDA IMPOSITIVA N.º 92 AO PROJETO DE LEI N° 267/2021,"EMENDA IMPOSITIVA AO PROJETO DE LEI N° 267/2021, QUE ESTIMA A RECEITA E FIXA A DESPESA DO MUNICÍPIO PARA O EXERCÍCIO DE 2022.",Professor Felipe Guimarães,https://www.pindamonhangaba.sp.leg.br/proposicoes/0/0/0/0/534#pesquisa
2021-11-25 00:00:00,EMENDA IMPOSITIVA N.º 93 AO PROJETO DE LEI N° 267/2021,"EMENDA IMPOSITIVA AO PROJETO DE LEI N° 267/2021, QUE ESTIMA A RECEITA E FIXA A DESPESA DO MUNICÍPIO PARA O EXERCÍCIO DE 2022.",Professor Felipe Guimarães,https://www.pindamonhangaba.sp.leg.br/proposicoes/0/0/0/0/535#pesquisa
2021-11-25 00:00:00,EMENDA IMPOSITIVA N.º 94 AO PROJETO DE LEI N° 267/2021,"EMENDA IMPOSITIVA AO PROJETO DE LEI N° 267/2021, QUE ESTIMA A RECEITA E FIXA A DESPESA DO MUNICÍPIO PARA O EXERCÍCIO DE 2022.",Professor Felipe Guimarães,https://www.pindamonhangaba.sp.leg.br/proposicoes/0/0/0/0/536#pesquisa
2021-11-25 00:00:00,EMENDA IMPOSITIVA N.º 95 AO PROJETO DE LEI N° 267/2021,"EMENDA IMPOSITIVA AO PROJETO DE LEI N° 267/2021, QUE ESTIMA A RECEITA E FIXA A DESPESA DO MUNICÍPIO PARA O EXERCÍCIO DE 2022.",Professor Felipe Guimarães,https://www.pindamonhangaba.sp.leg.br/proposicoes/0/0/0/0/537#pesquisa
2021-11-25 00:00:00,EMENDA IMPOSITIVA N.º 96 AO PROJETO DE LEI N° 267/2021,"EMENDA IMPOSITIVA AO PROJETO DE LEI N° 267/2021, QUE ESTIMA A RECEITA E FIXA A DESPESA DO MUNICÍPIO PARA O EXERCÍCIO DE 2022.",Professor Felipe Guimarães,https://www.pindamonhangaba.sp.leg.br/proposicoes/0/0/0/0/538#pesquisa
2021-11-25 00:00:00,EMENDA IMPOSITIVA N.º 97 AO PROJETO DE LEI N° 267/2021,"EMENDA IMPOSITIVA AO PROJETO DE LEI N° 267/2021, QUE ESTIMA A RECEITA E FIXA A DESPESA DO MUNICÍPIO PARA O EXERCÍCIO DE 2022.",Professor Felipe Guimarães,https://www.pindamonhangaba.sp.leg.br/proposicoes/0/0/0/0/539#pesquisa
2021-11-25 00:00:00,EMENDA IMPOSITIVA N.º 98 AO PROJETO DE LEI N° 267/2021,"EMENDA IMPOSITIVA AO PROJETO DE LEI N° 267/2021, QUE ESTIMA A RECEITA E FIXA A DESPESA DO MUNICÍPIO PARA O EXERCÍCIO DE 2022.",Professor Felipe Guimarães,https://www.pindamonhangaba.sp.leg.br/proposicoes/0/0/0/0/540#pesquisa
2021-11-25 00:00:00,EMENDA IMPOSITIVA N.º 99 AO PROJETO DE LEI N° 267/2021,"EMENDA IMPOSITIVA AO PROJETO DE LEI N° 267/2021, QUE ESTIMA A RECEITA E FIXA A DESPESA DO MUNICÍPIO PARA O EXERCÍCIO DE 2022.",Professor Felipe Guimarães,https://www.pindamonhangaba.sp.leg.br/proposicoes/0/0/0/0/541#pesquisa
2021-11-25 00:00:00,EMENDA IMPOSITIVA N.º 100 AO PROJETO DE LEI N° 267/2021,"EMENDA IMPOSITIVA AO PROJETO DE LEI N° 267/2021, QUE ESTIMA A RECEITA E FIXA A DESPESA DO MUNICÍPIO PARA O EXERCÍCIO DE 2022.",Professor Felipe Guimarães,https://www.pindamonhangaba.sp.leg.br/proposicoes/0/0/0/0/542#pesquisa
2021-11-25 00:00:00,EMENDA IMPOSITIVA N.º 101 AO PROJETO DE LEI N° 267/2021,"EMENDA IMPOSITIVA AO PROJETO DE LEI N° 267/2021, QUE ESTIMA A RECEITA E FIXA A DESPESA DO MUNICÍPIO PARA O EXERCÍCIO DE 2022.",Professor Felipe Guimarães,https://www.pindamonhangaba.sp.leg.br/proposicoes/0/0/0/0/543#pesquisa
2021-11-25 00:00:00,EMENDA IMPOSITIVA N.º 102 AO PROJETO DE LEI N° 267/2021,"EMENDA IMPOSITIVA AO PROJETO DE LEI N° 267/2021, QUE ESTIMA A RECEITA E FIXA A DESPESA DO MUNICÍPIO PARA O EXERCÍCIO DE 2022.",Professor Felipe Guimarães,https://www.pindamonhangaba.sp.leg.br/proposicoes/0/0/0/0/544#pesquisa
2021-11-25 00:00:00,EMENDA IMPOSITIVA N.º 103 AO PROJETO DE LEI N° 267/2021,"EMENDA IMPOSITIVA AO PROJETO DE LEI N° 267/2021, QUE ESTIMA A RECEITA E FIXA A DESPESA DO MUNICÍPIO PARA O EXERCÍCIO DE 2022.",Professor Felipe Guimarães,https://www.pindamonhangaba.sp.leg.br/proposicoes/0/0/0/0/545#pesquisa
2021-11-25 00:00:00,EMENDA IMPOSITIVA N.º 104 AO PROJETO DE LEI N° 267/2021,"EMENDA IMPOSITIVA AO PROJETO DE LEI N° 267/2021, QUE ESTIMA A RECEITA E FIXA A DESPESA DO MUNICÍPIO PARA O EXERCÍCIO DE 2022.",Professor Felipe Guimarães,https://www.pindamonhangaba.sp.leg.br/proposicoes/0/0/0/0/546#pesquisa
2021-11-25 00:00:00,EMENDA IMPOSITIVA N.º 105 AO PROJETO DE LEI N° 267/2021,"EMENDA IMPOSITIVA AO PROJETO DE LEI N° 267/2021, QUE ESTIMA A RECEITA E FIXA A DESPESA DO MUNICÍPIO PARA O EXERCÍCIO DE 2022.",Professor Felipe Guimarães,https://www.pindamonhangaba.sp.leg.br/proposicoes/0/0/0/0/547#pesquisa
2021-11-25 00:00:00,EMENDA IMPOSITIVA N.º 106 AO PROJETO DE LEI N° 267/2021,"EMENDA IMPOSITIVA AO PROJETO DE LEI N° 267/2021, QUE ESTIMA A RECEITA E FIXA A DESPESA DO MUNICÍPIO PARA O EXERCÍCIO DE 2022.",Professor Felipe Guimarães,https://www.pindamonhangaba.sp.leg.br/proposicoes/0/0/0/0/548#pesquisa
2021-11-25 00:00:00,EMENDA IMPOSITIVA N.º 107 AO PROJETO DE LEI N° 267/2021,"EMENDA IMPOSITIVA AO PROJETO DE LEI N° 267/2021, QUE ESTIMA A RECEITA E FIXA A DESPESA DO MUNICÍPIO PARA O EXERCÍCIO DE 2022.",Professor Felipe Guimarães,https://www.pindamonhangaba.sp.leg.br/proposicoes/0/0/0/0/549#pesquisa
2021-11-25 00:00:00,EMENDA IMPOSITIVA N.º 108 AO PROJETO DE LEI N° 267/2021,"EMENDA IMPOSITIVA AO PROJETO DE LEI N° 267/2021, QUE ESTIMA A RECEITA E FIXA A DESPESA DO MUNICÍPIO PARA O EXERCÍCIO DE 2022.",Professor Felipe Guimarães,https://www.pindamonhangaba.sp.leg.br/proposicoes/0/0/0/0/550#pesquisa
2021-11-25 00:00:00,EMENDA IMPOSITIVA N.º 109 AO PROJETO DE LEI N° 267/2021,"EMENDA IMPOSITIVA AO PROJETO DE LEI N° 267/2021, QUE ESTIMA A RECEITA E FIXA A DESPESA DO MUNICÍPIO PARA O EXERCÍCIO DE 2022.",Professor Felipe Guimarães,https://www.pindamonhangaba.sp.leg.br/proposicoes/0/0/0/0/551#pesquisa
2021-11-25 00:00:00,EMENDA IMPOSITIVA N.º 110 AO PROJETO DE LEI N° 267/2021,"EMENDA IMPOSITIVA AO PROJETO DE LEI N° 267/2021, QUE ESTIMA A RECEITA E FIXA A DESPESA DO MUNICÍPIO PARA O EXERCÍCIO DE 2022.",Professor Felipe Guimarães,https://www.pindamonhangaba.sp.leg.br/proposicoes/0/0/0/0/552#pesquisa
2021-11-25 00:00:00,EMENDA IMPOSITIVA N.º 111 AO PROJETO DE LEI N° 267/2021,"EMENDA IMPOSITIVA AO PROJETO DE LEI N° 267/2021, QUE ESTIMA A RECEITA E FIXA A DESPESA DO MUNICÍPIO PARA O EXERCÍCIO DE 2022.",Professor Felipe Guimarães,https://www.pindamonhangaba.sp.leg.br/proposicoes/0/0/0/0/553#pesquisa
2021-11-25 00:00:00,EMENDA IMPOSITIVA N.º 112 AO PROJETO DE LEI N° 267/2021,"EMENDA IMPOSITIVA AO PROJETO DE LEI N° 267/2021, QUE ESTIMA A RECEITA E FIXA A DESPESA DO MUNICÍPIO PARA O EXERCÍCIO DE 2022.",Professor Felipe Guimarães,https://www.pindamonhangaba.sp.leg.br/proposicoes/0/0/0/0/554#pesquisa
2021-11-25 00:00:00,EMENDA IMPOSITIVA N.º 113 AO PROJETO DE LEI N° 267/2021,"EMENDA IMPOSITIVA AO PROJETO DE LEI N° 267/2021, QUE ESTIMA A RECEITA E FIXA A DESPESA DO MUNICÍPIO PARA O EXERCÍCIO DE 2022.",Professor Felipe Guimarães,https://www.pindamonhangaba.sp.leg.br/proposicoes/0/0/0/0/555#pesquisa
2021-11-25 00:00:00,EMENDA IMPOSITIVA N.º 114 AO PROJETO DE LEI N° 267/2021,"EMENDA IMPOSITIVA AO PROJETO DE LEI N° 267/2021, QUE ESTIMA A RECEITA E FIXA A DESPESA DO MUNICÍPIO PARA O EXERCÍCIO DE 2022.",Professor Felipe Guimarães,https://www.pindamonhangaba.sp.leg.br/proposicoes/0/0/0/0/556#pesquisa
2021-11-25 00:00:00,EMENDA IMPOSITIVA N.º 115 AO PROJETO DE LEI N° 267/2021,"EMENDA IMPOSITIVA AO PROJETO DE LEI N° 267/2021, QUE ESTIMA A RECEITA E FIXA A DESPESA DO MUNICÍPIO PARA O EXERCÍCIO DE 2022.",Professor Felipe Guimarães,https://www.pindamonhangaba.sp.leg.br/proposicoes/0/0/0/0/557#pesquisa
2021-11-25 00:00:00,EMENDA IMPOSITIVA N.º 116 AO PROJETO DE LEI N° 267/2021,"EMENDA IMPOSITIVA AO PROJETO DE LEI N° 267/2021, QUE ESTIMA A RECEITA E FIXA A DESPESA DO MUNICÍPIO PARA O EXERCÍCIO DE 2022.",Professor Felipe Guimarães,https://www.pindamonhangaba.sp.leg.br/proposicoes/0/0/0/0/558#pesquisa
2021-11-25 00:00:00,EMENDA IMPOSITIVA N.º 117 AO PROJETO DE LEI N° 267/2021,"EMENDA IMPOSITIVA AO PROJETO DE LEI N° 267/2021, QUE ESTIMA A RECEITA E FIXA A DESPESA DO MUNICÍPIO PARA O EXERCÍCIO DE 2022.",Professor Felipe Guimarães,https://www.pindamonhangaba.sp.leg.br/proposicoes/0/0/0/0/559#pesquisa
2021-11-25 00:00:00,EMENDA IMPOSITIVA N.º 118 AO PROJETO DE LEI N° 267/2021,"EMENDA IMPOSITIVA AO PROJETO DE LEI N° 267/2021, QUE ESTIMA A RECEITA E FIXA A DESPESA DO MUNICÍPIO PARA O EXERCÍCIO DE 2022.",Julinho Car,https://www.pindamonhangaba.sp.leg.br/proposicoes/0/0/0/0/560#pesquisa
2021-11-25 00:00:00,EMENDA IMPOSITIVA N.º 119 AO PROJETO DE LEI N° 267/2021,"EMENDA IMPOSITIVA AO PROJETO DE LEI N° 267/2021, QUE ESTIMA A RECEITA E FIXA A DESPESA DO MUNICÍPIO PARA O EXERCÍCIO DE 2022.",Julinho Car,https://www.pindamonhangaba.sp.leg.br/proposicoes/0/0/0/0/561#pesquisa
2021-11-25 00:00:00,EMENDA IMPOSITIVA N.º 120 AO PROJETO DE LEI N° 267/2021,"EMENDA IMPOSITIVA AO PROJETO DE LEI N° 267/2021, QUE ESTIMA A RECEITA E FIXA A DESPESA DO MUNICÍPIO PARA O EXERCÍCIO DE 2022.",Julinho Car,https://www.pindamonhangaba.sp.leg.br/proposicoes/0/0/0/0/562#pesquisa
2021-11-25 00:00:00,EMENDA IMPOSITIVA N.º 121 AO PROJETO DE LEI N° 267/2021,"EMENDA IMPOSITIVA AO PROJETO DE LEI N° 267/2021, QUE ESTIMA A RECEITA E FIXA A DESPESA DO MUNICÍPIO PARA O EXERCÍCIO DE 2022.",Julinho Car,https://www.pindamonhangaba.sp.leg.br/proposicoes/0/0/0/0/563#pesquisa
2021-11-25 00:00:00,EMENDA IMPOSITIVA N.º 122 AO PROJETO DE LEI N° 267/2021,"EMENDA IMPOSITIVA AO PROJETO DE LEI N° 267/2021, QUE ESTIMA A RECEITA E FIXA A DESPESA DO MUNICÍPIO PARA O EXERCÍCIO DE 2022.",Julinho Car,https://www.pindamonhangaba.sp.leg.br/proposicoes/0/0/0/0/564#pesquisa
2021-11-25 00:00:00,EMENDA IMPOSITIVA N.º 123 AO PROJETO DE LEI N° 267/2021,"EMENDA IMPOSITIVA AO PROJETO DE LEI N° 267/2021, QUE ESTIMA A RECEITA E FIXA A DESPESA DO MUNICÍPIO PARA O EXERCÍCIO DE 2022.",Julinho Car,https://www.pindamonhangaba.sp.leg.br/proposicoes/0/0/0/0/565#pesquisa
2021-11-25 00:00:00,EMENDA IMPOSITIVA N.º 124 AO PROJETO DE LEI N° 267/2021,"EMENDA IMPOSITIVA AO PROJETO DE LEI N° 267/2021, QUE ESTIMA A RECEITA E FIXA A DESPESA DO MUNICÍPIO PARA O EXERCÍCIO DE 2022.",Julinho Car,https://www.pindamonhangaba.sp.leg.br/proposicoes/0/0/0/0/566#pesquisa
2021-11-25 00:00:00,EMENDA IMPOSITIVA N.º 125 AO PROJETO DE LEI N° 267/2021,"EMENDA IMPOSITIVA AO PROJETO DE LEI N° 267/2021, QUE ESTIMA A RECEITA E FIXA A DESPESA DO MUNICÍPIO PARA O EXERCÍCIO DE 2022.",Julinho Car,https://www.pindamonhangaba.sp.leg.br/proposicoes/0/0/0/0/567#pesquisa
2021-11-25 00:00:00,EMENDA IMPOSITIVA N.º 126 AO PROJETO DE LEI N° 267/2021,"EMENDA IMPOSITIVA AO PROJETO DE LEI N° 267/2021, QUE ESTIMA A RECEITA E FIXA A DESPESA DO MUNICÍPIO PARA O EXERCÍCIO DE 2022.",Julinho Car,https://www.pindamonhangaba.sp.leg.br/proposicoes/0/0/0/0/568#pesquisa
2021-11-25 00:00:00,EMENDA IMPOSITIVA N.º 127 AO PROJETO DE LEI N° 267/2021,"EMENDA IMPOSITIVA AO PROJETO DE LEI N° 267/2021, QUE ESTIMA A RECEITA E FIXA A DESPESA DO MUNICÍPIO PARA O EXERCÍCIO DE 2022.",Julinho Car,https://www.pindamonhangaba.sp.leg.br/proposicoes/0/0/0/0/569#pesquisa
2021-11-25 00:00:00,EMENDA IMPOSITIVA N.º 128 AO PROJETO DE LEI N° 267/2021,"EMENDA IMPOSITIVA AO PROJETO DE LEI N° 267/2021, QUE ESTIMA A RECEITA E FIXA A DESPESA DO MUNICÍPIO PARA O EXERCÍCIO DE 2022.",Julinho Car,https://www.pindamonhangaba.sp.leg.br/proposicoes/0/0/0/0/570#pesquisa
2021-11-25 00:00:00,EMENDA IMPOSITIVA N.º 129 AO PROJETO DE LEI N° 267/2021,"EMENDA IMPOSITIVA AO PROJETO DE LEI N° 267/2021, QUE ESTIMA A RECEITA E FIXA A DESPESA DO MUNICÍPIO PARA O EXERCÍCIO DE 2022.",Julinho Car,https://www.pindamonhangaba.sp.leg.br/proposicoes/0/0/0/0/571#pesquisa
2021-11-25 00:00:00,EMENDA IMPOSITIVA N.º 130 AO PROJETO DE LEI N° 267/2021,"EMENDA IMPOSITIVA AO PROJETO DE LEI N° 267/2021, QUE ESTIMA A RECEITA E FIXA A DESPESA DO MUNICÍPIO PARA O EXERCÍCIO DE 2022.",Julinho Car,https://www.pindamonhangaba.sp.leg.br/proposicoes/0/0/0/0/572#pesquisa
2021-11-25 00:00:00,EMENDA IMPOSITIVA N.º 131 AO PROJETO DE LEI N° 267/2021,"EMENDA IMPOSITIVA AO PROJETO DE LEI N° 267/2021, QUE ESTIMA A RECEITA E FIXA A DESPESA DO MUNICÍPIO PARA O EXERCÍCIO DE 2022.",Julinho Car,https://www.pindamonhangaba.sp.leg.br/proposicoes/0/0/0/0/573#pesquisa
2021-11-25 00:00:00,EMENDA IMPOSITIVA N.º 132 AO PROJETO DE LEI N° 267/2021,"EMENDA IMPOSITIVA AO PROJETO DE LEI N° 267/2021, QUE ESTIMA A RECEITA E FIXA A DESPESA DO MUNICÍPIO PARA O EXERCÍCIO DE 2022.",Julinho Car,https://www.pindamonhangaba.sp.leg.br/proposicoes/0/0/0/0/574#pesquisa
2021-11-25 00:00:00,EMENDA IMPOSITIVA N.º 133 AO PROJETO DE LEI N° 267/2021,"EMENDA IMPOSITIVA AO PROJETO DE LEI N° 267/2021, QUE ESTIMA A RECEITA E FIXA A DESPESA DO MUNICÍPIO PARA O EXERCÍCIO DE 2022.",Julinho Car,https://www.pindamonhangaba.sp.leg.br/proposicoes/0/0/0/0/575#pesquisa
2021-11-25 00:00:00,EMENDA IMPOSITIVA N.º 134 AO PROJETO DE LEI N° 267/2021,"EMENDA IMPOSITIVA AO PROJETO DE LEI N° 267/2021, QUE ESTIMA A RECEITA E FIXA A DESPESA DO MUNICÍPIO PARA O EXERCÍCIO DE 2022.",Julinho Car,https://www.pindamonhangaba.sp.leg.br/proposicoes/0/0/0/0/576#pesquisa
2021-11-25 00:00:00,EMENDA IMPOSITIVA N.º 135 AO PROJETO DE LEI N° 267/2021,"EMENDA IMPOSITIVA AO PROJETO DE LEI N° 267/2021, QUE ESTIMA A RECEITA E FIXA A DESPESA DO MUNICÍPIO PARA O EXERCÍCIO DE 2022.",Julinho Car,https://www.pindamonhangaba.sp.leg.br/proposicoes/0/0/0/0/577#pesquisa
2021-11-25 00:00:00,EMENDA IMPOSITIVA N.º 136 AO PROJETO DE LEI N° 267/2021,"EMENDA IMPOSITIVA AO PROJETO DE LEI N° 267/2021, QUE ESTIMA A RECEITA E FIXA A DESPESA DO MUNICÍPIO PARA O EXERCÍCIO DE 2022.",Julinho Car,https://www.pindamonhangaba.sp.leg.br/proposicoes/0/0/0/0/578#pesquisa
2021-11-25 00:00:00,EMENDA IMPOSITIVA N.º 137 AO PROJETO DE LEI N° 267/2021,"EMENDA IMPOSITIVA AO PROJETO DE LEI N° 267/2021, QUE ESTIMA A RECEITA E FIXA A DESPESA DO MUNICÍPIO PARA O EXERCÍCIO DE 2022.",Julinho Car,https://www.pindamonhangaba.sp.leg.br/proposicoes/0/0/0/0/579#pesquisa
2021-11-25 00:00:00,EMENDA IMPOSITIVA N.º 138 AO PROJETO DE LEI N° 267/2021,"EMENDA IMPOSITIVA AO PROJETO DE LEI N° 267/2021, QUE ESTIMA A RECEITA E FIXA A DESPESA DO MUNICÍPIO PARA O EXERCÍCIO DE 2022.",Julinho Car,https://www.pindamonhangaba.sp.leg.br/proposicoes/0/0/0/0/580#pesquisa
2021-11-25 00:00:00,EMENDA IMPOSITIVA N.º 139 AO PROJETO DE LEI N° 267/2021,"EMENDA IMPOSITIVA AO PROJETO DE LEI N° 267/2021, QUE ESTIMA A RECEITA E FIXA A DESPESA DO MUNICÍPIO PARA O EXERCÍCIO DE 2022.",Julinho Car,https://www.pindamonhangaba.sp.leg.br/proposicoes/0/0/0/0/581#pesquisa
2021-11-25 00:00:00,EMENDA IMPOSITIVA N.º 140 AO PROJETO DE LEI N° 267/2021,"EMENDA IMPOSITIVA AO PROJETO DE LEI N° 267/2021, QUE ESTIMA A RECEITA E FIXA A DESPESA DO MUNICÍPIO PARA O EXERCÍCIO DE 2022.",Julinho Car,https://www.pindamonhangaba.sp.leg.br/proposicoes/0/0/0/0/582#pesquisa
2021-11-25 00:00:00,EMENDA IMPOSITIVA N.º 141 AO PROJETO DE LEI N° 267/2021,"EMENDA IMPOSITIVA AO PROJETO DE LEI N° 267/2021, QUE ESTIMA A RECEITA E FIXA A DESPESA DO MUNICÍPIO PARA O EXERCÍCIO DE 2022.",Julinho Car,https://www.pindamonhangaba.sp.leg.br/proposicoes/0/0/0/0/583#pesquisa
2021-11-25 00:00:00,EMENDA IMPOSITIVA N.º 142 AO PROJETO DE LEI N° 267/2021,"EMENDA IMPOSITIVA AO PROJETO DE LEI N° 267/2021, QUE ESTIMA A RECEITA E FIXA A DESPESA DO MUNICÍPIO PARA O EXERCÍCIO DE 2022.",Julinho Car,https://www.pindamonhangaba.sp.leg.br/proposicoes/0/0/0/0/584#pesquisa
2021-11-25 00:00:00,EMENDA IMPOSITIVA N.º 143 AO PROJETO DE LEI N° 267/2021,"EMENDA IMPOSITIVA AO PROJETO DE LEI N° 267/2021, QUE ESTIMA A RECEITA E FIXA A DESPESA DO MUNICÍPIO PARA O EXERCÍCIO DE 2022.",Julinho Car,https://www.pindamonhangaba.sp.leg.br/proposicoes/0/0/0/0/585#pesquisa
2021-11-25 00:00:00,EMENDA IMPOSITIVA N.º 144 AO PROJETO DE LEI N° 267/2021,"EMENDA IMPOSITIVA AO PROJETO DE LEI N° 267/2021, QUE ESTIMA A RECEITA E FIXA A DESPESA DO MUNICÍPIO PARA O EXERCÍCIO DE 2022.",Julinho Car,https://www.pindamonhangaba.sp.leg.br/proposicoes/0/0/0/0/586#pesquisa
2021-11-25 00:00:00,EMENDA IMPOSITIVA N.º 145 AO PROJETO DE LEI N° 267/2021,"EMENDA IMPOSITIVA AO PROJETO DE LEI N° 267/2021, QUE ESTIMA A RECEITA E FIXA A DESPESA DO MUNICÍPIO PARA O EXERCÍCIO DE 2022.",Julinho Car,https://www.pindamonhangaba.sp.leg.br/proposicoes/0/0/0/0/587#pesquisa
2021-11-25 00:00:00,EMENDA IMPOSITIVA N.º 146 AO PROJETO DE LEI N° 267/2021,"EMENDA IMPOSITIVA AO PROJETO DE LEI N° 267/2021, QUE ESTIMA A RECEITA E FIXA A DESPESA DO MUNICÍPIO PARA O EXERCÍCIO DE 2022.",Julinho Car,https://www.pindamonhangaba.sp.leg.br/proposicoes/0/0/0/0/588#pesquisa
2021-11-25 00:00:00,EMENDA IMPOSITIVA N.º 147 AO PROJETO DE LEI N° 267/2021,"EMENDA IMPOSITIVA AO PROJETO DE LEI N° 267/2021, QUE ESTIMA A RECEITA E FIXA A DESPESA DO MUNICÍPIO PARA O EXERCÍCIO DE 2022.",Rogério Ramos,https://www.pindamonhangaba.sp.leg.br/proposicoes/0/0/0/0/589#pesquisa
2021-11-25 00:00:00,EMENDA IMPOSITIVA N.º 148 AO PROJETO DE LEI N° 267/2021,"EMENDA IMPOSITIVA AO PROJETO DE LEI N° 267/2021, QUE ESTIMA A RECEITA E FIXA A DESPESA DO MUNICÍPIO PARA O EXERCÍCIO DE 2022.",Rogério Ramos,https://www.pindamonhangaba.sp.leg.br/proposicoes/0/0/0/0/590#pesquisa
2021-11-25 00:00:00,EMENDA IMPOSITIVA N.º 149 AO PROJETO DE LEI N° 267/2021,"EMENDA IMPOSITIVA AO PROJETO DE LEI N° 267/2021, QUE ESTIMA A RECEITA E FIXA A DESPESA DO MUNICÍPIO PARA O EXERCÍCIO DE 2022.",Julinho Car,https://www.pindamonhangaba.sp.leg.br/proposicoes/0/0/0/0/591#pesquisa
2021-11-25 00:00:00,EMENDA IMPOSITIVA N.º 150 AO PROJETO DE LEI N° 267/2021,"EMENDA IMPOSITIVA AO PROJETO DE LEI N° 267/2021, QUE ESTIMA A RECEITA E FIXA A DESPESA DO MUNICÍPIO PARA O EXERCÍCIO DE 2022.",Rogério Ramos,https://www.pindamonhangaba.sp.leg.br/proposicoes/0/0/0/0/592#pesquisa
2021-11-25 00:00:00,EMENDA IMPOSITIVA N.º 151 AO PROJETO DE LEI N° 267/2021,"EMENDA IMPOSITIVA AO PROJETO DE LEI N° 267/2021, QUE ESTIMA A RECEITA E FIXA A DESPESA DO MUNICÍPIO PARA O EXERCÍCIO DE 2022.",Rogério Ramos,https://www.pindamonhangaba.sp.leg.br/proposicoes/0/0/0/0/593#pesquisa
2021-11-25 00:00:00,EMENDA IMPOSITIVA N.º 152 AO PROJETO DE LEI N° 267/2021,"EMENDA IMPOSITIVA AO PROJETO DE LEI N° 267/2021, QUE ESTIMA A RECEITA E FIXA A DESPESA DO MUNICÍPIO PARA O EXERCÍCIO DE 2022.",Rogério Ramos,https://www.pindamonhangaba.sp.leg.br/proposicoes/0/0/0/0/594#pesquisa
2021-11-25 00:00:00,EMENDA IMPOSITIVA N.º 153 AO PROJETO DE LEI N° 267/2021,"EMENDA IMPOSITIVA AO PROJETO DE LEI N° 267/2021, QUE ESTIMA A RECEITA E FIXA A DESPESA DO MUNICÍPIO PARA O EXERCÍCIO DE 2022.",Rogério Ramos,https://www.pindamonhangaba.sp.leg.br/proposicoes/0/0/0/0/595#pesquisa
2021-11-25 00:00:00,EMENDA IMPOSITIVA N.º 154 AO PROJETO DE LEI N° 267/2021,"EMENDA IMPOSITIVA AO PROJETO DE LEI N° 267/2021, QUE ESTIMA A RECEITA E FIXA A DESPESA DO MUNICÍPIO PARA O EXERCÍCIO DE 2022.",Rogério Ramos,https://www.pindamonhangaba.sp.leg.br/proposicoes/0/0/0/0/596#pesquisa
2021-11-25 00:00:00,EMENDA IMPOSITIVA N.º 155 AO PROJETO DE LEI N° 267/2021,"EMENDA IMPOSITIVA AO PROJETO DE LEI N° 267/2021, QUE ESTIMA A RECEITA E FIXA A DESPESA DO MUNICÍPIO PARA O EXERCÍCIO DE 2022.",Rogério Ramos,https://www.pindamonhangaba.sp.leg.br/proposicoes/0/0/0/0/597#pesquisa
2021-11-25 00:00:00,EMENDA IMPOSITIVA N.º 156 AO PROJETO DE LEI N° 267/2021,"EMENDA IMPOSITIVA AO PROJETO DE LEI N° 267/2021, QUE ESTIMA A RECEITA E FIXA A DESPESA DO MUNICÍPIO PARA O EXERCÍCIO DE 2022.",Rogério Ramos,https://www.pindamonhangaba.sp.leg.br/proposicoes/0/0/0/0/598#pesquisa
2021-11-25 00:00:00,EMENDA IMPOSITIVA N.º 157 AO PROJETO DE LEI N° 267/2021,"EMENDA IMPOSITIVA AO PROJETO DE LEI N° 267/2021, QUE ESTIMA A RECEITA E FIXA A DESPESA DO MUNICÍPIO PARA O EXERCÍCIO DE 2022.",Rogério Ramos,https://www.pindamonhangaba.sp.leg.br/proposicoes/0/0/0/0/599#pesquisa
2021-11-25 00:00:00,EMENDA IMPOSITIVA N.º 158 AO PROJETO DE LEI N° 267/2021,"EMENDA IMPOSITIVA AO PROJETO DE LEI N° 267/2021, QUE ESTIMA A RECEITA E FIXA A DESPESA DO MUNICÍPIO PARA O EXERCÍCIO DE 2022.",Rogério Ramos,https://www.pindamonhangaba.sp.leg.br/proposicoes/0/0/0/0/600#pesquisa
2021-11-25 00:00:00,EMENDA IMPOSITIVA N.º 159 AO PROJETO DE LEI N° 267/2021,"EMENDA IMPOSITIVA AO PROJETO DE LEI N° 267/2021, QUE ESTIMA A RECEITA E FIXA A DESPESA DO MUNICÍPIO PARA O EXERCÍCIO DE 2022.",Rogério Ramos,https://www.pindamonhangaba.sp.leg.br/proposicoes/0/0/0/0/601#pesquisa
2021-11-25 00:00:00,EMENDA IMPOSITIVA N.º 160 AO PROJETO DE LEI N° 267/2021,"EMENDA IMPOSITIVA AO PROJETO DE LEI N° 267/2021, QUE ESTIMA A RECEITA E FIXA A DESPESA DO MUNICÍPIO PARA O EXERCÍCIO DE 2022.",Rogério Ramos,https://www.pindamonhangaba.sp.leg.br/proposicoes/0/0/0/0/602#pesquisa
2021-11-25 00:00:00,EMENDA IMPOSITIVA N.º 161 AO PROJETO DE LEI N° 267/2021,"EMENDA IMPOSITIVA AO PROJETO DE LEI N° 267/2021, QUE ESTIMA A RECEITA E FIXA A DESPESA DO MUNICÍPIO PARA O EXERCÍCIO DE 2022.",Rogério Ramos,https://www.pindamonhangaba.sp.leg.br/proposicoes/0/0/0/0/603#pesquisa
2021-11-25 00:00:00,EMENDA IMPOSITIVA N.º 162 AO PROJETO DE LEI N° 267/2021,"EMENDA IMPOSITIVA AO PROJETO DE LEI N° 267/2021, QUE ESTIMA A RECEITA E FIXA A DESPESA DO MUNICÍPIO PARA O EXERCÍCIO DE 2022.",Rogério Ramos,https://www.pindamonhangaba.sp.leg.br/proposicoes/0/0/0/0/604#pesquisa
2021-11-25 00:00:00,EMENDA IMPOSITIVA N.º 163 AO PROJETO DE LEI N° 267/2021,"EMENDA IMPOSITIVA AO PROJETO DE LEI N° 267/2021, QUE ESTIMA A RECEITA E FIXA A DESPESA DO MUNICÍPIO PARA O EXERCÍCIO DE 2022.",Rogério Ramos,https://www.pindamonhangaba.sp.leg.br/proposicoes/0/0/0/0/605#pesquisa
2021-11-25 00:00:00,EMENDA IMPOSITIVA N.º 164 AO PROJETO DE LEI N° 267/2021,"EMENDA IMPOSITIVA AO PROJETO DE LEI N° 267/2021, QUE ESTIMA A RECEITA E FIXA A DESPESA DO MUNICÍPIO PARA O EXERCÍCIO DE 2022.",Rogério Ramos,https://www.pindamonhangaba.sp.leg.br/proposicoes/0/0/0/0/606#pesquisa
2021-11-25 00:00:00,EMENDA IMPOSITIVA N.º 165 AO PROJETO DE LEI N° 267/2021,"EMENDA IMPOSITIVA AO PROJETO DE LEI N° 267/2021, QUE ESTIMA A RECEITA E FIXA A DESPESA DO MUNICÍPIO PARA O EXERCÍCIO DE 2022.",Rogério Ramos,https://www.pindamonhangaba.sp.leg.br/proposicoes/0/0/0/0/607#pesquisa
2021-11-25 00:00:00,EMENDA IMPOSITIVA N.º 166 AO PROJETO DE LEI N° 267/2021,"EMENDA IMPOSITIVA AO PROJETO DE LEI N° 267/2021, QUE ESTIMA A RECEITA E FIXA A DESPESA DO MUNICÍPIO PARA O EXERCÍCIO DE 2022.",Rogério Ramos,https://www.pindamonhangaba.sp.leg.br/proposicoes/0/0/0/0/608#pesquisa
2021-11-25 00:00:00,EMENDA IMPOSITIVA N.º 167 AO PROJETO DE LEI N° 267/2021,"EMENDA IMPOSITIVA AO PROJETO DE LEI N° 267/2021, QUE ESTIMA A RECEITA E FIXA A DESPESA DO MUNICÍPIO PARA O EXERCÍCIO DE 2022.",Rogério Ramos,https://www.pindamonhangaba.sp.leg.br/proposicoes/0/0/0/0/609#pesquisa
2021-11-25 00:00:00,EMENDA IMPOSITIVA N.º 168 AO PROJETO DE LEI N° 267/2021,"EMENDA IMPOSITIVA AO PROJETO DE LEI N° 267/2021, QUE ESTIMA A RECEITA E FIXA A DESPESA DO MUNICÍPIO PARA O EXERCÍCIO DE 2022.",Rogério Ramos,https://www.pindamonhangaba.sp.leg.br/proposicoes/0/0/0/0/610#pesquisa
2021-11-25 00:00:00,EMENDA IMPOSITIVA N.º 169 AO PROJETO DE LEI N° 267/2021,"EMENDA IMPOSITIVA AO PROJETO DE LEI N° 267/2021, QUE ESTIMA A RECEITA E FIXA A DESPESA DO MUNICÍPIO PARA O EXERCÍCIO DE 2022.",Rogério Ramos,https://www.pindamonhangaba.sp.leg.br/proposicoes/0/0/0/0/611#pesquisa
2021-11-25 00:00:00,EMENDA IMPOSITIVA N.º 170 AO PROJETO DE LEI N° 267/2021,"EMENDA IMPOSITIVA AO PROJETO DE LEI N° 267/2021, QUE ESTIMA A RECEITA E FIXA A DESPESA DO MUNICÍPIO PARA O EXERCÍCIO DE 2022.",Rogério Ramos,https://www.pindamonhangaba.sp.leg.br/proposicoes/0/0/0/0/612#pesquisa
2021-11-25 00:00:00,EMENDA IMPOSITIVA N.º 171 AO PROJETO DE LEI N° 267/2021,"EMENDA IMPOSITIVA AO PROJETO DE LEI N° 267/2021, QUE ESTIMA A RECEITA E FIXA A DESPESA DO MUNICÍPIO PARA O EXERCÍCIO DE 2022.",Rogério Ramos,https://www.pindamonhangaba.sp.leg.br/proposicoes/0/0/0/0/613#pesquisa
2021-11-25 00:00:00,EMENDA IMPOSITIVA N.º 172 AO PROJETO DE LEI N° 267/2021,"EMENDA IMPOSITIVA AO PROJETO DE LEI N° 267/2021, QUE ESTIMA A RECEITA E FIXA A DESPESA DO MUNICÍPIO PARA O EXERCÍCIO DE 2022.",Rogério Ramos,https://www.pindamonhangaba.sp.leg.br/proposicoes/0/0/0/0/614#pesquisa
2021-11-25 00:00:00,EMENDA IMPOSITIVA N.º 173 AO PROJETO DE LEI N° 267/2021,"EMENDA IMPOSITIVA AO PROJETO DE LEI N° 267/2021, QUE ESTIMA A RECEITA E FIXA A DESPESA DO MUNICÍPIO PARA O EXERCÍCIO DE 2022.",Rogério Ramos,https://www.pindamonhangaba.sp.leg.br/proposicoes/0/0/0/0/615#pesquisa
2021-11-25 00:00:00,EMENDA IMPOSITIVA N.º 174 AO PROJETO DE LEI N° 267/2021,"EMENDA IMPOSITIVA AO PROJETO DE LEI N° 267/2021, QUE ESTIMA A RECEITA E FIXA A DESPESA DO MUNICÍPIO PARA O EXERCÍCIO DE 2022.",Rogério Ramos,https://www.pindamonhangaba.sp.leg.br/proposicoes/0/0/0/0/616#pesquisa
2021-11-25 00:00:00,EMENDA IMPOSITIVA N.º 175 AO PROJETO DE LEI N° 267/2021,"EMENDA IMPOSITIVA AO PROJETO DE LEI N° 267/2021, QUE ESTIMA A RECEITA E FIXA A DESPESA DO MUNICÍPIO PARA O EXERCÍCIO DE 2022.",Rogério Ramos,https://www.pindamonhangaba.sp.leg.br/proposicoes/0/0/0/0/617#pesquisa
2021-11-25 00:00:00,EMENDA IMPOSITIVA N.º 176 AO PROJETO DE LEI N° 267/2021,"EMENDA IMPOSITIVA AO PROJETO DE LEI N° 267/2021, QUE ESTIMA A RECEITA E FIXA A DESPESA DO MUNICÍPIO PARA O EXERCÍCIO DE 2022.",Rogério Ramos,https://www.pindamonhangaba.sp.leg.br/proposicoes/0/0/0/0/618#pesquisa
2021-11-25 00:00:00,EMENDA IMPOSITIVA N.º 177 AO PROJETO DE LEI N° 267/2021,"EMENDA IMPOSITIVA AO PROJETO DE LEI N° 267/2021, QUE ESTIMA A RECEITA E FIXA A DESPESA DO MUNICÍPIO PARA O EXERCÍCIO DE 2022.",Rogério Ramos,https://www.pindamonhangaba.sp.leg.br/proposicoes/0/0/0/0/619#pesquisa
2021-11-25 00:00:00,EMENDA IMPOSITIVA N.º 178 AO PROJETO DE LEI N° 267/2021,"EMENDA IMPOSITIVA AO PROJETO DE LEI N° 267/2021, QUE ESTIMA A RECEITA E FIXA A DESPESA DO MUNICÍPIO PARA O EXERCÍCIO DE 2022.",Rogério Ramos,https://www.pindamonhangaba.sp.leg.br/proposicoes/0/0/0/0/620#pesquisa
2021-11-25 00:00:00,EMENDA IMPOSITIVA N.º 179 AO PROJETO DE LEI N° 267/2021,"EMENDA IMPOSITIVA AO PROJETO DE LEI N° 267/2021, QUE ESTIMA A RECEITA E FIXA A DESPESA DO MUNICÍPIO PARA O EXERCÍCIO DE 2022.",Rogério Ramos,https://www.pindamonhangaba.sp.leg.br/proposicoes/0/0/0/0/621#pesquisa
2021-11-25 00:00:00,EMENDA IMPOSITIVA N.º 180 AO PROJETO DE LEI N° 267/2021,"EMENDA IMPOSITIVA AO PROJETO DE LEI N° 267/2021, QUE ESTIMA A RECEITA E FIXA A DESPESA DO MUNICÍPIO PARA O EXERCÍCIO DE 2022.",Rogério Ramos,https://www.pindamonhangaba.sp.leg.br/proposicoes/0/0/0/0/622#pesquisa
2021-11-25 00:00:00,EMENDA IMPOSITIVA N.º 181 AO PROJETO DE LEI N° 267/2021,"EMENDA IMPOSITIVA AO PROJETO DE LEI N° 267/2021, QUE ESTIMA A RECEITA E FIXA A DESPESA DO MUNICÍPIO PARA O EXERCÍCIO DE 2022.",Regininha,https://www.pindamonhangaba.sp.leg.br/proposicoes/0/0/0/0/623#pesquisa
2021-11-25 00:00:00,EMENDA IMPOSITIVA N.º 182 AO PROJETO DE LEI N° 267/2021,"EMENDA IMPOSITIVA AO PROJETO DE LEI N° 267/2021, QUE ESTIMA A RECEITA E FIXA A DESPESA DO MUNICÍPIO PARA O EXERCÍCIO DE 2022.",Regininha,https://www.pindamonhangaba.sp.leg.br/proposicoes/0/0/0/0/624#pesquisa
2021-11-25 00:00:00,EMENDA IMPOSITIVA N.º 183 AO PROJETO DE LEI N° 267/2021,"EMENDA IMPOSITIVA AO PROJETO DE LEI N° 267/2021, QUE ESTIMA A RECEITA E FIXA A DESPESA DO MUNICÍPIO PARA O EXERCÍCIO DE 2022.",Regininha,https://www.pindamonhangaba.sp.leg.br/proposicoes/0/0/0/0/625#pesquisa
2021-11-25 00:00:00,EMENDA IMPOSITIVA N.º 184 AO PROJETO DE LEI N° 267/2021,"EMENDA IMPOSITIVA AO PROJETO DE LEI N° 267/2021, QUE ESTIMA A RECEITA E FIXA A DESPESA DO MUNICÍPIO PARA O EXERCÍCIO DE 2022.",Regininha,https://www.pindamonhangaba.sp.leg.br/proposicoes/0/0/0/0/626#pesquisa
2021-11-25 00:00:00,EMENDA IMPOSITIVA N.º 185 AO PROJETO DE LEI N° 267/2021,"EMENDA IMPOSITIVA AO PROJETO DE LEI N° 267/2021, QUE ESTIMA A RECEITA E FIXA A DESPESA DO MUNICÍPIO PARA O EXERCÍCIO DE 2022.",Regininha,https://www.pindamonhangaba.sp.leg.br/proposicoes/0/0/0/0/627#pesquisa
2021-11-25 00:00:00,EMENDA IMPOSITIVA N.º 186 AO PROJETO DE LEI N° 267/2021,"EMENDA IMPOSITIVA AO PROJETO DE LEI N° 267/2021, QUE ESTIMA A RECEITA E FIXA A DESPESA DO MUNICÍPIO PARA O EXERCÍCIO DE 2022.",Regininha,https://www.pindamonhangaba.sp.leg.br/proposicoes/0/0/0/0/628#pesquisa
2021-11-25 00:00:00,EMENDA IMPOSITIVA N.º 187 AO PROJETO DE LEI N° 267/2021,"EMENDA IMPOSITIVA AO PROJETO DE LEI N° 267/2021, QUE ESTIMA A RECEITA E FIXA A DESPESA DO MUNICÍPIO PARA O EXERCÍCIO DE 2022.",Regininha,https://www.pindamonhangaba.sp.leg.br/proposicoes/0/0/0/0/629#pesquisa
2021-11-25 00:00:00,EMENDA IMPOSITIVA N.º 188 AO PROJETO DE LEI N° 267/2021,"EMENDA IMPOSITIVA AO PROJETO DE LEI N° 267/2021, QUE ESTIMA A RECEITA E FIXA A DESPESA DO MUNICÍPIO PARA O EXERCÍCIO DE 2022.",Regininha,https://www.pindamonhangaba.sp.leg.br/proposicoes/0/0/0/0/630#pesquisa
2021-11-25 00:00:00,EMENDA IMPOSITIVA N.º 189 AO PROJETO DE LEI N° 267/2021,"EMENDA IMPOSITIVA AO PROJETO DE LEI N° 267/2021, QUE ESTIMA A RECEITA E FIXA A DESPESA DO MUNICÍPIO PARA O EXERCÍCIO DE 2022.",Regininha,https://www.pindamonhangaba.sp.leg.br/proposicoes/0/0/0/0/631#pesquisa
2021-11-25 00:00:00,EMENDA IMPOSITIVA N.º 190 AO PROJETO DE LEI N° 267/2021,"EMENDA IMPOSITIVA AO PROJETO DE LEI N° 267/2021, QUE ESTIMA A RECEITA E FIXA A DESPESA DO MUNICÍPIO PARA O EXERCÍCIO DE 2022.",Regininha,https://www.pindamonhangaba.sp.leg.br/proposicoes/0/0/0/0/632#pesquisa
2021-11-25 00:00:00,EMENDA IMPOSITIVA N.º 191 AO PROJETO DE LEI N° 267/2021,"EMENDA IMPOSITIVA AO PROJETO DE LEI N° 267/2021, QUE ESTIMA A RECEITA E FIXA A DESPESA DO MUNICÍPIO PARA O EXERCÍCIO DE 2022.",Regininha,https://www.pindamonhangaba.sp.leg.br/proposicoes/0/0/0/0/633#pesquisa
2021-11-25 00:00:00,EMENDA IMPOSITIVA N.º 192 AO PROJETO DE LEI N° 267/2021,"EMENDA IMPOSITIVA AO PROJETO DE LEI N° 267/2021, QUE ESTIMA A RECEITA E FIXA A DESPESA DO MUNICÍPIO PARA O EXERCÍCIO DE 2022.",Regininha,https://www.pindamonhangaba.sp.leg.br/proposicoes/0/0/0/0/634#pesquisa
2021-11-25 00:00:00,EMENDA IMPOSITIVA N.º 193 AO PROJETO DE LEI N° 267/2021,"EMENDA IMPOSITIVA AO PROJETO DE LEI N° 267/2021, QUE ESTIMA A RECEITA E FIXA A DESPESA DO MUNICÍPIO PARA O EXERCÍCIO DE 2022.",Regininha,https://www.pindamonhangaba.sp.leg.br/proposicoes/0/0/0/0/635#pesquisa
2021-11-25 00:00:00,EMENDA IMPOSITIVA N.º 194 AO PROJETO DE LEI N° 267/2021,"EMENDA IMPOSITIVA AO PROJETO DE LEI N° 267/2021, QUE ESTIMA A RECEITA E FIXA A DESPESA DO MUNICÍPIO PARA O EXERCÍCIO DE 2022.",Regininha,https://www.pindamonhangaba.sp.leg.br/proposicoes/0/0/0/0/636#pesquisa
2021-11-25 00:00:00,EMENDA IMPOSITIVA N.º 195 AO PROJETO DE LEI N° 267/2021,"EMENDA IMPOSITIVA AO PROJETO DE LEI N° 267/2021, QUE ESTIMA A RECEITA E FIXA A DESPESA DO MUNICÍPIO PARA O EXERCÍCIO DE 2022.",Regininha,https://www.pindamonhangaba.sp.leg.br/proposicoes/0/0/0/0/637#pesquisa
2021-11-25 00:00:00,EMENDA IMPOSITIVA N.º 196 AO PROJETO DE LEI N° 267/2021,"EMENDA IMPOSITIVA AO PROJETO DE LEI N° 267/2021, QUE ESTIMA A RECEITA E FIXA A DESPESA DO MUNICÍPIO PARA O EXERCÍCIO DE 2022.",Regininha,https://www.pindamonhangaba.sp.leg.br/proposicoes/0/0/0/0/638#pesquisa
2021-11-25 00:00:00,EMENDA IMPOSITIVA N.º 197 AO PROJETO DE LEI N° 267/2021,"EMENDA IMPOSITIVA AO PROJETO DE LEI N° 267/2021, QUE ESTIMA A RECEITA E FIXA A DESPESA DO MUNICÍPIO PARA O EXERCÍCIO DE 2022.",Regininha,https://www.pindamonhangaba.sp.leg.br/proposicoes/0/0/0/0/639#pesquisa
2021-11-25 00:00:00,EMENDA IMPOSITIVA N.º 198 AO PROJETO DE LEI N° 267/2021,"EMENDA IMPOSITIVA AO PROJETO DE LEI N° 267/2021, QUE ESTIMA A RECEITA E FIXA A DESPESA DO MUNICÍPIO PARA O EXERCÍCIO DE 2022.",Regininha,https://www.pindamonhangaba.sp.leg.br/proposicoes/0/0/0/0/640#pesquisa
2021-11-25 00:00:00,EMENDA IMPOSITIVA N.º 199 AO PROJETO DE LEI N° 267/2021,"EMENDA IMPOSITIVA AO PROJETO DE LEI N° 267/2021, QUE ESTIMA A RECEITA E FIXA A DESPESA DO MUNICÍPIO PARA O EXERCÍCIO DE 2022.",Regininha,https://www.pindamonhangaba.sp.leg.br/proposicoes/0/0/0/0/641#pesquisa
2021-11-25 00:00:00,EMENDA IMPOSITIVA N.º 200 AO PROJETO DE LEI N° 267/2021,"EMENDA IMPOSITIVA AO PROJETO DE LEI N° 267/2021, QUE ESTIMA A RECEITA E FIXA A DESPESA DO MUNICÍPIO PARA O EXERCÍCIO DE 2022.",Regininha,https://www.pindamonhangaba.sp.leg.br/proposicoes/0/0/0/0/642#pesquisa
2021-11-25 00:00:00,EMENDA IMPOSITIVA N.º 201 AO PROJETO DE LEI N° 267/2021,"EMENDA IMPOSITIVA AO PROJETO DE LEI N° 267/2021, QUE ESTIMA A RECEITA E FIXA A DESPESA DO MUNICÍPIO PARA O EXERCÍCIO DE 2022.",Regininha,https://www.pindamonhangaba.sp.leg.br/proposicoes/0/0/0/0/643#pesquisa
2021-11-25 00:00:00,EMENDA IMPOSITIVA N.º 202 AO PROJETO DE LEI N° 267/2021,"EMENDA IMPOSITIVA AO PROJETO DE LEI N° 267/2021, QUE ESTIMA A RECEITA E FIXA A DESPESA DO MUNICÍPIO PARA O EXERCÍCIO DE 2022.",Renato Cebola,https://www.pindamonhangaba.sp.leg.br/proposicoes/0/0/0/0/644#pesquisa
2021-11-25 00:00:00,EMENDA IMPOSITIVA N.º 203 AO PROJETO DE LEI N° 267/2021,"EMENDA IMPOSITIVA AO PROJETO DE LEI N° 267/2021, QUE ESTIMA A RECEITA E FIXA A DESPESA DO MUNICÍPIO PARA O EXERCÍCIO DE 2022.",Renato Cebola,https://www.pindamonhangaba.sp.leg.br/proposicoes/0/0/0/0/645#pesquisa
2021-11-25 00:00:00,EMENDA IMPOSITIVA N.º 204 AO PROJETO DE LEI N° 267/2021,"EMENDA IMPOSITIVA AO PROJETO DE LEI N° 267/2021, QUE ESTIMA A RECEITA E FIXA A DESPESA DO MUNICÍPIO PARA O EXERCÍCIO DE 2022.",Renato Cebola,https://www.pindamonhangaba.sp.leg.br/proposicoes/0/0/0/0/646#pesquisa
2021-11-25 00:00:00,EMENDA IMPOSITIVA N.º 205 AO PROJETO DE LEI N° 267/2021,"EMENDA IMPOSITIVA AO PROJETO DE LEI N° 267/2021, QUE ESTIMA A RECEITA E FIXA A DESPESA DO MUNICÍPIO PARA O EXERCÍCIO DE 2022.",Renato Cebola,https://www.pindamonhangaba.sp.leg.br/proposicoes/0/0/0/0/647#pesquisa
2021-11-25 00:00:00,EMENDA IMPOSITIVA N.º 206 AO PROJETO DE LEI N° 267/2021,"EMENDA IMPOSITIVA AO PROJETO DE LEI N° 267/2021, QUE ESTIMA A RECEITA E FIXA A DESPESA DO MUNICÍPIO PARA O EXERCÍCIO DE 2022.",Renato Cebola,https://www.pindamonhangaba.sp.leg.br/proposicoes/0/0/0/0/648#pesquisa
2021-11-25 00:00:00,EMENDA IMPOSITIVA N.º 207 AO PROJETO DE LEI N° 267/2021,"EMENDA IMPOSITIVA AO PROJETO DE LEI N° 267/2021, QUE ESTIMA A RECEITA E FIXA A DESPESA DO MUNICÍPIO PARA O EXERCÍCIO DE 2022.",Renato Cebola,https://www.pindamonhangaba.sp.leg.br/proposicoes/0/0/0/0/649#pesquisa
2021-11-25 00:00:00,EMENDA IMPOSITIVA N.º 208 AO PROJETO DE LEI N° 267/2021,"EMENDA IMPOSITIVA AO PROJETO DE LEI N° 267/2021, QUE ESTIMA A RECEITA E FIXA A DESPESA DO MUNICÍPIO PARA O EXERCÍCIO DE 2022.",Renato Cebola,https://www.pindamonhangaba.sp.leg.br/proposicoes/0/0/0/0/650#pesquisa
2021-11-25 00:00:00,EMENDA IMPOSITIVA N.º 209 AO PROJETO DE LEI N° 267/2021,"EMENDA IMPOSITIVA AO PROJETO DE LEI N° 267/2021, QUE ESTIMA A RECEITA E FIXA A DESPESA DO MUNICÍPIO PARA O EXERCÍCIO DE 2022.",Renato Cebola,https://www.pindamonhangaba.sp.leg.br/proposicoes/0/0/0/0/651#pesquisa
2021-11-25 00:00:00,EMENDA IMPOSITIVA N.º 210 AO PROJETO DE LEI N° 267/2021,"EMENDA IMPOSITIVA AO PROJETO DE LEI N° 267/2021, QUE ESTIMA A RECEITA E FIXA A DESPESA DO MUNICÍPIO PARA O EXERCÍCIO DE 2022.",Renato Cebola,https://www.pindamonhangaba.sp.leg.br/proposicoes/0/0/0/0/652#pesquisa
2021-11-25 00:00:00,EMENDA IMPOSITIVA N.º 211 AO PROJETO DE LEI N° 267/2021,"EMENDA IMPOSITIVA AO PROJETO DE LEI N° 267/2021, QUE ESTIMA A RECEITA E FIXA A DESPESA DO MUNICÍPIO PARA O EXERCÍCIO DE 2022.",Renato Cebola,https://www.pindamonhangaba.sp.leg.br/proposicoes/0/0/0/0/653#pesquisa
2021-11-25 00:00:00,EMENDA IMPOSITIVA N.º 212 AO PROJETO DE LEI N° 267/2021,"EMENDA IMPOSITIVA AO PROJETO DE LEI N° 267/2021, QUE ESTIMA A RECEITA E FIXA A DESPESA DO MUNICÍPIO PARA O EXERCÍCIO DE 2022.",Renato Cebola,https://www.pindamonhangaba.sp.leg.br/proposicoes/0/0/0/0/654#pesquisa
2021-11-25 00:00:00,EMENDA IMPOSITIVA N.º 213 AO PROJETO DE LEI N° 267/2021,"EMENDA IMPOSITIVA AO PROJETO DE LEI N° 267/2021, QUE ESTIMA A RECEITA E FIXA A DESPESA DO MUNICÍPIO PARA O EXERCÍCIO DE 2022.",Renato Cebola,https://www.pindamonhangaba.sp.leg.br/proposicoes/0/0/0/0/655#pesquisa
2021-11-25 00:00:00,EMENDA IMPOSITIVA N.º 214 AO PROJETO DE LEI N° 267/2021,"EMENDA IMPOSITIVA AO PROJETO DE LEI N° 267/2021, QUE ESTIMA A RECEITA E FIXA A DESPESA DO MUNICÍPIO PARA O EXERCÍCIO DE 2022.",Renato Cebola,https://www.pindamonhangaba.sp.leg.br/proposicoes/0/0/0/0/656#pesquisa
2021-11-25 00:00:00,EMENDA IMPOSITIVA N.º 215 AO PROJETO DE LEI N° 267/2021,"EMENDA IMPOSITIVA AO PROJETO DE LEI N° 267/2021, QUE ESTIMA A RECEITA E FIXA A DESPESA DO MUNICÍPIO PARA O EXERCÍCIO DE 2022.",Renato Cebola,https://www.pindamonhangaba.sp.leg.br/proposicoes/0/0/0/0/657#pesquisa
2021-11-25 00:00:00,EMENDA IMPOSITIVA N.º 216 AO PROJETO DE LEI N° 267/2021,"EMENDA IMPOSITIVA AO PROJETO DE LEI N° 267/2021, QUE ESTIMA A RECEITA E FIXA A DESPESA DO MUNICÍPIO PARA O EXERCÍCIO DE 2022.",Renato Cebola,https://www.pindamonhangaba.sp.leg.br/proposicoes/0/0/0/0/658#pesquisa
2021-11-25 00:00:00,EMENDA IMPOSITIVA N.º 217 AO PROJETO DE LEI N° 267/2021,"EMENDA IMPOSITIVA AO PROJETO DE LEI N° 267/2021, QUE ESTIMA A RECEITA E FIXA A DESPESA DO MUNICÍPIO PARA O EXERCÍCIO DE 2022.",Renato Cebola,https://www.pindamonhangaba.sp.leg.br/proposicoes/0/0/0/0/659#pesquisa
2021-11-25 00:00:00,EMENDA IMPOSITIVA N.º 218 AO PROJETO DE LEI N° 267/2021,"EMENDA IMPOSITIVA AO PROJETO DE LEI N° 267/2021, QUE ESTIMA A RECEITA E FIXA A DESPESA DO MUNICÍPIO PARA O EXERCÍCIO DE 2022.",Renato Cebola,https://www.pindamonhangaba.sp.leg.br/proposicoes/0/0/0/0/660#pesquisa
2021-11-25 00:00:00,EMENDA IMPOSITIVA N.º 219 AO PROJETO DE LEI N° 267/2021,"EMENDA IMPOSITIVA AO PROJETO DE LEI N° 267/2021, QUE ESTIMA A RECEITA E FIXA A DESPESA DO MUNICÍPIO PARA O EXERCÍCIO DE 2022.",Renato Cebola,https://www.pindamonhangaba.sp.leg.br/proposicoes/0/0/0/0/661#pesquisa
2021-11-25 00:00:00,EMENDA IMPOSITIVA N.º 220 AO PROJETO DE LEI N° 267/2021,"EMENDA IMPOSITIVA AO PROJETO DE LEI N° 267/2021, QUE ESTIMA A RECEITA E FIXA A DESPESA DO MUNICÍPIO PARA O EXERCÍCIO DE 2022.",Marco Mayor,https://www.pindamonhangaba.sp.leg.br/proposicoes/0/0/0/0/662#pesquisa
2021-11-25 00:00:00,EMENDA IMPOSITIVA N.º 221 AO PROJETO DE LEI N° 267/2021,"EMENDA IMPOSITIVA AO PROJETO DE LEI N° 267/2021, QUE ESTIMA A RECEITA E FIXA A DESPESA DO MUNICÍPIO PARA O EXERCÍCIO DE 2022.",Marco Mayor,https://www.pindamonhangaba.sp.leg.br/proposicoes/0/0/0/0/663#pesquisa
2021-11-25 00:00:00,EMENDA IMPOSITIVA N.º 222 AO PROJETO DE LEI N° 267/2021,"EMENDA IMPOSITIVA AO PROJETO DE LEI N° 267/2021, QUE ESTIMA A RECEITA E FIXA A DESPESA DO MUNICÍPIO PARA O EXERCÍCIO DE 2022.",Herivelto Vela,https://www.pindamonhangaba.sp.leg.br/proposicoes/0/0/0/0/664#pesquisa
2021-11-25 00:00:00,EMENDA IMPOSITIVA N.º 223 AO PROJETO DE LEI N° 267/2021,"EMENDA IMPOSITIVA AO PROJETO DE LEI N° 267/2021, QUE ESTIMA A RECEITA E FIXA A DESPESA DO MUNICÍPIO PARA O EXERCÍCIO DE 2022.",Herivelto Vela,https://www.pindamonhangaba.sp.leg.br/proposicoes/0/0/0/0/665#pesquisa
2021-11-25 00:00:00,EMENDA IMPOSITIVA N.º 224 AO PROJETO DE LEI N° 267/2021,"EMENDA IMPOSITIVA AO PROJETO DE LEI N° 267/2021, QUE ESTIMA A RECEITA E FIXA A DESPESA DO MUNICÍPIO PARA O EXERCÍCIO DE 2022.",Herivelto Vela,https://www.pindamonhangaba.sp.leg.br/proposicoes/0/0/0/0/666#pesquisa
2021-11-25 00:00:00,EMENDA IMPOSITIVA N.º 225 AO PROJETO DE LEI N° 267/2021,"EMENDA IMPOSITIVA AO PROJETO DE LEI N° 267/2021, QUE ESTIMA A RECEITA E FIXA A DESPESA DO MUNICÍPIO PARA O EXERCÍCIO DE 2022.",Herivelto Vela,https://www.pindamonhangaba.sp.leg.br/proposicoes/0/0/0/0/667#pesquisa
2021-11-25 00:00:00,EMENDA IMPOSITIVA N.º 226 AO PROJETO DE LEI N° 267/2021,"EMENDA IMPOSITIVA AO PROJETO DE LEI N° 267/2021, QUE ESTIMA A RECEITA E FIXA A DESPESA DO MUNICÍPIO PARA O EXERCÍCIO DE 2022.",Herivelto Vela,https://www.pindamonhangaba.sp.leg.br/proposicoes/0/0/0/0/668#pesquisa
2021-11-25 00:00:00,EMENDA IMPOSITIVA N.º 227 AO PROJETO DE LEI N° 267/2021,"EMENDA IMPOSITIVA AO PROJETO DE LEI N° 267/2021, QUE ESTIMA A RECEITA E FIXA A DESPESA DO MUNICÍPIO PARA O EXERCÍCIO DE 2022.",Herivelto Vela,https://www.pindamonhangaba.sp.leg.br/proposicoes/0/0/0/0/669#pesquisa
2021-11-25 00:00:00,EMENDA IMPOSITIVA N.º 228 AO PROJETO DE LEI N° 267/2021,"EMENDA IMPOSITIVA AO PROJETO DE LEI N° 267/2021, QUE ESTIMA A RECEITA E FIXA A DESPESA DO MUNICÍPIO PARA O EXERCÍCIO DE 2022.",Herivelto Vela,https://www.pindamonhangaba.sp.leg.br/proposicoes/0/0/0/0/670#pesquisa
2021-11-25 00:00:00,EMENDA IMPOSITIVA N.º 229 AO PROJETO DE LEI N° 267/2021,"EMENDA IMPOSITIVA AO PROJETO DE LEI N° 267/2021, QUE ESTIMA A RECEITA E FIXA A DESPESA DO MUNICÍPIO PARA O EXERCÍCIO DE 2022.",Herivelto Vela,https://www.pindamonhangaba.sp.leg.br/proposicoes/0/0/0/0/671#pesquisa
2021-11-25 00:00:00,EMENDA IMPOSITIVA N.º 230 AO PROJETO DE LEI N° 267/2021,"EMENDA IMPOSITIVA AO PROJETO DE LEI N° 267/2021, QUE ESTIMA A RECEITA E FIXA A DESPESA DO MUNICÍPIO PARA O EXERCÍCIO DE 2022.",Herivelto Vela,https://www.pindamonhangaba.sp.leg.br/proposicoes/0/0/0/0/672#pesquisa
2021-11-25 00:00:00,EMENDA IMPOSITIVA N.º 231 AO PROJETO DE LEI N° 267/2021,"EMENDA IMPOSITIVA AO PROJETO DE LEI N° 267/2021, QUE ESTIMA A RECEITA E FIXA A DESPESA DO MUNICÍPIO PARA O EXERCÍCIO DE 2022.",Herivelto Vela,https://www.pindamonhangaba.sp.leg.br/proposicoes/0/0/0/0/673#pesquisa
2021-11-25 00:00:00,EMENDA IMPOSITIVA N.º 232 AO PROJETO DE LEI N° 267/2021,"EMENDA IMPOSITIVA AO PROJETO DE LEI N° 267/2021, QUE ESTIMA A RECEITA E FIXA A DESPESA DO MUNICÍPIO PARA O EXERCÍCIO DE 2022.",Herivelto Vela,https://www.pindamonhangaba.sp.leg.br/proposicoes/0/0/0/0/674#pesquisa
2021-11-25 00:00:00,EMENDA IMPOSITIVA N.º 233 AO PROJETO DE LEI N° 267/2021,"EMENDA IMPOSITIVA AO PROJETO DE LEI N° 267/2021, QUE ESTIMA A RECEITA E FIXA A DESPESA DO MUNICÍPIO PARA O EXERCÍCIO DE 2022.",Herivelto Vela,https://www.pindamonhangaba.sp.leg.br/proposicoes/0/0/0/0/675#pesquisa
2021-11-25 00:00:00,EMENDA IMPOSITIVA N.º 234 AO PROJETO DE LEI N° 267/2021,"EMENDA IMPOSITIVA AO PROJETO DE LEI N° 267/2021, QUE ESTIMA A RECEITA E FIXA A DESPESA DO MUNICÍPIO PARA O EXERCÍCIO DE 2022.",Herivelto Vela,https://www.pindamonhangaba.sp.leg.br/proposicoes/0/0/0/0/676#pesquisa
2021-11-25 00:00:00,EMENDA IMPOSITIVA N.º 235 AO PROJETO DE LEI N° 267/2021,"EMENDA IMPOSITIVA AO PROJETO DE LEI N° 267/2021, QUE ESTIMA A RECEITA E FIXA A DESPESA DO MUNICÍPIO PARA O EXERCÍCIO DE 2022.",Herivelto Vela,https://www.pindamonhangaba.sp.leg.br/proposicoes/0/0/0/0/677#pesquisa
2021-11-25 00:00:00,EMENDA IMPOSITIVA N.º 236 AO PROJETO DE LEI N° 267/2021,"EMENDA IMPOSITIVA AO PROJETO DE LEI N° 267/2021, QUE ESTIMA A RECEITA E FIXA A DESPESA DO MUNICÍPIO PARA O EXERCÍCIO DE 2022.",Herivelto Vela,https://www.pindamonhangaba.sp.leg.br/proposicoes/0/0/0/0/678#pesquisa
2021-11-25 00:00:00,EMENDA IMPOSITIVA N.º 237 AO PROJETO DE LEI N° 267/2021,"EMENDA IMPOSITIVA AO PROJETO DE LEI N° 267/2021, QUE ESTIMA A RECEITA E FIXA A DESPESA DO MUNICÍPIO PARA O EXERCÍCIO DE 2022.",Herivelto Vela,https://www.pindamonhangaba.sp.leg.br/proposicoes/0/0/0/0/679#pesquisa
2021-11-25 00:00:00,EMENDA IMPOSITIVA N.º 238 AO PROJETO DE LEI N° 267/2021,"EMENDA IMPOSITIVA AO PROJETO DE LEI N° 267/2021, QUE ESTIMA A RECEITA E FIXA A DESPESA DO MUNICÍPIO PARA O EXERCÍCIO DE 2022.",Herivelto Vela,https://www.pindamonhangaba.sp.leg.br/proposicoes/0/0/0/0/680#pesquisa
2021-11-25 00:00:00,EMENDA IMPOSITIVA N.º 239 AO PROJETO DE LEI N° 267/2021,"EMENDA IMPOSITIVA AO PROJETO DE LEI N° 267/2021, QUE ESTIMA A RECEITA E FIXA A DESPESA DO MUNICÍPIO PARA O EXERCÍCIO DE 2022.",Herivelto Vela,https://www.pindamonhangaba.sp.leg.br/proposicoes/0/0/0/0/681#pesquisa
2021-11-25 00:00:00,EMENDA IMPOSITIVA N.º 240 AO PROJETO DE LEI N° 267/2021,"EMENDA IMPOSITIVA AO PROJETO DE LEI N° 267/2021, QUE ESTIMA A RECEITA E FIXA A DESPESA DO MUNICÍPIO PARA O EXERCÍCIO DE 2022.",Herivelto Vela,https://www.pindamonhangaba.sp.leg.br/proposicoes/0/0/0/0/682#pesquisa
2021-11-25 00:00:00,EMENDA IMPOSITIVA N.º 241 AO PROJETO DE LEI N° 267/2021,"EMENDA IMPOSITIVA AO PROJETO DE LEI N° 267/2021, QUE ESTIMA A RECEITA E FIXA A DESPESA DO MUNICÍPIO PARA O EXERCÍCIO DE 2022.",Herivelto Vela,https://www.pindamonhangaba.sp.leg.br/proposicoes/0/0/0/0/683#pesquisa
2021-11-25 00:00:00,EMENDA IMPOSITIVA N.º 242 AO PROJETO DE LEI N° 267/2021,"EMENDA IMPOSITIVA AO PROJETO DE LEI N° 267/2021, QUE ESTIMA A RECEITA E FIXA A DESPESA DO MUNICÍPIO PARA O EXERCÍCIO DE 2022.",Herivelto Vela,https://www.pindamonhangaba.sp.leg.br/proposicoes/0/0/0/0/684#pesquisa
2021-11-25 00:00:00,EMENDA IMPOSITIVA N.º 243 AO PROJETO DE LEI N° 267/2021,"EMENDA IMPOSITIVA AO PROJETO DE LEI N° 267/2021, QUE ESTIMA A RECEITA E FIXA A DESPESA DO MUNICÍPIO PARA O EXERCÍCIO DE 2022.",Herivelto Vela,https://www.pindamonhangaba.sp.leg.br/proposicoes/0/0/0/0/685#pesquisa
2021-11-25 00:00:00,EMENDA IMPOSITIVA N.º 244 AO PROJETO DE LEI N° 267/2021,"EMENDA IMPOSITIVA AO PROJETO DE LEI N° 267/2021, QUE ESTIMA A RECEITA E FIXA A DESPESA DO MUNICÍPIO PARA O EXERCÍCIO DE 2022.",Herivelto Vela,https://www.pindamonhangaba.sp.leg.br/proposicoes/0/0/0/0/686#pesquisa
2021-11-25 00:00:00,EMENDA IMPOSITIVA N.º 245 AO PROJETO DE LEI N° 267/2021,"EMENDA IMPOSITIVA AO PROJETO DE LEI N° 267/2021, QUE ESTIMA A RECEITA E FIXA A DESPESA DO MUNICÍPIO PARA O EXERCÍCIO DE 2022.",Herivelto Vela,https://www.pindamonhangaba.sp.leg.br/proposicoes/0/0/0/0/687#pesquisa
2021-11-25 00:00:00,EMENDA IMPOSITIVA N.º 246 AO PROJETO DE LEI N° 267/2021,"EMENDA IMPOSITIVA AO PROJETO DE LEI N° 267/2021, QUE ESTIMA A RECEITA E FIXA A DESPESA DO MUNICÍPIO PARA O EXERCÍCIO DE 2022.",Herivelto Vela,https://www.pindamonhangaba.sp.leg.br/proposicoes/0/0/0/0/688#pesquisa
2021-11-25 00:00:00,EMENDA IMPOSITIVA N.º 247 AO PROJETO DE LEI N° 267/2021,"EMENDA IMPOSITIVA AO PROJETO DE LEI N° 267/2021, QUE ESTIMA A RECEITA E FIXA A DESPESA DO MUNICÍPIO PARA O EXERCÍCIO DE 2022.",Herivelto Vela,https://www.pindamonhangaba.sp.leg.br/proposicoes/0/0/0/0/689#pesquisa
2021-11-25 00:00:00,EMENDA IMPOSITIVA N.º 248 AO PROJETO DE LEI N° 267/2021,"EMENDA IMPOSITIVA AO PROJETO DE LEI N° 267/2021, QUE ESTIMA A RECEITA E FIXA A DESPESA DO MUNICÍPIO PARA O EXERCÍCIO DE 2022.",Herivelto Vela,https://www.pindamonhangaba.sp.leg.br/proposicoes/0/0/0/0/690#pesquisa
2021-11-25 00:00:00,EMENDA IMPOSITIVA N.º 250 AO PROJETO DE LEI N° 267/2021,"EMENDA IMPOSITIVA AO PROJETO DE LEI N° 267/2021, QUE ESTIMA A RECEITA E FIXA A DESPESA DO MUNICÍPIO PARA O EXERCÍCIO DE 2022.",Herivelto Vela,https://www.pindamonhangaba.sp.leg.br/proposicoes/0/0/0/0/691#pesquisa
2021-11-25 00:00:00,EMENDA IMPOSITIVA N.º 251 AO PROJETO DE LEI N° 267/2021,"EMENDA IMPOSITIVA AO PROJETO DE LEI N° 267/2021, QUE ESTIMA A RECEITA E FIXA A DESPESA DO MUNICÍPIO PARA O EXERCÍCIO DE 2022.",Herivelto Vela,https://www.pindamonhangaba.sp.leg.br/proposicoes/0/0/0/0/692#pesquisa
2021-11-25 00:00:00,EMENDA IMPOSITIVA N.º 252 AO PROJETO DE LEI N° 267/2021,"EMENDA IMPOSITIVA AO PROJETO DE LEI N° 267/2021, QUE ESTIMA A RECEITA E FIXA A DESPESA DO MUNICÍPIO PARA O EXERCÍCIO DE 2022.",Herivelto Vela,https://www.pindamonhangaba.sp.leg.br/proposicoes/0/0/0/0/693#pesquisa
2021-11-25 00:00:00,EMENDA IMPOSITIVA N.º 253 AO PROJETO DE LEI N° 267/2021,"EMENDA IMPOSITIVA AO PROJETO DE LEI N° 267/2021, QUE ESTIMA A RECEITA E FIXA A DESPESA DO MUNICÍPIO PARA O EXERCÍCIO DE 2022.",Herivelto Vela,https://www.pindamonhangaba.sp.leg.br/proposicoes/0/0/0/0/694#pesquisa
2021-11-25 00:00:00,EMENDA IMPOSITIVA N.º 254 AO PROJETO DE LEI N° 267/2021,"EMENDA IMPOSITIVA AO PROJETO DE LEI N° 267/2021, QUE ESTIMA A RECEITA E FIXA A DESPESA DO MUNICÍPIO PARA O EXERCÍCIO DE 2022.",Herivelto Vela,https://www.pindamonhangaba.sp.leg.br/proposicoes/0/0/0/0/695#pesquisa
2021-11-25 00:00:00,EMENDA IMPOSITIVA N.º 255 AO PROJETO DE LEI N° 267/2021,"EMENDA IMPOSITIVA AO PROJETO DE LEI N° 267/2021, QUE ESTIMA A RECEITA E FIXA A DESPESA DO MUNICÍPIO PARA O EXERCÍCIO DE 2022.",Norberto Moraes,https://www.pindamonhangaba.sp.leg.br/proposicoes/0/0/0/0/696#pesquisa
2021-11-25 00:00:00,EMENDA IMPOSITIVA N.º 256 AO PROJETO DE LEI N° 267/2021,"EMENDA IMPOSITIVA AO PROJETO DE LEI N° 267/2021, QUE ESTIMA A RECEITA E FIXA A DESPESA DO MUNICÍPIO PARA O EXERCÍCIO DE 2022.",Norberto Moraes,https://www.pindamonhangaba.sp.leg.br/proposicoes/0/0/0/0/697#pesquisa
2021-11-25 00:00:00,EMENDA IMPOSITIVA N.º 257 AO PROJETO DE LEI N° 267/2021,"EMENDA IMPOSITIVA AO PROJETO DE LEI N° 267/2021, QUE ESTIMA A RECEITA E FIXA A DESPESA DO MUNICÍPIO PARA O EXERCÍCIO DE 2022.",Norberto Moraes,https://www.pindamonhangaba.sp.leg.br/proposicoes/0/0/0/0/698#pesquisa
2021-11-25 00:00:00,EMENDA IMPOSITIVA N.º 258 AO PROJETO DE LEI N° 267/2021,"EMENDA IMPOSITIVA AO PROJETO DE LEI N° 267/2021, QUE ESTIMA A RECEITA E FIXA A DESPESA DO MUNICÍPIO PARA O EXERCÍCIO DE 2022.",Norberto Moraes,https://www.pindamonhangaba.sp.leg.br/proposicoes/0/0/0/0/699#pesquisa
2021-11-25 00:00:00,EMENDA IMPOSITIVA N.º 259 AO PROJETO DE LEI N° 267/2021,"EMENDA IMPOSITIVA AO PROJETO DE LEI N° 267/2021, QUE ESTIMA A RECEITA E FIXA A DESPESA DO MUNICÍPIO PARA O EXERCÍCIO DE 2022.",Norberto Moraes,https://www.pindamonhangaba.sp.leg.br/proposicoes/0/0/0/0/700#pesquisa
2021-11-25 00:00:00,EMENDA IMPOSITIVA N.º 260 AO PROJETO DE LEI N° 267/2021,"EMENDA IMPOSITIVA AO PROJETO DE LEI N° 267/2021, QUE ESTIMA A RECEITA E FIXA A DESPESA DO MUNICÍPIO PARA O EXERCÍCIO DE 2022.",Norberto Moraes,https://www.pindamonhangaba.sp.leg.br/proposicoes/0/0/0/0/701#pesquisa
2021-11-25 00:00:00,EMENDA IMPOSITIVA N.º 261 AO PROJETO DE LEI N° 267/2021,"EMENDA IMPOSITIVA AO PROJETO DE LEI N° 267/2021, QUE ESTIMA A RECEITA E FIXA A DESPESA DO MUNICÍPIO PARA O EXERCÍCIO DE 2022.",Norberto Moraes,https://www.pindamonhangaba.sp.leg.br/proposicoes/0/0/0/0/702#pesquisa
2021-11-25 00:00:00,EMENDA IMPOSITIVA N.º 262 AO PROJETO DE LEI N° 267/2021,"EMENDA IMPOSITIVA AO PROJETO DE LEI N° 267/2021, QUE ESTIMA A RECEITA E FIXA A DESPESA DO MUNICÍPIO PARA O EXERCÍCIO DE 2022.",Norberto Moraes,https://www.pindamonhangaba.sp.leg.br/proposicoes/0/0/0/0/703#pesquisa
2021-11-25 00:00:00,EMENDA IMPOSITIVA N.º 263 AO PROJETO DE LEI N° 267/2021,"EMENDA IMPOSITIVA AO PROJETO DE LEI N° 267/2021, QUE ESTIMA A RECEITA E FIXA A DESPESA DO MUNICÍPIO PARA O EXERCÍCIO DE 2022.",Norberto Moraes,https://www.pindamonhangaba.sp.leg.br/proposicoes/0/0/0/0/704#pesquisa
2021-11-25 00:00:00,EMENDA IMPOSITIVA N.º 264 AO PROJETO DE LEI N° 267/2021,"EMENDA IMPOSITIVA AO PROJETO DE LEI N° 267/2021, QUE ESTIMA A RECEITA E FIXA A DESPESA DO MUNICÍPIO PARA O EXERCÍCIO DE 2022.",Norberto Moraes,https://www.pindamonhangaba.sp.leg.br/proposicoes/0/0/0/0/705#pesquisa
2021-11-25 00:00:00,EMENDA IMPOSITIVA N.º 265 AO PROJETO DE LEI N° 267/2021,"EMENDA IMPOSITIVA AO PROJETO DE LEI N° 267/2021, QUE ESTIMA A RECEITA E FIXA A DESPESA DO MUNICÍPIO PARA O EXERCÍCIO DE 2022.",Norberto Moraes,https://www.pindamonhangaba.sp.leg.br/proposicoes/0/0/0/0/706#pesquisa
2021-11-25 00:00:00,EMENDA IMPOSITIVA N.º 266 AO PROJETO DE LEI N° 267/2021,"EMENDA IMPOSITIVA AO PROJETO DE LEI N° 267/2021, QUE ESTIMA A RECEITA E FIXA A DESPESA DO MUNICÍPIO PARA O EXERCÍCIO DE 2022.",Norberto Moraes,https://www.pindamonhangaba.sp.leg.br/proposicoes/0/0/0/0/707#pesquisa
2021-11-25 00:00:00,EMENDA IMPOSITIVA N.º 267 AO PROJETO DE LEI N° 267/2021,"EMENDA IMPOSITIVA AO PROJETO DE LEI N° 267/2021, QUE ESTIMA A RECEITA E FIXA A DESPESA DO MUNICÍPIO PARA O EXERCÍCIO DE 2022.",Norberto Moraes,https://www.pindamonhangaba.sp.leg.br/proposicoes/0/0/0/0/708#pesquisa
2021-11-25 00:00:00,EMENDA IMPOSITIVA N.º 11 AO PROJETO DE LEI N° 267/2021,"EMENDA IMPOSITIVA AO PROJETO DE LEI N° 267/2021, QUE ESTIMA A RECEITA E FIXA A DESPESA DO MUNICÍPIO PARA O EXERCÍCIO DE 2022.",Marco Mayor,https://www.pindamonhangaba.sp.leg.br/proposicoes/0/0/0/0/453#pesquisa
2021-11-25 00:00:00,EMENDA IMPOSITIVA N.º 268 AO PROJETO DE LEI N° 267/2021,"EMENDA IMPOSITIVA AO PROJETO DE LEI N° 267/2021, QUE ESTIMA A RECEITA E FIXA A DESPESA DO MUNICÍPIO PARA O EXERCÍCIO DE 2022.",Norberto Moraes,https://www.pindamonhangaba.sp.leg.br/proposicoes/0/0/0/0/709#pesquisa
2021-11-25 00:00:00,EMENDA IMPOSITIVA N.º 12 AO PROJETO DE LEI N° 267/2021,"EMENDA IMPOSITIVA AO PROJETO DE LEI N° 267/2021, QUE ESTIMA A RECEITA E FIXA A DESPESA DO MUNICÍPIO PARA O EXERCÍCIO DE 2022.",Marco Mayor,https://www.pindamonhangaba.sp.leg.br/proposicoes/0/0/0/0/454#pesquisa
2021-11-25 00:00:00,EMENDA IMPOSITIVA N.º 269 AO PROJETO DE LEI N° 267/2021,"EMENDA IMPOSITIVA AO PROJETO DE LEI N° 267/2021, QUE ESTIMA A RECEITA E FIXA A DESPESA DO MUNICÍPIO PARA O EXERCÍCIO DE 2022.",Norberto Moraes,https://www.pindamonhangaba.sp.leg.br/proposicoes/0/0/0/0/710#pesquisa
2021-11-25 00:00:00,EMENDA IMPOSITIVA N.º 13 AO PROJETO DE LEI N° 267/2021,"EMENDA IMPOSITIVA AO PROJETO DE LEI N° 267/2021, QUE ESTIMA A RECEITA E FIXA A DESPESA DO MUNICÍPIO PARA O EXERCÍCIO DE 2022.",José Carlos Gomes – Cal,https://www.pindamonhangaba.sp.leg.br/proposicoes/0/0/0/0/455#pesquisa
2021-11-25 00:00:00,EMENDA IMPOSITIVA N.º 270 AO PROJETO DE LEI N° 267/2021,"EMENDA IMPOSITIVA AO PROJETO DE LEI N° 267/2021, QUE ESTIMA A RECEITA E FIXA A DESPESA DO MUNICÍPIO PARA O EXERCÍCIO DE 2022.",Norberto Moraes,https://www.pindamonhangaba.sp.leg.br/proposicoes/0/0/0/0/711#pesquisa
2021-11-25 00:00:00,EMENDA IMPOSITIVA N.º 14 AO PROJETO DE LEI N° 267/2021,"EMENDA IMPOSITIVA AO PROJETO DE LEI N° 267/2021, QUE ESTIMA A RECEITA E FIXA A DESPESA DO MUNICÍPIO PARA O EXERCÍCIO DE 2022.",José Carlos Gomes – Cal,https://www.pindamonhangaba.sp.leg.br/proposicoes/0/0/0/0/456#pesquisa
2021-11-25 00:00:00,EMENDA IMPOSITIVA N.º 271 AO PROJETO DE LEI N° 267/2021,"EMENDA IMPOSITIVA AO PROJETO DE LEI N° 267/2021, QUE ESTIMA A RECEITA E FIXA A DESPESA DO MUNICÍPIO PARA O EXERCÍCIO DE 2022.",Norberto Moraes,https://www.pindamonhangaba.sp.leg.br/proposicoes/0/0/0/0/712#pesquisa
2021-11-25 00:00:00,EMENDA IMPOSITIVA N.º 15 AO PROJETO DE LEI N° 267/2021,"EMENDA IMPOSITIVA AO PROJETO DE LEI N° 267/2021, QUE ESTIMA A RECEITA E FIXA A DESPESA DO MUNICÍPIO PARA O EXERCÍCIO DE 2022.",José Carlos Gomes – Cal,https://www.pindamonhangaba.sp.leg.br/proposicoes/0/0/0/0/457#pesquisa
2021-11-25 00:00:00,EMENDA IMPOSITIVA N.º 272 AO PROJETO DE LEI N° 267/2021,"EMENDA IMPOSITIVA AO PROJETO DE LEI N° 267/2021, QUE ESTIMA A RECEITA E FIXA A DESPESA DO MUNICÍPIO PARA O EXERCÍCIO DE 2022.",Norberto Moraes,https://www.pindamonhangaba.sp.leg.br/proposicoes/0/0/0/0/713#pesquisa
2021-11-25 00:00:00,EMENDA IMPOSITIVA N.º 16 AO PROJETO DE LEI N° 267/2021,"EMENDA IMPOSITIVA AO PROJETO DE LEI N° 267/2021, QUE ESTIMA A RECEITA E FIXA A DESPESA DO MUNICÍPIO PARA O EXERCÍCIO DE 2022.",José Carlos Gomes – Cal,https://www.pindamonhangaba.sp.leg.br/proposicoes/0/0/0/0/458#pesquisa
2021-11-25 00:00:00,EMENDA MODIFICATIVA N.º 273 AO PROJETO DE LEI N° 267/2021,"EMENDA IMPOSITIVA AO PROJETO DE LEI N° 267/2021, QUE ESTIMA A RECEITA E FIXA A DESPESA DO MUNICÍPIO PARA O EXERCÍCIO DE 2022.",Norberto Moraes,https://www.pindamonhangaba.sp.leg.br/proposicoes/0/0/0/0/714#pesquisa
2021-11-25 00:00:00,EMENDA IMPOSITIVA N.º 17 AO PROJETO DE LEI N° 267/2021,"EMENDA IMPOSITIVA AO PROJETO DE LEI N° 267/2021, QUE ESTIMA A RECEITA E FIXA A DESPESA DO MUNICÍPIO PARA O EXERCÍCIO DE 2022.",José Carlos Gomes – Cal,https://www.pindamonhangaba.sp.leg.br/proposicoes/0/0/0/0/459#pesquisa
2021-11-25 00:00:00,EMENDA IMPOSITIVA N.º 18 AO PROJETO DE LEI N° 267/2021,"EMENDA IMPOSITIVA AO PROJETO DE LEI N° 267/2021, QUE ESTIMA A RECEITA E FIXA A DESPESA DO MUNICÍPIO PARA O EXERCÍCIO DE 2022.",José Carlos Gomes – Cal,https://www.pindamonhangaba.sp.leg.br/proposicoes/0/0/0/0/460#pesquisa
2021-11-25 00:00:00,EMENDA IMPOSITIVA N.º 19 AO PROJETO DE LEI N° 267/2021,"EMENDA IMPOSITIVA AO PROJETO DE LEI N° 267/2021, QUE ESTIMA A RECEITA E FIXA A DESPESA DO MUNICÍPIO PARA O EXERCÍCIO DE 2022.",José Carlos Gomes – Cal,https://www.pindamonhangaba.sp.leg.br/proposicoes/0/0/0/0/461#pesquisa
2021-11-25 00:00:00,EMENDA IMPOSITIVA N.º 20 AO PROJETO DE LEI N° 267/2021,"EMENDA IMPOSITIVA AO PROJETO DE LEI N° 267/2021, QUE ESTIMA A RECEITA E FIXA A DESPESA DO MUNICÍPIO PARA O EXERCÍCIO DE 2022.",José Carlos Gomes – Cal,https://www.pindamonhangaba.sp.leg.br/proposicoes/0/0/0/0/462#pesquisa
2021-11-25 00:00:00,EMENDA IMPOSITIVA N.º 21 AO PROJETO DE LEI N° 267/2021,"EMENDA IMPOSITIVA AO PROJETO DE LEI N° 267/2021, QUE ESTIMA A RECEITA E FIXA A DESPESA DO MUNICÍPIO PARA O EXERCÍCIO DE 2022.",José Carlos Gomes – Cal,https://www.pindamonhangaba.sp.leg.br/proposicoes/0/0/0/0/463#pesquisa
2021-11-25 00:00:00,EMENDA IMPOSITIVA N.º 22 AO PROJETO DE LEI N° 267/2021,"EMENDA IMPOSITIVA AO PROJETO DE LEI N° 267/2021, QUE ESTIMA A RECEITA E FIXA A DESPESA DO MUNICÍPIO PARA O EXERCÍCIO DE 2022.",José Carlos Gomes – Cal,https://www.pindamonhangaba.sp.leg.br/proposicoes/0/0/0/0/464#pesquisa
2021-11-25 00:00:00,EMENDA IMPOSITIVA N.º 23 AO PROJETO DE LEI N° 267/2021,"EMENDA IMPOSITIVA AO PROJETO DE LEI N° 267/2021, QUE ESTIMA A RECEITA E FIXA A DESPESA DO MUNICÍPIO PARA O EXERCÍCIO DE 2022.",José Carlos Gomes – Cal,https://www.pindamonhangaba.sp.leg.br/proposicoes/0/0/0/0/465#pesquisa
2021-11-25 00:00:00,EMENDA IMPOSITIVA N.º 24 AO PROJETO DE LEI N° 267/2021,"EMENDA IMPOSITIVA AO PROJETO DE LEI N° 267/2021, QUE ESTIMA A RECEITA E FIXA A DESPESA DO MUNICÍPIO PARA O EXERCÍCIO DE 2022.",José Carlos Gomes – Cal,https://www.pindamonhangaba.sp.leg.br/proposicoes/0/0/0/0/466#pesquisa
2021-11-25 00:00:00,EMENDA IMPOSITIVA N.º 25 AO PROJETO DE LEI N° 267/2021,"EMENDA IMPOSITIVA AO PROJETO DE LEI N° 267/2021, QUE ESTIMA A RECEITA E FIXA A DESPESA DO MUNICÍPIO PARA O EXERCÍCIO DE 2022.",José Carlos Gomes – Cal,https://www.pindamonhangaba.sp.leg.br/proposicoes/0/0/0/0/467#pesquisa
2021-11-25 00:00:00,EMENDA IMPOSITIVA N.º 26 AO PROJETO DE LEI N° 267/2021,"EMENDA IMPOSITIVA AO PROJETO DE LEI N° 267/2021, QUE ESTIMA A RECEITA E FIXA A DESPESA DO MUNICÍPIO PARA O EXERCÍCIO DE 2022.",José Carlos Gomes – Cal,https://www.pindamonhangaba.sp.leg.br/proposicoes/0/0/0/0/468#pesquisa
2021-11-25 00:00:00,EMENDA IMPOSITIVA N.º 27 AO PROJETO DE LEI N° 267/2021,"EMENDA IMPOSITIVA AO PROJETO DE LEI N° 267/2021, QUE ESTIMA A RECEITA E FIXA A DESPESA DO MUNICÍPIO PARA O EXERCÍCIO DE 2022.",José Carlos Gomes – Cal,https://www.pindamonhangaba.sp.leg.br/proposicoes/0/0/0/0/469#pesquisa
2021-11-25 00:00:00,EMENDA IMPOSITIVA N.º 28 AO PROJETO DE LEI N° 267/2021,"EMENDA IMPOSITIVA AO PROJETO DE LEI N° 267/2021, QUE ESTIMA A RECEITA E FIXA A DESPESA DO MUNICÍPIO PARA O EXERCÍCIO DE 2022.",José Carlos Gomes – Cal,https://www.pindamonhangaba.sp.leg.br/proposicoes/0/0/0/0/470#pesquisa
2021-11-25 00:00:00,EMENDA IMPOSITIVA N.º 29 AO PROJETO DE LEI N° 267/2021,"EMENDA IMPOSITIVA AO PROJETO DE LEI N° 267/2021, QUE ESTIMA A RECEITA E FIXA A DESPESA DO MUNICÍPIO PARA O EXERCÍCIO DE 2022.",José Carlos Gomes – Cal,https://www.pindamonhangaba.sp.leg.br/proposicoes/0/0/0/0/471#pesquisa
2021-11-25 00:00:00,EMENDA IMPOSITIVA N.º 30 AO PROJETO DE LEI N° 267/2021,"EMENDA IMPOSITIVA AO PROJETO DE LEI N° 267/2021, QUE ESTIMA A RECEITA E FIXA A DESPESA DO MUNICÍPIO PARA O EXERCÍCIO DE 2022.",José Carlos Gomes – Cal,https://www.pindamonhangaba.sp.leg.br/proposicoes/0/0/0/0/472#pesquisa
2021-11-25 00:00:00,EMENDA IMPOSITIVA N.º 31 AO PROJETO DE LEI N° 267/2021,"EMENDA IMPOSITIVA AO PROJETO DE LEI N° 267/2021, QUE ESTIMA A RECEITA E FIXA A DESPESA DO MUNICÍPIO PARA O EXERCÍCIO DE 2022.",José Carlos Gomes – Cal,https://www.pindamonhangaba.sp.leg.br/proposicoes/0/0/0/0/473#pesquisa
2021-11-25 00:00:00,EMENDA IMPOSITIVA N.º 32 AO PROJETO DE LEI N° 267/2021,"EMENDA IMPOSITIVA AO PROJETO DE LEI N° 267/2021, QUE ESTIMA A RECEITA E FIXA A DESPESA DO MUNICÍPIO PARA O EXERCÍCIO DE 2022.",José Carlos Gomes – Cal,https://www.pindamonhangaba.sp.leg.br/proposicoes/0/0/0/0/474#pesquisa
2021-11-25 00:00:00,EMENDA IMPOSITIVA N.º 33 AO PROJETO DE LEI N° 267/2021,"EMENDA IMPOSITIVA AO PROJETO DE LEI N° 267/2021, QUE ESTIMA A RECEITA E FIXA A DESPESA DO MUNICÍPIO PARA O EXERCÍCIO DE 2022.",José Carlos Gomes – Cal,https://www.pindamonhangaba.sp.leg.br/proposicoes/0/0/0/0/475#pesquisa
2021-11-25 00:00:00,EMENDA IMPOSITIVA N.º 34 AO PROJETO DE LEI N° 267/2021,"EMENDA IMPOSITIVA AO PROJETO DE LEI N° 267/2021, QUE ESTIMA A RECEITA E FIXA A DESPESA DO MUNICÍPIO PARA O EXERCÍCIO DE 2022.",José Carlos Gomes – Cal,https://www.pindamonhangaba.sp.leg.br/proposicoes/0/0/0/0/476#pesquisa
2021-11-25 00:00:00,EMENDA IMPOSITIVA N.º 35 AO PROJETO DE LEI N° 267/2021,"EMENDA IMPOSITIVA AO PROJETO DE LEI N° 267/2021, QUE ESTIMA A RECEITA E FIXA A DESPESA DO MUNICÍPIO PARA O EXERCÍCIO DE 2022.",José Carlos Gomes – Cal,https://www.pindamonhangaba.sp.leg.br/proposicoes/0/0/0/0/477#pesquisa
2021-11-25 00:00:00,EMENDA IMPOSITIVA N.º 36 AO PROJETO DE LEI N° 267/2021,"EMENDA IMPOSITIVA AO PROJETO DE LEI N° 267/2021, QUE ESTIMA A RECEITA E FIXA A DESPESA DO MUNICÍPIO PARA O EXERCÍCIO DE 2022.",José Carlos Gomes – Cal,https://www.pindamonhangaba.sp.leg.br/proposicoes/0/0/0/0/478#pesquisa
2021-11-25 00:00:00,EMENDA IMPOSITIVA N.º 37 AO PROJETO DE LEI N° 267/2021,"EMENDA IMPOSITIVA AO PROJETO DE LEI N° 267/2021, QUE ESTIMA A RECEITA E FIXA A DESPESA DO MUNICÍPIO PARA O EXERCÍCIO DE 2022.",Carlos Moura - Magrão,https://www.pindamonhangaba.sp.leg.br/proposicoes/0/0/0/0/479#pesquisa
2021-11-25 00:00:00,EMENDA IMPOSITIVA N.º 38 AO PROJETO DE LEI N° 267/2021,"EMENDA IMPOSITIVA AO PROJETO DE LEI N° 267/2021, QUE ESTIMA A RECEITA E FIXA A DESPESA DO MUNICÍPIO PARA O EXERCÍCIO DE 2022.",Carlos Moura - Magrão,https://www.pindamonhangaba.sp.leg.br/proposicoes/0/0/0/0/480#pesquisa
2021-11-25 00:00:00,EMENDA IMPOSITIVA N.º 39 AO PROJETO DE LEI N° 267/2021,"EMENDA IMPOSITIVA AO PROJETO DE LEI N° 267/2021, QUE ESTIMA A RECEITA E FIXA A DESPESA DO MUNICÍPIO PARA O EXERCÍCIO DE 2022.",Carlos Moura - Magrão,https://www.pindamonhangaba.sp.leg.br/proposicoes/0/0/0/0/481#pesquisa
2021-11-25 00:00:00,EMENDA IMPOSITIVA N.º 40 AO PROJETO DE LEI N° 267/2021,"EMENDA IMPOSITIVA AO PROJETO DE LEI N° 267/2021, QUE ESTIMA A RECEITA E FIXA A DESPESA DO MUNICÍPIO PARA O EXERCÍCIO DE 2022.",Carlos Moura - Magrão,https://www.pindamonhangaba.sp.leg.br/proposicoes/0/0/0/0/482#pesquisa
2021-11-25 00:00:00,EMENDA IMPOSITIVA N.º 41 AO PROJETO DE LEI N° 267/2021,"EMENDA IMPOSITIVA AO PROJETO DE LEI N° 267/2021, QUE ESTIMA A RECEITA E FIXA A DESPESA DO MUNICÍPIO PARA O EXERCÍCIO DE 2022.",Carlos Moura - Magrão,https://www.pindamonhangaba.sp.leg.br/proposicoes/0/0/0/0/483#pesquisa
2021-11-25 00:00:00,EMENDA IMPOSITIVA N.º 42 AO PROJETO DE LEI N° 267/2021,"EMENDA IMPOSITIVA AO PROJETO DE LEI N° 267/2021, QUE ESTIMA A RECEITA E FIXA A DESPESA DO MUNICÍPIO PARA O EXERCÍCIO DE 2022.",Carlos Moura - Magrão,https://www.pindamonhangaba.sp.leg.br/proposicoes/0/0/0/0/484#pesquisa
2021-11-25 00:00:00,EMENDA IMPOSITIVA N.º 43 AO PROJETO DE LEI N° 267/2021,"EMENDA IMPOSITIVA AO PROJETO DE LEI N° 267/2021, QUE ESTIMA A RECEITA E FIXA A DESPESA DO MUNICÍPIO PARA O EXERCÍCIO DE 2022.",Carlos Moura - Magrão,https://www.pindamonhangaba.sp.leg.br/proposicoes/0/0/0/0/485#pesquisa
2021-11-25 00:00:00,EMENDA IMPOSITIVA N.º 44 AO PROJETO DE LEI N° 267/2021,"EMENDA IMPOSITIVA AO PROJETO DE LEI N° 267/2021, QUE ESTIMA A RECEITA E FIXA A DESPESA DO MUNICÍPIO PARA O EXERCÍCIO DE 2022.",Carlos Moura - Magrão,https://www.pindamonhangaba.sp.leg.br/proposicoes/0/0/0/0/486#pesquisa
2021-11-25 00:00:00,EMENDA IMPOSITIVA N.º 45 AO PROJETO DE LEI N° 267/2021,"EMENDA IMPOSITIVA AO PROJETO DE LEI N° 267/2021, QUE ESTIMA A RECEITA E FIXA A DESPESA DO MUNICÍPIO PARA O EXERCÍCIO DE 2022.",Carlos Moura - Magrão,https://www.pindamonhangaba.sp.leg.br/proposicoes/0/0/0/0/487#pesquisa
2021-11-25 00:00:00,EMENDA IMPOSITIVA N.º 46 AO PROJETO DE LEI N° 267/2021,"EMENDA IMPOSITIVA AO PROJETO DE LEI N° 267/2021, QUE ESTIMA A RECEITA E FIXA A DESPESA DO MUNICÍPIO PARA O EXERCÍCIO DE 2022.",Carlos Moura - Magrão,https://www.pindamonhangaba.sp.leg.br/proposicoes/0/0/0/0/488#pesquisa
2021-11-25 00:00:00,EMENDA IMPOSITIVA N.º 47 AO PROJETO DE LEI N° 267/2021,"EMENDA IMPOSITIVA AO PROJETO DE LEI N° 267/2021, QUE ESTIMA A RECEITA E FIXA A DESPESA DO MUNICÍPIO PARA O EXERCÍCIO DE 2022.",Carlos Moura - Magrão,https://www.pindamonhangaba.sp.leg.br/proposicoes/0/0/0/0/489#pesquisa
2021-11-25 00:00:00,EMENDA IMPOSITIVA N.º 48 AO PROJETO DE LEI N° 267/2021,"EMENDA IMPOSITIVA AO PROJETO DE LEI N° 267/2021, QUE ESTIMA A RECEITA E FIXA A DESPESA DO MUNICÍPIO PARA O EXERCÍCIO DE 2022.",Carlos Moura - Magrão,https://www.pindamonhangaba.sp.leg.br/proposicoes/0/0/0/0/490#pesquisa
2021-11-25 00:00:00,EMENDA IMPOSITIVA N.º 49 AO PROJETO DE LEI N° 267/2021,"EMENDA IMPOSITIVA AO PROJETO DE LEI N° 267/2021, QUE ESTIMA A RECEITA E FIXA A DESPESA DO MUNICÍPIO PARA O EXERCÍCIO DE 2022.",Carlos Moura - Magrão,https://www.pindamonhangaba.sp.leg.br/proposicoes/0/0/0/0/491#pesquisa
2021-11-25 00:00:00,EMENDA IMPOSITIVA N.º 50 AO PROJETO DE LEI N° 267/2021,"EMENDA IMPOSITIVA AO PROJETO DE LEI N° 267/2021, QUE ESTIMA A RECEITA E FIXA A DESPESA DO MUNICÍPIO PARA O EXERCÍCIO DE 2022.",Carlos Moura - Magrão,https://www.pindamonhangaba.sp.leg.br/proposicoes/0/0/0/0/492#pesquisa
2021-11-25 00:00:00,EMENDA IMPOSITIVA N.º 51 AO PROJETO DE LEI N° 267/2021,"EMENDA IMPOSITIVA AO PROJETO DE LEI N° 267/2021, QUE ESTIMA A RECEITA E FIXA A DESPESA DO MUNICÍPIO PARA O EXERCÍCIO DE 2022.",Carlos Moura - Magrão,https://www.pindamonhangaba.sp.leg.br/proposicoes/0/0/0/0/493#pesquisa
2021-11-25 00:00:00,EMENDA IMPOSITIVA N.º 52 AO PROJETO DE LEI N° 267/2021,"EMENDA IMPOSITIVA AO PROJETO DE LEI N° 267/2021, QUE ESTIMA A RECEITA E FIXA A DESPESA DO MUNICÍPIO PARA O EXERCÍCIO DE 2022.",Carlos Moura - Magrão,https://www.pindamonhangaba.sp.leg.br/proposicoes/0/0/0/0/494#pesquisa
2021-11-25 00:00:00,EMENDA IMPOSITIVA N.º 53 AO PROJETO DE LEI N° 267/2021,"EMENDA IMPOSITIVA AO PROJETO DE LEI N° 267/2021, QUE ESTIMA A RECEITA E FIXA A DESPESA DO MUNICÍPIO PARA O EXERCÍCIO DE 2022.",Carlos Moura - Magrão,https://www.pindamonhangaba.sp.leg.br/proposicoes/0/0/0/0/495#pesquisa
2021-11-25 00:00:00,EMENDA IMPOSITIVA N.º 54 AO PROJETO DE LEI N° 267/2021,"EMENDA IMPOSITIVA AO PROJETO DE LEI N° 267/2021, QUE ESTIMA A RECEITA E FIXA A DESPESA DO MUNICÍPIO PARA O EXERCÍCIO DE 2022.",Carlos Moura - Magrão,https://www.pindamonhangaba.sp.leg.br/proposicoes/0/0/0/0/496#pesquisa
2021-11-25 00:00:00,EMENDA IMPOSITIVA N.º 55 AO PROJETO DE LEI N° 267/2021,"EMENDA IMPOSITIVA AO PROJETO DE LEI N° 267/2021, QUE ESTIMA A RECEITA E FIXA A DESPESA DO MUNICÍPIO PARA O EXERCÍCIO DE 2022.",Carlos Moura - Magrão,https://www.pindamonhangaba.sp.leg.br/proposicoes/0/0/0/0/497#pesquisa
2021-11-25 00:00:00,EMENDA IMPOSITIVA N.º 56 AO PROJETO DE LEI N° 267/2021,"EMENDA IMPOSITIVA AO PROJETO DE LEI N° 267/2021, QUE ESTIMA A RECEITA E FIXA A DESPESA DO MUNICÍPIO PARA O EXERCÍCIO DE 2022.",Carlos Moura - Magrão,https://www.pindamonhangaba.sp.leg.br/proposicoes/0/0/0/0/498#pesquisa
2021-11-25 00:00:00,EMENDA IMPOSITIVA N.º 57 AO PROJETO DE LEI N° 267/2021,"EMENDA IMPOSITIVA AO PROJETO DE LEI N° 267/2021, QUE ESTIMA A RECEITA E FIXA A DESPESA DO MUNICÍPIO PARA O EXERCÍCIO DE 2022.",Carlos Moura - Magrão,https://www.pindamonhangaba.sp.leg.br/proposicoes/0/0/0/0/499#pesquisa
2021-11-25 00:00:00,EMENDA IMPOSITIVA N.º 58 AO PROJETO DE LEI N° 267/2021,"EMENDA IMPOSITIVA AO PROJETO DE LEI N° 267/2021, QUE ESTIMA A RECEITA E FIXA A DESPESA DO MUNICÍPIO PARA O EXERCÍCIO DE 2022.",Carlos Moura - Magrão,https://www.pindamonhangaba.sp.leg.br/proposicoes/0/0/0/0/500#pesquisa
2021-11-25 00:00:00,EMENDA IMPOSITIVA N.º 59 AO PROJETO DE LEI N° 267/2021,"EMENDA IMPOSITIVA AO PROJETO DE LEI N° 267/2021, QUE ESTIMA A RECEITA E FIXA A DESPESA DO MUNICÍPIO PARA O EXERCÍCIO DE 2022.",Gilson Nagrin,https://www.pindamonhangaba.sp.leg.br/proposicoes/0/0/0/0/501#pesquisa
2021-11-25 00:00:00,EMENDA IMPOSITIVA N.º 60 AO PROJETO DE LEI N° 267/2021,"EMENDA IMPOSITIVA AO PROJETO DE LEI N° 267/2021, QUE ESTIMA A RECEITA E FIXA A DESPESA DO MUNICÍPIO PARA O EXERCÍCIO DE 2022.",Gilson Nagrin,https://www.pindamonhangaba.sp.leg.br/proposicoes/0/0/0/0/502#pesquisa
2021-11-25 00:00:00,EMENDA IMPOSITIVA N.º 61 AO PROJETO DE LEI N° 267/2021,"EMENDA IMPOSITIVA AO PROJETO DE LEI N° 267/2021, QUE ESTIMA A RECEITA E FIXA A DESPESA DO MUNICÍPIO PARA O EXERCÍCIO DE 2022.",Gilson Nagrin,https://www.pindamonhangaba.sp.leg.br/proposicoes/0/0/0/0/503#pesquisa
2021-11-25 00:00:00,EMENDA IMPOSITIVA N.º 62 AO PROJETO DE LEI N° 267/2021,"EMENDA IMPOSITIVA AO PROJETO DE LEI N° 267/2021, QUE ESTIMA A RECEITA E FIXA A DESPESA DO MUNICÍPIO PARA O EXERCÍCIO DE 2022.",Gilson Nagrin,https://www.pindamonhangaba.sp.leg.br/proposicoes/0/0/0/0/504#pesquisa
2021-11-25 00:00:00,EMENDA IMPOSITIVA N.º 63 AO PROJETO DE LEI N° 267/2021,"EMENDA IMPOSITIVA AO PROJETO DE LEI N° 267/2021, QUE ESTIMA A RECEITA E FIXA A DESPESA DO MUNICÍPIO PARA O EXERCÍCIO DE 2022.",Gilson Nagrin,https://www.pindamonhangaba.sp.leg.br/proposicoes/0/0/0/0/505#pesquisa
2021-11-25 00:00:00,EMENDA IMPOSITIVA N.º 64 AO PROJETO DE LEI N° 267/2021,"EMENDA IMPOSITIVA AO PROJETO DE LEI N° 267/2021, QUE ESTIMA A RECEITA E FIXA A DESPESA DO MUNICÍPIO PARA O EXERCÍCIO DE 2022.",Gilson Nagrin,https://www.pindamonhangaba.sp.leg.br/proposicoes/0/0/0/0/506#pesquisa
2021-11-25 00:00:00,EMENDA IMPOSITIVA N.º 65 AO PROJETO DE LEI N° 267/2021,"EMENDA IMPOSITIVA AO PROJETO DE LEI N° 267/2021, QUE ESTIMA A RECEITA E FIXA A DESPESA DO MUNICÍPIO PARA O EXERCÍCIO DE 2022.",Gilson Nagrin,https://www.pindamonhangaba.sp.leg.br/proposicoes/0/0/0/0/507#pesquisa
2021-11-25 00:00:00,EMENDA IMPOSITIVA N.º 66 AO PROJETO DE LEI N° 267/2021,"EMENDA IMPOSITIVA AO PROJETO DE LEI N° 267/2021, QUE ESTIMA A RECEITA E FIXA A DESPESA DO MUNICÍPIO PARA O EXERCÍCIO DE 2022.",Gilson Nagrin,https://www.pindamonhangaba.sp.leg.br/proposicoes/0/0/0/0/508#pesquisa
2021-11-25 00:00:00,EMENDA IMPOSITIVA N.º 67 AO PROJETO DE LEI N° 267/2021,"EMENDA IMPOSITIVA AO PROJETO DE LEI N° 267/2021, QUE ESTIMA A RECEITA E FIXA A DESPESA DO MUNICÍPIO PARA O EXERCÍCIO DE 2022.",Gilson Nagrin,https://www.pindamonhangaba.sp.leg.br/proposicoes/0/0/0/0/509#pesquisa
2021-11-25 00:00:00,EMENDA IMPOSITIVA N.º 68 AO PROJETO DE LEI N° 267/2021,"EMENDA IMPOSITIVA AO PROJETO DE LEI N° 267/2021, QUE ESTIMA A RECEITA E FIXA A DESPESA DO MUNICÍPIO PARA O EXERCÍCIO DE 2022.",Gilson Nagrin,https://www.pindamonhangaba.sp.leg.br/proposicoes/0/0/0/0/510#pesquisa
2021-11-25 00:00:00,EMENDA IMPOSITIVA N.º 69 AO PROJETO DE LEI N° 267/2021,"EMENDA IMPOSITIVA AO PROJETO DE LEI N° 267/2021, QUE ESTIMA A RECEITA E FIXA A DESPESA DO MUNICÍPIO PARA O EXERCÍCIO DE 2022.",Gilson Nagrin,https://www.pindamonhangaba.sp.leg.br/proposicoes/0/0/0/0/511#pesquisa
2021-11-23 00:00:00,EMENDA IMPOSITIVA N.º 9 AO PROJETO DE LEI N° 267/2021,"EMENDA IMPOSITIVA AO PROJETO DE LEI N° 267/2021, QUE ESTIMA A RECEITA E FIXA A DESPESA DO MUNICÍPIO PARA O EXERCÍCIO DE 2022.",Marco Mayor,https://www.pindamonhangaba.sp.leg.br/proposicoes/0/0/0/0/451#pesquisa
2021-11-23 00:00:00,EMENDA IMPOSITIVA N.º 10 AO PROJETO DE LEI N° 267/2021,"EMENDA IMPOSITIVA AO PROJETO DE LEI N° 267/2021, QUE ESTIMA A RECEITA E FIXA A DESPESA DO MUNICÍPIO PARA O EXERCÍCIO DE 2022.",Marco Mayor,https://www.pindamonhangaba.sp.leg.br/proposicoes/0/0/0/0/452#pesquisa
2021-11-17 00:00:00,EMENDA IMPOSITIVA N.º 1 AO PROJETO DE LEI N° 267/2021,"EMENDA IMPOSITIVA AO PROJETO DE LEI N° 267/2021, QUE ESTIMA A RECEITA E FIXA A DESPESA DO MUNICÍPIO PARA O EXERCÍCIO DE 2022.",Marco Mayor,https://www.pindamonhangaba.sp.leg.br/proposicoes/0/0/0/0/443#pesquisa
2021-11-17 00:00:00,EMENDA IMPOSITIVA N.º 2 AO PROJETO DE LEI N° 267/2021,"EMENDA IMPOSITIVA AO PROJETO DE LEI N° 267/2021, QUE ESTIMA A RECEITA E FIXA A DESPESA DO MUNICÍPIO PARA O EXERCÍCIO DE 2022.",Marco Mayor,https://www.pindamonhangaba.sp.leg.br/proposicoes/0/0/0/0/444#pesquisa
2021-11-17 00:00:00,EMENDA IMPOSITIVA N.º 3 AO PROJETO DE LEI N° 267/2021,"EMENDA IMPOSITIVA AO PROJETO DE LEI N° 267/2021, QUE ESTIMA A RECEITA E FIXA A DESPESA DO MUNICÍPIO PARA O EXERCÍCIO DE 2022.",Marco Mayor,https://www.pindamonhangaba.sp.leg.br/proposicoes/0/0/0/0/445#pesquisa
2021-11-17 00:00:00,EMENDA IMPOSITIVA N.º 4 AO PROJETO DE LEI N° 267/2021,"EMENDA IMPOSITIVA AO PROJETO DE LEI N° 267/2021, QUE ESTIMA A RECEITA E FIXA A DESPESA DO MUNICÍPIO PARA O EXERCÍCIO DE 2022.",Marco Mayor,https://www.pindamonhangaba.sp.leg.br/proposicoes/0/0/0/0/446#pesquisa
2021-11-17 00:00:00,EMENDA IMPOSITIVA N.º 5 AO PROJETO DE LEI N° 267/2021,"EMENDA IMPOSITIVA AO PROJETO DE LEI N° 267/2021, QUE ESTIMA A RECEITA E FIXA A DESPESA DO MUNICÍPIO PARA O EXERCÍCIO DE 2022.",Marco Mayor,https://www.pindamonhangaba.sp.leg.br/proposicoes/0/0/0/0/447#pesquisa
2021-11-17 00:00:00,EMENDA IMPOSITIVA N.º 6 AO PROJETO DE LEI N° 267/2021,"EMENDA IMPOSITIVA AO PROJETO DE LEI N° 267/2021, QUE ESTIMA A RECEITA E FIXA A DESPESA DO MUNICÍPIO PARA O EXERCÍCIO DE 2022.",Marco Mayor,https://www.pindamonhangaba.sp.leg.br/proposicoes/0/0/0/0/448#pesquisa
2021-11-17 00:00:00,EMENDA IMPOSITIVA N.º 7 AO PROJETO DE LEI N° 267/2021,"EMENDA IMPOSITIVA AO PROJETO DE LEI N° 267/2021, QUE ESTIMA A RECEITA E FIXA A DESPESA DO MUNICÍPIO PARA O EXERCÍCIO DE 2022.",Marco Mayor,https://www.pindamonhangaba.sp.leg.br/proposicoes/0/0/0/0/449#pesquisa
2021-11-17 00:00:00,EMENDA IMPOSITIVA N.º 8 AO PROJETO DE LEI N° 267/2021,"EMENDA IMPOSITIVA AO PROJETO DE LEI N° 267/2021, QUE ESTIMA A RECEITA E FIXA A DESPESA DO MUNICÍPIO PARA O EXERCÍCIO DE 2022.",Marco Mayor,https://www.pindamonhangaba.sp.leg.br/proposicoes/0/0/0/0/450#pesquisa
2021-10-13 00:00:00,SUBSTITUTIVO Nº 2 AO PROJETO DE LEI N.º 146/2021,"SUBSTITUTIVO AO PROJETO DE LEI N° 146/2021, QUE DISPÕE SOBRE A ISENÇÃO TRIBUTÁRIA REFERENTE AO IMPOSTO PREDIAL TERRITORIAL UBANO - IPTU DE TEMPLOS RELIGIOSOS DE QUALQUER CULTO QUE FUNCIONEM EM IMÓVEIS CEDIDOS OU ALUGADOS E DÁ OUTRAS PROVIDÊNCIAS.",Julinho Car,https://www.pindamonhangaba.sp.leg.br/proposicoes/0/0/0/0/118388#pesquisa
2021-09-30 00:00:00,EMENDA ADITIVA N.º 3/2021,"EMENDA AO PROJETO DE LEI ORDINÁRIA N°. 232/2021, ACRESCENTA O §3° AO ART. 4° DO PROJETO DE LEI ORDINÁRIA N°. 232/2021 QUE CRIA O PROGRAMA MUNICIPAL AMBIENTAL PROTEGENDO SOLOS E CULTIVANDO ÁGUAS, AUTORIZA O PODER EXECUTIVO MUNICIPAL A PRESTAR APOIO TÉCNICO DE FOMENTO E FINANCEIRO AOS PROPRIETÁRIOS RURAIS E DÁ OUTRAS PROVIDÊNCIAS.",Rogério Ramos,https://www.pindamonhangaba.sp.leg.br/proposicoes/0/0/0/0/442#pesquisa
2021-09-27 00:00:00,EMENDA MODIFICATIVA N.º 2 AO PROJETO DE LEI ORDINÁRIA N° 232 DE 2021,"EMENDA MODIFICATIVA AO PROJETO DE LEI ORDINÁRIA N° 232 DE 2021 QUE CRIA O PROGRAMA MUNICIPAL AMBIENTAL PROTEGENDO SOLOS E CULTIVANDO ÁGUAS, AUTORIZA O PODER EXECUTIVO MUNICIPAL A PRESTAR APOIO TÉCNICO DE FOMENTO E FINANCEIRO AOS PROPRIETÁRIOS RURAIS E DÁ OUTRAS PROVIDÊNCIAS.",Herivelto Vela,https://www.pindamonhangaba.sp.leg.br/proposicoes/0/0/0/0/441#pesquisa
2021-09-23 00:00:00,SUBSTITUTIVO Nº 1 AO PROJETO DE LEI N.º 146/2021,"SUBSTITUTIVO AO PROJETO DE LEI N° 146/2021, QUE DISPÕE SOBRE A ISENÇÃO TRIBUTÁRIA REFERENTE AO IMPOSTO PREDIAL TERRITORIAL URBANO - IPTU DE TEMPLOS RELIGIOSOS DE QUALQUER CULTO QUE FUNCIONAEM EM IMÓVEIS CEDIDOS OU ALUGADOS E DÁ OUTRAS PROVIDÊNCIAS.",Julinho Car,https://www.pindamonhangaba.sp.leg.br/proposicoes/0/0/0/0/118387#pesquisa
2021-09-23 00:00:00,EMENDA MODIFICATIVA N.º 27 AO PROJETO DE LEI COMPLEMENTAR Nº 02/2020,EMENDA AO PROJETO DE LEI COMPLEMENTAR Nº 02/2020. QUE DISPÕE SOBRE A REVISÃO DO PLANO DIRETOR PARTICIPATIVO DE PINDAMONHANGABA E DÁ OUTRAS PROVIDÊNCIAS.,Norberto Moraes,https://www.pindamonhangaba.sp.leg.br/proposicoes/0/0/0/0/429#pesquisa
2021-09-23 00:00:00,EMENDA MODIFICATIVA N.º 28 AO PROJETO DE LEI COMPLEMENTAR Nº 02/2020,EMENDA AO PROJETO DE LEI COMPLEMENTAR Nº 02/2020. QUE DISPÕE SOBRE A REVISÃO DO PLANO DIRETOR PARTICIPATIVO DE PINDAMONHANGABA E DÁ OUTRAS PROVIDÊNCIAS.,Norberto Moraes,https://www.pindamonhangaba.sp.leg.br/proposicoes/0/0/0/0/430#pesquisa
2021-09-23 00:00:00,EMENDA MODIFICATIVA N.º 29 AO PROJETO DE LEI COMPLEMENTAR Nº 02/2020,EMENDA AO PROJETO DE LEI COMPLEMENTAR Nº 02/2020. QUE DISPÕE SOBRE A REVISÃO DO PLANO DIRETOR PARTICIPATIVO DE PINDAMONHANGABA E DÁ OUTRAS PROVIDÊNCIAS.,Rogério Ramos,https://www.pindamonhangaba.sp.leg.br/proposicoes/0/0/0/0/431#pesquisa
2021-09-23 00:00:00,EMENDA MODIFICATIVA N.º 30 AO PROJETO DE LEI COMPLEMENTAR Nº 02/2020,EMENDA AO PROJETO DE LEI COMPLEMENTAR Nº 02/2020. QUE DISPÕE SOBRE A REVISÃO DO PLANO DIRETOR PARTICIPATIVO DE PINDAMONHANGABA E DÁ OUTRAS PROVIDÊNCIAS.,Herivelto Vela,https://www.pindamonhangaba.sp.leg.br/proposicoes/0/0/0/0/432#pesquisa
2021-09-23 00:00:00,EMENDA MODIFICATIVA N.º 31 AO PROJETO DE LEI COMPLEMENTAR Nº 02/2020,EMENDA AO PROJETO DE LEI COMPLEMENTAR Nº 02/2020. QUE DISPÕE SOBRE A REVISÃO DO PLANO DIRETOR PARTICIPATIVO DE PINDAMONHANGABA E DÁ OUTRAS PROVIDÊNCIAS.,Renato Cebola,https://www.pindamonhangaba.sp.leg.br/proposicoes/0/0/0/0/433#pesquisa
2021-09-23 00:00:00,EMENDA MODIFICATIVA N.º 32 AO PROJETO DE LEI COMPLEMENTAR Nº 02/2020,EMENDA AO PROJETO DE LEI COMPLEMENTAR Nº 02/2020. QUE DISPÕE SOBRE A REVISÃO DO PLANO DIRETOR PARTICIPATIVO DE PINDAMONHANGABA E DÁ OUTRAS PROVIDÊNCIAS.,Renato Cebola,https://www.pindamonhangaba.sp.leg.br/proposicoes/0/0/0/0/434#pesquisa
2021-09-23 00:00:00,EMENDA MODIFICATIVA N.º 33 AO PROJETO DE LEI COMPLEMENTAR Nº 02/2020,EMENDA AO PROJETO DE LEI COMPLEMENTAR Nº 02/2020. QUE DISPÕE SOBRE A REVISÃO DO PLANO DIRETOR PARTICIPATIVO DE PINDAMONHANGABA E DÁ OUTRAS PROVIDÊNCIAS.,José Carlos Gomes – Cal,https://www.pindamonhangaba.sp.leg.br/proposicoes/0/0/0/0/435#pesquisa
2021-09-23 00:00:00,EMENDA MODIFICATIVA N.º 34 AO PROJETO DE LEI COMPLEMENTAR Nº 02/2020,EMENDA AO PROJETO DE LEI COMPLEMENTAR Nº 02/2020. QUE DISPÕE SOBRE A REVISÃO DO PLANO DIRETOR PARTICIPATIVO DE PINDAMONHANGABA E DÁ OUTRAS PROVIDÊNCIAS.,José Carlos Gomes – Cal,https://www.pindamonhangaba.sp.leg.br/proposicoes/0/0/0/0/436#pesquisa
2021-09-23 00:00:00,EMENDA MODIFICATIVA N.º 35 AO PROJETO DE LEI COMPLEMENTAR Nº 02/2020,EMENDA AO PROJETO DE LEI COMPLEMENTAR Nº 02/2020. QUE DISPÕE SOBRE A REVISÃO DO PLANO DIRETOR PARTICIPATIVO DE PINDAMONHANGABA E DÁ OUTRAS PROVIDÊNCIAS.,Renato Cebola,https://www.pindamonhangaba.sp.leg.br/proposicoes/0/0/0/0/437#pesquisa
2021-09-23 00:00:00,EMENDA MODIFICATIVA N.º 36 AO PROJETO DE LEI COMPLEMENTAR Nº 02/2020,EMENDA AO PROJETO DE LEI COMPLEMENTAR Nº 02/2020. QUE DISPÕE SOBRE A REVISÃO DO PLANO DIRETOR PARTICIPATIVO DE PINDAMONHANGABA E DÁ OUTRAS PROVIDÊNCIAS.,Renato Cebola,https://www.pindamonhangaba.sp.leg.br/proposicoes/0/0/0/0/438#pesquisa
2021-09-23 00:00:00,EMENDA MODIFICATIVA N.º 37 AO PROJETO DE LEI COMPLEMENTAR Nº 02/2020,EMENDA AO PROJETO DE LEI COMPLEMENTAR Nº 02/2020. QUE DISPÕE SOBRE A REVISÃO DO PLANO DIRETOR PARTICIPATIVO DE PINDAMONHANGABA E DÁ OUTRAS PROVIDÊNCIAS.,José Carlos Gomes – Cal,https://www.pindamonhangaba.sp.leg.br/proposicoes/0/0/0/0/439#pesquisa
2021-09-23 00:00:00,EMENDA MODIFICATIVA N.º 38 AO PROJETO DE LEI COMPLEMENTAR Nº 02/2020,EMENDA AO PROJETO DE LEI COMPLEMENTAR Nº 02/2020. QUE DISPÕE SOBRE A REVISÃO DO PLANO DIRETOR PARTICIPATIVO DE PINDAMONHANGABA E DÁ OUTRAS PROVIDÊNCIAS.,Renato Cebola,https://www.pindamonhangaba.sp.leg.br/proposicoes/0/0/0/0/440#pesquisa
2021-09-20 00:00:00,EMENDA MODIFICATIVA N.º 1 AO PROJETO DE LEI Nº 232/2021,"EMENDA AO PROJETO DE LEI Nº 232/2021 QUE CRIA O PROGRAMA MUNICIPAL AMBIENTAL PROTEGENDO SOLOS E CULTIVANDO ÁGUAS, AUTORIZA O PODER EXECUTIVO MUNICIPAL A PRESTAR APOIO TÉCNICO DE FOMENTO E FINANCEIRO AOS PROPRIETÁRIOS RURAIS E DÁ OUTRAS PROVIDÊNCIAS.",Herivelto Vela,https://www.pindamonhangaba.sp.leg.br/proposicoes/0/0/0/0/427#pesquisa
2021-09-20 00:00:00,EMENDA MODIFICATIVA N.º 2 AO PROJETO DE LEI COMPLEMENTAR N° 03 DE 2021,"EMENDA MODIFICATIVA AO PROJETO DE LEI COMPLEMENTAR N° 03 DE 2021, QUE AUTORIZA O PODER EXECUTIVO MUNICIPAL A ADQUIRIR, POR DOAÇÃO, COM ENCARGO, ÁREA LOCALIZADA NO BAIRRO CRISPIM - FAZENDA SANTA CLARA, PARA FINS DE DRENAGEM DE ÁGUAS PLUVIAIS.",Norberto Moraes,https://www.pindamonhangaba.sp.leg.br/proposicoes/0/0/0/0/428#pesquisa
2021-09-13 00:00:00,EMENDA MODIFICATIVA N.º 1 AO PROJETO DE LEI COMPLEMENTAR Nº 03 DE 2021,"EMENENDA MODIFICATIVA AO PROJETO DE LEI COMPLEMENTAR Nº 03 DE 2021 QUE AUTORIZA O PODER EXECUTIVO MUNICIPAL A ADQUIRIR, POR DOAÇÃO, COM ENCARGO, ÁREA LOCALIZADA NO BAIRRO CRISPIM - FAZENDA SANTA CLARA, PARA FINS DE DRENAGEM DE ÁGUAS PLUVIAIS.",Norberto Moraes,https://www.pindamonhangaba.sp.leg.br/proposicoes/0/0/0/0/426#pesquisa
2021-08-12 00:00:00,EMENDA MODIFICATIVA N.º 1 AO PROJETO DE LEI Nº 67/2021,"EMENDA AO PROJETO DE LEI Nº 67/2021, QUE INSTITUI A POLÍTICA DE PLACAS CONTRA ABANDONO E MAUS-TRATOS AOS ANIMAIS EM LUIGARES ESTABELECIDOS NESTA LEI NA CIDADE DE PINDAMONHANGABA E DÁ OUTRAS PROVIDÊNCIAS.",Marco Mayor,https://www.pindamonhangaba.sp.leg.br/proposicoes/0/0/0/0/425#pesquisa
2021-08-09 00:00:00,EMENDA MODIFICATIVA N.º 1 AO PROJETO DE LEI ORDINÁRIA N° 206/2021,"EMENDA MODIFICATIVA AO PROJETO DE LEI ORDINÁRIA N° 206/2021, QUE DISPÕE SOBRE AS DIRETRIZES PARA PRESTAÇÃO DE SERVIÇO PÚBLICO DE TRANSPORTE COLETIVO DE PASSAGEIROS NO MUNICÍPIO DE PINDAMONHANGABA.",Renato Cebola; Herivelto Vela; Professor Felipe Guimarães; Norberto Moraes; Julinho Car; Marco Mayor; Regininha; Rogério Ramos,https://www.pindamonhangaba.sp.leg.br/proposicoes/0/0/0/0/421#pesquisa
2021-08-09 00:00:00,EMENDA MODIFICATIVA N.º 2 AO PROJETO DE LEI ORDINÁRIA N° 206/2021,"EMENDA MODIFICATIVA AO PROJETO DE LEI ORDINÁRIA N° 206/2021, QUE DISPÕE SOBRE AS DIRETRIZES PARA PRESTAÇÃO DE SERVIÇO PÚBLICO DE TRANSPORTE COLETIVO DE PASSAGEIROS NO MUNICÍPIO DE PINDAMONHANGABA.",José Carlos Gomes – Cal; Carlos Moura - Magrão; Renato Cebola; Herivelto Vela; Professor Felipe Guimarães; Norberto Moraes; Julinho Car; Marco Mayor; Regininha; Rogério Ramos,https://www.pindamonhangaba.sp.leg.br/proposicoes/0/0/0/0/422#pesquisa
2021-08-09 00:00:00,EMENDA MODIFICATIVA N.º 3 AO PROJETO DE LEI ORDINÁRIA N° 206/2021,"EMENDA MODIFICATIVA AO PROJETO DE LEI ORDINÁRIA N° 206/2021, QUE DISPÕE SOBRE AS DIRETRIZES PARA PRESTAÇÃO DE SERVIÇO PÚBLICO DE TRANSPORTE COLETIVO DE PASSAGEIROS NO MUNICÍPIO DE PINDAMONHANGABA.",José Carlos Gomes – Cal; Carlos Moura - Magrão; Renato Cebola; Herivelto Vela; Professor Felipe Guimarães; Norberto Moraes; Julinho Car; Marco Mayor; Regininha; Rogério Ramos,https://www.pindamonhangaba.sp.leg.br/proposicoes/0/0/0/0/423#pesquisa
2021-08-09 00:00:00,EMENDA MODIFICATIVA N.º 4 AO PROJETO DE LEI ORDINÁRIA N° 206/2021,"EMENDA MODIFICATIVA AO PROJETO DE LEI ORDINÁRIA N° 206/2021, QUE DISPÕE SOBRE AS DIRETRIZES PARA PRESTAÇÃO DE SERVIÇO PÚBLICO DE TRANSPORTE COLETIVO DE PASSAGEIROS NO MUNICÍPIO DE PINDAMONHANGABA.",José Carlos Gomes – Cal; Carlos Moura - Magrão; Renato Cebola; Herivelto Vela; Professor Felipe Guimarães; Norberto Moraes; Julinho Car; Marco Mayor; Regininha; Rogério Ramos,https://www.pindamonhangaba.sp.leg.br/proposicoes/0/0/0/0/424#pesquisa
2021-08-04 00:00:00,EMENDA MODIFICATIVA N.º 8 AO PROJETO DE LEI COMPLEMENTAR Nº 02/2020,EMENDA MODIFICATIVA AO PROJETO DE LEI COMPLEMENTAR Nº 02/2020. QUE DISPÕE SOBRE A REVISÃO DO PLANO DIRETOR PARTICIPATIVO DE PINDAMONHANGABA E DÁ OUTRAS PROVIDÊNCIAS.,Norberto Moraes,https://www.pindamonhangaba.sp.leg.br/proposicoes/0/0/0/0/402#pesquisa
2021-08-04 00:00:00,EMENDA MODIFICATIVA N.º 9 AO PROJETO DE LEI COMPLEMENTAR Nº 02/2020,EMENDA MODIFICATIVA AO PROJETO DE LEI COMPLEMENTAR Nº 02/2020. QUE DISPÕE SOBRE A REVISÃO DO PLANO DIRETOR PARTICIPATIVO DE PINDAMONHANGABA E DÁ OUTRAS PROVIDÊNCIAS.,Norberto Moraes,https://www.pindamonhangaba.sp.leg.br/proposicoes/0/0/0/0/403#pesquisa
2021-08-04 00:00:00,EMENDA MODIFICATIVA N.º 10 AO PROJETO DE LEI COMPLEMENTAR Nº 02/2020,EMENDA AO PROJETO DE LEI COMPLEMENTAR Nº 02/2020. QUE DISPÕE SOBRE A REVISÃO DO PLANO DIRETOR PARTICIPATIVO DE PINDAMONHANGABA E DÁ OUTRAS PROVIDÊNCIAS.,Rogério Ramos,https://www.pindamonhangaba.sp.leg.br/proposicoes/0/0/0/0/404#pesquisa
2021-08-04 00:00:00,EMENDA MODIFICATIVA N.º 11 AO PROJETO DE LEI COMPLEMENTAR Nº 02/2020,EMENDA AO PROJETO DE LEI COMPLEMENTAR Nº 02/2020. QUE DISPÕE SOBRE A REVISÃO DO PLANO DIRETOR PARTICIPATIVO DE PINDAMONHANGABA E DÁ OUTRAS PROVIDÊNCIAS.,Herivelto Vela; Norberto Moraes,https://www.pindamonhangaba.sp.leg.br/proposicoes/0/0/0/0/405#pesquisa
2021-08-04 00:00:00,EMENDA MODIFICATIVA N.º 12 AO PROJETO DE LEI COMPLEMENTAR Nº 02/2020,EMENDA AO PROJETO DE LEI COMPLEMENTAR Nº 02/2020. QUE DISPÕE SOBRE A REVISÃO DO PLANO DIRETOR PARTICIPATIVO DE PINDAMONHANGABA E DÁ OUTRAS PROVIDÊNCIAS.,Renato Cebola,https://www.pindamonhangaba.sp.leg.br/proposicoes/0/0/0/0/406#pesquisa
2021-08-04 00:00:00,EMENDA MODIFICATIVA N.º 13 AO PROJETO DE LEI COMPLEMENTAR Nº 02/2020,EMENDA AO PROJETO DE LEI COMPLEMENTAR Nº 02/2020. QUE DISPÕE SOBRE A REVISÃO DO PLANO DIRETOR PARTICIPATIVO DE PINDAMONHANGABA E DÁ OUTRAS PROVIDÊNCIAS.,Renato Cebola,https://www.pindamonhangaba.sp.leg.br/proposicoes/0/0/0/0/407#pesquisa
2021-08-04 00:00:00,EMENDA MODIFICATIVA N.º 14 AO PROJETO DE LEI COMPLEMENTAR Nº 02/2020,EMENDA AO PROJETO DE LEI COMPLEMENTAR Nº 02/2020. QUE DISPÕE SOBRE A REVISÃO DO PLANO DIRETOR PARTICIPATIVO DE PINDAMONHANGABA E DÁ OUTRAS PROVIDÊNCIAS.,José Carlos Gomes – Cal,https://www.pindamonhangaba.sp.leg.br/proposicoes/0/0/0/0/408#pesquisa
2021-08-04 00:00:00,EMENDA MODIFICATIVA N.º 15 AO PROJETO DE LEI COMPLEMENTAR Nº 02/2020,EMENDA AO PROJETO DE LEI COMPLEMENTAR Nº 02/2020. QUE DISPÕE SOBRE A REVISÃO DO PLANO DIRETOR PARTICIPATIVO DE PINDAMONHANGABA E DÁ OUTRAS PROVIDÊNCIAS.,José Carlos Gomes – Cal,https://www.pindamonhangaba.sp.leg.br/proposicoes/0/0/0/0/409#pesquisa
2021-08-04 00:00:00,EMENDA MODIFICATIVA N.º 16 AO PROJETO DE LEI COMPLEMENTAR Nº 02/2020,EMENDA AO PROJETO DE LEI COMPLEMENTAR Nº 02/2020. QUE DISPÕE SOBRE A REVISÃO DO PLANO DIRETOR PARTICIPATIVO DE PINDAMONHANGABA E DÁ OUTRAS PROVIDÊNCIAS.,José Carlos Gomes – Cal,https://www.pindamonhangaba.sp.leg.br/proposicoes/0/0/0/0/410#pesquisa
2021-08-04 00:00:00,EMENDA MODIFICATIVA N.º 17 AO PROJETO DE LEI COMPLEMENTAR Nº 02/2020,EMENDA AO PROJETO DE LEI COMPLEMENTAR Nº 02/2020. QUE DISPÕE SOBRE A REVISÃO DO PLANO DIRETOR PARTICIPATIVO DE PINDAMONHANGABA E DÁ OUTRAS PROVIDÊNCIAS.,Renato Cebola,https://www.pindamonhangaba.sp.leg.br/proposicoes/0/0/0/0/411#pesquisa
2021-08-04 00:00:00,EMENDA MODIFICATIVA N.º 18 AO PROJETO DE LEI COMPLEMENTAR Nº 02/2020,EMENDA AO PROJETO DE LEI COMPLEMENTAR Nº 02/2020. QUE DISPÕE SOBRE A REVISÃO DO PLANO DIRETOR PARTICIPATIVO DE PINDAMONHANGABA E DÁ OUTRAS PROVIDÊNCIAS.,Renato Cebola,https://www.pindamonhangaba.sp.leg.br/proposicoes/0/0/0/0/412#pesquisa
2021-08-04 00:00:00,EMENDA MODIFICATIVA N.º 19 AO PROJETO DE LEI COMPLEMENTAR Nº 02/2020,EMENDA AO PROJETO DE LEI COMPLEMENTAR Nº 02/2020. QUE DISPÕE SOBRE A REVISÃO DO PLANO DIRETOR PARTICIPATIVO DE PINDAMONHANGABA E DÁ OUTRAS PROVIDÊNCIAS.,Renato Cebola,https://www.pindamonhangaba.sp.leg.br/proposicoes/0/0/0/0/413#pesquisa
2021-08-04 00:00:00,EMENDA MODIFICATIVA N.º 20 AO PROJETO DE LEI COMPLEMENTAR Nº 02/2020,EMENDA AO PROJETO DE LEI COMPLEMENTAR Nº 02/2020. QUE DISPÕE SOBRE A REVISÃO DO PLANO DIRETOR PARTICIPATIVO DE PINDAMONHANGABA E DÁ OUTRAS PROVIDÊNCIAS.,Renato Cebola,https://www.pindamonhangaba.sp.leg.br/proposicoes/0/0/0/0/414#pesquisa
2021-08-04 00:00:00,EMENDA MODIFICATIVA N.º 21 AO PROJETO DE LEI COMPLEMENTAR Nº 02/2020,EMENDA AO PROJETO DE LEI COMPLEMENTAR Nº 02/2020. QUE DISPÕE SOBRE A REVISÃO DO PLANO DIRETOR PARTICIPATIVO DE PINDAMONHANGABA E DÁ OUTRAS PROVIDÊNCIAS.,José Carlos Gomes – Cal,https://www.pindamonhangaba.sp.leg.br/proposicoes/0/0/0/0/415#pesquisa
2021-08-04 00:00:00,EMENDA MODIFICATIVA N.º 22 AO PROJETO DE LEI COMPLEMENTAR Nº 02/2020,EMENDA AO PROJETO DE LEI COMPLEMENTAR Nº 02/2020. QUE DISPÕE SOBRE A REVISÃO DO PLANO DIRETOR PARTICIPATIVO DE PINDAMONHANGABA E DÁ OUTRAS PROVIDÊNCIAS.,José Carlos Gomes – Cal,https://www.pindamonhangaba.sp.leg.br/proposicoes/0/0/0/0/416#pesquisa
2021-08-04 00:00:00,EMENDA MODIFICATIVA N.º 23 AO PROJETO DE LEI COMPLEMENTAR Nº 02/2020,EMENDA AO PROJETO DE LEI COMPLEMENTAR Nº 02/2020. QUE DISPÕE SOBRE A REVISÃO DO PLANO DIRETOR PARTICIPATIVO DE PINDAMONHANGABA E DÁ OUTRAS PROVIDÊNCIAS.,Renato Cebola,https://www.pindamonhangaba.sp.leg.br/proposicoes/0/0/0/0/417#pesquisa
2021-08-04 00:00:00,EMENDA MODIFICATIVA N.º 24 AO PROJETO DE LEI COMPLEMENTAR Nº 02/2020,EMENDA AO PROJETO DE LEI COMPLEMENTAR Nº 02/2020. QUE DISPÕE SOBRE A REVISÃO DO PLANO DIRETOR PARTICIPATIVO DE PINDAMONHANGABA E DÁ OUTRAS PROVIDÊNCIAS.,Renato Cebola,https://www.pindamonhangaba.sp.leg.br/proposicoes/0/0/0/0/418#pesquisa
2021-08-04 00:00:00,EMENDA MODIFICATIVA N.º 25 AO PROJETO DE LEI COMPLEMENTAR Nº 02/2020,EMENDA AO PROJETO DE LEI COMPLEMENTAR Nº 02/2020. QUE DISPÕE SOBRE A REVISÃO DO PLANO DIRETOR PARTICIPATIVO DE PINDAMONHANGABA E DÁ OUTRAS PROVIDÊNCIAS.,Renato Cebola,https://www.pindamonhangaba.sp.leg.br/proposicoes/0/0/0/0/419#pesquisa
2021-08-04 00:00:00,EMENDA MODIFICATIVA N.º 26 AO PROJETO DE LEI COMPLEMENTAR Nº 02/2020,EMENDA AO PROJETO DE LEI COMPLEMENTAR Nº 02/2020. QUE DISPÕE SOBRE A REVISÃO DO PLANO DIRETOR PARTICIPATIVO DE PINDAMONHANGABA E DÁ OUTRAS PROVIDÊNCIAS.,Norberto Moraes,https://www.pindamonhangaba.sp.leg.br/proposicoes/0/0/0/0/420#pesquisa
2021-07-16 00:00:00,SUBSTITUTIVO Nº 1 AO PROJETO DE LEI N.º 143/2021,"SUBSTITUTIVO AO PROJETO DE LEI 143/2021, QUE ACRESCENTA A ALÍNEA S AO ARTIGO 2º DA LEI 4.794 DE 26 DE MAIO DE 2008, QUE AUTORIZA O EXECUTIVO MUNICIPAL A COBRAR DOS AUTOMÓVEIS, CAMINHONETES, CAMIONETAS, UTILITÁRIOS, VEÍCULOS DE CARGA E DE TRANSPORTE COLETIVO DE PASSAGEIROS EM TRÂNSITO NO MUNICÍPIO, O SERVIÇO DE CONSERVAÇÃO E MANUTENÇÃO DAS VIAS PÚBLICAS E DÁ OUTRAS PROVIDÊNCIAS.",Rogério Ramos,https://www.pindamonhangaba.sp.leg.br/proposicoes/0/0/0/0/118386#pesquisa
2021-07-14 00:00:00,EMENDA MODIFICATIVA N.º 1 AO PROJETO DE LEI COMPLEMENTAR Nº 02/2020,EMENDA AO PROJETO DE LEI COMPLEMENTAR Nº 02/2020. QUE DISPÕE SOBRE A REVISÃO DO PLANO DIRETOR PARTICIPATIVO DE PINDAMONHANGABA E DÁ OUTRAS PROVIDÊNCIAS.,Julinho Car,https://www.pindamonhangaba.sp.leg.br/proposicoes/0/0/0/0/395#pesquisa
2021-07-14 00:00:00,EMENDA MODIFICATIVA N.º 2 AO PROJETO DE LEI COMPLEMENTAR Nº 02/2020,EMENDA AO PROJETO DE LEI COMPLEMENTAR Nº 02/2020. QUE DISPÕE SOBRE A REVISÃO DO PLANO DIRETOR PARTICIPATIVO DE PINDAMONHANGABA E DÁ OUTRAS PROVIDÊNCIAS.,Julinho Car,https://www.pindamonhangaba.sp.leg.br/proposicoes/0/0/0/0/396#pesquisa
2021-07-14 00:00:00,EMENDA MODIFICATIVA N.º 3 AO PROJETO DE LEI COMPLEMENTAR Nº 02/2020,EMENDA AO PROJETO DE LEI COMPLEMENTAR Nº 02/2020. QUE DISPÕE SOBRE A REVISÃO DO PLANO DIRETOR PARTICIPATIVO DE PINDAMONHANGABA E DÁ OUTRAS PROVIDÊNCIAS.,Julinho Car,https://www.pindamonhangaba.sp.leg.br/proposicoes/0/0/0/0/397#pesquisa
2021-07-14 00:00:00,EMENDA MODIFICATIVA N.º 4 AO PROJETO DE LEI COMPLEMENTAR Nº 02/2020,EMENDA AO PROJETO DE LEI COMPLEMENTAR Nº 02/2020. QUE DISPÕE SOBRE A REVISÃO DO PLANO DIRETOR PARTICIPATIVO DE PINDAMONHANGABA E DÁ OUTRAS PROVIDÊNCIAS.,Julinho Car,https://www.pindamonhangaba.sp.leg.br/proposicoes/0/0/0/0/398#pesquisa
2021-07-14 00:00:00,EMENDA MODIFICATIVA N.º 5 AO PROJETO DE LEI COMPLEMENTAR Nº 02/2020,EMENDA AO PROJETO DE LEI COMPLEMENTAR Nº 02/2020. QUE DISPÕE SOBRE A REVISÃO DO PLANO DIRETOR PARTICIPATIVO DE PINDAMONHANGABA E DÁ OUTRAS PROVIDÊNCIAS.,Julinho Car,https://www.pindamonhangaba.sp.leg.br/proposicoes/0/0/0/0/399#pesquisa
2021-07-14 00:00:00,EMENDA MODIFICATIVA N.º 6 AO PROJETO DE LEI COMPLEMENTAR Nº 02/2020,EMENDA AO PROJETO DE LEI COMPLEMENTAR Nº 02/2020. QUE DISPÕE SOBRE A REVISÃO DO PLANO DIRETOR PARTICIPATIVO DE PINDAMONHANGABA E DÁ OUTRAS PROVIDÊNCIAS.,Julinho Car,https://www.pindamonhangaba.sp.leg.br/proposicoes/0/0/0/0/400#pesquisa
2021-07-14 00:00:00,EMENDA MODIFICATIVA N.º 7 AO PROJETO DE LEI COMPLEMENTAR Nº 02/2020,EMENDA AO PROJETO DE LEI COMPLEMENTAR Nº 02/2020. QUE DISPÕE SOBRE A REVISÃO DO PLANO DIRETOR PARTICIPATIVO DE PINDAMONHANGABA E DÁ OUTRAS PROVIDÊNCIAS.,Julinho Car,https://www.pindamonhangaba.sp.leg.br/proposicoes/0/0/0/0/401#pesquisa
2021-07-12 00:00:00,EMENDA MODIFICATIVA N.º 1/2021,"DISPÕE SOBRE A REGULARIZAÇÃO DAS EDIFICAÇÕES NO MUNICÍPIO DE PINDAMONHANGABA, E DÁ OUTRAS PROVIDÊNCIAS.",Renato Cebola,https://www.pindamonhangaba.sp.leg.br/proposicoes/0/0/0/0/393#pesquisa
2021-07-12 00:00:00,EMENDA MODIFICATIVA N.º 1 AO PROJETO DE LEI N° 203/2021,"EMENDA AO PROJETO DE LEI N° 203/2021 QUE ALTERA DISPOSITIVO DA LEI N° 5.727/2014, QUE ESTABELECE REGRAS PARA O PARCELAMENTO DE CRÉDITOS TRIBUTÁRIOS E NÃO TRIBUTÁRIOS.",Carlos Moura - Magrão; Herivelto Vela; Norberto Moraes,https://www.pindamonhangaba.sp.leg.br/proposicoes/0/0/0/0/394#pesquisa
2021-07-05 00:00:00,EMENDA MODIFICATIVA N.º 1 AO PROJETO DE LEI Nº 199/2021,"EMENDA AO PROJETO DE LEI Nº 199/2021, QUE ALTERA A LEI Nº 4.111, DE 29 DE DEZEMBRO DE 2003, QUE DISPÕE SOBRE IMPOSTO SOBRE SERVIÇOS DE QUALQUER NATUREZA E DE OUTRAS PROVIDÊNCIAS.",Carlos Moura - Magrão,https://www.pindamonhangaba.sp.leg.br/proposicoes/0/0/0/0/392#pesquisa
2021-06-21 00:00:00,SUBSTITUTIVO Nº 1 AO PROJETO DE LEI N.º 157/2021,"INSTITUI E INCLUI NO CALENDÁRIO OFICIAL DO MUNICÍPIO O DIA MUNICIPAL DA CONSCIENTIZAÇÃO DA ESCLERODERMIA, A SER COMEMORADO ANUALMENTE NO DIA 29 DE JUNHO.",Renato Cebola,https://www.pindamonhangaba.sp.leg.br/proposicoes/0/0/0/0/118389#pesquisa
2021-05-27 00:00:00,SUBSTITUTIVO Nº 2 AO PROJETO DE LEI N.º 046/2021,"SUBSTITUTIVO AO PROJETO DE LEI Nº 46/2021 - ESTABELECE A OBRIGATORIEDADE DOS HOSPITAIS, UNIDADES BÁSICAS DE SAÚDE E  AMBULATÓRIOS, SITUADOS NO MUNICÍPIO DE PINDAMONHANGABA, AFIXAREM EM LUGAR VISÍVEL E ACESSÍVEL AO PÚBLICO A LISTA DOS MÉDICOS PLANTONISTAS E/OU EM ATENDIMENTO.",Carlos Moura - Magrão,https://www.pindamonhangaba.sp.leg.br/proposicoes/0/0/0/0/118382#pesquisa
2021-05-27 00:00:00,SUBSTITUTIVO Nº 1 AO PROJETO DE LEI N.º 115/2021,"SUBSTITUTIVO AO PROJETO DE LEI Nº 115/2021 -  ACRESCENTA O INCISO VII E § 6º AO ARTIGO 8º, NA LEI Nº 4.372 DE 22 DE DEZEMBRO DE 2005, QUE DISPÕE SOBRE A ISENÇÃO DE DÉBITOS TRIBUTÁRIOS E DÁ OUTRAS PROVIDÊNCIAS.",Carlos Moura - Magrão,https://www.pindamonhangaba.sp.leg.br/proposicoes/0/0/0/0/118383#pesquisa
2021-05-19 00:00:00,SUBSTITUTIVO Nº 1 AO PROJETO DE LEI N.º 121/2021,"SUBSTITUTIVO AO PROJETO DE LEI N° 121/2021, QUE CONCEDE ISENÇÃO DE IPTU PARA PORTADORES DE TEA (TRANSTORNO DO ESPECTRO AUTISTA) E DÁ OUTRA PROVIDÊNCIAS.",Marco Mayor,https://www.pindamonhangaba.sp.leg.br/proposicoes/0/0/0/0/118384#pesquisa
2021-05-03 00:00:00,SUBSTITUTIVO Nº 1 AO PROJETO DE LEI N.º 041/2021,"SUBSTITUTIVO AO PROJETO DE LEI Nº 41/2021, DISPÕE SOBRE A INCLUSÃO DE INFORMAÇÕES NO CARNÊ DE IPTU SOBRE A POSSIBILIDADE DE REMISSÃO E ISENÇÃO, E NOS CARNÊS DE ISS INFORMAÇÕES SOBRE A POSSIBILIDADE DE SUSPENSÃO TEMPORÁRIA E DA NECESSIDADE DE BAIXA DA INSCRIÇÃO QUANDO DA CESSAÇÃO DAS ATIVIDADES DO CONTRIBUINTE E DÁ OUTRAS PROVIDÊNCIAS.",Carlos Moura - Magrão,https://www.pindamonhangaba.sp.leg.br/proposicoes/0/0/0/0/118378#pesquisa
2021-05-03 00:00:00,SUBSTITUTIVO Nº 1 AO PROJETO DE LEI N.º 046/2021,"SUBSTITUTIVO AO PROJETO DE LEI Nº 46/2021, ESTABELECE A OBRIGATORIEDADE DOS HOSPITAIS, UNIDADES BÁSICAS DE SAÚDE E AMBULATÓRIOS SITUADOS NO MUNICÍPIO DE PINDAMONHANGABA, AFIXAREM EM LUGAR VISÍVEL E ACESSÍVEL AO PÚBLICO A LISTA DOS MÉDICOS PLANTONISTAS E/OU EM ATENDIMENTO. (RETIRADO)",Carlos Moura - Magrão,https://www.pindamonhangaba.sp.leg.br/proposicoes/0/0/0/0/118381#pesquisa
2021-05-03 00:00:00,EMENDA MODIFICATIVA N.º 1 AO PROJETO DE LEI COMPLEMENTAR N° 02/2020,"EMENDA (01) AO PROJETO DE RESOLUÇÃO N° 07/2021, QUE CONSTITUI UMA COMISSÃO DE ASSUNTOS RELEVANTES PARA ACOMPANHAR OS ESTUDOS, A TRAMTAÇÃO E A VOTAÇÃO DO PROJETO DE LEI COMPLEMENTAR N° 02/2020, QUE DISPÕE SOBRE A REVISÃO DO PLANO DIRETOR PARTICIPATIVO DE PINDAMONHANGABA.",José Carlos Gomes – Cal,https://www.pindamonhangaba.sp.leg.br/proposicoes/0/0/0/0/391#pesquisa
2021-04-29 00:00:00,EMENDA SUPRESSIVA N.º 1 AO PROJETO DE LEI Nº 68/2021,"EMENDA SUPRESSIVA AO PROJETO DE LEI Nº 68/2021, QUE DISPÕE SOBRE ASSEGURAR AOS USUÁRIOS DO TRANSPORTE PÚBLICO MUNICIPAL COM DEFICIÊNCIA E OU MOBILIDADE REDUZIDA, O DIREITO DE DESEMBARQUE ENTRE AS PARADAS OBRIGATÓRIAS (PONTO DE ÔNIBUS), E DÁ OUTRAS PROVIDÊNCIAS.",Herivelto Vela,https://www.pindamonhangaba.sp.leg.br/proposicoes/0/0/0/0/390#pesquisa
2021-04-13 00:00:00,SUBSTITUTIVO Nº 1 AO PROJETO DE LEI N.º 016/2021,"SUBSTITUTIVO AO PROJETO DE LEI N° 16/2021 - INCLUI NO CALENDÁRIO OFICIAL DE FESTAS E EVENTOS TRADICIONAIS DO MUNICÍPIO A SEMANA DE CONSCIENTIZAÇÃO DA DEPRESSÃO INFANTIL, ADOLESCÊNCIA E JUVENTUDE.",Marco Mayor,https://www.pindamonhangaba.sp.leg.br/proposicoes/0/0/0/0/118377#pesquisa
2021-04-13 00:00:00,SUBSTITUTIVO Nº 1 AO PROJETO DE LEI N.º 131/2021,SUBSTITUTIVO AO PROJETO DE LEI N° 131/2021- INCLUI NO CALENDÁRIO OFICIAL DE FESTAS E EVENTOS TRADICIONAIS DO MUNICÍPIO O FESTIVAL PINDA HIP HOP.,José Carlos Gomes – Cal,https://www.pindamonhangaba.sp.leg.br/proposicoes/0/0/0/0/118385#pesquisa
2021-03-05 00:00:00,SUBSTITUTIVO Nº 1 AO PROJETO DE LEI N.º 002/2021,"SUBSTITUTIVO AO PROJETO DE LEI Nº 02/2021 - PROIBE O MANUSEIO, A UTILIZAÇÃO, A QUEIMA E A SOLTURA DE FOGOS DE ESTAMPIDO E DE ARTIFÍCIOS, ASSIM COMO DE QUAISQUER ARTEFATOS PIROTÉCNICOS DE EFEITO SONORO RUIDOSO NO MUNICÍPIO DE PINDAMONHANGABA, E DÁ OUTRAS PROVIDÊNCIAS.",Renato Cebola; Marco Mayor,https://www.pindamonhangaba.sp.leg.br/proposicoes/0/0/0/0/118376#pesquisa
2021-01-29 00:00:00,SUBSTITUTIVO Nº 1 AO PROJETO DE LEI N.º 042/2021,"SUBSTITUTIVO AO PROJETO DE LEI N° 42/2021, QUE ALTERA A LEI N° 6.317, DE 05 DE MARÇO DE 2020, QUE DISPÕE SOBRE AS NORMAS GERAIS PARA A PERMISSÃO DO SERVIÇO DE TRANSPORTE INDIVIDUAL DE PASSAGEIROS EM VEÍCULOS DE ALUGUEL - TÁXI, NO MUNICÍPIO DE PINDAMONHANGABA.",Carlos Moura - Magrão; Norberto Moraes,https://www.pindamonhangaba.sp.leg.br/proposicoes/0/0/0/0/118379#pesquisa
2021-01-29 00:00:00,EMENDA MODIFICATIVA N.º 5 AO PROJETO DE LEI Nº 2/2020,"EMENDA AO PROJETO DE LEI Nº 2/2020, QUE INSTITUI O PLANO MUNICIPAL DE GESTÃO INTEGRADA DE RESÍDUOS SÓLIDOS DO MUNICÍPIO DE PINDAMONHANGABA E DÁ OUTRAS PROVIDÊNCIAS.",Carlos Moura - Magrão,https://www.pindamonhangaba.sp.leg.br/proposicoes/0/0/0/0/389#pesquisa
2021-01-28 00:00:00,EMENDA MODIFICATIVA N.º 3 AO PROJETO DE LEI Nº 29/2019,"EMENDA AO PROJETO DE LEI Nº 29/2019, QUE CRIA O CONSELHO MUNICIPAL DE TRÂNSITO, TRANSPORTE E MOBILIDADE URBANA DO MUNICÍPIO DE PINDAMONHANGABA - CMTM - E DÁ OUTRAS PROVIDÊNCIAS.",Carlos Moura - Magrão,https://www.pindamonhangaba.sp.leg.br/proposicoes/0/0/0/0/388#pesquisa
2021-01-22 00:00:00,EMENDA MODIFICATIVA N.º 2 AO PROJETO DE LEI N° 29/2019,"EMENDA AO PROJETO DE LEI N° 29/2019 QUE CRIA O CONSELHO MUNICIPAL DE TRÂNSITO, TRANSPORTE E MOBILIDADE URBANA DO MUNICÍPIO DE PINDAMONHANGABA - CMTM - E DÁ OUTRAS PROVIDÊNCIAS.",Comissões,https://www.pindamonhangaba.sp.leg.br/proposicoes/0/0/0/0/387#pesquisa
2020-12-07 00:00:00,SUBSTITUTIVO Nº 1 AO PROJETO DE LEI N.º 121/2020,"SUBSTITUTIVO AO PROJETO DE LEI N° 121/2020, QUE DISPÕE SOBRE A REGULAMENTAÇÃO DO ARTIGO 4°, INCISO X",Rafael Goffi Moreira; Ronaldo Pinto De Andrade,https://www.pindamonhangaba.sp.leg.br/proposicoes/0/0/0/0/118375#pesquisa
2020-11-25 00:00:00,EMENDA IMPOSITIVA N.º 32 AO PROJETO DE LEI N° 124/2020,"EMENDA IMPOSITIVA AO PROJETO DE LEI N° 124/2020, QUE ESTIMA A RECEITA E FIXA A DESPESA DO MUNICÍPIO PARA O EXERCÍCIO DE 2021.",Roderley Miotto Rodrigues,https://www.pindamonhangaba.sp.leg.br/proposicoes/0/0/0/0/256#pesquisa
2020-11-25 00:00:00,EMENDA IMPOSITIVA N.º 33 AO PROJETO DE LEI N° 124/2020,"EMENDA IMPOSITIVA AO PROJETO DE LEI N° 124/2020, QUE ESTIMA A RECEITA E FIXA A DESPESA DO MUNICÍPIO PARA O EXERCÍCIO DE 2021.",Roderley Miotto Rodrigues,https://www.pindamonhangaba.sp.leg.br/proposicoes/0/0/0/0/257#pesquisa
2020-11-25 00:00:00,EMENDA IMPOSITIVA N.º 34 AO PROJETO DE LEI N° 124/2020,"EMENDA IMPOSITIVA AO PROJETO DE LEI N° 124/2020, QUE ESTIMA A RECEITA E FIXA A DESPESA DO MUNICÍPIO PARA O EXERCÍCIO DE 2021.",Roderley Miotto Rodrigues,https://www.pindamonhangaba.sp.leg.br/proposicoes/0/0/0/0/258#pesquisa
2020-11-25 00:00:00,EMENDA IMPOSITIVA N.º 35 AO PROJETO DE LEI N° 124/2020,"EMENDA IMPOSITIVA AO PROJETO DE LEI N° 124/2020, QUE ESTIMA A RECEITA E FIXA A DESPESA DO MUNICÍPIO PARA O EXERCÍCIO DE 2021.",Roderley Miotto Rodrigues,https://www.pindamonhangaba.sp.leg.br/proposicoes/0/0/0/0/259#pesquisa
2020-11-25 00:00:00,EMENDA IMPOSITIVA N.º 36 AO PROJETO DE LEI N° 124/2020,"EMENDA IMPOSITIVA AO PROJETO DE LEI N° 124/2020, QUE ESTIMA A RECEITA E FIXA A DESPESA DO MUNICÍPIO PARA O EXERCÍCIO DE 2021.",Roderley Miotto Rodrigues,https://www.pindamonhangaba.sp.leg.br/proposicoes/0/0/0/0/260#pesquisa
2020-11-25 00:00:00,EMENDA IMPOSITIVA N.º 37 AO PROJETO DE LEI N° 124/2020,"EMENDA IMPOSITIVA AO PROJETO DE LEI N° 124/2020, QUE ESTIMA A RECEITA E FIXA A DESPESA DO MUNICÍPIO PARA O EXERCÍCIO DE 2021.",Roderley Miotto Rodrigues,https://www.pindamonhangaba.sp.leg.br/proposicoes/0/0/0/0/261#pesquisa
2020-11-25 00:00:00,EMENDA IMPOSITIVA N.º 38 AO PROJETO DE LEI N° 124/2020,"EMENDA IMPOSITIVA AO PROJETO DE LEI N° 124/2020, QUE ESTIMA A RECEITA E FIXA A DESPESA DO MUNICÍPIO PARA O EXERCÍCIO DE 2021.",Roderley Miotto Rodrigues,https://www.pindamonhangaba.sp.leg.br/proposicoes/0/0/0/0/262#pesquisa
2020-11-25 00:00:00,EMENDA IMPOSITIVA N.º 39 AO PROJETO DE LEI N° 124/2020,"EMENDA IMPOSITIVA AO PROJETO DE LEI N° 124/2020, QUE ESTIMA A RECEITA E FIXA A DESPESA DO MUNICÍPIO PARA O EXERCÍCIO DE 2021.",Roderley Miotto Rodrigues,https://www.pindamonhangaba.sp.leg.br/proposicoes/0/0/0/0/263#pesquisa
2020-11-25 00:00:00,EMENDA IMPOSITIVA N.º 40 AO PROJETO DE LEI N° 124/2020,"EMENDA IMPOSITIVA AO PROJETO DE LEI N° 124/2020, QUE ESTIMA A RECEITA E FIXA A DESPESA DO MUNICÍPIO PARA O EXERCÍCIO DE 2021.",Roderley Miotto Rodrigues,https://www.pindamonhangaba.sp.leg.br/proposicoes/0/0/0/0/264#pesquisa
2020-11-25 00:00:00,EMENDA IMPOSITIVA N.º 41 AO PROJETO DE LEI N° 124/2020,"EMENDA IMPOSITIVA AO PROJETO DE LEI N° 124/2020, QUE ESTIMA A RECEITA E FIXA A DESPESA DO MUNICÍPIO PARA O EXERCÍCIO DE 2021.",Roderley Miotto Rodrigues,https://www.pindamonhangaba.sp.leg.br/proposicoes/0/0/0/0/265#pesquisa
2020-11-25 00:00:00,EMENDA IMPOSITIVA N.º 42 AO PROJETO DE LEI N° 124/2020,"EMENDA IMPOSITIVA AO PROJETO DE LEI N° 124/2020, QUE ESTIMA A RECEITA E FIXA A DESPESA DO MUNICÍPIO PARA O EXERCÍCIO DE 2021.",Roderley Miotto Rodrigues,https://www.pindamonhangaba.sp.leg.br/proposicoes/0/0/0/0/266#pesquisa
2020-11-25 00:00:00,EMENDA IMPOSITIVA N.º 43 AO PROJETO DE LEI N° 124/2020,"EMENDA IMPOSITIVA AO PROJETO DE LEI N° 124/2020, QUE ESTIMA A RECEITA E FIXA A DESPESA DO MUNICÍPIO PARA O EXERCÍCIO DE 2021.",Roderley Miotto Rodrigues,https://www.pindamonhangaba.sp.leg.br/proposicoes/0/0/0/0/267#pesquisa
2020-11-25 00:00:00,EMENDA IMPOSITIVA N.º 44 AO PROJETO DE LEI N° 124/2020,"EMENDA IMPOSITIVA AO PROJETO DE LEI N° 124/2020, QUE ESTIMA A RECEITA E FIXA A DESPESA DO MUNICÍPIO PARA O EXERCÍCIO DE 2021.",Roderley Miotto Rodrigues,https://www.pindamonhangaba.sp.leg.br/proposicoes/0/0/0/0/268#pesquisa
2020-11-25 00:00:00,EMENDA IMPOSITIVA N.º 45 AO PROJETO DE LEI N° 124/2020,"EMENDA IMPOSITIVA AO PROJETO DE LEI N° 124/2020, QUE ESTIMA A RECEITA E FIXA A DESPESA DO MUNICÍPIO PARA O EXERCÍCIO DE 2021.",Roderley Miotto Rodrigues,https://www.pindamonhangaba.sp.leg.br/proposicoes/0/0/0/0/269#pesquisa
2020-11-25 00:00:00,EMENDA IMPOSITIVA N.º 46 AO PROJETO DE LEI N° 124/2020,"EMENDA IMPOSITIVA AO PROJETO DE LEI N° 124/2020, QUE ESTIMA A RECEITA E FIXA A DESPESA DO MUNICÍPIO PARA O EXERCÍCIO DE 2021.",Roderley Miotto Rodrigues,https://www.pindamonhangaba.sp.leg.br/proposicoes/0/0/0/0/270#pesquisa
2020-11-25 00:00:00,EMENDA IMPOSITIVA N.º 47 AO PROJETO DE LEI N° 124/2020,"EMENDA IMPOSITIVA AO PROJETO DE LEI N° 124/2020, QUE ESTIMA A RECEITA E FIXA A DESPESA DO MUNICÍPIO PARA O EXERCÍCIO DE 2021.",Roderley Miotto Rodrigues,https://www.pindamonhangaba.sp.leg.br/proposicoes/0/0/0/0/271#pesquisa
2020-11-25 00:00:00,EMENDA IMPOSITIVA N.º 48 AO PROJETO DE LEI N° 124/2020,"EMENDA IMPOSITIVA AO PROJETO DE LEI N° 124/2020, QUE ESTIMA A RECEITA E FIXA A DESPESA DO MUNICÍPIO PARA O EXERCÍCIO DE 2021.",Roderley Miotto Rodrigues,https://www.pindamonhangaba.sp.leg.br/proposicoes/0/0/0/0/272#pesquisa
2020-11-25 00:00:00,EMENDA IMPOSITIVA N.º 49 AO PROJETO DE LEI N° 124/2020,"EMENDA IMPOSITIVA AO PROJETO DE LEI N° 124/2020, QUE ESTIMA A RECEITA E FIXA A DESPESA DO MUNICÍPIO PARA O EXERCÍCIO DE 2021.",Roderley Miotto Rodrigues,https://www.pindamonhangaba.sp.leg.br/proposicoes/0/0/0/0/273#pesquisa
2020-11-25 00:00:00,EMENDA IMPOSITIVA N.º 50 AO PROJETO DE LEI N° 124/2020,"EMENDA IMPOSITIVA AO PROJETO DE LEI N° 124/2020, QUE ESTIMA A RECEITA E FIXA A DESPESA DO MUNICÍPIO PARA O EXERCÍCIO DE 2021.",Roderley Miotto Rodrigues,https://www.pindamonhangaba.sp.leg.br/proposicoes/0/0/0/0/274#pesquisa
2020-11-25 00:00:00,EMENDA IMPOSITIVA N.º 51 AO PROJETO DE LEI N° 124/2020,"EMENDA IMPOSITIVA AO PROJETO DE LEI N° 124/2020, QUE ESTIMA A RECEITA E FIXA A DESPESA DO MUNICÍPIO PARA O EXERCÍCIO DE 2021.",Roderley Miotto Rodrigues,https://www.pindamonhangaba.sp.leg.br/proposicoes/0/0/0/0/275#pesquisa
2020-11-25 00:00:00,EMENDA IMPOSITIVA N.º 52 AO PROJETO DE LEI N° 124/2020,"EMENDA IMPOSITIVA AO PROJETO DE LEI N° 124/2020, QUE ESTIMA A RECEITA E FIXA A DESPESA DO MUNICÍPIO PARA O EXERCÍCIO DE 2021.",Roderley Miotto Rodrigues,https://www.pindamonhangaba.sp.leg.br/proposicoes/0/0/0/0/276#pesquisa
2020-11-25 00:00:00,EMENDA IMPOSITIVA N.º 53 AO PROJETO DE LEI N° 124/2020,"EMENDA IMPOSITIVA AO PROJETO DE LEI N° 124/2020, QUE ESTIMA A RECEITA E FIXA A DESPESA DO MUNICÍPIO PARA O EXERCÍCIO DE 2021.",Roderley Miotto Rodrigues,https://www.pindamonhangaba.sp.leg.br/proposicoes/0/0/0/0/277#pesquisa
2020-11-25 00:00:00,EMENDA IMPOSITIVA N.º 54 AO PROJETO DE LEI N° 124/2020,"EMENDA IMPOSITIVA AO PROJETO DE LEI N° 124/2020, QUE ESTIMA A RECEITA E FIXA A DESPESA DO MUNICÍPIO PARA O EXERCÍCIO DE 2021.",Roderley Miotto Rodrigues,https://www.pindamonhangaba.sp.leg.br/proposicoes/0/0/0/0/278#pesquisa
2020-11-25 00:00:00,EMENDA IMPOSITIVA N.º 55 AO PROJETO DE LEI N° 124/2020,"EMENDA IMPOSITIVA AO PROJETO DE LEI N° 124/2020, QUE ESTIMA A RECEITA E FIXA A DESPESA DO MUNICÍPIO PARA O EXERCÍCIO DE 2021.",Jorge Pereira Alves,https://www.pindamonhangaba.sp.leg.br/proposicoes/0/0/0/0/279#pesquisa
2020-11-25 00:00:00,EMENDA IMPOSITIVA N.º 56 AO PROJETO DE LEI N° 124/2020,"EMENDA IMPOSITIVA AO PROJETO DE LEI N° 124/2020, QUE ESTIMA A RECEITA E FIXA A DESPESA DO MUNICÍPIO PARA O EXERCÍCIO DE 2021.",Jorge Pereira Alves,https://www.pindamonhangaba.sp.leg.br/proposicoes/0/0/0/0/280#pesquisa
2020-11-25 00:00:00,EMENDA IMPOSITIVA N.º 57 AO PROJETO DE LEI N° 124/2020,"EMENDA IMPOSITIVA AO PROJETO DE LEI N° 124/2020, QUE ESTIMA A RECEITA E FIXA A DESPESA DO MUNICÍPIO PARA O EXERCÍCIO DE 2021.",Jorge Pereira Alves,https://www.pindamonhangaba.sp.leg.br/proposicoes/0/0/0/0/281#pesquisa
2020-11-25 00:00:00,EMENDA IMPOSITIVA N.º 58 AO PROJETO DE LEI N° 124/2020,"EMENDA IMPOSITIVA AO PROJETO DE LEI N° 124/2020, QUE ESTIMA A RECEITA E FIXA A DESPESA DO MUNICÍPIO PARA O EXERCÍCIO DE 2021.",Jorge Pereira Alves,https://www.pindamonhangaba.sp.leg.br/proposicoes/0/0/0/0/282#pesquisa
2020-11-25 00:00:00,EMENDA IMPOSITIVA N.º 59 AO PROJETO DE LEI N° 124/2020,"EMENDA IMPOSITIVA AO PROJETO DE LEI N° 124/2020, QUE ESTIMA A RECEITA E FIXA A DESPESA DO MUNICÍPIO PARA O EXERCÍCIO DE 2021.",Jorge Pereira Alves,https://www.pindamonhangaba.sp.leg.br/proposicoes/0/0/0/0/283#pesquisa
2020-11-25 00:00:00,EMENDA IMPOSITIVA N.º 60 AO PROJETO DE LEI N° 124/2020,"EMENDA IMPOSITIVA AO PROJETO DE LEI N° 124/2020, QUE ESTIMA A RECEITA E FIXA A DESPESA DO MUNICÍPIO PARA O EXERCÍCIO DE 2021.",Jorge Pereira Alves,https://www.pindamonhangaba.sp.leg.br/proposicoes/0/0/0/0/284#pesquisa
2020-11-25 00:00:00,EMENDA IMPOSITIVA N.º 61 AO PROJETO DE LEI N° 124/2020,"EMENDA IMPOSITIVA AO PROJETO DE LEI N° 124/2020, QUE ESTIMA A RECEITA E FIXA A DESPESA DO MUNICÍPIO PARA O EXERCÍCIO DE 2021.",Jorge Pereira Alves,https://www.pindamonhangaba.sp.leg.br/proposicoes/0/0/0/0/285#pesquisa
2020-11-25 00:00:00,EMENDA IMPOSITIVA N.º 62 AO PROJETO DE LEI N° 124/2020,"EMENDA IMPOSITIVA AO PROJETO DE LEI N° 124/2020, QUE ESTIMA A RECEITA E FIXA A DESPESA DO MUNICÍPIO PARA O EXERCÍCIO DE 2021.",Jorge Pereira Alves,https://www.pindamonhangaba.sp.leg.br/proposicoes/0/0/0/0/286#pesquisa
2020-11-25 00:00:00,EMENDA IMPOSITIVA N.º 63 AO PROJETO DE LEI N° 124/2020,"EMENDA IMPOSITIVA AO PROJETO DE LEI N° 124/2020, QUE ESTIMA A RECEITA E FIXA A DESPESA DO MUNICÍPIO PARA O EXERCÍCIO DE 2021.",Jorge Pereira Alves,https://www.pindamonhangaba.sp.leg.br/proposicoes/0/0/0/0/287#pesquisa
2020-11-25 00:00:00,EMENDA IMPOSITIVA N.º 64 AO PROJETO DE LEI N° 124/2020,"EMENDA IMPOSITIVA AO PROJETO DE LEI N° 124/2020, QUE ESTIMA A RECEITA E FIXA A DESPESA DO MUNICÍPIO PARA O EXERCÍCIO DE 2021.",Jorge Pereira Alves,https://www.pindamonhangaba.sp.leg.br/proposicoes/0/0/0/0/288#pesquisa
2020-11-25 00:00:00,EMENDA IMPOSITIVA N.º 65 AO PROJETO DE LEI N° 124/2020,"EMENDA IMPOSITIVA AO PROJETO DE LEI N° 124/2020, QUE ESTIMA A RECEITA E FIXA A DESPESA DO MUNICÍPIO PARA O EXERCÍCIO DE 2021.",Jorge Pereira Alves,https://www.pindamonhangaba.sp.leg.br/proposicoes/0/0/0/0/289#pesquisa
2020-11-25 00:00:00,EMENDA IMPOSITIVA N.º 66 AO PROJETO DE LEI N° 124/2020,"EMENDA IMPOSITIVA AO PROJETO DE LEI N° 124/2020, QUE ESTIMA A RECEITA E FIXA A DESPESA DO MUNICÍPIO PARA O EXERCÍCIO DE 2021.",Jorge Pereira Alves,https://www.pindamonhangaba.sp.leg.br/proposicoes/0/0/0/0/290#pesquisa
2020-11-25 00:00:00,EMENDA IMPOSITIVA N.º 67 AO PROJETO DE LEI N° 124/2020,"EMENDA IMPOSITIVA AO PROJETO DE LEI N° 124/2020, QUE ESTIMA A RECEITA E FIXA A DESPESA DO MUNICÍPIO PARA O EXERCÍCIO DE 2021.",Jorge Pereira Alves,https://www.pindamonhangaba.sp.leg.br/proposicoes/0/0/0/0/291#pesquisa
2020-11-25 00:00:00,EMENDA IMPOSITIVA N.º 68 AO PROJETO DE LEI N° 124/2020,"EMENDA IMPOSITIVA AO PROJETO DE LEI N° 124/2020, QUE ESTIMA A RECEITA E FIXA A DESPESA DO MUNICÍPIO PARA O EXERCÍCIO DE 2021.",Jorge Pereira Alves,https://www.pindamonhangaba.sp.leg.br/proposicoes/0/0/0/0/292#pesquisa
2020-11-25 00:00:00,EMENDA IMPOSITIVA N.º 69 AO PROJETO DE LEI N° 124/2020,"EMENDA IMPOSITIVA AO PROJETO DE LEI N° 124/2020, QUE ESTIMA A RECEITA E FIXA A DESPESA DO MUNICÍPIO PARA O EXERCÍCIO DE 2021.",Jorge Pereira Alves,https://www.pindamonhangaba.sp.leg.br/proposicoes/0/0/0/0/293#pesquisa
2020-11-25 00:00:00,EMENDA IMPOSITIVA N.º 70 AO PROJETO DE LEI N° 124/2020,"EMENDA IMPOSITIVA AO PROJETO DE LEI N° 124/2020, QUE ESTIMA A RECEITA E FIXA A DESPESA DO MUNICÍPIO PARA O EXERCÍCIO DE 2021.",Jorge Pereira Alves,https://www.pindamonhangaba.sp.leg.br/proposicoes/0/0/0/0/294#pesquisa
2020-11-25 00:00:00,EMENDA IMPOSITIVA N.º 71 AO PROJETO DE LEI N° 124/2020,"EMENDA IMPOSITIVA AO PROJETO DE LEI N° 124/2020, QUE ESTIMA A RECEITA E FIXA A DESPESA DO MUNICÍPIO PARA O EXERCÍCIO DE 2021.",Osvaldo Macedo Negrão,https://www.pindamonhangaba.sp.leg.br/proposicoes/0/0/0/0/295#pesquisa
2020-11-25 00:00:00,EMENDA IMPOSITIVA N.º 72 AO PROJETO DE LEI N° 124/2020,"EMENDA IMPOSITIVA AO PROJETO DE LEI N° 124/2020, QUE ESTIMA A RECEITA E FIXA A DESPESA DO MUNICÍPIO PARA O EXERCÍCIO DE 2021.",Osvaldo Macedo Negrão,https://www.pindamonhangaba.sp.leg.br/proposicoes/0/0/0/0/296#pesquisa
2020-11-25 00:00:00,EMENDA IMPOSITIVA N.º 73 AO PROJETO DE LEI N° 124/2020,"EMENDA IMPOSITIVA AO PROJETO DE LEI N° 124/2020, QUE ESTIMA A RECEITA E FIXA A DESPESA DO MUNICÍPIO PARA O EXERCÍCIO DE 2021.",Osvaldo Macedo Negrão,https://www.pindamonhangaba.sp.leg.br/proposicoes/0/0/0/0/297#pesquisa
2020-11-25 00:00:00,EMENDA IMPOSITIVA N.º 74 AO PROJETO DE LEI N° 124/2020,"EMENDA IMPOSITIVA AO PROJETO DE LEI N° 124/2020, QUE ESTIMA A RECEITA E FIXA A DESPESA DO MUNICÍPIO PARA O EXERCÍCIO DE 2021.",Osvaldo Macedo Negrão,https://www.pindamonhangaba.sp.leg.br/proposicoes/0/0/0/0/298#pesquisa
2020-11-25 00:00:00,EMENDA IMPOSITIVA N.º 75 AO PROJETO DE LEI N° 124/2020,"EMENDA IMPOSITIVA AO PROJETO DE LEI N° 124/2020, QUE ESTIMA A RECEITA E FIXA A DESPESA DO MUNICÍPIO PARA O EXERCÍCIO DE 2021.",Osvaldo Macedo Negrão,https://www.pindamonhangaba.sp.leg.br/proposicoes/0/0/0/0/299#pesquisa
2020-11-25 00:00:00,EMENDA IMPOSITIVA N.º 76 AO PROJETO DE LEI N° 124/2020,"EMENDA IMPOSITIVA AO PROJETO DE LEI N° 124/2020, QUE ESTIMA A RECEITA E FIXA A DESPESA DO MUNICÍPIO PARA O EXERCÍCIO DE 2021.",Osvaldo Macedo Negrão,https://www.pindamonhangaba.sp.leg.br/proposicoes/0/0/0/0/300#pesquisa
2020-11-25 00:00:00,EMENDA IMPOSITIVA N.º 77 AO PROJETO DE LEI N° 124/2020,"EMENDA IMPOSITIVA AO PROJETO DE LEI N° 124/2020, QUE ESTIMA A RECEITA E FIXA A DESPESA DO MUNICÍPIO PARA O EXERCÍCIO DE 2021.",Osvaldo Macedo Negrão,https://www.pindamonhangaba.sp.leg.br/proposicoes/0/0/0/0/301#pesquisa
2020-11-25 00:00:00,EMENDA IMPOSITIVA N.º 78 AO PROJETO DE LEI N° 124/2020,"EMENDA IMPOSITIVA AO PROJETO DE LEI N° 124/2020, QUE ESTIMA A RECEITA E FIXA A DESPESA DO MUNICÍPIO PARA O EXERCÍCIO DE 2021.",Osvaldo Macedo Negrão,https://www.pindamonhangaba.sp.leg.br/proposicoes/0/0/0/0/302#pesquisa
2020-11-25 00:00:00,EMENDA IMPOSITIVA N.º 79 AO PROJETO DE LEI N° 124/2020,"EMENDA IMPOSITIVA AO PROJETO DE LEI N° 124/2020, QUE ESTIMA A RECEITA E FIXA A DESPESA DO MUNICÍPIO PARA O EXERCÍCIO DE 2021.",Osvaldo Macedo Negrão,https://www.pindamonhangaba.sp.leg.br/proposicoes/0/0/0/0/303#pesquisa
2020-11-25 00:00:00,EMENDA IMPOSITIVA N.º 80 AO PROJETO DE LEI N° 124/2020,"EMENDA IMPOSITIVA AO PROJETO DE LEI N° 124/2020, QUE ESTIMA A RECEITA E FIXA A DESPESA DO MUNICÍPIO PARA O EXERCÍCIO DE 2021.",Osvaldo Macedo Negrão,https://www.pindamonhangaba.sp.leg.br/proposicoes/0/0/0/0/304#pesquisa
2020-11-25 00:00:00,EMENDA IMPOSITIVA N.º 81 AO PROJETO DE LEI N° 124/2020,"EMENDA IMPOSITIVA AO PROJETO DE LEI N° 124/2020, QUE ESTIMA A RECEITA E FIXA A DESPESA DO MUNICÍPIO PARA O EXERCÍCIO DE 2021.",Osvaldo Macedo Negrão,https://www.pindamonhangaba.sp.leg.br/proposicoes/0/0/0/0/305#pesquisa
2020-11-25 00:00:00,EMENDA IMPOSITIVA N.º 82 AO PROJETO DE LEI N° 124/2020,"EMENDA IMPOSITIVA AO PROJETO DE LEI N° 124/2020, QUE ESTIMA A RECEITA E FIXA A DESPESA DO MUNICÍPIO PARA O EXERCÍCIO DE 2021.",Gislene Cardoso,https://www.pindamonhangaba.sp.leg.br/proposicoes/0/0/0/0/306#pesquisa
2020-11-25 00:00:00,EMENDA IMPOSITIVA N.º 83 AO PROJETO DE LEI N° 124/2020,"EMENDA IMPOSITIVA AO PROJETO DE LEI N° 124/2020, QUE ESTIMA A RECEITA E FIXA A DESPESA DO MUNICÍPIO PARA O EXERCÍCIO DE 2021.",Gislene Cardoso,https://www.pindamonhangaba.sp.leg.br/proposicoes/0/0/0/0/307#pesquisa
2020-11-25 00:00:00,EMENDA IMPOSITIVA N.º 84 AO PROJETO DE LEI N° 124/2020,"EMENDA IMPOSITIVA AO PROJETO DE LEI N° 124/2020, QUE ESTIMA A RECEITA E FIXA A DESPESA DO MUNICÍPIO PARA O EXERCÍCIO DE 2021.",Gislene Cardoso,https://www.pindamonhangaba.sp.leg.br/proposicoes/0/0/0/0/308#pesquisa
2020-11-25 00:00:00,EMENDA IMPOSITIVA N.º 85 AO PROJETO DE LEI N° 124/2020,"EMENDA IMPOSITIVA AO PROJETO DE LEI N° 124/2020, QUE ESTIMA A RECEITA E FIXA A DESPESA DO MUNICÍPIO PARA O EXERCÍCIO DE 2021.",Gislene Cardoso,https://www.pindamonhangaba.sp.leg.br/proposicoes/0/0/0/0/309#pesquisa
2020-11-25 00:00:00,EMENDA IMPOSITIVA N.º 86 AO PROJETO DE LEI N° 124/2020,"EMENDA IMPOSITIVA AO PROJETO DE LEI N° 124/2020, QUE ESTIMA A RECEITA E FIXA A DESPESA DO MUNICÍPIO PARA O EXERCÍCIO DE 2021.",Gislene Cardoso,https://www.pindamonhangaba.sp.leg.br/proposicoes/0/0/0/0/310#pesquisa
2020-11-25 00:00:00,EMENDA IMPOSITIVA N.º 87 AO PROJETO DE LEI N° 124/2020,"EMENDA IMPOSITIVA AO PROJETO DE LEI N° 124/2020, QUE ESTIMA A RECEITA E FIXA A DESPESA DO MUNICÍPIO PARA O EXERCÍCIO DE 2021.",Gislene Cardoso,https://www.pindamonhangaba.sp.leg.br/proposicoes/0/0/0/0/311#pesquisa
2020-11-25 00:00:00,EMENDA IMPOSITIVA N.º 88 AO PROJETO DE LEI N° 124/2020,"EMENDA IMPOSITIVA AO PROJETO DE LEI N° 124/2020, QUE ESTIMA A RECEITA E FIXA A DESPESA DO MUNICÍPIO PARA O EXERCÍCIO DE 2021.",Gislene Cardoso,https://www.pindamonhangaba.sp.leg.br/proposicoes/0/0/0/0/312#pesquisa
2020-11-25 00:00:00,EMENDA IMPOSITIVA N.º 89 AO PROJETO DE LEI N° 124/2020,"EMENDA IMPOSITIVA AO PROJETO DE LEI N° 124/2020, QUE ESTIMA A RECEITA E FIXA A DESPESA DO MUNICÍPIO PARA O EXERCÍCIO DE 2021.",Gislene Cardoso,https://www.pindamonhangaba.sp.leg.br/proposicoes/0/0/0/0/313#pesquisa
2020-11-25 00:00:00,EMENDA IMPOSITIVA N.º 90 AO PROJETO DE LEI N° 124/2020,"EMENDA IMPOSITIVA AO PROJETO DE LEI N° 124/2020, QUE ESTIMA A RECEITA E FIXA A DESPESA DO MUNICÍPIO PARA O EXERCÍCIO DE 2021.",Gislene Cardoso,https://www.pindamonhangaba.sp.leg.br/proposicoes/0/0/0/0/314#pesquisa
2020-11-25 00:00:00,EMENDA IMPOSITIVA N.º 91 AO PROJETO DE LEI N° 124/2020,"EMENDA IMPOSITIVA AO PROJETO DE LEI N° 124/2020, QUE ESTIMA A RECEITA E FIXA A DESPESA DO MUNICÍPIO PARA O EXERCÍCIO DE 2021.",Gislene Cardoso,https://www.pindamonhangaba.sp.leg.br/proposicoes/0/0/0/0/315#pesquisa
2020-11-25 00:00:00,EMENDA IMPOSITIVA N.º 92 AO PROJETO DE LEI N° 124/2020,"EMENDA IMPOSITIVA AO PROJETO DE LEI N° 124/2020, QUE ESTIMA A RECEITA E FIXA A DESPESA DO MUNICÍPIO PARA O EXERCÍCIO DE 2021.",Gislene Cardoso,https://www.pindamonhangaba.sp.leg.br/proposicoes/0/0/0/0/316#pesquisa
2020-11-25 00:00:00,EMENDA IMPOSITIVA N.º 93 AO PROJETO DE LEI N° 124/2020,"EMENDA IMPOSITIVA AO PROJETO DE LEI N° 124/2020, QUE ESTIMA A RECEITA E FIXA A DESPESA DO MUNICÍPIO PARA O EXERCÍCIO DE 2021.",Gislene Cardoso,https://www.pindamonhangaba.sp.leg.br/proposicoes/0/0/0/0/317#pesquisa
2020-11-25 00:00:00,EMENDA IMPOSITIVA N.º 94 AO PROJETO DE LEI N° 124/2020,"EMENDA IMPOSITIVA AO PROJETO DE LEI N° 124/2020, QUE ESTIMA A RECEITA E FIXA A DESPESA DO MUNICÍPIO PARA O EXERCÍCIO DE 2021.",Gislene Cardoso,https://www.pindamonhangaba.sp.leg.br/proposicoes/0/0/0/0/318#pesquisa
2020-11-25 00:00:00,EMENDA IMPOSITIVA N.º 95 AO PROJETO DE LEI N° 124/2020,"EMENDA IMPOSITIVA AO PROJETO DE LEI N° 124/2020, QUE ESTIMA A RECEITA E FIXA A DESPESA DO MUNICÍPIO PARA O EXERCÍCIO DE 2021.",Gislene Cardoso,https://www.pindamonhangaba.sp.leg.br/proposicoes/0/0/0/0/319#pesquisa
2020-11-25 00:00:00,EMENDA IMPOSITIVA N.º 96 AO PROJETO DE LEI N° 124/2020,"EMENDA IMPOSITIVA AO PROJETO DE LEI N° 124/2020, QUE ESTIMA A RECEITA E FIXA A DESPESA DO MUNICÍPIO PARA O EXERCÍCIO DE 2021.",Gislene Cardoso,https://www.pindamonhangaba.sp.leg.br/proposicoes/0/0/0/0/320#pesquisa
2020-11-25 00:00:00,EMENDA IMPOSITIVA N.º 97 AO PROJETO DE LEI N° 124/2020,"EMENDA IMPOSITIVA AO PROJETO DE LEI N° 124/2020, QUE ESTIMA A RECEITA E FIXA A DESPESA DO MUNICÍPIO PARA O EXERCÍCIO DE 2021.",Gislene Cardoso,https://www.pindamonhangaba.sp.leg.br/proposicoes/0/0/0/0/321#pesquisa
2020-11-25 00:00:00,EMENDA IMPOSITIVA N.º 98 AO PROJETO DE LEI N° 124/2020,"EMENDA IMPOSITIVA AO PROJETO DE LEI N° 124/2020, QUE ESTIMA A RECEITA E FIXA A DESPESA DO MUNICÍPIO PARA O EXERCÍCIO DE 2021.",Gislene Cardoso,https://www.pindamonhangaba.sp.leg.br/proposicoes/0/0/0/0/322#pesquisa
2020-11-25 00:00:00,EMENDA IMPOSITIVA N.º 99 AO PROJETO DE LEI N° 124/2020,"EMENDA IMPOSITIVA AO PROJETO DE LEI N° 124/2020, QUE ESTIMA A RECEITA E FIXA A DESPESA DO MUNICÍPIO PARA O EXERCÍCIO DE 2021.",Gislene Cardoso,https://www.pindamonhangaba.sp.leg.br/proposicoes/0/0/0/0/323#pesquisa
2020-11-25 00:00:00,EMENDA IMPOSITIVA N.º 100 AO PROJETO DE LEI N° 124/2020,"EMENDA IMPOSITIVA AO PROJETO DE LEI N° 124/2020, QUE ESTIMA A RECEITA E FIXA A DESPESA DO MUNICÍPIO PARA O EXERCÍCIO DE 2021.",Gislene Cardoso,https://www.pindamonhangaba.sp.leg.br/proposicoes/0/0/0/0/324#pesquisa
2020-11-25 00:00:00,EMENDA IMPOSITIVA N.º 101 AO PROJETO DE LEI N° 124/2020,"EMENDA IMPOSITIVA AO PROJETO DE LEI N° 124/2020, QUE ESTIMA A RECEITA E FIXA A DESPESA DO MUNICÍPIO PARA O EXERCÍCIO DE 2021.",Gislene Cardoso,https://www.pindamonhangaba.sp.leg.br/proposicoes/0/0/0/0/325#pesquisa
2020-11-25 00:00:00,EMENDA IMPOSITIVA N.º 102 AO PROJETO DE LEI N° 124/2020,"EMENDA IMPOSITIVA AO PROJETO DE LEI N° 124/2020, QUE ESTIMA A RECEITA E FIXA A DESPESA DO MUNICÍPIO PARA O EXERCÍCIO DE 2021.",Gislene Cardoso,https://www.pindamonhangaba.sp.leg.br/proposicoes/0/0/0/0/326#pesquisa
2020-11-25 00:00:00,EMENDA IMPOSITIVA N.º 103 AO PROJETO DE LEI N° 124/2020,"EMENDA IMPOSITIVA AO PROJETO DE LEI N° 124/2020, QUE ESTIMA A RECEITA E FIXA A DESPESA DO MUNICÍPIO PARA O EXERCÍCIO DE 2021.",Carlos Moura - Magrão,https://www.pindamonhangaba.sp.leg.br/proposicoes/0/0/0/0/327#pesquisa
2020-11-25 00:00:00,EMENDA IMPOSITIVA N.º 104 AO PROJETO DE LEI N° 124/2020,"EMENDA IMPOSITIVA AO PROJETO DE LEI N° 124/2020, QUE ESTIMA A RECEITA E FIXA A DESPESA DO MUNICÍPIO PARA O EXERCÍCIO DE 2021.",Carlos Moura - Magrão,https://www.pindamonhangaba.sp.leg.br/proposicoes/0/0/0/0/328#pesquisa
2020-11-25 00:00:00,EMENDA IMPOSITIVA N.º 105 AO PROJETO DE LEI N° 124/2020,"EMENDA IMPOSITIVA AO PROJETO DE LEI N° 124/2020, QUE ESTIMA A RECEITA E FIXA A DESPESA DO MUNICÍPIO PARA O EXERCÍCIO DE 2021.",Carlos Moura - Magrão,https://www.pindamonhangaba.sp.leg.br/proposicoes/0/0/0/0/329#pesquisa
2020-11-25 00:00:00,EMENDA IMPOSITIVA N.º 106 AO PROJETO DE LEI N° 124/2020,"EMENDA IMPOSITIVA AO PROJETO DE LEI N° 124/2020, QUE ESTIMA A RECEITA E FIXA A DESPESA DO MUNICÍPIO PARA O EXERCÍCIO DE 2021.",Carlos Moura - Magrão,https://www.pindamonhangaba.sp.leg.br/proposicoes/0/0/0/0/330#pesquisa
2020-11-25 00:00:00,EMENDA IMPOSITIVA N.º 107 AO PROJETO DE LEI N° 124/2020,"EMENDA IMPOSITIVA AO PROJETO DE LEI N° 124/2020, QUE ESTIMA A RECEITA E FIXA A DESPESA DO MUNICÍPIO PARA O EXERCÍCIO DE 2021.",Carlos Moura - Magrão,https://www.pindamonhangaba.sp.leg.br/proposicoes/0/0/0/0/331#pesquisa
2020-11-25 00:00:00,EMENDA IMPOSITIVA N.º 108 AO PROJETO DE LEI N° 124/2020,"EMENDA IMPOSITIVA AO PROJETO DE LEI N° 124/2020, QUE ESTIMA A RECEITA E FIXA A DESPESA DO MUNICÍPIO PARA O EXERCÍCIO DE 2021.",Carlos Moura - Magrão,https://www.pindamonhangaba.sp.leg.br/proposicoes/0/0/0/0/332#pesquisa
2020-11-25 00:00:00,EMENDA IMPOSITIVA N.º 109 AO PROJETO DE LEI N° 124/2020,"EMENDA IMPOSITIVA AO PROJETO DE LEI N° 124/2020, QUE ESTIMA A RECEITA E FIXA A DESPESA DO MUNICÍPIO PARA O EXERCÍCIO DE 2021.",Carlos Moura - Magrão,https://www.pindamonhangaba.sp.leg.br/proposicoes/0/0/0/0/333#pesquisa
2020-11-25 00:00:00,EMENDA IMPOSITIVA N.º 110 AO PROJETO DE LEI N° 124/2020,"EMENDA IMPOSITIVA AO PROJETO DE LEI N° 124/2020, QUE ESTIMA A RECEITA E FIXA A DESPESA DO MUNICÍPIO PARA O EXERCÍCIO DE 2021.",Carlos Moura - Magrão,https://www.pindamonhangaba.sp.leg.br/proposicoes/0/0/0/0/334#pesquisa
2020-11-25 00:00:00,EMENDA IMPOSITIVA N.º 111 AO PROJETO DE LEI N° 124/2020,"EMENDA IMPOSITIVA AO PROJETO DE LEI N° 124/2020, QUE ESTIMA A RECEITA E FIXA A DESPESA DO MUNICÍPIO PARA O EXERCÍCIO DE 2021.",Carlos Moura - Magrão,https://www.pindamonhangaba.sp.leg.br/proposicoes/0/0/0/0/335#pesquisa
2020-11-25 00:00:00,EMENDA IMPOSITIVA N.º 112 AO PROJETO DE LEI N° 124/2020,"EMENDA IMPOSITIVA AO PROJETO DE LEI N° 124/2020, QUE ESTIMA A RECEITA E FIXA A DESPESA DO MUNICÍPIO PARA O EXERCÍCIO DE 2021.",Carlos Moura - Magrão,https://www.pindamonhangaba.sp.leg.br/proposicoes/0/0/0/0/336#pesquisa
2020-11-25 00:00:00,EMENDA IMPOSITIVA N.º 113 AO PROJETO DE LEI N° 124/2020,"EMENDA IMPOSITIVA AO PROJETO DE LEI N° 124/2020, QUE ESTIMA A RECEITA E FIXA A DESPESA DO MUNICÍPIO PARA O EXERCÍCIO DE 2021.",Carlos Moura - Magrão,https://www.pindamonhangaba.sp.leg.br/proposicoes/0/0/0/0/337#pesquisa
2020-11-25 00:00:00,EMENDA IMPOSITIVA N.º 114 AO PROJETO DE LEI N° 124/2020,"EMENDA IMPOSITIVA AO PROJETO DE LEI N° 124/2020, QUE ESTIMA A RECEITA E FIXA A DESPESA DO MUNICÍPIO PARA O EXERCÍCIO DE 2021.",Carlos Moura - Magrão,https://www.pindamonhangaba.sp.leg.br/proposicoes/0/0/0/0/338#pesquisa
2020-11-25 00:00:00,EMENDA IMPOSITIVA N.º 115 AO PROJETO DE LEI N° 124/2020,"EMENDA IMPOSITIVA AO PROJETO DE LEI N° 124/2020, QUE ESTIMA A RECEITA E FIXA A DESPESA DO MUNICÍPIO PARA O EXERCÍCIO DE 2021.",Carlos Moura - Magrão,https://www.pindamonhangaba.sp.leg.br/proposicoes/0/0/0/0/339#pesquisa
2020-11-25 00:00:00,EMENDA IMPOSITIVA N.º 116 AO PROJETO DE LEI N° 124/2020,"EMENDA IMPOSITIVA AO PROJETO DE LEI N° 124/2020, QUE ESTIMA A RECEITA E FIXA A DESPESA DO MUNICÍPIO PARA O EXERCÍCIO DE 2021.",Carlos Moura - Magrão,https://www.pindamonhangaba.sp.leg.br/proposicoes/0/0/0/0/340#pesquisa
2020-11-25 00:00:00,EMENDA IMPOSITIVA N.º 117 AO PROJETO DE LEI N° 124/2020,"EMENDA IMPOSITIVA AO PROJETO DE LEI N° 124/2020, QUE ESTIMA A RECEITA E FIXA A DESPESA DO MUNICÍPIO PARA O EXERCÍCIO DE 2021.",Carlos Moura - Magrão,https://www.pindamonhangaba.sp.leg.br/proposicoes/0/0/0/0/341#pesquisa
2020-11-25 00:00:00,EMENDA IMPOSITIVA N.º 118 AO PROJETO DE LEI N° 124/2020,"EMENDA IMPOSITIVA AO PROJETO DE LEI N° 124/2020, QUE ESTIMA A RECEITA E FIXA A DESPESA DO MUNICÍPIO PARA O EXERCÍCIO DE 2021.",Carlos Moura - Magrão,https://www.pindamonhangaba.sp.leg.br/proposicoes/0/0/0/0/342#pesquisa
2020-11-25 00:00:00,EMENDA IMPOSITIVA N.º 119 AO PROJETO DE LEI N° 124/2020,"EMENDA IMPOSITIVA AO PROJETO DE LEI N° 124/2020, QUE ESTIMA A RECEITA E FIXA A DESPESA DO MUNICÍPIO PARA O EXERCÍCIO DE 2021.",Renato Cebola,https://www.pindamonhangaba.sp.leg.br/proposicoes/0/0/0/0/343#pesquisa
2020-11-25 00:00:00,EMENDA IMPOSITIVA N.º 120 AO PROJETO DE LEI N° 124/2020,"EMENDA IMPOSITIVA AO PROJETO DE LEI N° 124/2020, QUE ESTIMA A RECEITA E FIXA A DESPESA DO MUNICÍPIO PARA O EXERCÍCIO DE 2021.",Renato Cebola,https://www.pindamonhangaba.sp.leg.br/proposicoes/0/0/0/0/344#pesquisa
2020-11-25 00:00:00,EMENDA IMPOSITIVA N.º 121 AO PROJETO DE LEI N° 124/2020,"EMENDA IMPOSITIVA AO PROJETO DE LEI N° 124/2020, QUE ESTIMA A RECEITA E FIXA A DESPESA DO MUNICÍPIO PARA O EXERCÍCIO DE 2021.",Renato Cebola,https://www.pindamonhangaba.sp.leg.br/proposicoes/0/0/0/0/345#pesquisa
2020-11-25 00:00:00,EMENDA IMPOSITIVA N.º 122 AO PROJETO DE LEI N° 124/2020,"EMENDA IMPOSITIVA AO PROJETO DE LEI N° 124/2020, QUE ESTIMA A RECEITA E FIXA A DESPESA DO MUNICÍPIO PARA O EXERCÍCIO DE 2021.",Renato Cebola,https://www.pindamonhangaba.sp.leg.br/proposicoes/0/0/0/0/346#pesquisa
2020-11-25 00:00:00,EMENDA IMPOSITIVA N.º 123 AO PROJETO DE LEI N° 124/2020,"EMENDA IMPOSITIVA AO PROJETO DE LEI N° 124/2020, QUE ESTIMA A RECEITA E FIXA A DESPESA DO MUNICÍPIO PARA O EXERCÍCIO DE 2021.",Renato Cebola,https://www.pindamonhangaba.sp.leg.br/proposicoes/0/0/0/0/347#pesquisa
2020-11-25 00:00:00,EMENDA IMPOSITIVA N.º 124 AO PROJETO DE LEI N° 124/2020,"EMENDA IMPOSITIVA AO PROJETO DE LEI N° 124/2020, QUE ESTIMA A RECEITA E FIXA A DESPESA DO MUNICÍPIO PARA O EXERCÍCIO DE 2021.",Renato Cebola,https://www.pindamonhangaba.sp.leg.br/proposicoes/0/0/0/0/348#pesquisa
2020-11-25 00:00:00,EMENDA IMPOSITIVA N.º 125 AO PROJETO DE LEI N° 124/2020,"EMENDA IMPOSITIVA AO PROJETO DE LEI N° 124/2020, QUE ESTIMA A RECEITA E FIXA A DESPESA DO MUNICÍPIO PARA O EXERCÍCIO DE 2021.",Renato Cebola,https://www.pindamonhangaba.sp.leg.br/proposicoes/0/0/0/0/349#pesquisa
2020-11-25 00:00:00,EMENDA IMPOSITIVA N.º 126 AO PROJETO DE LEI N° 124/2020,"EMENDA IMPOSITIVA AO PROJETO DE LEI N° 124/2020, QUE ESTIMA A RECEITA E FIXA A DESPESA DO MUNICÍPIO PARA O EXERCÍCIO DE 2021.",Renato Cebola,https://www.pindamonhangaba.sp.leg.br/proposicoes/0/0/0/0/350#pesquisa
2020-11-25 00:00:00,EMENDA IMPOSITIVA N.º 127 AO PROJETO DE LEI N° 124/2020,"EMENDA IMPOSITIVA AO PROJETO DE LEI N° 124/2020, QUE ESTIMA A RECEITA E FIXA A DESPESA DO MUNICÍPIO PARA O EXERCÍCIO DE 2021.",Renato Cebola,https://www.pindamonhangaba.sp.leg.br/proposicoes/0/0/0/0/351#pesquisa
2020-11-25 00:00:00,EMENDA IMPOSITIVA N.º 128 AO PROJETO DE LEI N° 124/2020,"EMENDA IMPOSITIVA AO PROJETO DE LEI N° 124/2020, QUE ESTIMA A RECEITA E FIXA A DESPESA DO MUNICÍPIO PARA O EXERCÍCIO DE 2021.",Renato Cebola,https://www.pindamonhangaba.sp.leg.br/proposicoes/0/0/0/0/352#pesquisa
2020-11-25 00:00:00,EMENDA IMPOSITIVA N.º 129 AO PROJETO DE LEI N° 124/2020,"EMENDA IMPOSITIVA AO PROJETO DE LEI N° 124/2020, QUE ESTIMA A RECEITA E FIXA A DESPESA DO MUNICÍPIO PARA O EXERCÍCIO DE 2021.",Renato Cebola,https://www.pindamonhangaba.sp.leg.br/proposicoes/0/0/0/0/353#pesquisa
2020-11-25 00:00:00,EMENDA IMPOSITIVA N.º 130 AO PROJETO DE LEI N° 124/2020,"EMENDA IMPOSITIVA AO PROJETO DE LEI N° 124/2020, QUE ESTIMA A RECEITA E FIXA A DESPESA DO MUNICÍPIO PARA O EXERCÍCIO DE 2021.",Renato Cebola,https://www.pindamonhangaba.sp.leg.br/proposicoes/0/0/0/0/354#pesquisa
2020-11-25 00:00:00,EMENDA IMPOSITIVA N.º 131 AO PROJETO DE LEI N° 124/2020,"EMENDA IMPOSITIVA AO PROJETO DE LEI N° 124/2020, QUE ESTIMA A RECEITA E FIXA A DESPESA DO MUNICÍPIO PARA O EXERCÍCIO DE 2021.",Renato Cebola,https://www.pindamonhangaba.sp.leg.br/proposicoes/0/0/0/0/355#pesquisa
2020-11-25 00:00:00,EMENDA IMPOSITIVA N.º 132 AO PROJETO DE LEI N° 124/2020,"EMENDA IMPOSITIVA AO PROJETO DE LEI N° 124/2020, QUE ESTIMA A RECEITA E FIXA A DESPESA DO MUNICÍPIO PARA O EXERCÍCIO DE 2021.",Renato Cebola,https://www.pindamonhangaba.sp.leg.br/proposicoes/0/0/0/0/356#pesquisa
2020-11-25 00:00:00,EMENDA IMPOSITIVA N.º 133 AO PROJETO DE LEI N° 124/2020,"EMENDA IMPOSITIVA AO PROJETO DE LEI N° 124/2020, QUE ESTIMA A RECEITA E FIXA A DESPESA DO MUNICÍPIO PARA O EXERCÍCIO DE 2021.",Renato Cebola,https://www.pindamonhangaba.sp.leg.br/proposicoes/0/0/0/0/357#pesquisa
2020-11-25 00:00:00,EMENDA IMPOSITIVA N.º 134 AO PROJETO DE LEI N° 124/2020,"EMENDA IMPOSITIVA AO PROJETO DE LEI N° 124/2020, QUE ESTIMA A RECEITA E FIXA A DESPESA DO MUNICÍPIO PARA O EXERCÍCIO DE 2021.",Renato Cebola,https://www.pindamonhangaba.sp.leg.br/proposicoes/0/0/0/0/358#pesquisa
2020-11-25 00:00:00,EMENDA IMPOSITIVA N.º 135 AO PROJETO DE LEI N° 124/2020,"EMENDA IMPOSITIVA AO PROJETO DE LEI N° 124/2020, QUE ESTIMA A RECEITA E FIXA A DESPESA DO MUNICÍPIO PARA O EXERCÍCIO DE 2021.",Renato Cebola,https://www.pindamonhangaba.sp.leg.br/proposicoes/0/0/0/0/359#pesquisa
2020-11-25 00:00:00,EMENDA IMPOSITIVA N.º 136 AO PROJETO DE LEI N° 124/2020,"EMENDA IMPOSITIVA AO PROJETO DE LEI N° 124/2020, QUE ESTIMA A RECEITA E FIXA A DESPESA DO MUNICÍPIO PARA O EXERCÍCIO DE 2021.",Renato Cebola,https://www.pindamonhangaba.sp.leg.br/proposicoes/0/0/0/0/360#pesquisa
2020-11-25 00:00:00,EMENDA IMPOSITIVA N.º 137 AO PROJETO DE LEI N° 124/2020,"EMENDA IMPOSITIVA AO PROJETO DE LEI N° 124/2020, QUE ESTIMA A RECEITA E FIXA A DESPESA DO MUNICÍPIO PARA O EXERCÍCIO DE 2021.",Renato Cebola,https://www.pindamonhangaba.sp.leg.br/proposicoes/0/0/0/0/361#pesquisa
2020-11-25 00:00:00,EMENDA IMPOSITIVA N.º 138 AO PROJETO DE LEI N° 124/2020,"EMENDA IMPOSITIVA AO PROJETO DE LEI N° 124/2020, QUE ESTIMA A RECEITA E FIXA A DESPESA DO MUNICÍPIO PARA O EXERCÍCIO DE 2021.",Renato Cebola,https://www.pindamonhangaba.sp.leg.br/proposicoes/0/0/0/0/362#pesquisa
2020-11-25 00:00:00,EMENDA IMPOSITIVA N.º 139 AO PROJETO DE LEI N° 124/2020,"EMENDA IMPOSITIVA AO PROJETO DE LEI N° 124/2020, QUE ESTIMA A RECEITA E FIXA A DESPESA DO MUNICÍPIO PARA O EXERCÍCIO DE 2021.",Renato Cebola,https://www.pindamonhangaba.sp.leg.br/proposicoes/0/0/0/0/363#pesquisa
2020-11-25 00:00:00,EMENDA IMPOSITIVA N.º 140 AO PROJETO DE LEI N° 124/2020,"EMENDA IMPOSITIVA AO PROJETO DE LEI N° 124/2020, QUE ESTIMA A RECEITA E FIXA A DESPESA DO MUNICÍPIO PARA O EXERCÍCIO DE 2021.",Ronaldo Pinto De Andrade,https://www.pindamonhangaba.sp.leg.br/proposicoes/0/0/0/0/364#pesquisa
2020-11-25 00:00:00,EMENDA IMPOSITIVA N.º 141 AO PROJETO DE LEI N° 124/2020,"EMENDA IMPOSITIVA AO PROJETO DE LEI N° 124/2020, QUE ESTIMA A RECEITA E FIXA A DESPESA DO MUNICÍPIO PARA O EXERCÍCIO DE 2021.",Ronaldo Pinto De Andrade,https://www.pindamonhangaba.sp.leg.br/proposicoes/0/0/0/0/365#pesquisa
2020-11-25 00:00:00,EMENDA IMPOSITIVA N.º 142 AO PROJETO DE LEI N° 124/2020,"EMENDA IMPOSITIVA AO PROJETO DE LEI N° 124/2020, QUE ESTIMA A RECEITA E FIXA A DESPESA DO MUNICÍPIO PARA O EXERCÍCIO DE 2021.",Ronaldo Pinto De Andrade,https://www.pindamonhangaba.sp.leg.br/proposicoes/0/0/0/0/366#pesquisa
2020-11-25 00:00:00,EMENDA IMPOSITIVA N.º 143 AO PROJETO DE LEI N° 124/2020,"EMENDA IMPOSITIVA AO PROJETO DE LEI N° 124/2020, QUE ESTIMA A RECEITA E FIXA A DESPESA DO MUNICÍPIO PARA O EXERCÍCIO DE 2021.",Ronaldo Pinto De Andrade,https://www.pindamonhangaba.sp.leg.br/proposicoes/0/0/0/0/367#pesquisa
2020-11-25 00:00:00,EMENDA IMPOSITIVA N.º 144 AO PROJETO DE LEI N° 124/2020,"EMENDA IMPOSITIVA AO PROJETO DE LEI N° 124/2020, QUE ESTIMA A RECEITA E FIXA A DESPESA DO MUNICÍPIO PARA O EXERCÍCIO DE 2021.",Ronaldo Pinto De Andrade,https://www.pindamonhangaba.sp.leg.br/proposicoes/0/0/0/0/368#pesquisa
2020-11-25 00:00:00,EMENDA IMPOSITIVA N.º 145 AO PROJETO DE LEI N° 124/2020,"EMENDA IMPOSITIVA AO PROJETO DE LEI N° 124/2020, QUE ESTIMA A RECEITA E FIXA A DESPESA DO MUNICÍPIO PARA O EXERCÍCIO DE 2021.",Ronaldo Pinto De Andrade,https://www.pindamonhangaba.sp.leg.br/proposicoes/0/0/0/0/369#pesquisa
2020-11-25 00:00:00,EMENDA IMPOSITIVA N.º 146 AO PROJETO DE LEI N° 124/2020,"EMENDA IMPOSITIVA AO PROJETO DE LEI N° 124/2020, QUE ESTIMA A RECEITA E FIXA A DESPESA DO MUNICÍPIO PARA O EXERCÍCIO DE 2021.",Ronaldo Pinto De Andrade,https://www.pindamonhangaba.sp.leg.br/proposicoes/0/0/0/0/370#pesquisa
2020-11-25 00:00:00,EMENDA IMPOSITIVA N.º 147 AO PROJETO DE LEI N° 124/2020,"EMENDA IMPOSITIVA AO PROJETO DE LEI N° 124/2020, QUE ESTIMA A RECEITA E FIXA A DESPESA DO MUNICÍPIO PARA O EXERCÍCIO DE 2021.",Ronaldo Pinto De Andrade,https://www.pindamonhangaba.sp.leg.br/proposicoes/0/0/0/0/371#pesquisa
2020-11-25 00:00:00,EMENDA IMPOSITIVA N.º 149 AO PROJETO DE LEI N° 124/2020,"EMENDA IMPOSITIVA AO PROJETO DE LEI N° 124/2020, QUE ESTIMA A RECEITA E FIXA A DESPESA DO MUNICÍPIO PARA O EXERCÍCIO DE 2021.",Rafael Goffi Moreira,https://www.pindamonhangaba.sp.leg.br/proposicoes/0/0/0/0/372#pesquisa
2020-11-25 00:00:00,EMENDA IMPOSITIVA N.º 150 AO PROJETO DE LEI N° 124/2020,"EMENDA IMPOSITIVA AO PROJETO DE LEI N° 124/2020, QUE ESTIMA A RECEITA E FIXA A DESPESA DO MUNICÍPIO PARA O EXERCÍCIO DE 2021.",Rafael Goffi Moreira,https://www.pindamonhangaba.sp.leg.br/proposicoes/0/0/0/0/373#pesquisa
2020-11-25 00:00:00,EMENDA IMPOSITIVA N.º 151 AO PROJETO DE LEI N° 124/2020,"EMENDA IMPOSITIVA AO PROJETO DE LEI N° 124/2020, QUE ESTIMA A RECEITA E FIXA A DESPESA DO MUNICÍPIO PARA O EXERCÍCIO DE 2021.",Rafael Goffi Moreira,https://www.pindamonhangaba.sp.leg.br/proposicoes/0/0/0/0/374#pesquisa
2020-11-25 00:00:00,EMENDA IMPOSITIVA N.º 152 AO PROJETO DE LEI N° 124/2020,"EMENDA IMPOSITIVA AO PROJETO DE LEI N° 124/2020, QUE ESTIMA A RECEITA E FIXA A DESPESA DO MUNICÍPIO PARA O EXERCÍCIO DE 2021.",Rafael Goffi Moreira,https://www.pindamonhangaba.sp.leg.br/proposicoes/0/0/0/0/375#pesquisa
2020-11-25 00:00:00,EMENDA IMPOSITIVA N.º 153 AO PROJETO DE LEI N° 124/2020,"EMENDA IMPOSITIVA AO PROJETO DE LEI N° 124/2020, QUE ESTIMA A RECEITA E FIXA A DESPESA DO MUNICÍPIO PARA O EXERCÍCIO DE 2021.",Rafael Goffi Moreira,https://www.pindamonhangaba.sp.leg.br/proposicoes/0/0/0/0/376#pesquisa
2020-11-25 00:00:00,EMENDA IMPOSITIVA N.º 154 AO PROJETO DE LEI N° 124/2020,"EMENDA IMPOSITIVA AO PROJETO DE LEI N° 124/2020, QUE ESTIMA A RECEITA E FIXA A DESPESA DO MUNICÍPIO PARA O EXERCÍCIO DE 2021.",Rafael Goffi Moreira,https://www.pindamonhangaba.sp.leg.br/proposicoes/0/0/0/0/377#pesquisa
2020-11-25 00:00:00,EMENDA IMPOSITIVA N.º 155 AO PROJETO DE LEI N° 124/2020,"EMENDA IMPOSITIVA AO PROJETO DE LEI N° 124/2020, QUE ESTIMA A RECEITA E FIXA A DESPESA DO MUNICÍPIO PARA O EXERCÍCIO DE 2021.",Rafael Goffi Moreira,https://www.pindamonhangaba.sp.leg.br/proposicoes/0/0/0/0/378#pesquisa
2020-11-25 00:00:00,EMENDA IMPOSITIVA N.º 156 AO PROJETO DE LEI N° 124/2020,"EMENDA IMPOSITIVA AO PROJETO DE LEI N° 124/2020, QUE ESTIMA A RECEITA E FIXA A DESPESA DO MUNICÍPIO PARA O EXERCÍCIO DE 2021.",Rafael Goffi Moreira,https://www.pindamonhangaba.sp.leg.br/proposicoes/0/0/0/0/379#pesquisa
2020-11-25 00:00:00,EMENDA IMPOSITIVA N.º 157 AO PROJETO DE LEI N° 124/2020,"EMENDA IMPOSITIVA AO PROJETO DE LEI N° 124/2020, QUE ESTIMA A RECEITA E FIXA A DESPESA DO MUNICÍPIO PARA O EXERCÍCIO DE 2021.",Rafael Goffi Moreira,https://www.pindamonhangaba.sp.leg.br/proposicoes/0/0/0/0/380#pesquisa
2020-11-25 00:00:00,EMENDA IMPOSITIVA N.º 158 AO PROJETO DE LEI N° 124/2020,"EMENDA IMPOSITIVA AO PROJETO DE LEI N° 124/2020, QUE ESTIMA A RECEITA E FIXA A DESPESA DO MUNICÍPIO PARA O EXERCÍCIO DE 2021.",Rafael Goffi Moreira,https://www.pindamonhangaba.sp.leg.br/proposicoes/0/0/0/0/381#pesquisa
2020-11-25 00:00:00,EMENDA IMPOSITIVA N.º 159 AO PROJETO DE LEI N° 124/2020,"EMENDA IMPOSITIVA AO PROJETO DE LEI N° 124/2020, QUE ESTIMA A RECEITA E FIXA A DESPESA DO MUNICÍPIO PARA O EXERCÍCIO DE 2021.",Rafael Goffi Moreira,https://www.pindamonhangaba.sp.leg.br/proposicoes/0/0/0/0/382#pesquisa
2020-11-25 00:00:00,EMENDA IMPOSITIVA N.º 160 AO PROJETO DE LEI N° 124/2020,"EMENDA IMPOSITIVA AO PROJETO DE LEI N° 124/2020, QUE ESTIMA A RECEITA E FIXA A DESPESA DO MUNICÍPIO PARA O EXERCÍCIO DE 2021.",Rafael Goffi Moreira,https://www.pindamonhangaba.sp.leg.br/proposicoes/0/0/0/0/383#pesquisa
2020-11-25 00:00:00,EMENDA IMPOSITIVA N.º 161 AO PROJETO DE LEI N° 124/2020,"EMENDA IMPOSITIVA AO PROJETO DE LEI N° 124/2020, QUE ESTIMA A RECEITA E FIXA A DESPESA DO MUNICÍPIO PARA O EXERCÍCIO DE 2021.",Rafael Goffi Moreira,https://www.pindamonhangaba.sp.leg.br/proposicoes/0/0/0/0/384#pesquisa
2020-11-25 00:00:00,EMENDA IMPOSITIVA N.º 162 AO PROJETO DE LEI N° 124/2020,"EMENDA IMPOSITIVA AO PROJETO DE LEI N° 124/2020, QUE ESTIMA A RECEITA E FIXA A DESPESA DO MUNICÍPIO PARA O EXERCÍCIO DE 2021.",Rafael Goffi Moreira,https://www.pindamonhangaba.sp.leg.br/proposicoes/0/0/0/0/385#pesquisa
2020-11-25 00:00:00,EMENDA IMPOSITIVA N.º 9 AO PROJETO DE LEI N° 124/2020,"EMENDA IMPOSITIVA AO PROJETO DE LEI N° 124/2020, QUE ESTIMA A RECEITA E FIXA A DESPESA DO MUNICÍPIO PARA O EXERCÍCIO DE 2021.",Antônio Alves Da Silva,https://www.pindamonhangaba.sp.leg.br/proposicoes/0/0/0/0/386#pesquisa
2020-11-25 00:00:00,EMENDA IMPOSITIVA N.º 10 AO PROJETO DE LEI N° 124/2020,"EMENDA IMPOSITIVA AO PROJETO DE LEI N° 124/2020, QUE ESTIMA A RECEITA E FIXA A DESPESA DO MUNICÍPIO PARA O EXERCÍCIO DE 2021.",Antônio Alves Da Silva,https://www.pindamonhangaba.sp.leg.br/proposicoes/0/0/0/0/234#pesquisa
2020-11-25 00:00:00,EMENDA IMPOSITIVA N.º 11 AO PROJETO DE LEI N° 124/2020,"EMENDA IMPOSITIVA AO PROJETO DE LEI N° 124/2020, QUE ESTIMA A RECEITA E FIXA A DESPESA DO MUNICÍPIO PARA O EXERCÍCIO DE 2021.",Antônio Alves Da Silva,https://www.pindamonhangaba.sp.leg.br/proposicoes/0/0/0/0/235#pesquisa
2020-11-25 00:00:00,EMENDA IMPOSITIVA N.º 12 AO PROJETO DE LEI N° 124/2020,"EMENDA IMPOSITIVA AO PROJETO DE LEI N° 124/2020, QUE ESTIMA A RECEITA E FIXA A DESPESA DO MUNICÍPIO PARA O EXERCÍCIO DE 2021.",Antônio Alves Da Silva,https://www.pindamonhangaba.sp.leg.br/proposicoes/0/0/0/0/236#pesquisa
2020-11-25 00:00:00,EMENDA IMPOSITIVA N.º 13 AO PROJETO DE LEI N° 124/2020,"EMENDA IMPOSITIVA AO PROJETO DE LEI N° 124/2020, QUE ESTIMA A RECEITA E FIXA A DESPESA DO MUNICÍPIO PARA O EXERCÍCIO DE 2021.",Antônio Alves Da Silva,https://www.pindamonhangaba.sp.leg.br/proposicoes/0/0/0/0/237#pesquisa
2020-11-25 00:00:00,EMENDA IMPOSITIVA N.º 14 AO PROJETO DE LEI N° 124/2020,"EMENDA IMPOSITIVA AO PROJETO DE LEI N° 124/2020, QUE ESTIMA A RECEITA E FIXA A DESPESA DO MUNICÍPIO PARA O EXERCÍCIO DE 2021.",Antônio Alves Da Silva,https://www.pindamonhangaba.sp.leg.br/proposicoes/0/0/0/0/238#pesquisa
2020-11-25 00:00:00,EMENDA IMPOSITIVA N.º 15 AO PROJETO DE LEI N° 124/2020,"EMENDA IMPOSITIVA AO PROJETO DE LEI N° 124/2020, QUE ESTIMA A RECEITA E FIXA A DESPESA DO MUNICÍPIO PARA O EXERCÍCIO DE 2021.",Antônio Alves Da Silva,https://www.pindamonhangaba.sp.leg.br/proposicoes/0/0/0/0/239#pesquisa
2020-11-25 00:00:00,EMENDA IMPOSITIVA N.º 16 AO PROJETO DE LEI N° 124/2020,"EMENDA IMPOSITIVA AO PROJETO DE LEI N° 124/2020, QUE ESTIMA A RECEITA E FIXA A DESPESA DO MUNICÍPIO PARA O EXERCÍCIO DE 2021.",Antônio Alves Da Silva,https://www.pindamonhangaba.sp.leg.br/proposicoes/0/0/0/0/240#pesquisa
2020-11-25 00:00:00,EMENDA IMPOSITIVA N.º 17 AO PROJETO DE LEI N° 124/2020,"EMENDA IMPOSITIVA AO PROJETO DE LEI N° 124/2020, QUE ESTIMA A RECEITA E FIXA A DESPESA DO MUNICÍPIO PARA O EXERCÍCIO DE 2021.",Antônio Alves Da Silva,https://www.pindamonhangaba.sp.leg.br/proposicoes/0/0/0/0/241#pesquisa
2020-11-25 00:00:00,EMENDA IMPOSITIVA N.º 18 AO PROJETO DE LEI N° 124/2020,"EMENDA IMPOSITIVA AO PROJETO DE LEI N° 124/2020, QUE ESTIMA A RECEITA E FIXA A DESPESA DO MUNICÍPIO PARA O EXERCÍCIO DE 2021.",Antônio Alves Da Silva,https://www.pindamonhangaba.sp.leg.br/proposicoes/0/0/0/0/242#pesquisa
2020-11-25 00:00:00,EMENDA IMPOSITIVA N.º 19 AO PROJETO DE LEI N° 124/2020,"EMENDA IMPOSITIVA AO PROJETO DE LEI N° 124/2020, QUE ESTIMA A RECEITA E FIXA A DESPESA DO MUNICÍPIO PARA O EXERCÍCIO DE 2021.",Antônio Alves Da Silva,https://www.pindamonhangaba.sp.leg.br/proposicoes/0/0/0/0/243#pesquisa
2020-11-25 00:00:00,EMENDA IMPOSITIVA N.º 20 AO PROJETO DE LEI N° 124/2020,"EMENDA IMPOSITIVA AO PROJETO DE LEI N° 124/2020, QUE ESTIMA A RECEITA E FIXA A DESPESA DO MUNICÍPIO PARA O EXERCÍCIO DE 2021.",Felipe César,https://www.pindamonhangaba.sp.leg.br/proposicoes/0/0/0/0/244#pesquisa
2020-11-25 00:00:00,EMENDA IMPOSITIVA N.º 21 AO PROJETO DE LEI N° 124/2020,"EMENDA IMPOSITIVA AO PROJETO DE LEI N° 124/2020, QUE ESTIMA A RECEITA E FIXA A DESPESA DO MUNICÍPIO PARA O EXERCÍCIO DE 2021.",Felipe César,https://www.pindamonhangaba.sp.leg.br/proposicoes/0/0/0/0/245#pesquisa
2020-11-25 00:00:00,EMENDA IMPOSITIVA N.º 22 AO PROJETO DE LEI N° 124/2020,"EMENDA IMPOSITIVA AO PROJETO DE LEI N° 124/2020, QUE ESTIMA A RECEITA E FIXA A DESPESA DO MUNICÍPIO PARA O EXERCÍCIO DE 2021.",Felipe César,https://www.pindamonhangaba.sp.leg.br/proposicoes/0/0/0/0/246#pesquisa
2020-11-25 00:00:00,EMENDA IMPOSITIVA N.º 23 AO PROJETO DE LEI N° 124/2020,"EMENDA IMPOSITIVA AO PROJETO DE LEI N° 124/2020, QUE ESTIMA A RECEITA E FIXA A DESPESA DO MUNICÍPIO PARA O EXERCÍCIO DE 2021.",Felipe César,https://www.pindamonhangaba.sp.leg.br/proposicoes/0/0/0/0/247#pesquisa
2020-11-25 00:00:00,EMENDA IMPOSITIVA N.º 24 AO PROJETO DE LEI N° 124/2020,"EMENDA IMPOSITIVA AO PROJETO DE LEI N° 124/2020, QUE ESTIMA A RECEITA E FIXA A DESPESA DO MUNICÍPIO PARA O EXERCÍCIO DE 2021.",Felipe César,https://www.pindamonhangaba.sp.leg.br/proposicoes/0/0/0/0/248#pesquisa
2020-11-25 00:00:00,EMENDA IMPOSITIVA N.º 25 AO PROJETO DE LEI N° 124/2020,"EMENDA IMPOSITIVA AO PROJETO DE LEI N° 124/2020, QUE ESTIMA A RECEITA E FIXA A DESPESA DO MUNICÍPIO PARA O EXERCÍCIO DE 2021.",Felipe César,https://www.pindamonhangaba.sp.leg.br/proposicoes/0/0/0/0/249#pesquisa
2020-11-25 00:00:00,EMENDA IMPOSITIVA N.º 26 AO PROJETO DE LEI N° 124/2020,"EMENDA IMPOSITIVA AO PROJETO DE LEI N° 124/2020, QUE ESTIMA A RECEITA E FIXA A DESPESA DO MUNICÍPIO PARA O EXERCÍCIO DE 2021.",Felipe César,https://www.pindamonhangaba.sp.leg.br/proposicoes/0/0/0/0/250#pesquisa
2020-11-25 00:00:00,EMENDA IMPOSITIVA N.º 27 AO PROJETO DE LEI N° 124/2020,"EMENDA IMPOSITIVA AO PROJETO DE LEI N° 124/2020, QUE ESTIMA A RECEITA E FIXA A DESPESA DO MUNICÍPIO PARA O EXERCÍCIO DE 2021.",Felipe César,https://www.pindamonhangaba.sp.leg.br/proposicoes/0/0/0/0/251#pesquisa
2020-11-25 00:00:00,EMENDA IMPOSITIVA N.º 28 AO PROJETO DE LEI N° 124/2020,"EMENDA IMPOSITIVA AO PROJETO DE LEI N° 124/2020, QUE ESTIMA A RECEITA E FIXA A DESPESA DO MUNICÍPIO PARA O EXERCÍCIO DE 2021.",Felipe César,https://www.pindamonhangaba.sp.leg.br/proposicoes/0/0/0/0/252#pesquisa
2020-11-25 00:00:00,EMENDA IMPOSITIVA N.º 29 AO PROJETO DE LEI N° 124/2020,"EMENDA IMPOSITIVA AO PROJETO DE LEI N° 124/2020, QUE ESTIMA A RECEITA E FIXA A DESPESA DO MUNICÍPIO PARA O EXERCÍCIO DE 2021.",Felipe César,https://www.pindamonhangaba.sp.leg.br/proposicoes/0/0/0/0/253#pesquisa
2020-11-25 00:00:00,EMENDA IMPOSITIVA N.º 30 AO PROJETO DE LEI N° 124/2020,"EMENDA IMPOSITIVA AO PROJETO DE LEI N° 124/2020, QUE ESTIMA A RECEITA E FIXA A DESPESA DO MUNICÍPIO PARA O EXERCÍCIO DE 2021.",Felipe César,https://www.pindamonhangaba.sp.leg.br/proposicoes/0/0/0/0/254#pesquisa
2020-11-25 00:00:00,EMENDA IMPOSITIVA N.º 31 AO PROJETO DE LEI N° 124/2020,"EMENDA IMPOSITIVA AO PROJETO DE LEI N° 124/2020, QUE ESTIMA A RECEITA E FIXA A DESPESA DO MUNICÍPIO PARA O EXERCÍCIO DE 2021.",Felipe César,https://www.pindamonhangaba.sp.leg.br/proposicoes/0/0/0/0/255#pesquisa
2020-11-16 00:00:00,EMENDA IMPOSITIVA N.º 1 AO PROJETO DE LEI N° 124/2020,"EMENDA IMPOSITIVA AO PROJETO DE LEI N° 124/2020, QUE ESTIMA A RECEITA E FIXA A DESPESA DO MUNICÍPIO PARA O EXERCÍCIO DE 2021.",Janio Ardito Lerario,https://www.pindamonhangaba.sp.leg.br/proposicoes/0/0/0/0/226#pesquisa
2020-11-16 00:00:00,EMENDA IMPOSITIVA N.º 2 AO PROJETO DE LEI N° 124/2020,"EMENDA IMPOSITIVA AO PROJETO DE LEI N° 124/2020, QUE ESTIMA A RECEITA E FIXA A DESPESA DO MUNICÍPIO PARA O EXERCÍCIO DE 2021.",Janio Ardito Lerario,https://www.pindamonhangaba.sp.leg.br/proposicoes/0/0/0/0/227#pesquisa
2020-11-16 00:00:00,EMENDA IMPOSITIVA N.º 3 AO PROJETO DE LEI N° 124/2020,"EMENDA IMPOSITIVA AO PROJETO DE LEI N° 124/2020, QUE ESTIMA A RECEITA E FIXA A DESPESA DO MUNICÍPIO PARA O EXERCÍCIO DE 2021.",Janio Ardito Lerario,https://www.pindamonhangaba.sp.leg.br/proposicoes/0/0/0/0/228#pesquisa
2020-11-16 00:00:00,EMENDA IMPOSITIVA N.º 4 AO PROJETO DE LEI N° 124/2020,"EMENDA IMPOSITIVA AO PROJETO DE LEI N° 124/2020, QUE ESTIMA A RECEITA E FIXA A DESPESA DO MUNICÍPIO PARA O EXERCÍCIO DE 2021.",Janio Ardito Lerario,https://www.pindamonhangaba.sp.leg.br/proposicoes/0/0/0/0/229#pesquisa
2020-11-16 00:00:00,EMENDA IMPOSITIVA N.º 5 AO PROJETO DE LEI N° 124/2020,"EMENDA IMPOSITIVA AO PROJETO DE LEI N° 124/2020, QUE ESTIMA A RECEITA E FIXA A DESPESA DO MUNICÍPIO PARA O EXERCÍCIO DE 2021.",Janio Ardito Lerario,https://www.pindamonhangaba.sp.leg.br/proposicoes/0/0/0/0/230#pesquisa
2020-11-16 00:00:00,EMENDA IMPOSITIVA N.º 6 AO PROJETO DE LEI N° 124/2020,"EMENDA IMPOSITIVA AO PROJETO DE LEI N° 124/2020, QUE ESTIMA A RECEITA E FIXA A DESPESA DO MUNICÍPIO PARA O EXERCÍCIO DE 2021.",Janio Ardito Lerario,https://www.pindamonhangaba.sp.leg.br/proposicoes/0/0/0/0/231#pesquisa
2020-11-16 00:00:00,EMENDA IMPOSITIVA N.º 7 AO PROJETO DE LEI N° 124/2020,"EMENDA IMPOSITIVA AO PROJETO DE LEI N° 124/2020, QUE ESTIMA A RECEITA E FIXA A DESPESA DO MUNICÍPIO PARA O EXERCÍCIO DE 2021.",Janio Ardito Lerario,https://www.pindamonhangaba.sp.leg.br/proposicoes/0/0/0/0/232#pesquisa
2020-11-16 00:00:00,EMENDA IMPOSITIVA N.º 8 AO PROJETO DE LEI N° 124/2020,"EMENDA IMPOSITIVA AO PROJETO DE LEI N° 124/2020, QUE ESTIMA A RECEITA E FIXA A DESPESA DO MUNICÍPIO PARA O EXERCÍCIO DE 2021.",Janio Ardito Lerario,https://www.pindamonhangaba.sp.leg.br/proposicoes/0/0/0/0/233#pesquisa
2020-10-05 00:00:00,SUBSTITUTIVO Nº 1 AO PROJETO DE LEI N.º 021/2020,"SUBSTITUTIVO AO PROJETO DE LEI N° 21/2020, QUE REGULAMENTA O EXERCÍCIO DAS ATIVIDADES DOS PROFISSIONAIS EM TRANSPORTE DE PASSAGEIROS -MOTOTAXISTA-, SERVIÇO COMUNITÁRIO DE RUA -MOTOBOY- E TRANSPORTE DE MERCADORIAS -MOTOFRETE-, E DETERMINA OUTRAS DISPOSIÇÕES.",Felipe César,https://www.pindamonhangaba.sp.leg.br/proposicoes/0/0/0/0/118373#pesquisa
2020-10-05 00:00:00,EMENDA MODIFICATIVA N.º 2 AO PROJETO DE LEI N° 86/2020,"EMENDA (02) AO PROJETO DE LEI N° 86/2020, QUE DISPÕE SOBRE A CRIAÇÃO DO FUNDO MUNICIPAL DE TURISMO DE PINDAMONHANGABA - FUMTUR E DÁ OUTRAS PROVIDÊNCIAS.",Felipe César,https://www.pindamonhangaba.sp.leg.br/proposicoes/0/0/0/0/225#pesquisa
2020-10-01 00:00:00,EMENDA MODIFICATIVA N.º 3 AO PROJETO DE LEI N° 02/2020,"EMENDA AO PROJETO DE LEI N° 02/2020, QUE INSTITUI O PLANO MUNICIPAL DE GESTÃO INTEGRADA DE RESÍDUOS SÓLIDOS DO MUNICÍPIO DE PINDAMONHANGABA E DÁ OUTRAS PROVIDÊNCIAS.",Rafael Goffi Moreira; Ronaldo Pinto De Andrade,https://www.pindamonhangaba.sp.leg.br/proposicoes/0/0/0/0/223#pesquisa
2020-10-01 00:00:00,EMENDA MODIFICATIVA N.º 4 AO PROJETO DE LEI N° 02/2020,"EMENDA AO PROJETO DE LEI N° 02/2020, QUE INSTITUI O PLANO MUNICIPAL DE GESTÃO INTEGRADA DE RESÍDUOS SÓLIDOS DO MUNICÍPIO DE PINDAMONHANGABA E DÁ OUTRAS PROVIDÊNCIAS.",Rafael Goffi Moreira; Ronaldo Pinto De Andrade,https://www.pindamonhangaba.sp.leg.br/proposicoes/0/0/0/0/224#pesquisa
2020-09-22 00:00:00,SUBSTITUTIVO Nº 1 AO PROJETO DE LEI N.º 102/2020,"SUBSTITUTIVO AO PROJETO DE LEI N° 102/2020, QUE DISPÕE SOBRE A VEDAÇÃO DE HOMENAGENS A PESSOAS QUE TENHAM SIDO CONDENADAS POR ATOS DE VIOLÊNCIA CONTRA A MULHER MAUS TRATOS AOS ANIMAIS, CORRUPÇÃO, IMPROBIDADE, CRIMES CONTRA A PESSOA E DÁ OUTRAS PROVIDÊNCIAS.",Roderley Miotto Rodrigues,https://www.pindamonhangaba.sp.leg.br/proposicoes/0/0/0/0/118374#pesquisa
2020-09-21 00:00:00,EMENDA MODIFICATIVA N.º 2 AO PROJETO DE LEI ORDINÁRIA N° 02/2020,EMENDA (02) AO PROJETO DE LEI ORDINÁRIA N° 02/2020 QUE INSTITUI O PLANO MUNICIPAL DE GESTÃO INTEGRADA DE RESÍDUOS SÓLIDOS DO MUNICÍPIO DE PINDAMONHANGABA E DÁ OUTRAS PROVIDÊNCIAS.,Rafael Goffi Moreira; Ronaldo Pinto De Andrade,https://www.pindamonhangaba.sp.leg.br/proposicoes/0/0/0/0/222#pesquisa
2020-08-26 00:00:00,EMENDA MODIFICATIVA N.º 1 AO PROJETO DE LEI N° 86/2020,"EMENDA (01) AO PROJETO DE LEI N° 86/2020, QUE DISPÕE SOBRE A CRIAÇÃO DO FUNDO MUNICIPAL DE TURISMO DE PINDAMONHANGABA - FUMTUR, E DÁ OUTRAS PROVIDÊNCIAS.",Felipe César,https://www.pindamonhangaba.sp.leg.br/proposicoes/0/0/0/0/221#pesquisa
2020-08-25 00:00:00,SUBSTITUTIVO Nº 1 AO PROJETO DE LEI N.º 016/2019,"SUBSTITUTIVO AO PROJETO DE LEI N° 16/2019, QUE DENOMINA A VIELA 02 DA REURB - VILA SÃO BENEDITO - BAIRRO CURUÇÁ, DE MANOEL DOS SANTOS FURTADO FILHO.",Jorge Pereira Alves,https://www.pindamonhangaba.sp.leg.br/proposicoes/0/0/0/0/118365#pesquisa
2020-07-07 00:00:00,EMENDA MODIFICATIVA N.º 12 AO PROJETO DE LEI N° 57/2020,"EMENDA 12 AO PROJETO DE LEI N° 57/2020 QUE DISPÕE SOBRE A POLÍTICA DE PROTEÇÃO E CUIDADOS COM OS ANIMAIS COMUNITÁRIOS E TRANSITÓRIOS QUE TENHAM SIDO ABANDONADOS NAS VIAS PÚBLICAS NO ÂMBITO DO MUNICÍPIO DE PINDAMONHANGABA, DISCIPLINA AS INFRAÇÕES ADMINISTRATIVAS E DÁ OUTRAS PROVIDÊNCIAS.",Roderley Miotto Rodrigues,https://www.pindamonhangaba.sp.leg.br/proposicoes/0/0/0/0/220#pesquisa
2020-06-22 00:00:00,EMENDA MODIFICATIVA N.º 1 AO PROJETO DE LEI N° 29/2019,"EMENDA N° 01 AO PROJETO DE LEI N° 29/2019 QUE CRIA O CONSELHO MUNICIPAL DE TRÂNSITO, TRANSPORTE E MOBILIDADE URBANA DO MUNICÍPIO DE PINDAMONHANGABA - CMTM, E DÁ OUTRAS PROVIDÊNCIAS.",Rafael Goffi Moreira,https://www.pindamonhangaba.sp.leg.br/proposicoes/0/0/0/0/219#pesquisa
2020-06-15 00:00:00,EMENDA MODIFICATIVA N.º 11 AO PROJETO DE LEI N° 57/2020,"EMENDA 11 AO PROJETO DE LEI N° 57/2020 QUE DISPÕE SOBRE A POLÍTICA DE PROTEÇÃO E CUIDADOS COM OS ANIMAIS COMUNITÁRIOS E TRANSITÓRIOS QUE TENHAM SIDO ABANDONADOS NAS VIAS PÚBLICAS NO ÂMBITO DO MUNICÍPIO DE PINDAMONHANGABA, DISCIPLINA AS INFRAÇÕES ADMINISTRATIVAS E DÁ OUTRAS PROVIDÊNCIAS.",Carlos Moura - Magrão,https://www.pindamonhangaba.sp.leg.br/proposicoes/0/0/0/0/218#pesquisa
2020-06-08 00:00:00,EMENDA MODIFICATIVA N.º 1 AO PROJETO DE LEI N° 57/2020,"EMENDA 01 AO PROJETO DE LEI N° 57/2020, QUE DISPÕE SOBRE A POLÍTICA DE PROTEÇÃO E CUIDADOS COM OS ANIMAIS COMUNITÁRIOS E TRANSITÓRIOS QUE TENHAM SIDO ABANDONADOS NAS VIAS PÚBLICAS NO ÂMBITO DO MUNICÍPIO DE PINDAMONHANGABA, DISCIPLINA AS INFRAÇÕES ADMINISTRATIVAS E DÁ OUTRAS PROVIDÊNCIAS.",Rafael Goffi Moreira; Ronaldo Pinto De Andrade,https://www.pindamonhangaba.sp.leg.br/proposicoes/0/0/0/0/208#pesquisa
2020-06-08 00:00:00,EMENDA MODIFICATIVA N.º 2 AO PROJETO DE LEI N° 57/2020,"EMENDA 02 AO PROJETO DE LEI N° 57/2020, QUE DISPÕE SOBRE A POLÍTICA DE PROTEÇÃO E CUIDADOS COM OS ANIMAIS COMUNITÁRIOS E TRANSITÓRIOS QUE TENHAM SIDO ABANDONADOS NAS VIAS PÚBLICAS NO ÂMBITO DO MUNICÍPIO DE PINDAMONHANGABA, DISCIPLINA AS INFRAÇÕES ADMINISTRATIVAS E DÁ OUTRAS PROVIDÊNCIAS.",Rafael Goffi Moreira; Ronaldo Pinto De Andrade,https://www.pindamonhangaba.sp.leg.br/proposicoes/0/0/0/0/209#pesquisa
2020-06-08 00:00:00,EMENDA MODIFICATIVA N.º 3 AO PROJETO DE LEI N° 57/2020,"EMENDA 03 AO PROJETO DE LEI N° 57/2020, QUE DISPÕE SOBRE A POLÍTICA DE PROTEÇÃO E CUIDADOS COM OS ANIMAIS COMUNITÁRIOS E TRANSITÓRIOS QUE TENHAM SIDO ABANDONADOS NAS VIAS PÚBLICAS NO ÂMBITO DO MUNICÍPIO DE PINDAMONHANGABA, DISCIPLINA AS INFRAÇÕES ADMINISTRATIVAS E DÁ OUTRAS PROVIDÊNCIAS.",Rafael Goffi Moreira; Ronaldo Pinto De Andrade,https://www.pindamonhangaba.sp.leg.br/proposicoes/0/0/0/0/210#pesquisa
2020-06-08 00:00:00,EMENDA MODIFICATIVA N.º 4 AO PROJETO DE LEI N° 57/2020,"EMENDA 04 AO PROJETO DE LEI N° 57/2020, QUE DISPÕE SOBRE A POLÍTICA DE PROTEÇÃO E CUIDADOS COM OS ANIMAIS COMUNITÁRIOS E TRANSITÓRIOS QUE TENHAM SIDO ABANDONADOS NAS VIAS PÚBLICAS NO ÂMBITO DO MUNICÍPIO DE PINDAMONHANGABA, DISCIPLINA AS INFRAÇÕES ADMINISTRATIVAS E DÁ OUTRAS PROVIDÊNCIAS.",Rafael Goffi Moreira; Ronaldo Pinto De Andrade,https://www.pindamonhangaba.sp.leg.br/proposicoes/0/0/0/0/211#pesquisa
2020-06-08 00:00:00,EMENDA MODIFICATIVA N.º 5 AO PROJETO DE LEI N° 57/2020,"EMENDA 05 AO PROJETO DE LEI N° 57/2020, QUE DISPÕE SOBRE A POLÍTICA DE PROTEÇÃO E CUIDADOS COM OS ANIMAIS COMUNITÁRIOS E TRANSITÓRIOS QUE TENHAM SIDO ABANDONADOS NAS VIAS PÚBLICAS NO ÂMBITO DO MUNICÍPIO DE PINDAMONHANGABA, DISCIPLINA AS INFRAÇÕES ADMINISTRATIVAS E DÁ OUTRAS PROVIDÊNCIAS.",Rafael Goffi Moreira; Ronaldo Pinto De Andrade,https://www.pindamonhangaba.sp.leg.br/proposicoes/0/0/0/0/212#pesquisa
2020-06-08 00:00:00,EMENDA MODIFICATIVA N.º 6 AO PROJETO DE LEI N° 57/2020,"EMENDA 06 AO PROJETO DE LEI N° 57/2020, QUE DISPÕE SOBRE A POLÍTICA DE PROTEÇÃO E CUIDADOS COM OS ANIMAIS COMUNITÁRIOS E TRANSITÓRIOS QUE TENHAM SIDO ABANDONADOS NAS VIAS PÚBLICAS NO ÂMBITO DO MUNICÍPIO DE PINDAMONHANGABA, DISCIPLINA AS INFRAÇÕES ADMINISTRATIVAS E DÁ OUTRAS PROVIDÊNCIAS.",Rafael Goffi Moreira; Ronaldo Pinto De Andrade,https://www.pindamonhangaba.sp.leg.br/proposicoes/0/0/0/0/213#pesquisa
2020-06-08 00:00:00,EMENDA MODIFICATIVA N.º 7 AO PROJETO DE LEI N° 57/2020,"EMENDA 07 AO PROJETO DE LEI N° 57/2020, QUE DISPÕE SOBRE A POLÍTICA DE PROTEÇÃO E CUIDADOS COM OS ANIMAIS COMUNITÁRIOS E TRANSITÓRIOS QUE TENHAM SIDO ABANDONADOS NAS VIAS PÚBLICAS NO ÂMBITO DO MUNICÍPIO DE PINDAMONHANGABA, DISCIPLINA AS INFRAÇÕES ADMINISTRATIVAS E DÁ OUTRAS PROVIDÊNCIAS.",Rafael Goffi Moreira; Ronaldo Pinto De Andrade,https://www.pindamonhangaba.sp.leg.br/proposicoes/0/0/0/0/214#pesquisa
2020-06-08 00:00:00,EMENDA MODIFICATIVA N.º 8 AO PROJETO DE LEI N° 57/2020,"EMENDA 08 AO PROJETO DE LEI N° 57/2020, QUE DISPÕE SOBRE A POLÍTICA DE PROTEÇÃO E CUIDADOS COM OS ANIMAIS COMUNITÁRIOS E TRANSITÓRIOS QUE TENHAM SIDO ABANDONADOS NAS VIAS PÚBLICAS NO ÂMBITO DO MUNICÍPIO DE PINDAMONHANGABA, DISCIPLINA AS INFRAÇÕES ADMINISTRATIVAS E DÁ OUTRAS PROVIDÊNCIAS.",Rafael Goffi Moreira; Ronaldo Pinto De Andrade,https://www.pindamonhangaba.sp.leg.br/proposicoes/0/0/0/0/215#pesquisa
2020-06-08 00:00:00,EMENDA MODIFICATIVA N.º 9 AO PROJETO DE LEI N° 57/2020,"EMENDA 09 AO PROJETO DE LEI N° 57/2020, QUE DISPÕE SOBRE A POLÍTICA DE PROTEÇÃO E CUIDADOS COM OS ANIMAIS COMUNITÁRIOS E TRANSITÓRIOS QUE TENHAM SIDO ABANDONADOS NAS VIAS PÚBLICAS NO ÂMBITO DO MUNICÍPIO DE PINDAMONHANGABA, DISCIPLINA AS INFRAÇÕES ADMINISTRATIVAS E DÁ OUTRAS PROVIDÊNCIAS.",Rafael Goffi Moreira; Ronaldo Pinto De Andrade,https://www.pindamonhangaba.sp.leg.br/proposicoes/0/0/0/0/216#pesquisa
2020-06-08 00:00:00,EMENDA MODIFICATIVA N.º 10 AO PROJETO DE LEI N° 57/2020,"EMENDA 10 AO PROJETO DE LEI N° 57/2020, QUE DISPÕE SOBRE A POLÍTICA DE PROTEÇÃO E CUIDADOS COM OS ANIMAIS COMUNITÁRIOS E TRANSITÓRIOS QUE TENHAM SIDO ABANDONADOS NAS VIAS PÚBLICAS NO ÂMBITO DO MUNICÍPIO DE PINDAMONHANGABA, DISCIPLINA AS INFRAÇÕES ADMINISTRATIVAS E DÁ OUTRAS PROVIDÊNCIAS.",Rafael Goffi Moreira; Ronaldo Pinto De Andrade,https://www.pindamonhangaba.sp.leg.br/proposicoes/0/0/0/0/217#pesquisa
2020-06-01 00:00:00,EMENDA MODIFICATIVA N.º 1 AO PROJETO DE LEI ORDINÁRIA N° 64/2020,"EMENDA AO PROJETO DE LEI ORDINÁRIA N° 64/2020, QUE DISPÕE SOBRE A CONCESSÃO DE GRATIFICAÇÃO EXTRAORDINÁRIA DE COMBATE À COVID-19 PARA OS SERVIDORES ATUANTES NO ENFRENTAMENTO DIRETO DA PANDEMIA DA COVID-19 E DÁ OUTRAS PROVIDÊNCIAS.",Rafael Goffi Moreira; Ronaldo Pinto De Andrade,https://www.pindamonhangaba.sp.leg.br/proposicoes/0/0/0/0/207#pesquisa
2020-05-11 00:00:00,EMENDA MODIFICATIVA N.º 1 AO PROJETO DE LEI ORDINÁRIA N° 02/2020,"EMENDA (01) AO PROJETO DE LEI ORDINÁRIA N° 02/2020, QUE INSTITUI O PLANO MUNICIPAL DE GESTÃO INTEGRADA DE RESÍDUOS SÓLIDOS DO MUNICÍPIO DE PINDAMONHANGABA E DÁ OUTRAS PROVIDÊNCIAS.",Rafael Goffi Moreira,https://www.pindamonhangaba.sp.leg.br/proposicoes/0/0/0/0/206#pesquisa
2020-02-11 00:00:00,EMENDA SUPRESSIVA N.º 1 AO PROJETO DE LEI ORDINÁRIA N° 05/2020,"EMENDA SUPRESSIVA AO PROJETO DE LEI ORDINÁRIA N° 05/2020, QUE ALTERA A LEI N° 6.220, DE 23 DE MAIO DE 2019, QUE CONCEDE E REGULAMENTA FALTAS ABONADAS DOS SERVIDORES PÚBLICOS MUNICIPAIS, BEM COMO LICENÇA PRÊMIO APÓS OS CINCO ANOS DE EFETIVO EXERCÍCIO DAS FUNÇÕES.",Rafael Goffi Moreira,https://www.pindamonhangaba.sp.leg.br/proposicoes/0/0/0/0/205#pesquisa
2020-02-10 00:00:00,SUBSTITUTIVO Nº 1 AO PROJETO DE LEI N.º 204/2019,"SUBSTITUTIVO AO PROJETO DE LEI N° 204/2019, QUE DENOMINA A ESTRATÉGIA SAÚDE DA FAMÍLIA - ESF DO SANTA CECÍLIA DE ANTONIO VIDAL FILHO.",Roderley Miotto Rodrigues,https://www.pindamonhangaba.sp.leg.br/proposicoes/0/0/0/0/118371#pesquisa
2020-01-28 00:00:00,EMENDA MODIFICATIVA N.º 1 AO PROJETO DE LEI N° 162/2019,"EMENDA MODIFICATIVA AO SUBSTITUTIVO (07/2019) AO PROJETO DE LEI N° 162/2019, QUE DISPÕE SOBRE AS NORMAS GERAIS PARA A PERMISSÃO DO SERVIÇO DE TRANSPORTE INDIVIDUAL DE PASSAGEIROS EM VEÍCULOS DE ALUGUEL - TÁXI, NO MUNICÍPIO DE PINDAMONHANGABA, E DÁ OUTRAS PROVIDÊNCIAS.",Rafael Goffi Moreira,https://www.pindamonhangaba.sp.leg.br/proposicoes/0/0/0/0/117504#pesquisa
2020-01-24 00:00:00,EMENDA N.º 1 AO PROJETO DE LEI Nº 162/2019,"EMENDA MODIFICATIVA AO SUBSTITUTIVO (07/2019) AO PROJETO DE LEI Nº 162/2019, QUE DISPÕE SOBRE AS NORMAS GERAIS PARA A PERMISSÃO DO SERVIÇO DE TRANSPORTE INDIVIDUAL DE PASSAGEIROS EM VEÍCULOS DE ALUGUEL - TÁXI, NO MUNICÍPIO DE PINDAMONHANGABA, E DÁ OUTRAS PROVIDÊNCIAS.",Rafael Goffi Moreira; Ronaldo Pinto De Andrade,https://www.pindamonhangaba.sp.leg.br/proposicoes/0/0/0/0/191#pesquisa
2019-12-20 00:00:00,EMENDA MODIFICATIVA N.º 230 AO PROJETO DE LEI N° 187/2019,"EMENDA (15/2019) AO PROJETO DE LEI N° 187/2019, QUE ESTIMA A RECEITA E FIXA A DESPESA DO MUNICÍPIO PARA O EXERCÍCIO DE 2020.",Rafael Goffi Moreira,https://www.pindamonhangaba.sp.leg.br/proposicoes/0/0/0/0/117503#pesquisa
2019-12-17 00:00:00,SUBSTITUTIVO Nº 1 AO PROJETO DE LEI N.º 162/2019,SUBSTITUTIVO (07/2019) AO PROJETO DE LEI N° 162/2019 QUE DISPÕE SOBRE AS NORMAS GERAIS PARA A PERMISSÃO DO SERVIÇO DE TRANSPORTE INDIVIDUAL DE PASSAGE,Roderley Miotto Rodrigues; Rafael Goffi Moreira; Renato Cebola; Ronaldo Pinto De Andrade,https://www.pindamonhangaba.sp.leg.br/proposicoes/0/0/0/0/118367#pesquisa
2019-12-10 00:00:00,SUBSTITUTIVO Nº 1 AO PROJETO DE LEI N.º 179/2019,"SUBSTITUTIVO (05/2019) AO PROJETO DE LEI N° 179/2019, QUE DENOMINA DE SARA A RUA 01 (UM) DO LOTEAMENTO VILA NEHEMIA, NO BAIRRO PARQUE DAS NAÇÕES.",Carlos Moura - Magrão,https://www.pindamonhangaba.sp.leg.br/proposicoes/0/0/0/0/118370#pesquisa
2019-12-10 00:00:00,SUBSTITUTIVO Nº 1 AO PROJETO DE LEI N.º 209/2019,"SUBSTITUTIVO (06/2019) AO PROJETO DE LEI N° 209/2019, QUE DENOMINA DE PASTOR GASPAR RODRIGUES DOS SANTOS A AVENIDA 28 DO RESIDENCIAL E COMERCIAL PORTA",Carlos Moura - Magrão,https://www.pindamonhangaba.sp.leg.br/proposicoes/0/0/0/0/118372#pesquisa
2019-12-10 00:00:00,SUBSTITUTIVO N.º 7 AO PROJETO DE LEI N° 162/2019,"SUBSTITUTIVO AO PROJETO DE LEI N° 162/2019, QUE DISPÕE SOBRE AS NORMAS GERAIS PARA A PERMISSÃO DO SERVIÇO DE TRANSPORTE INDIVIDUAL DE PASSAGEIROS EM VEÍCULOS DE ALUGUEL - TÁXI, NO MUNICÍPIO DE PINDAMONHANGABA, E DÁ OUTRAS PROVIDÊNCIAS.",Roderley Miotto Rodrigues; Rafael Goffi Moreira; Renato Cebola; Ronaldo Pinto De Andrade,https://www.pindamonhangaba.sp.leg.br/proposicoes/0/0/0/0/116639#pesquisa
2019-12-09 00:00:00,SUBSTITUTIVO N.º 5 AO PROJETO DE LEI N° 179/2019,"SUBSTITUTIVO AO PROJETO DE LEI N° 179/2019, QUE DENOMINA DE SARA A RUA 01 (UM) DO LOTEAMENTO VILA NEHEMIA, NO BAIRRO PARQUE DAS NAÇÕES.",Carlos Moura - Magrão,https://www.pindamonhangaba.sp.leg.br/proposicoes/0/0/0/0/116637#pesquisa
2019-12-09 00:00:00,SUBSTITUTIVO N.º 6 AO PROJETO DE LEI N° 209/2019,"SUBSTITUTIVO AO PROJETO DE LEI N° 209/2019, QUE DENOMINA DE PASTOR GASPAR RODRIGUES DOS SANTOS A AVENIDA 28 DO RESIDENCIAL E COMERCIAL PORTAL DOS EUCALIPTOS, NO DISTRITO DE MOREIRA CÉSAR.",Carlos Moura - Magrão,https://www.pindamonhangaba.sp.leg.br/proposicoes/0/0/0/0/116638#pesquisa
2019-11-29 00:00:00,EMENDA IMPOSITIVA N.º 49 AO PROJETO DE LEI ORDINÁRIA N° 187/2019,"EMENDA IMPOSITIVA N° 49/2019 AO PROJETO DE LEI ORDINÁRIA N° 187/2019, QUE ESTIMA A RECEITA E FIXA A DESPESA DO MUNICÍPIO PARA O EXERCÍCIO DE 2020.",Gislene Cardoso,https://www.pindamonhangaba.sp.leg.br/proposicoes/0/0/0/0/117322#pesquisa
2019-11-26 00:00:00,EMENDA IMPOSITIVA N.º 1 AO PROJETO DE LEI ORDINÁRIA N° 187/2019,"EMENDA IMPOSITIVA N° 01/2019 AO PROJETO DE LEI ORDINÁRIA N° 187/2019, QUE ESTIMA A RECEITA E FIXA A DESPESA DO MUNICÍPIO PARA O EXERCÍCIO DE 2020.",Janio Ardito Lerario,https://www.pindamonhangaba.sp.leg.br/proposicoes/0/0/0/0/117274#pesquisa
2019-11-26 00:00:00,EMENDA IMPOSITIVA N.º 2 AO PROJETO DE LEI ORDINÁRIA N° 187/2019,"EMENDA IMPOSITIVA N° 02/2019 AO PROJETO DE LEI ORDINÁRIA N° 187/2019, QUE ESTIMA A RECEITA E FIXA A DESPESA DO MUNICÍPIO PARA O EXERCÍCIO DE 2020.",Janio Ardito Lerario,https://www.pindamonhangaba.sp.leg.br/proposicoes/0/0/0/0/117275#pesquisa
2019-11-26 00:00:00,EMENDA IMPOSITIVA N.º 3 AO PROJETO DE LEI ORDINÁRIA N° 187/2019,"EMENDA IMPOSITIVA N° 03/2019 AO PROJETO DE LEI ORDINÁRIA N° 187/2019, QUE ESTIMA A RECEITA E FIXA A DESPESA DO MUNICÍPIO PARA O EXERCÍCIO DE 2020.",Janio Ardito Lerario,https://www.pindamonhangaba.sp.leg.br/proposicoes/0/0/0/0/117276#pesquisa
2019-11-26 00:00:00,EMENDA IMPOSITIVA N.º 4 AO PROJETO DE LEI ORDINÁRIA N° 187/2019,"EMENDA IMPOSITIVA N° 04/2019 AO PROJETO DE LEI ORDINÁRIA N° 187/2019, QUE ESTIMA A RECEITA E FIXA A DESPESA DO MUNICÍPIO PARA O EXERCÍCIO DE 2020.",Janio Ardito Lerario,https://www.pindamonhangaba.sp.leg.br/proposicoes/0/0/0/0/117277#pesquisa
2019-11-26 00:00:00,EMENDA IMPOSITIVA N.º 5 AO PROJETO DE LEI ORDINÁRIA N° 187/2019,"EMENDA IMPOSITIVA N° 05/2019 AO PROJETO DE LEI ORDINÁRIA N° 187/2019, QUE ESTIMA A RECEITA E FIXA A DESPESA DO MUNICÍPIO PARA O EXERCÍCIO DE 2020.",Janio Ardito Lerario,https://www.pindamonhangaba.sp.leg.br/proposicoes/0/0/0/0/117278#pesquisa
2019-11-26 00:00:00,EMENDA IMPOSITIVA N.º 6 AO PROJETO DE LEI ORDINÁRIA N° 187/2019,"EMENDA IMPOSITIVA N° 06/2019 AO PROJETO DE LEI ORDINÁRIA N° 187/2019, QUE ESTIMA A RECEITA E FIXA A DESPESA DO MUNICÍPIO PARA O EXERCÍCIO DE 2020.",Janio Ardito Lerario,https://www.pindamonhangaba.sp.leg.br/proposicoes/0/0/0/0/117279#pesquisa
2019-11-26 00:00:00,EMENDA IMPOSITIVA N.º 7 AO PROJETO DE LEI ORDINÁRIA N° 187/2019,"EMENDA IMPOSITIVA N° 07/2019 AO PROJETO DE LEI ORDINÁRIA N° 187/2019, QUE ESTIMA A RECEITA E FIXA A DESPESA DO MUNICÍPIO PARA O EXERCÍCIO DE 2020.",Janio Ardito Lerario,https://www.pindamonhangaba.sp.leg.br/proposicoes/0/0/0/0/117280#pesquisa
2019-11-26 00:00:00,EMENDA IMPOSITIVA N.º 8 AO PROJETO DE LEI ORDINÁRIA N° 187/2019,"EMENDA IMPOSITIVA N° 08/2019 AO PROJETO DE LEI ORDINÁRIA N° 187/2019, QUE ESTIMA A RECEITA E FIXA A DESPESA DO MUNICÍPIO PARA O EXERCÍCIO DE 2020.",Janio Ardito Lerario,https://www.pindamonhangaba.sp.leg.br/proposicoes/0/0/0/0/117281#pesquisa
2019-11-26 00:00:00,EMENDA IMPOSITIVA N.º 9 AO PROJETO DE LEI ORDINÁRIA N° 187/2019,"EMENDA IMPOSITIVA N° 09/2019 AO PROJETO DE LEI ORDINÁRIA N° 187/2019, QUE ESTIMA A RECEITA E FIXA A DESPESA DO MUNICÍPIO PARA O EXERCÍCIO DE 2020.",Janio Ardito Lerario,https://www.pindamonhangaba.sp.leg.br/proposicoes/0/0/0/0/117282#pesquisa
2019-11-26 00:00:00,EMENDA IMPOSITIVA N.º 10 AO PROJETO DE LEI ORDINÁRIA N° 187/2019,"EMENDA IMPOSITIVA N° 10/2019 AO PROJETO DE LEI ORDINÁRIA N° 187/2019, QUE ESTIMA A RECEITA E FIXA A DESPESA DO MUNICÍPIO PARA O EXERCÍCIO DE 2020.",Janio Ardito Lerario,https://www.pindamonhangaba.sp.leg.br/proposicoes/0/0/0/0/117283#pesquisa
2019-11-26 00:00:00,EMENDA IMPOSITIVA N.º 11 AO PROJETO DE LEI ORDINÁRIA N° 187/2019,"EMENDA IMPOSITIVA N° 11/2019 AO PROJETO DE LEI ORDINÁRIA N° 187/2019, QUE ESTIMA A RECEITA E FIXA A DESPESA DO MUNICÍPIO PARA O EXERCÍCIO DE 2020.",Felipe César,https://www.pindamonhangaba.sp.leg.br/proposicoes/0/0/0/0/117284#pesquisa
2019-11-26 00:00:00,EMENDA IMPOSITIVA N.º 12 AO PROJETO DE LEI ORDINÁRIA N° 187/2019,"EMENDA IMPOSITIVA N° 12/2019 AO PROJETO DE LEI ORDINÁRIA N° 187/2019, QUE ESTIMA A RECEITA E FIXA A DESPESA DO MUNICÍPIO PARA O EXERCÍCIO DE 2020.",Felipe César,https://www.pindamonhangaba.sp.leg.br/proposicoes/0/0/0/0/117285#pesquisa
2019-11-26 00:00:00,EMENDA IMPOSITIVA N.º 13 AO PROJETO DE LEI ORDINÁRIA N° 187/2019,"EMENDA IMPOSITIVA N° 13/2019 AO PROJETO DE LEI ORDINÁRIA N° 187/2019, QUE ESTIMA A RECEITA E FIXA A DESPESA DO MUNICÍPIO PARA O EXERCÍCIO DE 2020.",Felipe César,https://www.pindamonhangaba.sp.leg.br/proposicoes/0/0/0/0/117286#pesquisa
2019-11-26 00:00:00,EMENDA IMPOSITIVA N.º 14 AO PROJETO DE LEI ORDINÁRIA N° 187/2019,"EMENDA IMPOSITIVA N° 14/2019 AO PROJETO DE LEI ORDINÁRIA N° 187/2019, QUE ESTIMA A RECEITA E FIXA A DESPESA DO MUNICÍPIO PARA O EXERCÍCIO DE 2020.",Felipe César,https://www.pindamonhangaba.sp.leg.br/proposicoes/0/0/0/0/117287#pesquisa
2019-11-26 00:00:00,EMENDA IMPOSITIVA N.º 15 AO PROJETO DE LEI ORDINÁRIA N° 187/2019,"EMENDA IMPOSITIVA N° 15/2019 AO PROJETO DE LEI ORDINÁRIA N° 187/2019, QUE ESTIMA A RECEITA E FIXA A DESPESA DO MUNICÍPIO PARA O EXERCÍCIO DE 2020.",Felipe César,https://www.pindamonhangaba.sp.leg.br/proposicoes/0/0/0/0/117288#pesquisa
2019-11-26 00:00:00,EMENDA IMPOSITIVA N.º 16 AO PROJETO DE LEI ORDINÁRIA N° 187/2019,"EMENDA IMPOSITIVA N° 16/2019 AO PROJETO DE LEI ORDINÁRIA N° 187/2019, QUE ESTIMA A RECEITA E FIXA A DESPESA DO MUNICÍPIO PARA O EXERCÍCIO DE 2020.",Felipe César,https://www.pindamonhangaba.sp.leg.br/proposicoes/0/0/0/0/117289#pesquisa
2019-11-26 00:00:00,EMENDA IMPOSITIVA N.º 17 AO PROJETO DE LEI ORDINÁRIA N° 187/2019,"EMENDA IMPOSITIVA N° 17/2019 AO PROJETO DE LEI ORDINÁRIA N° 187/2019, QUE ESTIMA A RECEITA E FIXA A DESPESA DO MUNICÍPIO PARA O EXERCÍCIO DE 2020.",Felipe César,https://www.pindamonhangaba.sp.leg.br/proposicoes/0/0/0/0/117290#pesquisa
2019-11-26 00:00:00,EMENDA IMPOSITIVA N.º 18 AO PROJETO DE LEI ORDINÁRIA N° 187/2019,"EMENDA IMPOSITIVA N° 18/2019 AO PROJETO DE LEI ORDINÁRIA N° 187/2019, QUE ESTIMA A RECEITA E FIXA A DESPESA DO MUNICÍPIO PARA O EXERCÍCIO DE 2020.",Ronaldo Pinto De Andrade,https://www.pindamonhangaba.sp.leg.br/proposicoes/0/0/0/0/117291#pesquisa
2019-11-26 00:00:00,EMENDA IMPOSITIVA N.º 19 AO PROJETO DE LEI ORDINÁRIA N° 187/2019,"EMENDA IMPOSITIVA N° 19/2019 AO PROJETO DE LEI ORDINÁRIA N° 187/2019, QUE ESTIMA A RECEITA E FIXA A DESPESA DO MUNICÍPIO PARA O EXERCÍCIO DE 2020.",Ronaldo Pinto De Andrade,https://www.pindamonhangaba.sp.leg.br/proposicoes/0/0/0/0/117292#pesquisa
2019-11-26 00:00:00,EMENDA IMPOSITIVA N.º 20 AO PROJETO DE LEI ORDINÁRIA N° 187/2019,"EMENDA IMPOSITIVA N° 20/2019 AO PROJETO DE LEI ORDINÁRIA N° 187/2019, QUE ESTIMA A RECEITA E FIXA A DESPESA DO MUNICÍPIO PARA O EXERCÍCIO DE 2020.",Ronaldo Pinto De Andrade,https://www.pindamonhangaba.sp.leg.br/proposicoes/0/0/0/0/117293#pesquisa
2019-11-26 00:00:00,EMENDA IMPOSITIVA N.º 21 AO PROJETO DE LEI ORDINÁRIA N° 187/2019,"EMENDA IMPOSITIVA N° 21/2019 AO PROJETO DE LEI ORDINÁRIA N° 187/2019, QUE ESTIMA A RECEITA E FIXA A DESPESA DO MUNICÍPIO PARA O EXERCÍCIO DE 2020.",Ronaldo Pinto De Andrade,https://www.pindamonhangaba.sp.leg.br/proposicoes/0/0/0/0/117294#pesquisa
2019-11-26 00:00:00,EMENDA IMPOSITIVA N.º 22 AO PROJETO DE LEI ORDINÁRIA N° 187/2019,"EMENDA IMPOSITIVA N° 22/2019 AO PROJETO DE LEI ORDINÁRIA N° 187/2019, QUE ESTIMA A RECEITA E FIXA A DESPESA DO MUNICÍPIO PARA O EXERCÍCIO DE 2020.",Ronaldo Pinto De Andrade,https://www.pindamonhangaba.sp.leg.br/proposicoes/0/0/0/0/117295#pesquisa
2019-11-26 00:00:00,EMENDA IMPOSITIVA N.º 23 AO PROJETO DE LEI ORDINÁRIA N° 187/2019,"EMENDA IMPOSITIVA N° 23/2019 AO PROJETO DE LEI ORDINÁRIA N° 187/2019, QUE ESTIMA A RECEITA E FIXA A DESPESA DO MUNICÍPIO PARA O EXERCÍCIO DE 2020.",Ronaldo Pinto De Andrade,https://www.pindamonhangaba.sp.leg.br/proposicoes/0/0/0/0/117296#pesquisa
2019-11-26 00:00:00,EMENDA IMPOSITIVA N.º 24 AO PROJETO DE LEI ORDINÁRIA N° 187/2019,"EMENDA IMPOSITIVA N° 24/2019 AO PROJETO DE LEI ORDINÁRIA N° 187/2019, QUE ESTIMA A RECEITA E FIXA A DESPESA DO MUNICÍPIO PARA O EXERCÍCIO DE 2020.",Ronaldo Pinto De Andrade,https://www.pindamonhangaba.sp.leg.br/proposicoes/0/0/0/0/117297#pesquisa
2019-11-26 00:00:00,EMENDA IMPOSITIVA N.º 25 AO PROJETO DE LEI ORDINÁRIA N° 187/2019,"EMENDA IMPOSITIVA N° 25/2019 AO PROJETO DE LEI ORDINÁRIA N° 187/2019, QUE ESTIMA A RECEITA E FIXA A DESPESA DO MUNICÍPIO PARA O EXERCÍCIO DE 2020.",Ronaldo Pinto De Andrade,https://www.pindamonhangaba.sp.leg.br/proposicoes/0/0/0/0/117298#pesquisa
2019-11-26 00:00:00,EMENDA IMPOSITIVA N.º 26 AO PROJETO DE LEI ORDINÁRIA N° 187/2019,"EMENDA IMPOSITIVA N° 26/2019 AO PROJETO DE LEI ORDINÁRIA N° 187/2019, QUE ESTIMA A RECEITA E FIXA A DESPESA DO MUNICÍPIO PARA O EXERCÍCIO DE 2020.",Ronaldo Pinto De Andrade,https://www.pindamonhangaba.sp.leg.br/proposicoes/0/0/0/0/117299#pesquisa
2019-11-26 00:00:00,EMENDA IMPOSITIVA N.º 27 AO PROJETO DE LEI ORDINÁRIA N° 187/2019,"EMENDA IMPOSITIVA N° 27/2019 AO PROJETO DE LEI ORDINÁRIA N° 187/2019, QUE ESTIMA A RECEITA E FIXA A DESPESA DO MUNICÍPIO PARA O EXERCÍCIO DE 2020.",Ronaldo Pinto De Andrade,https://www.pindamonhangaba.sp.leg.br/proposicoes/0/0/0/0/117300#pesquisa
2019-11-26 00:00:00,EMENDA IMPOSITIVA N.º 28 AO PROJETO DE LEI ORDINÁRIA N° 187/2019,"EMENDA IMPOSITIVA N° 28/2019 AO PROJETO DE LEI ORDINÁRIA N° 187/2019, QUE ESTIMA A RECEITA E FIXA A DESPESA DO MUNICÍPIO PARA O EXERCÍCIO DE 2020.",Ronaldo Pinto De Andrade,https://www.pindamonhangaba.sp.leg.br/proposicoes/0/0/0/0/117301#pesquisa
2019-11-26 00:00:00,EMENDA IMPOSITIVA N.º 29 AO PROJETO DE LEI ORDINÁRIA N° 187/2019,"EMENDA IMPOSITIVA N° 29/2019 AO PROJETO DE LEI ORDINÁRIA N° 187/2019, QUE ESTIMA A RECEITA E FIXA A DESPESA DO MUNICÍPIO PARA O EXERCÍCIO DE 2020.",Ronaldo Pinto De Andrade,https://www.pindamonhangaba.sp.leg.br/proposicoes/0/0/0/0/117302#pesquisa
2019-11-26 00:00:00,EMENDA IMPOSITIVA N.º 30 AO PROJETO DE LEI ORDINÁRIA N° 187/2019,"EMENDA IMPOSITIVA N° 30/2019 AO PROJETO DE LEI ORDINÁRIA N° 187/2019, QUE ESTIMA A RECEITA E FIXA A DESPESA DO MUNICÍPIO PARA O EXERCÍCIO DE 2020.",Ronaldo Pinto De Andrade,https://www.pindamonhangaba.sp.leg.br/proposicoes/0/0/0/0/117303#pesquisa
2019-11-26 00:00:00,EMENDA IMPOSITIVA N.º 31 AO PROJETO DE LEI ORDINÁRIA N° 187/2019,"EMENDA IMPOSITIVA N°31/2019 AO PROJETO DE LEI ORDINÁRIA N° 187/2019, QUE ESTIMA A RECEITA E FIXA A DESPESA DO MUNICÍPIO PARA O EXERCÍCIO DE 2020.",Ronaldo Pinto De Andrade,https://www.pindamonhangaba.sp.leg.br/proposicoes/0/0/0/0/117304#pesquisa
2019-11-26 00:00:00,EMENDA IMPOSITIVA N.º 32 AO PROJETO DE LEI ORDINÁRIA N° 187/2019,"EMENDA IMPOSITIVA N° 32/2019 AO PROJETO DE LEI ORDINÁRIA N° 187/2019, QUE ESTIMA A RECEITA E FIXA A DESPESA DO MUNICÍPIO PARA O EXERCÍCIO DE 2020.",Ronaldo Pinto De Andrade,https://www.pindamonhangaba.sp.leg.br/proposicoes/0/0/0/0/117305#pesquisa
2019-11-26 00:00:00,EMENDA IMPOSITIVA N.º 33 AO PROJETO DE LEI ORDINÁRIA N° 187/2019,"EMENDA IMPOSITIVA N° 33/2019 AO PROJETO DE LEI ORDINÁRIA N° 187/2019, QUE ESTIMA A RECEITA E FIXA A DESPESA DO MUNICÍPIO PARA O EXERCÍCIO DE 2020.",Ronaldo Pinto De Andrade,https://www.pindamonhangaba.sp.leg.br/proposicoes/0/0/0/0/117306#pesquisa
2019-11-26 00:00:00,EMENDA IMPOSITIVA N.º 34 AO PROJETO DE LEI ORDINÁRIA N° 187/2019,"EMENDA IMPOSITIVA N° 34/2019 AO PROJETO DE LEI ORDINÁRIA N° 187/2019, QUE ESTIMA A RECEITA E FIXA A DESPESA DO MUNICÍPIO PARA O EXERCÍCIO DE 2020.",Ronaldo Pinto De Andrade,https://www.pindamonhangaba.sp.leg.br/proposicoes/0/0/0/0/117307#pesquisa
2019-11-26 00:00:00,EMENDA IMPOSITIVA N.º 35 AO PROJETO DE LEI ORDINÁRIA N° 187/2019,"EMENDA IMPOSITIVA N° 35/2019 AO PROJETO DE LEI ORDINÁRIA N° 187/2019, QUE ESTIMA A RECEITA E FIXA A DESPESA DO MUNICÍPIO PARA O EXERCÍCIO DE 2020.",Ronaldo Pinto De Andrade,https://www.pindamonhangaba.sp.leg.br/proposicoes/0/0/0/0/117308#pesquisa
2019-11-26 00:00:00,EMENDA IMPOSITIVA N.º 36 AO PROJETO DE LEI ORDINÁRIA N° 187/2019,"EMENDA IMPOSITIVA N° 36/2019 AO PROJETO DE LEI ORDINÁRIA N° 187/2019, QUE ESTIMA A RECEITA E FIXA A DESPESA DO MUNICÍPIO PARA O EXERCÍCIO DE 2020.",Ronaldo Pinto De Andrade,https://www.pindamonhangaba.sp.leg.br/proposicoes/0/0/0/0/117309#pesquisa
2019-11-26 00:00:00,EMENDA IMPOSITIVA N.º 37 AO PROJETO DE LEI ORDINÁRIA N° 187/2019,"EMENDA IMPOSITIVA N° 37/2019 AO PROJETO DE LEI ORDINÁRIA N° 187/2019, QUE ESTIMA A RECEITA E FIXA A DESPESA DO MUNICÍPIO PARA O EXERCÍCIO DE 2020.",Ronaldo Pinto De Andrade,https://www.pindamonhangaba.sp.leg.br/proposicoes/0/0/0/0/117310#pesquisa
2019-11-26 00:00:00,EMENDA IMPOSITIVA N.º 38 AO PROJETO DE LEI ORDINÁRIA N° 187/2019,"EMENDA IMPOSITIVA N° 38/2019 AO PROJETO DE LEI ORDINÁRIA N° 187/2019, QUE ESTIMA A RECEITA E FIXA A DESPESA DO MUNICÍPIO PARA O EXERCÍCIO DE 2020.",Gislene Cardoso,https://www.pindamonhangaba.sp.leg.br/proposicoes/0/0/0/0/117311#pesquisa
2019-11-26 00:00:00,EMENDA IMPOSITIVA N.º 39 AO PROJETO DE LEI ORDINÁRIA N° 187/2019,"EMENDA IMPOSITIVA N° 39/2019 AO PROJETO DE LEI ORDINÁRIA N° 187/2019, QUE ESTIMA A RECEITA E FIXA A DESPESA DO MUNICÍPIO PARA O EXERCÍCIO DE 2020.",Gislene Cardoso,https://www.pindamonhangaba.sp.leg.br/proposicoes/0/0/0/0/117312#pesquisa
2019-11-26 00:00:00,EMENDA IMPOSITIVA N.º 40 AO PROJETO DE LEI ORDINÁRIA N° 187/2019,"EMENDA IMPOSITIVA N° 40/2019 AO PROJETO DE LEI ORDINÁRIA N° 187/2019, QUE ESTIMA A RECEITA E FIXA A DESPESA DO MUNICÍPIO PARA O EXERCÍCIO DE 2020.",Gislene Cardoso,https://www.pindamonhangaba.sp.leg.br/proposicoes/0/0/0/0/117313#pesquisa
2019-11-26 00:00:00,EMENDA IMPOSITIVA N.º 41 AO PROJETO DE LEI ORDINÁRIA N° 187/2019,"EMENDA IMPOSITIVA N° 41/2019 AO PROJETO DE LEI ORDINÁRIA N° 187/2019, QUE ESTIMA A RECEITA E FIXA A DESPESA DO MUNICÍPIO PARA O EXERCÍCIO DE 2020.",Gislene Cardoso,https://www.pindamonhangaba.sp.leg.br/proposicoes/0/0/0/0/117314#pesquisa
2019-11-26 00:00:00,EMENDA IMPOSITIVA N.º 42 AO PROJETO DE LEI ORDINÁRIA N° 187/2019,"EMENDA IMPOSITIVA N° 42/2019 AO PROJETO DE LEI ORDINÁRIA N° 187/2019, QUE ESTIMA A RECEITA E FIXA A DESPESA DO MUNICÍPIO PARA O EXERCÍCIO DE 2020.",Gislene Cardoso,https://www.pindamonhangaba.sp.leg.br/proposicoes/0/0/0/0/117315#pesquisa
2019-11-26 00:00:00,EMENDA IMPOSITIVA N.º 43 AO PROJETO DE LEI ORDINÁRIA N° 187/2019,"EMENDA IMPOSITIVA N° 43/2019 AO PROJETO DE LEI ORDINÁRIA N° 187/2019, QUE ESTIMA A RECEITA E FIXA A DESPESA DO MUNICÍPIO PARA O EXERCÍCIO DE 2020.",Gislene Cardoso,https://www.pindamonhangaba.sp.leg.br/proposicoes/0/0/0/0/117316#pesquisa
2019-11-26 00:00:00,EMENDA IMPOSITIVA N.º 44 AO PROJETO DE LEI ORDINÁRIA N° 187/2019,"EMENDA IMPOSITIVA N° 44/2019 AO PROJETO DE LEI ORDINÁRIA N° 187/2019, QUE ESTIMA A RECEITA E FIXA A DESPESA DO MUNICÍPIO PARA O EXERCÍCIO DE 2020.",Gislene Cardoso,https://www.pindamonhangaba.sp.leg.br/proposicoes/0/0/0/0/117317#pesquisa
2019-11-26 00:00:00,EMENDA IMPOSITIVA N.º 45 AO PROJETO DE LEI ORDINÁRIA N° 187/2019,"EMENDA IMPOSITIVA N° 45/2019 AO PROJETO DE LEI ORDINÁRIA N° 187/2019, QUE ESTIMA A RECEITA E FIXA A DESPESA DO MUNICÍPIO PARA O EXERCÍCIO DE 2020.",Gislene Cardoso,https://www.pindamonhangaba.sp.leg.br/proposicoes/0/0/0/0/117318#pesquisa
2019-11-26 00:00:00,EMENDA IMPOSITIVA N.º 46 AO PROJETO DE LEI ORDINÁRIA N° 187/2019,"EMENDA IMPOSITIVA N° 46/2019 AO PROJETO DE LEI ORDINÁRIA N° 187/2019, QUE ESTIMA A RECEITA E FIXA A DESPESA DO MUNICÍPIO PARA O EXERCÍCIO DE 2020.",Gislene Cardoso,https://www.pindamonhangaba.sp.leg.br/proposicoes/0/0/0/0/117319#pesquisa
2019-11-26 00:00:00,EMENDA IMPOSITIVA N.º 47 AO PROJETO DE LEI ORDINÁRIA N° 187/2019,"EMENDA IMPOSITIVA N° 47/2019 AO PROJETO DE LEI ORDINÁRIA N° 187/2019, QUE ESTIMA A RECEITA E FIXA A DESPESA DO MUNICÍPIO PARA O EXERCÍCIO DE 2020.",Gislene Cardoso,https://www.pindamonhangaba.sp.leg.br/proposicoes/0/0/0/0/117320#pesquisa
2019-11-26 00:00:00,EMENDA IMPOSITIVA N.º 48 AO PROJETO DE LEI ORDINÁRIA N° 187/2019,"EMENDA IMPOSITIVA N° 48/2019 AO PROJETO DE LEI ORDINÁRIA N° 187/2019, QUE ESTIMA A RECEITA E FIXA A DESPESA DO MUNICÍPIO PARA O EXERCÍCIO DE 2020.",Gislene Cardoso,https://www.pindamonhangaba.sp.leg.br/proposicoes/0/0/0/0/117321#pesquisa
2019-11-26 00:00:00,EMENDA IMPOSITIVA N.º 50 AO PROJETO DE LEI ORDINÁRIA N° 187/2019,"EMENDA IMPOSITIVA N° 50/2019 AO PROJETO DE LEI ORDINÁRIA N° 187/2019, QUE ESTIMA A RECEITA E FIXA A DESPESA DO MUNICÍPIO PARA O EXERCÍCIO DE 2020.",Gislene Cardoso,https://www.pindamonhangaba.sp.leg.br/proposicoes/0/0/0/0/117323#pesquisa
2019-11-26 00:00:00,EMENDA IMPOSITIVA N.º 51 AO PROJETO DE LEI ORDINÁRIA N° 187/2019,"EMENDA IMPOSITIVA N° 51/2019 AO PROJETO DE LEI ORDINÁRIA N° 187/2019, QUE ESTIMA A RECEITA E FIXA A DESPESA DO MUNICÍPIO PARA O EXERCÍCIO DE 2020.",Gislene Cardoso,https://www.pindamonhangaba.sp.leg.br/proposicoes/0/0/0/0/117324#pesquisa
2019-11-26 00:00:00,EMENDA IMPOSITIVA N.º 52 AO PROJETO DE LEI ORDINÁRIA N° 187/2019,"EMENDA IMPOSITIVA N° 52/2019 AO PROJETO DE LEI ORDINÁRIA N° 187/2019, QUE ESTIMA A RECEITA E FIXA A DESPESA DO MUNICÍPIO PARA O EXERCÍCIO DE 2020.",Gislene Cardoso,https://www.pindamonhangaba.sp.leg.br/proposicoes/0/0/0/0/117325#pesquisa
2019-11-26 00:00:00,EMENDA IMPOSITIVA N.º 53 AO PROJETO DE LEI ORDINÁRIA N° 187/2019,"EMENDA IMPOSITIVA N° 53/2019 AO PROJETO DE LEI ORDINÁRIA N° 187/2019, QUE ESTIMA A RECEITA E FIXA A DESPESA DO MUNICÍPIO PARA O EXERCÍCIO DE 2020.",Gislene Cardoso,https://www.pindamonhangaba.sp.leg.br/proposicoes/0/0/0/0/117326#pesquisa
2019-11-26 00:00:00,EMENDA IMPOSITIVA N.º 54 AO PROJETO DE LEI ORDINÁRIA N° 187/2019,"EMENDA IMPOSITIVA N° 54/2019 AO PROJETO DE LEI ORDINÁRIA N° 187/2019, QUE ESTIMA A RECEITA E FIXA A DESPESA DO MUNICÍPIO PARA O EXERCÍCIO DE 2020.",Gislene Cardoso,https://www.pindamonhangaba.sp.leg.br/proposicoes/0/0/0/0/117327#pesquisa
2019-11-26 00:00:00,EMENDA IMPOSITIVA N.º 55 AO PROJETO DE LEI ORDINÁRIA N° 187/2019,"EMENDA IMPOSITIVA N° 55/2019 AO PROJETO DE LEI ORDINÁRIA N° 187/2019, QUE ESTIMA A RECEITA E FIXA A DESPESA DO MUNICÍPIO PARA O EXERCÍCIO DE 2020.",Osvaldo Macedo Negrão,https://www.pindamonhangaba.sp.leg.br/proposicoes/0/0/0/0/117328#pesquisa
2019-11-26 00:00:00,EMENDA IMPOSITIVA N.º 56 AO PROJETO DE LEI ORDINÁRIA N° 187/2019,"EMENDA IMPOSITIVA N° 56/2019 AO PROJETO DE LEI ORDINÁRIA N° 187/2019, QUE ESTIMA A RECEITA E FIXA A DESPESA DO MUNICÍPIO PARA O EXERCÍCIO DE 2020.",Osvaldo Macedo Negrão,https://www.pindamonhangaba.sp.leg.br/proposicoes/0/0/0/0/117329#pesquisa
2019-11-26 00:00:00,EMENDA IMPOSITIVA N.º 57 AO PROJETO DE LEI ORDINÁRIA N° 187/2019,"EMENDA IMPOSITIVA N° 57/2019 AO PROJETO DE LEI ORDINÁRIA N° 187/2019, QUE ESTIMA A RECEITA E FIXA A DESPESA DO MUNICÍPIO PARA O EXERCÍCIO DE 2020.",Osvaldo Macedo Negrão,https://www.pindamonhangaba.sp.leg.br/proposicoes/0/0/0/0/117330#pesquisa
2019-11-26 00:00:00,EMENDA IMPOSITIVA N.º 58 AO PROJETO DE LEI ORDINÁRIA N° 187/2019,"EMENDA IMPOSITIVA N° 58/2019 AO PROJETO DE LEI ORDINÁRIA N° 187/2019, QUE ESTIMA A RECEITA E FIXA A DESPESA DO MUNICÍPIO PARA O EXERCÍCIO DE 2020.",Osvaldo Macedo Negrão,https://www.pindamonhangaba.sp.leg.br/proposicoes/0/0/0/0/117331#pesquisa
2019-11-26 00:00:00,EMENDA IMPOSITIVA N.º 59 AO PROJETO DE LEI ORDINÁRIA N° 187/2019,"EMENDA IMPOSITIVA N° 59/2019 AO PROJETO DE LEI ORDINÁRIA N° 187/2019, QUE ESTIMA A RECEITA E FIXA A DESPESA DO MUNICÍPIO PARA O EXERCÍCIO DE 2020.",Antônio Alves Da Silva,https://www.pindamonhangaba.sp.leg.br/proposicoes/0/0/0/0/117332#pesquisa
2019-11-26 00:00:00,EMENDA IMPOSITIVA N.º 60 AO PROJETO DE LEI ORDINÁRIA N° 187/2019,"EMENDA IMPOSITIVA N° 60/2019 AO PROJETO DE LEI ORDINÁRIA N° 187/2019, QUE ESTIMA A RECEITA E FIXA A DESPESA DO MUNICÍPIO PARA O EXERCÍCIO DE 2020.",Antônio Alves Da Silva,https://www.pindamonhangaba.sp.leg.br/proposicoes/0/0/0/0/117333#pesquisa
2019-11-26 00:00:00,EMENDA IMPOSITIVA N.º 61 AO PROJETO DE LEI ORDINÁRIA N° 187/2019,"EMENDA IMPOSITIVA N° 61/2019 AO PROJETO DE LEI ORDINÁRIA N° 187/2019, QUE ESTIMA A RECEITA E FIXA A DESPESA DO MUNICÍPIO PARA O EXERCÍCIO DE 2020.",Antônio Alves Da Silva,https://www.pindamonhangaba.sp.leg.br/proposicoes/0/0/0/0/117334#pesquisa
2019-11-26 00:00:00,EMENDA IMPOSITIVA N.º 62 AO PROJETO DE LEI ORDINÁRIA N° 187/2019,"EMENDA IMPOSITIVA N° 62/2019 AO PROJETO DE LEI ORDINÁRIA N° 187/2019, QUE ESTIMA A RECEITA E FIXA A DESPESA DO MUNICÍPIO PARA O EXERCÍCIO DE 2020.",Antônio Alves Da Silva,https://www.pindamonhangaba.sp.leg.br/proposicoes/0/0/0/0/117335#pesquisa
2019-11-26 00:00:00,EMENDA IMPOSITIVA N.º 63 AO PROJETO DE LEI ORDINÁRIA N° 187/2019,"EMENDA IMPOSITIVA N° 63/2019 AO PROJETO DE LEI ORDINÁRIA N° 187/2019, QUE ESTIMA A RECEITA E FIXA A DESPESA DO MUNICÍPIO PARA O EXERCÍCIO DE 2020.",Antônio Alves Da Silva,https://www.pindamonhangaba.sp.leg.br/proposicoes/0/0/0/0/117336#pesquisa
2019-11-26 00:00:00,EMENDA IMPOSITIVA N.º 64 AO PROJETO DE LEI ORDINÁRIA N° 187/2019,"EMENDA IMPOSITIVA N° 64/2019 AO PROJETO DE LEI ORDINÁRIA N° 187/2019, QUE ESTIMA A RECEITA E FIXA A DESPESA DO MUNICÍPIO PARA O EXERCÍCIO DE 2020.",Antônio Alves Da Silva,https://www.pindamonhangaba.sp.leg.br/proposicoes/0/0/0/0/117337#pesquisa
2019-11-26 00:00:00,EMENDA IMPOSITIVA N.º 65 AO PROJETO DE LEI ORDINÁRIA N° 187/2019,"EMENDA IMPOSITIVA N° 65/2019 AO PROJETO DE LEI ORDINÁRIA N° 187/2019, QUE ESTIMA A RECEITA E FIXA A DESPESA DO MUNICÍPIO PARA O EXERCÍCIO DE 2020.",Antônio Alves Da Silva,https://www.pindamonhangaba.sp.leg.br/proposicoes/0/0/0/0/117338#pesquisa
2019-11-26 00:00:00,EMENDA IMPOSITIVA N.º 66 AO PROJETO DE LEI ORDINÁRIA N° 187/2019,"EMENDA IMPOSITIVA N° 66/2019 AO PROJETO DE LEI ORDINÁRIA N° 187/2019, QUE ESTIMA A RECEITA E FIXA A DESPESA DO MUNICÍPIO PARA O EXERCÍCIO DE 2020.",Antônio Alves Da Silva,https://www.pindamonhangaba.sp.leg.br/proposicoes/0/0/0/0/117339#pesquisa
2019-11-26 00:00:00,EMENDA IMPOSITIVA N.º 67 AO PROJETO DE LEI ORDINÁRIA N° 187/2019,"EMENDA IMPOSITIVA N° 67/2019 AO PROJETO DE LEI ORDINÁRIA N° 187/2019, QUE ESTIMA A RECEITA E FIXA A DESPESA DO MUNICÍPIO PARA O EXERCÍCIO DE 2020.",Antônio Alves Da Silva,https://www.pindamonhangaba.sp.leg.br/proposicoes/0/0/0/0/117340#pesquisa
2019-11-26 00:00:00,EMENDA IMPOSITIVA N.º 68 AO PROJETO DE LEI ORDINÁRIA N° 187/2019,"EMENDA IMPOSITIVA N° 68/2019 AO PROJETO DE LEI ORDINÁRIA N° 187/2019, QUE ESTIMA A RECEITA E FIXA A DESPESA DO MUNICÍPIO PARA O EXERCÍCIO DE 2020.",Antônio Alves Da Silva,https://www.pindamonhangaba.sp.leg.br/proposicoes/0/0/0/0/117341#pesquisa
2019-11-26 00:00:00,EMENDA IMPOSITIVA N.º 69 AO PROJETO DE LEI ORDINÁRIA N° 187/2019,"EMENDA IMPOSITIVA N° 69/2019 AO PROJETO DE LEI ORDINÁRIA N° 187/2019, QUE ESTIMA A RECEITA E FIXA A DESPESA DO MUNICÍPIO PARA O EXERCÍCIO DE 2020.",Antônio Alves Da Silva,https://www.pindamonhangaba.sp.leg.br/proposicoes/0/0/0/0/117342#pesquisa
2019-11-26 00:00:00,EMENDA IMPOSITIVA N.º 70 AO PROJETO DE LEI ORDINÁRIA N° 187/2019,"EMENDA IMPOSITIVA N° 70/2019 AO PROJETO DE LEI ORDINÁRIA N° 187/2019, QUE ESTIMA A RECEITA E FIXA A DESPESA DO MUNICÍPIO PARA O EXERCÍCIO DE 2020.",Antônio Alves Da Silva,https://www.pindamonhangaba.sp.leg.br/proposicoes/0/0/0/0/117343#pesquisa
2019-11-26 00:00:00,EMENDA IMPOSITIVA N.º 71 AO PROJETO DE LEI ORDINÁRIA N° 187/2019,"EMENDA IMPOSITIVA N° 71/2019 AO PROJETO DE LEI ORDINÁRIA N° 187/2019, QUE ESTIMA A RECEITA E FIXA A DESPESA DO MUNICÍPIO PARA O EXERCÍCIO DE 2020.",Gislene Cardoso,https://www.pindamonhangaba.sp.leg.br/proposicoes/0/0/0/0/117344#pesquisa
2019-11-26 00:00:00,EMENDA IMPOSITIVA N.º 72 AO PROJETO DE LEI ORDINÁRIA N° 187/2019,"EMENDA IMPOSITIVA N° 72/2019 AO PROJETO DE LEI ORDINÁRIA N° 187/2019, QUE ESTIMA A RECEITA E FIXA A DESPESA DO MUNICÍPIO PARA O EXERCÍCIO DE 2020.",Gislene Cardoso,https://www.pindamonhangaba.sp.leg.br/proposicoes/0/0/0/0/117345#pesquisa
2019-11-26 00:00:00,EMENDA IMPOSITIVA N.º 73 AO PROJETO DE LEI ORDINÁRIA N° 187/2019,"EMENDA IMPOSITIVA N° 73/2019 AO PROJETO DE LEI ORDINÁRIA N° 187/2019, QUE ESTIMA A RECEITA E FIXA A DESPESA DO MUNICÍPIO PARA O EXERCÍCIO DE 2020.",Osvaldo Macedo Negrão,https://www.pindamonhangaba.sp.leg.br/proposicoes/0/0/0/0/117346#pesquisa
2019-11-26 00:00:00,EMENDA IMPOSITIVA N.º 74 AO PROJETO DE LEI ORDINÁRIA N° 187/2019,"EMENDA IMPOSITIVA N° 74/2019 AO PROJETO DE LEI ORDINÁRIA N° 187/2019, QUE ESTIMA A RECEITA E FIXA A DESPESA DO MUNICÍPIO PARA O EXERCÍCIO DE 2020.",Osvaldo Macedo Negrão,https://www.pindamonhangaba.sp.leg.br/proposicoes/0/0/0/0/117347#pesquisa
2019-11-26 00:00:00,EMENDA IMPOSITIVA N.º 75 AO PROJETO DE LEI ORDINÁRIA N° 187/2019,"EMENDA IMPOSITIVA N° 75/2019 AO PROJETO DE LEI ORDINÁRIA N° 187/2019, QUE ESTIMA A RECEITA E FIXA A DESPESA DO MUNICÍPIO PARA O EXERCÍCIO DE 2020.",Osvaldo Macedo Negrão,https://www.pindamonhangaba.sp.leg.br/proposicoes/0/0/0/0/117348#pesquisa
2019-11-26 00:00:00,EMENDA IMPOSITIVA N.º 76 AO PROJETO DE LEI ORDINÁRIA N° 187/2019,"EMENDA IMPOSITIVA N° 76/2019 AO PROJETO DE LEI ORDINÁRIA N° 187/2019, QUE ESTIMA A RECEITA E FIXA A DESPESA DO MUNICÍPIO PARA O EXERCÍCIO DE 2020.",Osvaldo Macedo Negrão,https://www.pindamonhangaba.sp.leg.br/proposicoes/0/0/0/0/117349#pesquisa
2019-11-26 00:00:00,EMENDA IMPOSITIVA N.º 77 AO PROJETO DE LEI ORDINÁRIA N° 187/2019,"EMENDA IMPOSITIVA N° 77/2019 AO PROJETO DE LEI ORDINÁRIA N° 187/2019, QUE ESTIMA A RECEITA E FIXA A DESPESA DO MUNICÍPIO PARA O EXERCÍCIO DE 2020.",Osvaldo Macedo Negrão,https://www.pindamonhangaba.sp.leg.br/proposicoes/0/0/0/0/117350#pesquisa
2019-11-26 00:00:00,EMENDA IMPOSITIVA N.º 78 AO PROJETO DE LEI ORDINÁRIA N° 187/2019,"EMENDA IMPOSITIVA N° 78/2019 AO PROJETO DE LEI ORDINÁRIA N° 187/2019, QUE ESTIMA A RECEITA E FIXA A DESPESA DO MUNICÍPIO PARA O EXERCÍCIO DE 2020.",Osvaldo Macedo Negrão,https://www.pindamonhangaba.sp.leg.br/proposicoes/0/0/0/0/117351#pesquisa
2019-11-26 00:00:00,EMENDA IMPOSITIVA N.º 79 AO PROJETO DE LEI ORDINÁRIA N° 187/2019,"EMENDA IMPOSITIVA N° 79/2019 AO PROJETO DE LEI ORDINÁRIA N° 187/2019, QUE ESTIMA A RECEITA E FIXA A DESPESA DO MUNICÍPIO PARA O EXERCÍCIO DE 2020.",Osvaldo Macedo Negrão,https://www.pindamonhangaba.sp.leg.br/proposicoes/0/0/0/0/117352#pesquisa
2019-11-26 00:00:00,EMENDA IMPOSITIVA N.º 80 AO PROJETO DE LEI ORDINÁRIA N° 187/2019,"EMENDA IMPOSITIVA N° 80/2019 AO PROJETO DE LEI ORDINÁRIA N° 187/2019, QUE ESTIMA A RECEITA E FIXA A DESPESA DO MUNICÍPIO PARA O EXERCÍCIO DE 2020.",Osvaldo Macedo Negrão,https://www.pindamonhangaba.sp.leg.br/proposicoes/0/0/0/0/117353#pesquisa
2019-11-26 00:00:00,EMENDA IMPOSITIVA N.º 81 AO PROJETO DE LEI ORDINÁRIA N° 187/2019,"EMENDA IMPOSITIVA N° 81/2019 AO PROJETO DE LEI ORDINÁRIA N° 187/2019, QUE ESTIMA A RECEITA E FIXA A DESPESA DO MUNICÍPIO PARA O EXERCÍCIO DE 2020.",Osvaldo Macedo Negrão,https://www.pindamonhangaba.sp.leg.br/proposicoes/0/0/0/0/117354#pesquisa
2019-11-26 00:00:00,EMENDA IMPOSITIVA N.º 82 AO PROJETO DE LEI ORDINÁRIA N° 187/2019,"EMENDA IMPOSITIVA N° 82/2019 AO PROJETO DE LEI ORDINÁRIA N° 187/2019, QUE ESTIMA A RECEITA E FIXA A DESPESA DO MUNICÍPIO PARA O EXERCÍCIO DE 2020.",Osvaldo Macedo Negrão,https://www.pindamonhangaba.sp.leg.br/proposicoes/0/0/0/0/117355#pesquisa
2019-11-26 00:00:00,EMENDA IMPOSITIVA N.º 83 AO PROJETO DE LEI ORDINÁRIA N° 187/2019,"EMENDA IMPOSITIVA N° 83/2019 AO PROJETO DE LEI ORDINÁRIA N° 187/2019, QUE ESTIMA A RECEITA E FIXA A DESPESA DO MUNICÍPIO PARA O EXERCÍCIO DE 2020.",Osvaldo Macedo Negrão,https://www.pindamonhangaba.sp.leg.br/proposicoes/0/0/0/0/117356#pesquisa
2019-11-26 00:00:00,EMENDA IMPOSITIVA N.º 84 AO PROJETO DE LEI ORDINÁRIA N° 187/2019,"EMENDA IMPOSITIVA N° 84/2019 AO PROJETO DE LEI ORDINÁRIA N° 187/2019, QUE ESTIMA A RECEITA E FIXA A DESPESA DO MUNICÍPIO PARA O EXERCÍCIO DE 2020.",Osvaldo Macedo Negrão,https://www.pindamonhangaba.sp.leg.br/proposicoes/0/0/0/0/117357#pesquisa
2019-11-26 00:00:00,EMENDA IMPOSITIVA N.º 85 AO PROJETO DE LEI ORDINÁRIA N° 187/2019,"EMENDA IMPOSITIVA N° 85/2019 AO PROJETO DE LEI ORDINÁRIA N° 187/2019, QUE ESTIMA A RECEITA E FIXA A DESPESA DO MUNICÍPIO PARA O EXERCÍCIO DE 2020.",Osvaldo Macedo Negrão,https://www.pindamonhangaba.sp.leg.br/proposicoes/0/0/0/0/117358#pesquisa
2019-11-26 00:00:00,EMENDA IMPOSITIVA N.º 86 AO PROJETO DE LEI ORDINÁRIA N° 187/2019,"EMENDA IMPOSITIVA N° 86/2019 AO PROJETO DE LEI ORDINÁRIA N° 187/2019, QUE ESTIMA A RECEITA E FIXA A DESPESA DO MUNICÍPIO PARA O EXERCÍCIO DE 2020.",Osvaldo Macedo Negrão,https://www.pindamonhangaba.sp.leg.br/proposicoes/0/0/0/0/117359#pesquisa
2019-11-26 00:00:00,EMENDA IMPOSITIVA N.º 87 AO PROJETO DE LEI ORDINÁRIA N° 187/2019,"EMENDA IMPOSITIVA N° 87/2019 AO PROJETO DE LEI ORDINÁRIA N° 187/2019, QUE ESTIMA A RECEITA E FIXA A DESPESA DO MUNICÍPIO PARA O EXERCÍCIO DE 2020.",Osvaldo Macedo Negrão,https://www.pindamonhangaba.sp.leg.br/proposicoes/0/0/0/0/117360#pesquisa
2019-11-26 00:00:00,EMENDA IMPOSITIVA N.º 88 AO PROJETO DE LEI ORDINÁRIA N° 187/2019,"EMENDA IMPOSITIVA N° 88/2019 AO PROJETO DE LEI ORDINÁRIA N° 187/2019, QUE ESTIMA A RECEITA E FIXA A DESPESA DO MUNICÍPIO PARA O EXERCÍCIO DE 2020.",Roderley Miotto Rodrigues,https://www.pindamonhangaba.sp.leg.br/proposicoes/0/0/0/0/117361#pesquisa
2019-11-26 00:00:00,EMENDA IMPOSITIVA N.º 89 AO PROJETO DE LEI ORDINÁRIA N° 187/2019,"EMENDA IMPOSITIVA N° 89/2019 AO PROJETO DE LEI ORDINÁRIA N° 187/2019, QUE ESTIMA A RECEITA E FIXA A DESPESA DO MUNICÍPIO PARA O EXERCÍCIO DE 2020.",Roderley Miotto Rodrigues,https://www.pindamonhangaba.sp.leg.br/proposicoes/0/0/0/0/117362#pesquisa
2019-11-26 00:00:00,EMENDA IMPOSITIVA N.º 90 AO PROJETO DE LEI ORDINÁRIA N° 187/2019,"EMENDA IMPOSITIVA N° 90/2019 AO PROJETO DE LEI ORDINÁRIA N° 187/2019, QUE ESTIMA A RECEITA E FIXA A DESPESA DO MUNICÍPIO PARA O EXERCÍCIO DE 2020.",Roderley Miotto Rodrigues,https://www.pindamonhangaba.sp.leg.br/proposicoes/0/0/0/0/117363#pesquisa
2019-11-26 00:00:00,EMENDA IMPOSITIVA N.º 91 AO PROJETO DE LEI ORDINÁRIA N° 187/2019,"EMENDA IMPOSITIVA N° 91/2019 AO PROJETO DE LEI ORDINÁRIA N° 187/2019, QUE ESTIMA A RECEITA E FIXA A DESPESA DO MUNICÍPIO PARA O EXERCÍCIO DE 2020.",Roderley Miotto Rodrigues,https://www.pindamonhangaba.sp.leg.br/proposicoes/0/0/0/0/117364#pesquisa
2019-11-26 00:00:00,EMENDA IMPOSITIVA N.º 92 AO PROJETO DE LEI ORDINÁRIA N° 187/2019,"EMENDA IMPOSITIVA N° 92/2019 AO PROJETO DE LEI ORDINÁRIA N° 187/2019, QUE ESTIMA A RECEITA E FIXA A DESPESA DO MUNICÍPIO PARA O EXERCÍCIO DE 2020.",Roderley Miotto Rodrigues,https://www.pindamonhangaba.sp.leg.br/proposicoes/0/0/0/0/117365#pesquisa
2019-11-26 00:00:00,EMENDA IMPOSITIVA N.º 93 AO PROJETO DE LEI ORDINÁRIA N° 187/2019,"EMENDA IMPOSITIVA N° 93/2019 AO PROJETO DE LEI ORDINÁRIA N° 187/2019, QUE ESTIMA A RECEITA E FIXA A DESPESA DO MUNICÍPIO PARA O EXERCÍCIO DE 2020.",Roderley Miotto Rodrigues,https://www.pindamonhangaba.sp.leg.br/proposicoes/0/0/0/0/117366#pesquisa
2019-11-26 00:00:00,EMENDA IMPOSITIVA N.º 94 AO PROJETO DE LEI ORDINÁRIA N° 187/2019,"EMENDA IMPOSITIVA N° 94/2019 AO PROJETO DE LEI ORDINÁRIA N° 187/2019, QUE ESTIMA A RECEITA E FIXA A DESPESA DO MUNICÍPIO PARA O EXERCÍCIO DE 2020.",Roderley Miotto Rodrigues,https://www.pindamonhangaba.sp.leg.br/proposicoes/0/0/0/0/117367#pesquisa
2019-11-26 00:00:00,EMENDA IMPOSITIVA N.º 95 AO PROJETO DE LEI ORDINÁRIA N° 187/2019,"EMENDA IMPOSITIVA N° 95/2019 AO PROJETO DE LEI ORDINÁRIA N° 187/2019, QUE ESTIMA A RECEITA E FIXA A DESPESA DO MUNICÍPIO PARA O EXERCÍCIO DE 2020.",Roderley Miotto Rodrigues,https://www.pindamonhangaba.sp.leg.br/proposicoes/0/0/0/0/117368#pesquisa
2019-11-26 00:00:00,EMENDA IMPOSITIVA N.º 96 AO PROJETO DE LEI ORDINÁRIA N° 187/2019,"EMENDA IMPOSITIVA N° 96/2019 AO PROJETO DE LEI ORDINÁRIA N° 187/2019, QUE ESTIMA A RECEITA E FIXA A DESPESA DO MUNICÍPIO PARA O EXERCÍCIO DE 2020.",Roderley Miotto Rodrigues,https://www.pindamonhangaba.sp.leg.br/proposicoes/0/0/0/0/117369#pesquisa
2019-11-26 00:00:00,EMENDA IMPOSITIVA N.º 97 AO PROJETO DE LEI ORDINÁRIA N° 187/2019,"EMENDA IMPOSITIVA N° 97/2019 AO PROJETO DE LEI ORDINÁRIA N° 187/2019, QUE ESTIMA A RECEITA E FIXA A DESPESA DO MUNICÍPIO PARA O EXERCÍCIO DE 2020.",Roderley Miotto Rodrigues,https://www.pindamonhangaba.sp.leg.br/proposicoes/0/0/0/0/117370#pesquisa
2019-11-26 00:00:00,EMENDA IMPOSITIVA N.º 98 AO PROJETO DE LEI ORDINÁRIA N° 187/2019,"EMENDA IMPOSITIVA N° 98/2019 AO PROJETO DE LEI ORDINÁRIA N° 187/2019, QUE ESTIMA A RECEITA E FIXA A DESPESA DO MUNICÍPIO PARA O EXERCÍCIO DE 2020.",Roderley Miotto Rodrigues,https://www.pindamonhangaba.sp.leg.br/proposicoes/0/0/0/0/117371#pesquisa
2019-11-26 00:00:00,EMENDA IMPOSITIVA N.º 99 AO PROJETO DE LEI ORDINÁRIA N° 187/2019,"EMENDA IMPOSITIVA N° 99/2019 AO PROJETO DE LEI ORDINÁRIA N° 187/2019, QUE ESTIMA A RECEITA E FIXA A DESPESA DO MUNICÍPIO PARA O EXERCÍCIO DE 2020.",Roderley Miotto Rodrigues,https://www.pindamonhangaba.sp.leg.br/proposicoes/0/0/0/0/117372#pesquisa
2019-11-26 00:00:00,EMENDA IMPOSITIVA N.º 100 AO PROJETO DE LEI ORDINÁRIA N° 187/2019,"EMENDA IMPOSITIVA N° 100/2019 AO PROJETO DE LEI ORDINÁRIA N° 187/2019, QUE ESTIMA A RECEITA E FIXA A DESPESA DO MUNICÍPIO PARA O EXERCÍCIO DE 2020.",Roderley Miotto Rodrigues,https://www.pindamonhangaba.sp.leg.br/proposicoes/0/0/0/0/117373#pesquisa
2019-11-26 00:00:00,EMENDA IMPOSITIVA N.º 101 AO PROJETO DE LEI ORDINÁRIA N° 187/2019,"EMENDA IMPOSITIVA N° 101/2019 AO PROJETO DE LEI ORDINÁRIA N° 187/2019, QUE ESTIMA A RECEITA E FIXA A DESPESA DO MUNICÍPIO PARA O EXERCÍCIO DE 2020.",Roderley Miotto Rodrigues,https://www.pindamonhangaba.sp.leg.br/proposicoes/0/0/0/0/117374#pesquisa
2019-11-26 00:00:00,EMENDA IMPOSITIVA N.º 102 AO PROJETO DE LEI ORDINÁRIA N° 187/2019,"EMENDA IMPOSITIVA N° 102/2019 AO PROJETO DE LEI ORDINÁRIA N° 187/2019, QUE ESTIMA A RECEITA E FIXA A DESPESA DO MUNICÍPIO PARA O EXERCÍCIO DE 2020.",Roderley Miotto Rodrigues,https://www.pindamonhangaba.sp.leg.br/proposicoes/0/0/0/0/117375#pesquisa
2019-11-26 00:00:00,EMENDA IMPOSITIVA N.º 103 AO PROJETO DE LEI ORDINÁRIA N° 187/2019,"EMENDA IMPOSITIVA N° 103/2019 AO PROJETO DE LEI ORDINÁRIA N° 187/2019, QUE ESTIMA A RECEITA E FIXA A DESPESA DO MUNICÍPIO PARA O EXERCÍCIO DE 2020.",Roderley Miotto Rodrigues,https://www.pindamonhangaba.sp.leg.br/proposicoes/0/0/0/0/117376#pesquisa
2019-11-26 00:00:00,EMENDA IMPOSITIVA N.º 104 AO PROJETO DE LEI ORDINÁRIA N° 187/2019,"EMENDA IMPOSITIVA N° 104/2019 AO PROJETO DE LEI ORDINÁRIA N° 187/2019, QUE ESTIMA A RECEITA E FIXA A DESPESA DO MUNICÍPIO PARA O EXERCÍCIO DE 2020.",Roderley Miotto Rodrigues,https://www.pindamonhangaba.sp.leg.br/proposicoes/0/0/0/0/117377#pesquisa
2019-11-26 00:00:00,EMENDA IMPOSITIVA N.º 105 AO PROJETO DE LEI ORDINÁRIA N° 187/2019,"EMENDA IMPOSITIVA N° 105/2019 AO PROJETO DE LEI ORDINÁRIA N° 187/2019, QUE ESTIMA A RECEITA E FIXA A DESPESA DO MUNICÍPIO PARA O EXERCÍCIO DE 2020.",Roderley Miotto Rodrigues,https://www.pindamonhangaba.sp.leg.br/proposicoes/0/0/0/0/117378#pesquisa
2019-11-26 00:00:00,EMENDA IMPOSITIVA N.º 106 AO PROJETO DE LEI ORDINÁRIA N° 187/2019,"EMENDA IMPOSITIVA N° 106/2019 AO PROJETO DE LEI ORDINÁRIA N° 187/2019, QUE ESTIMA A RECEITA E FIXA A DESPESA DO MUNICÍPIO PARA O EXERCÍCIO DE 2020.",Roderley Miotto Rodrigues,https://www.pindamonhangaba.sp.leg.br/proposicoes/0/0/0/0/117379#pesquisa
2019-11-26 00:00:00,EMENDA IMPOSITIVA N.º 107 AO PROJETO DE LEI ORDINÁRIA N° 187/2019,"EMENDA IMPOSITIVA N° 107/2019 AO PROJETO DE LEI ORDINÁRIA N° 187/2019, QUE ESTIMA A RECEITA E FIXA A DESPESA DO MUNICÍPIO PARA O EXERCÍCIO DE 2020.",Roderley Miotto Rodrigues,https://www.pindamonhangaba.sp.leg.br/proposicoes/0/0/0/0/117380#pesquisa
2019-11-26 00:00:00,EMENDA IMPOSITIVA N.º 108 AO PROJETO DE LEI ORDINÁRIA N° 187/2019,"EMENDA IMPOSITIVA N° 108/2019 AO PROJETO DE LEI ORDINÁRIA N° 187/2019, QUE ESTIMA A RECEITA E FIXA A DESPESA DO MUNICÍPIO PARA O EXERCÍCIO DE 2020.",Roderley Miotto Rodrigues,https://www.pindamonhangaba.sp.leg.br/proposicoes/0/0/0/0/117381#pesquisa
2019-11-26 00:00:00,EMENDA IMPOSITIVA N.º 109 AO PROJETO DE LEI ORDINÁRIA N° 187/2019,"EMENDA IMPOSITIVA N° 109/2019 AO PROJETO DE LEI ORDINÁRIA N° 187/2019, QUE ESTIMA A RECEITA E FIXA A DESPESA DO MUNICÍPIO PARA O EXERCÍCIO DE 2020.",Roderley Miotto Rodrigues,https://www.pindamonhangaba.sp.leg.br/proposicoes/0/0/0/0/117382#pesquisa
2019-11-26 00:00:00,EMENDA IMPOSITIVA N.º 110 AO PROJETO DE LEI ORDINÁRIA N° 187/2019,"EMENDA IMPOSITIVA N° 110/2019 AO PROJETO DE LEI ORDINÁRIA N° 187/2019, QUE ESTIMA A RECEITA E FIXA A DESPESA DO MUNICÍPIO PARA O EXERCÍCIO DE 2020.",Roderley Miotto Rodrigues,https://www.pindamonhangaba.sp.leg.br/proposicoes/0/0/0/0/117383#pesquisa
2019-11-26 00:00:00,EMENDA IMPOSITIVA N.º 111 AO PROJETO DE LEI ORDINÁRIA N° 187/2019,"EMENDA IMPOSITIVA N° 111/2019 AO PROJETO DE LEI ORDINÁRIA N° 187/2019, QUE ESTIMA A RECEITA E FIXA A DESPESA DO MUNICÍPIO PARA O EXERCÍCIO DE 2020.",Roderley Miotto Rodrigues,https://www.pindamonhangaba.sp.leg.br/proposicoes/0/0/0/0/117384#pesquisa
2019-11-26 00:00:00,EMENDA IMPOSITIVA N.º 112 AO PROJETO DE LEI ORDINÁRIA N° 187/2019,"EMENDA IMPOSITIVA N° 112/2019 AO PROJETO DE LEI ORDINÁRIA N° 187/2019, QUE ESTIMA A RECEITA E FIXA A DESPESA DO MUNICÍPIO PARA O EXERCÍCIO DE 2020.",Roderley Miotto Rodrigues,https://www.pindamonhangaba.sp.leg.br/proposicoes/0/0/0/0/117385#pesquisa
2019-11-26 00:00:00,EMENDA IMPOSITIVA N.º 113 AO PROJETO DE LEI ORDINÁRIA N° 187/2019,"EMENDA IMPOSITIVA N° 113/2019 AO PROJETO DE LEI ORDINÁRIA N° 187/2019, QUE ESTIMA A RECEITA E FIXA A DESPESA DO MUNICÍPIO PARA O EXERCÍCIO DE 2020.",Roderley Miotto Rodrigues,https://www.pindamonhangaba.sp.leg.br/proposicoes/0/0/0/0/117386#pesquisa
2019-11-26 00:00:00,EMENDA IMPOSITIVA N.º 114 AO PROJETO DE LEI ORDINÁRIA N° 187/2019,"EMENDA IMPOSITIVA N° 114/2019 AO PROJETO DE LEI ORDINÁRIA N° 187/2019, QUE ESTIMA A RECEITA E FIXA A DESPESA DO MUNICÍPIO PARA O EXERCÍCIO DE 2020.",Roderley Miotto Rodrigues,https://www.pindamonhangaba.sp.leg.br/proposicoes/0/0/0/0/117387#pesquisa
2019-11-26 00:00:00,EMENDA IMPOSITIVA N.º 115 AO PROJETO DE LEI ORDINÁRIA N° 187/2019,"EMENDA IMPOSITIVA N° 115/2019 AO PROJETO DE LEI ORDINÁRIA N° 187/2019, QUE ESTIMA A RECEITA E FIXA A DESPESA DO MUNICÍPIO PARA O EXERCÍCIO DE 2020.",Roderley Miotto Rodrigues,https://www.pindamonhangaba.sp.leg.br/proposicoes/0/0/0/0/117388#pesquisa
2019-11-26 00:00:00,EMENDA IMPOSITIVA N.º 116 AO PROJETO DE LEI ORDINÁRIA N° 187/2019,"EMENDA IMPOSITIVA N° 116/2019 AO PROJETO DE LEI ORDINÁRIA N° 187/2019, QUE ESTIMA A RECEITA E FIXA A DESPESA DO MUNICÍPIO PARA O EXERCÍCIO DE 2020.",Roderley Miotto Rodrigues,https://www.pindamonhangaba.sp.leg.br/proposicoes/0/0/0/0/117389#pesquisa
2019-11-26 00:00:00,EMENDA IMPOSITIVA N.º 117 AO PROJETO DE LEI ORDINÁRIA N° 187/2019,"EMENDA IMPOSITIVA N° 117/2019 AO PROJETO DE LEI ORDINÁRIA N° 187/2019, QUE ESTIMA A RECEITA E FIXA A DESPESA DO MUNICÍPIO PARA O EXERCÍCIO DE 2020.",Roderley Miotto Rodrigues,https://www.pindamonhangaba.sp.leg.br/proposicoes/0/0/0/0/117390#pesquisa
2019-11-26 00:00:00,EMENDA IMPOSITIVA N.º 118 AO PROJETO DE LEI ORDINÁRIA N° 187/2019,"EMENDA IMPOSITIVA N° 118/2019 AO PROJETO DE LEI ORDINÁRIA N° 187/2019, QUE ESTIMA A RECEITA E FIXA A DESPESA DO MUNICÍPIO PARA O EXERCÍCIO DE 2020.",Roderley Miotto Rodrigues,https://www.pindamonhangaba.sp.leg.br/proposicoes/0/0/0/0/117391#pesquisa
2019-11-26 00:00:00,EMENDA IMPOSITIVA N.º 119 AO PROJETO DE LEI ORDINÁRIA N° 187/2019,"EMENDA IMPOSITIVA N° 119/2019 AO PROJETO DE LEI ORDINÁRIA N° 187/2019, QUE ESTIMA A RECEITA E FIXA A DESPESA DO MUNICÍPIO PARA O EXERCÍCIO DE 2020.",Roderley Miotto Rodrigues,https://www.pindamonhangaba.sp.leg.br/proposicoes/0/0/0/0/117392#pesquisa
2019-11-26 00:00:00,EMENDA IMPOSITIVA N.º 120 AO PROJETO DE LEI ORDINÁRIA N° 187/2019,"EMENDA IMPOSITIVA N° 120/2019 AO PROJETO DE LEI ORDINÁRIA N° 187/2019, QUE ESTIMA A RECEITA E FIXA A DESPESA DO MUNICÍPIO PARA O EXERCÍCIO DE 2020.",Roderley Miotto Rodrigues,https://www.pindamonhangaba.sp.leg.br/proposicoes/0/0/0/0/117393#pesquisa
2019-11-26 00:00:00,EMENDA IMPOSITIVA N.º 121 AO PROJETO DE LEI ORDINÁRIA N° 187/2019,"EMENDA IMPOSITIVA N° 121/2019 AO PROJETO DE LEI ORDINÁRIA N° 187/2019, QUE ESTIMA A RECEITA E FIXA A DESPESA DO MUNICÍPIO PARA O EXERCÍCIO DE 2020.",Roderley Miotto Rodrigues,https://www.pindamonhangaba.sp.leg.br/proposicoes/0/0/0/0/117394#pesquisa
2019-11-26 00:00:00,EMENDA IMPOSITIVA N.º 122 AO PROJETO DE LEI ORDINÁRIA N° 187/2019,"EMENDA IMPOSITIVA N° 122/2019 AO PROJETO DE LEI ORDINÁRIA N° 187/2019, QUE ESTIMA A RECEITA E FIXA A DESPESA DO MUNICÍPIO PARA O EXERCÍCIO DE 2020.",Roderley Miotto Rodrigues,https://www.pindamonhangaba.sp.leg.br/proposicoes/0/0/0/0/117395#pesquisa
2019-11-26 00:00:00,EMENDA IMPOSITIVA N.º 123 AO PROJETO DE LEI ORDINÁRIA N° 187/2019,"EMENDA IMPOSITIVA N° 123/2019 AO PROJETO DE LEI ORDINÁRIA N° 187/2019, QUE ESTIMA A RECEITA E FIXA A DESPESA DO MUNICÍPIO PARA O EXERCÍCIO DE 2020.",Roderley Miotto Rodrigues,https://www.pindamonhangaba.sp.leg.br/proposicoes/0/0/0/0/117396#pesquisa
2019-11-26 00:00:00,EMENDA IMPOSITIVA N.º 124 AO PROJETO DE LEI ORDINÁRIA N° 187/2019,"EMENDA IMPOSITIVA N° 124/2019 AO PROJETO DE LEI ORDINÁRIA N° 187/2019, QUE ESTIMA A RECEITA E FIXA A DESPESA DO MUNICÍPIO PARA O EXERCÍCIO DE 2020.",Roderley Miotto Rodrigues,https://www.pindamonhangaba.sp.leg.br/proposicoes/0/0/0/0/117397#pesquisa
2019-11-26 00:00:00,EMENDA IMPOSITIVA N.º 125 AO PROJETO DE LEI ORDINÁRIA N° 187/2019,"EMENDA IMPOSITIVA N° 125/2019 AO PROJETO DE LEI ORDINÁRIA N° 187/2019, QUE ESTIMA A RECEITA E FIXA A DESPESA DO MUNICÍPIO PARA O EXERCÍCIO DE 2020.",Rafael Goffi Moreira,https://www.pindamonhangaba.sp.leg.br/proposicoes/0/0/0/0/117398#pesquisa
2019-11-26 00:00:00,EMENDA IMPOSITIVA N.º 126 AO PROJETO DE LEI ORDINÁRIA N° 187/2019,"EMENDA IMPOSITIVA N° 126/2019 AO PROJETO DE LEI ORDINÁRIA N° 187/2019, QUE ESTIMA A RECEITA E FIXA A DESPESA DO MUNICÍPIO PARA O EXERCÍCIO DE 2020.",Rafael Goffi Moreira,https://www.pindamonhangaba.sp.leg.br/proposicoes/0/0/0/0/117399#pesquisa
2019-11-26 00:00:00,EMENDA IMPOSITIVA N.º 127 AO PROJETO DE LEI ORDINÁRIA N° 187/2019,"EMENDA IMPOSITIVA N° 127/2019 AO PROJETO DE LEI ORDINÁRIA N° 187/2019, QUE ESTIMA A RECEITA E FIXA A DESPESA DO MUNICÍPIO PARA O EXERCÍCIO DE 2020.",Rafael Goffi Moreira,https://www.pindamonhangaba.sp.leg.br/proposicoes/0/0/0/0/117400#pesquisa
2019-11-26 00:00:00,EMENDA IMPOSITIVA N.º 128 AO PROJETO DE LEI ORDINÁRIA N° 187/2019,"EMENDA IMPOSITIVA N° 128/2019 AO PROJETO DE LEI ORDINÁRIA N° 187/2019, QUE ESTIMA A RECEITA E FIXA A DESPESA DO MUNICÍPIO PARA O EXERCÍCIO DE 2020.",Rafael Goffi Moreira,https://www.pindamonhangaba.sp.leg.br/proposicoes/0/0/0/0/117401#pesquisa
2019-11-26 00:00:00,EMENDA IMPOSITIVA N.º 129 AO PROJETO DE LEI ORDINÁRIA N° 187/2019,"EMENDA IMPOSITIVA N° 129/2019 AO PROJETO DE LEI ORDINÁRIA N° 187/2019, QUE ESTIMA A RECEITA E FIXA A DESPESA DO MUNICÍPIO PARA O EXERCÍCIO DE 2020.",Rafael Goffi Moreira,https://www.pindamonhangaba.sp.leg.br/proposicoes/0/0/0/0/117402#pesquisa
2019-11-26 00:00:00,EMENDA IMPOSITIVA N.º 130 AO PROJETO DE LEI ORDINÁRIA N° 187/2019,"EMENDA IMPOSITIVA N° 130/2019 AO PROJETO DE LEI ORDINÁRIA N° 187/2019, QUE ESTIMA A RECEITA E FIXA A DESPESA DO MUNICÍPIO PARA O EXERCÍCIO DE 2020.",Rafael Goffi Moreira,https://www.pindamonhangaba.sp.leg.br/proposicoes/0/0/0/0/117403#pesquisa
2019-11-26 00:00:00,EMENDA IMPOSITIVA N.º 131 AO PROJETO DE LEI ORDINÁRIA N° 187/2019,"EMENDA IMPOSITIVA N° 131/2019 AO PROJETO DE LEI ORDINÁRIA N° 187/2019, QUE ESTIMA A RECEITA E FIXA A DESPESA DO MUNICÍPIO PARA O EXERCÍCIO DE 2020.",Rafael Goffi Moreira,https://www.pindamonhangaba.sp.leg.br/proposicoes/0/0/0/0/117404#pesquisa
2019-11-26 00:00:00,EMENDA IMPOSITIVA N.º 132 AO PROJETO DE LEI ORDINÁRIA N° 187/2019,"EMENDA IMPOSITIVA N° 132/2019 AO PROJETO DE LEI ORDINÁRIA N° 187/2019, QUE ESTIMA A RECEITA E FIXA A DESPESA DO MUNICÍPIO PARA O EXERCÍCIO DE 2020.",Rafael Goffi Moreira,https://www.pindamonhangaba.sp.leg.br/proposicoes/0/0/0/0/117405#pesquisa
2019-11-26 00:00:00,EMENDA IMPOSITIVA N.º 133 AO PROJETO DE LEI ORDINÁRIA N° 187/2019,"EMENDA IMPOSITIVA N° 133/2019 AO PROJETO DE LEI ORDINÁRIA N° 187/2019, QUE ESTIMA A RECEITA E FIXA A DESPESA DO MUNICÍPIO PARA O EXERCÍCIO DE 2020.",Rafael Goffi Moreira,https://www.pindamonhangaba.sp.leg.br/proposicoes/0/0/0/0/117406#pesquisa
2019-11-26 00:00:00,EMENDA IMPOSITIVA N.º 134 AO PROJETO DE LEI ORDINÁRIA N° 187/2019,"EMENDA IMPOSITIVA N° 134/2019 AO PROJETO DE LEI ORDINÁRIA N° 187/2019, QUE ESTIMA A RECEITA E FIXA A DESPESA DO MUNICÍPIO PARA O EXERCÍCIO DE 2020.",Rafael Goffi Moreira,https://www.pindamonhangaba.sp.leg.br/proposicoes/0/0/0/0/117407#pesquisa
2019-11-26 00:00:00,EMENDA IMPOSITIVA N.º 135 AO PROJETO DE LEI ORDINÁRIA N° 187/2019,"EMENDA IMPOSITIVA N° 135/2019 AO PROJETO DE LEI ORDINÁRIA N° 187/2019, QUE ESTIMA A RECEITA E FIXA A DESPESA DO MUNICÍPIO PARA O EXERCÍCIO DE 2020.",Rafael Goffi Moreira,https://www.pindamonhangaba.sp.leg.br/proposicoes/0/0/0/0/117408#pesquisa
2019-11-26 00:00:00,EMENDA IMPOSITIVA N.º 136 AO PROJETO DE LEI ORDINÁRIA N° 187/2019,"EMENDA IMPOSITIVA N° 136/2019 AO PROJETO DE LEI ORDINÁRIA N° 187/2019, QUE ESTIMA A RECEITA E FIXA A DESPESA DO MUNICÍPIO PARA O EXERCÍCIO DE 2020.",Rafael Goffi Moreira,https://www.pindamonhangaba.sp.leg.br/proposicoes/0/0/0/0/117409#pesquisa
2019-11-26 00:00:00,EMENDA IMPOSITIVA N.º 137 AO PROJETO DE LEI ORDINÁRIA N° 187/2019,"EMENDA IMPOSITIVA N° 137/2019 AO PROJETO DE LEI ORDINÁRIA N° 187/2019, QUE ESTIMA A RECEITA E FIXA A DESPESA DO MUNICÍPIO PARA O EXERCÍCIO DE 2020.",Rafael Goffi Moreira,https://www.pindamonhangaba.sp.leg.br/proposicoes/0/0/0/0/117410#pesquisa
2019-11-26 00:00:00,EMENDA IMPOSITIVA N.º 138 AO PROJETO DE LEI ORDINÁRIA N° 187/2019,"EMENDA IMPOSITIVA N° 138/2019 AO PROJETO DE LEI ORDINÁRIA N° 187/2019, QUE ESTIMA A RECEITA E FIXA A DESPESA DO MUNICÍPIO PARA O EXERCÍCIO DE 2020.",Rafael Goffi Moreira,https://www.pindamonhangaba.sp.leg.br/proposicoes/0/0/0/0/117411#pesquisa
2019-11-26 00:00:00,EMENDA IMPOSITIVA N.º 139 AO PROJETO DE LEI ORDINÁRIA N° 187/2019,"EMENDA IMPOSITIVA N° 139/2019 AO PROJETO DE LEI ORDINÁRIA N° 187/2019, QUE ESTIMA A RECEITA E FIXA A DESPESA DO MUNICÍPIO PARA O EXERCÍCIO DE 2020.",Rafael Goffi Moreira,https://www.pindamonhangaba.sp.leg.br/proposicoes/0/0/0/0/117412#pesquisa
2019-11-26 00:00:00,EMENDA IMPOSITIVA N.º 140 AO PROJETO DE LEI ORDINÁRIA N° 187/2019,"EMENDA IMPOSITIVA N° 140/2019 AO PROJETO DE LEI ORDINÁRIA N° 187/2019, QUE ESTIMA A RECEITA E FIXA A DESPESA DO MUNICÍPIO PARA O EXERCÍCIO DE 2020.",Rafael Goffi Moreira,https://www.pindamonhangaba.sp.leg.br/proposicoes/0/0/0/0/117413#pesquisa
2019-11-26 00:00:00,EMENDA IMPOSITIVA N.º 141 AO PROJETO DE LEI ORDINÁRIA N° 187/2019,"EMENDA IMPOSITIVA N° 141/2019 AO PROJETO DE LEI ORDINÁRIA N° 187/2019, QUE ESTIMA A RECEITA E FIXA A DESPESA DO MUNICÍPIO PARA O EXERCÍCIO DE 2020.",Rafael Goffi Moreira,https://www.pindamonhangaba.sp.leg.br/proposicoes/0/0/0/0/117414#pesquisa
2019-11-26 00:00:00,EMENDA IMPOSITIVA N.º 142 AO PROJETO DE LEI ORDINÁRIA N° 187/2019,"EMENDA IMPOSITIVA N° 142/2019 AO PROJETO DE LEI ORDINÁRIA N° 187/2019, QUE ESTIMA A RECEITA E FIXA A DESPESA DO MUNICÍPIO PARA O EXERCÍCIO DE 2020.",Rafael Goffi Moreira,https://www.pindamonhangaba.sp.leg.br/proposicoes/0/0/0/0/117415#pesquisa
2019-11-26 00:00:00,EMENDA IMPOSITIVA N.º 143 AO PROJETO DE LEI ORDINÁRIA N° 187/2019,"EMENDA IMPOSITIVA N° 143/2019 AO PROJETO DE LEI ORDINÁRIA N° 187/2019, QUE ESTIMA A RECEITA E FIXA A DESPESA DO MUNICÍPIO PARA O EXERCÍCIO DE 2020.",Rafael Goffi Moreira,https://www.pindamonhangaba.sp.leg.br/proposicoes/0/0/0/0/117416#pesquisa
2019-11-26 00:00:00,EMENDA IMPOSITIVA N.º 144 AO PROJETO DE LEI ORDINÁRIA N° 187/2019,"EMENDA IMPOSITIVA N° 144/2019 AO PROJETO DE LEI ORDINÁRIA N° 187/2019, QUE ESTIMA A RECEITA E FIXA A DESPESA DO MUNICÍPIO PARA O EXERCÍCIO DE 2020.",Rafael Goffi Moreira,https://www.pindamonhangaba.sp.leg.br/proposicoes/0/0/0/0/117417#pesquisa
2019-11-26 00:00:00,EMENDA IMPOSITIVA N.º 145 AO PROJETO DE LEI ORDINÁRIA N° 187/2019,"EMENDA IMPOSITIVA N° 145/2019 AO PROJETO DE LEI ORDINÁRIA N° 187/2019, QUE ESTIMA A RECEITA E FIXA A DESPESA DO MUNICÍPIO PARA O EXERCÍCIO DE 2020.",Rafael Goffi Moreira,https://www.pindamonhangaba.sp.leg.br/proposicoes/0/0/0/0/117418#pesquisa
2019-11-26 00:00:00,EMENDA IMPOSITIVA N.º 146 AO PROJETO DE LEI ORDINÁRIA N° 187/2019,"EMENDA IMPOSITIVA N° 146/2019 AO PROJETO DE LEI ORDINÁRIA N° 187/2019, QUE ESTIMA A RECEITA E FIXA A DESPESA DO MUNICÍPIO PARA O EXERCÍCIO DE 2020.",Rafael Goffi Moreira,https://www.pindamonhangaba.sp.leg.br/proposicoes/0/0/0/0/117419#pesquisa
2019-11-26 00:00:00,EMENDA IMPOSITIVA N.º 147 AO PROJETO DE LEI ORDINÁRIA N° 187/2019,"EMENDA IMPOSITIVA N° 147/2019 AO PROJETO DE LEI ORDINÁRIA N° 187/2019, QUE ESTIMA A RECEITA E FIXA A DESPESA DO MUNICÍPIO PARA O EXERCÍCIO DE 2020.",Rafael Goffi Moreira,https://www.pindamonhangaba.sp.leg.br/proposicoes/0/0/0/0/117420#pesquisa
2019-11-26 00:00:00,EMENDA IMPOSITIVA N.º 148 AO PROJETO DE LEI ORDINÁRIA N° 187/2019,"EMENDA IMPOSITIVA N° 148/2019 AO PROJETO DE LEI ORDINÁRIA N° 187/2019, QUE ESTIMA A RECEITA E FIXA A DESPESA DO MUNICÍPIO PARA O EXERCÍCIO DE 2020.",Rafael Goffi Moreira,https://www.pindamonhangaba.sp.leg.br/proposicoes/0/0/0/0/117421#pesquisa
2019-11-26 00:00:00,EMENDA IMPOSITIVA N.º 149 AO PROJETO DE LEI ORDINÁRIA N° 187/2019,"EMENDA IMPOSITIVA N° 149/2019 AO PROJETO DE LEI ORDINÁRIA N° 187/2019, QUE ESTIMA A RECEITA E FIXA A DESPESA DO MUNICÍPIO PARA O EXERCÍCIO DE 2020.",Rafael Goffi Moreira,https://www.pindamonhangaba.sp.leg.br/proposicoes/0/0/0/0/117422#pesquisa
2019-11-26 00:00:00,EMENDA IMPOSITIVA N.º 150 AO PROJETO DE LEI ORDINÁRIA N° 187/2019,"EMENDA IMPOSITIVA N° 150/2019 AO PROJETO DE LEI ORDINÁRIA N° 187/2019, QUE ESTIMA A RECEITA E FIXA A DESPESA DO MUNICÍPIO PARA O EXERCÍCIO DE 2020.",Rafael Goffi Moreira,https://www.pindamonhangaba.sp.leg.br/proposicoes/0/0/0/0/117423#pesquisa
2019-11-26 00:00:00,EMENDA IMPOSITIVA N.º 151 AO PROJETO DE LEI ORDINÁRIA N° 187/2019,"EMENDA IMPOSITIVA N° 151/2019 AO PROJETO DE LEI ORDINÁRIA N° 187/2019, QUE ESTIMA A RECEITA E FIXA A DESPESA DO MUNICÍPIO PARA O EXERCÍCIO DE 2020.",Rafael Goffi Moreira,https://www.pindamonhangaba.sp.leg.br/proposicoes/0/0/0/0/117424#pesquisa
2019-11-26 00:00:00,EMENDA IMPOSITIVA N.º 152 AO PROJETO DE LEI ORDINÁRIA N° 187/2019,"EMENDA IMPOSITIVA N° 152/2019 AO PROJETO DE LEI ORDINÁRIA N° 187/2019, QUE ESTIMA A RECEITA E FIXA A DESPESA DO MUNICÍPIO PARA O EXERCÍCIO DE 2020.",Rafael Goffi Moreira,https://www.pindamonhangaba.sp.leg.br/proposicoes/0/0/0/0/117425#pesquisa
2019-11-26 00:00:00,EMENDA IMPOSITIVA N.º 153 AO PROJETO DE LEI ORDINÁRIA N° 187/2019,"EMENDA IMPOSITIVA N° 153/2019 AO PROJETO DE LEI ORDINÁRIA N° 187/2019, QUE ESTIMA A RECEITA E FIXA A DESPESA DO MUNICÍPIO PARA O EXERCÍCIO DE 2020.",Rafael Goffi Moreira,https://www.pindamonhangaba.sp.leg.br/proposicoes/0/0/0/0/117426#pesquisa
2019-11-26 00:00:00,EMENDA IMPOSITIVA N.º 154 AO PROJETO DE LEI ORDINÁRIA N° 187/2019,"EMENDA IMPOSITIVA N° 154/2019 AO PROJETO DE LEI ORDINÁRIA N° 187/2019, QUE ESTIMA A RECEITA E FIXA A DESPESA DO MUNICÍPIO PARA O EXERCÍCIO DE 2020.",Rafael Goffi Moreira,https://www.pindamonhangaba.sp.leg.br/proposicoes/0/0/0/0/117427#pesquisa
2019-11-26 00:00:00,EMENDA IMPOSITIVA N.º 155 AO PROJETO DE LEI ORDINÁRIA N° 187/2019,"EMENDA IMPOSITIVA N° 155/2019 AO PROJETO DE LEI ORDINÁRIA N° 187/2019, QUE ESTIMA A RECEITA E FIXA A DESPESA DO MUNICÍPIO PARA O EXERCÍCIO DE 2020.",Rafael Goffi Moreira,https://www.pindamonhangaba.sp.leg.br/proposicoes/0/0/0/0/117428#pesquisa
2019-11-26 00:00:00,EMENDA IMPOSITIVA N.º 156 AO PROJETO DE LEI ORDINÁRIA N° 187/2019,"EMENDA IMPOSITIVA N° 156/2019 AO PROJETO DE LEI ORDINÁRIA N° 187/2019, QUE ESTIMA A RECEITA E FIXA A DESPESA DO MUNICÍPIO PARA O EXERCÍCIO DE 2020.",Rafael Goffi Moreira,https://www.pindamonhangaba.sp.leg.br/proposicoes/0/0/0/0/117429#pesquisa
2019-11-26 00:00:00,EMENDA IMPOSITIVA N.º 157 AO PROJETO DE LEI ORDINÁRIA N° 187/2019,"EMENDA IMPOSITIVA N° 157/2019 AO PROJETO DE LEI ORDINÁRIA N° 187/2019, QUE ESTIMA A RECEITA E FIXA A DESPESA DO MUNICÍPIO PARA O EXERCÍCIO DE 2020.",Rafael Goffi Moreira,https://www.pindamonhangaba.sp.leg.br/proposicoes/0/0/0/0/117430#pesquisa
2019-11-26 00:00:00,EMENDA IMPOSITIVA N.º 158 AO PROJETO DE LEI ORDINÁRIA N° 187/2019,"EMENDA IMPOSITIVA N° 158/2019 AO PROJETO DE LEI ORDINÁRIA N° 187/2019, QUE ESTIMA A RECEITA E FIXA A DESPESA DO MUNICÍPIO PARA O EXERCÍCIO DE 2020.",Rafael Goffi Moreira,https://www.pindamonhangaba.sp.leg.br/proposicoes/0/0/0/0/117431#pesquisa
2019-11-26 00:00:00,EMENDA IMPOSITIVA N.º 159 AO PROJETO DE LEI ORDINÁRIA N° 187/2019,"EMENDA IMPOSITIVA N° 159/2019 AO PROJETO DE LEI ORDINÁRIA N° 187/2019, QUE ESTIMA A RECEITA E FIXA A DESPESA DO MUNICÍPIO PARA O EXERCÍCIO DE 2020.",Rafael Goffi Moreira,https://www.pindamonhangaba.sp.leg.br/proposicoes/0/0/0/0/117432#pesquisa
2019-11-26 00:00:00,EMENDA IMPOSITIVA N.º 160 AO PROJETO DE LEI ORDINÁRIA N° 187/2019,"EMENDA IMPOSITIVA N° 160/2019 AO PROJETO DE LEI ORDINÁRIA N° 187/2019, QUE ESTIMA A RECEITA E FIXA A DESPESA DO MUNICÍPIO PARA O EXERCÍCIO DE 2020.",Jorge Pereira Alves,https://www.pindamonhangaba.sp.leg.br/proposicoes/0/0/0/0/117433#pesquisa
2019-11-26 00:00:00,EMENDA IMPOSITIVA N.º 161 AO PROJETO DE LEI ORDINÁRIA N° 187/2019,"EMENDA IMPOSITIVA N° 161/2019 AO PROJETO DE LEI ORDINÁRIA N° 187/2019, QUE ESTIMA A RECEITA E FIXA A DESPESA DO MUNICÍPIO PARA O EXERCÍCIO DE 2020.",Jorge Pereira Alves,https://www.pindamonhangaba.sp.leg.br/proposicoes/0/0/0/0/117434#pesquisa
2019-11-26 00:00:00,EMENDA IMPOSITIVA N.º 162 AO PROJETO DE LEI ORDINÁRIA N° 187/2019,"EMENDA IMPOSITIVA N° 162/2019 AO PROJETO DE LEI ORDINÁRIA N° 187/2019, QUE ESTIMA A RECEITA E FIXA A DESPESA DO MUNICÍPIO PARA O EXERCÍCIO DE 2020.",Jorge Pereira Alves,https://www.pindamonhangaba.sp.leg.br/proposicoes/0/0/0/0/117435#pesquisa
2019-11-26 00:00:00,EMENDA IMPOSITIVA N.º 163 AO PROJETO DE LEI ORDINÁRIA N° 187/2019,"EMENDA IMPOSITIVA N° 163/2019 AO PROJETO DE LEI ORDINÁRIA N° 187/2019, QUE ESTIMA A RECEITA E FIXA A DESPESA DO MUNICÍPIO PARA O EXERCÍCIO DE 2020.",Jorge Pereira Alves,https://www.pindamonhangaba.sp.leg.br/proposicoes/0/0/0/0/117436#pesquisa
2019-11-26 00:00:00,EMENDA IMPOSITIVA N.º 164 AO PROJETO DE LEI ORDINÁRIA N° 187/2019,"EMENDA IMPOSITIVA N° 164/2019 AO PROJETO DE LEI ORDINÁRIA N° 187/2019, QUE ESTIMA A RECEITA E FIXA A DESPESA DO MUNICÍPIO PARA O EXERCÍCIO DE 2020.",Jorge Pereira Alves,https://www.pindamonhangaba.sp.leg.br/proposicoes/0/0/0/0/117437#pesquisa
2019-11-26 00:00:00,EMENDA IMPOSITIVA N.º 165 AO PROJETO DE LEI ORDINÁRIA N° 187/2019,"EMENDA IMPOSITIVA N° 165/2019 AO PROJETO DE LEI ORDINÁRIA N° 187/2019, QUE ESTIMA A RECEITA E FIXA A DESPESA DO MUNICÍPIO PARA O EXERCÍCIO DE 2020.",Jorge Pereira Alves,https://www.pindamonhangaba.sp.leg.br/proposicoes/0/0/0/0/117438#pesquisa
2019-11-26 00:00:00,EMENDA IMPOSITIVA N.º 166 AO PROJETO DE LEI ORDINÁRIA N° 187/2019,"EMENDA IMPOSITIVA N° 166/2019 AO PROJETO DE LEI ORDINÁRIA N° 187/2019, QUE ESTIMA A RECEITA E FIXA A DESPESA DO MUNICÍPIO PARA O EXERCÍCIO DE 2020.",Jorge Pereira Alves,https://www.pindamonhangaba.sp.leg.br/proposicoes/0/0/0/0/117439#pesquisa
2019-11-26 00:00:00,EMENDA IMPOSITIVA N.º 167 AO PROJETO DE LEI ORDINÁRIA N° 187/2019,"EMENDA IMPOSITIVA N° 167/2019 AO PROJETO DE LEI ORDINÁRIA N° 187/2019, QUE ESTIMA A RECEITA E FIXA A DESPESA DO MUNICÍPIO PARA O EXERCÍCIO DE 2020.",Jorge Pereira Alves,https://www.pindamonhangaba.sp.leg.br/proposicoes/0/0/0/0/117440#pesquisa
2019-11-26 00:00:00,EMENDA IMPOSITIVA N.º 168 AO PROJETO DE LEI ORDINÁRIA N° 187/2019,"EMENDA IMPOSITIVA N° 168/2019 AO PROJETO DE LEI ORDINÁRIA N° 187/2019, QUE ESTIMA A RECEITA E FIXA A DESPESA DO MUNICÍPIO PARA O EXERCÍCIO DE 2020.",Jorge Pereira Alves,https://www.pindamonhangaba.sp.leg.br/proposicoes/0/0/0/0/117441#pesquisa
2019-11-26 00:00:00,EMENDA IMPOSITIVA N.º 169 AO PROJETO DE LEI ORDINÁRIA N° 187/2019,"EMENDA IMPOSITIVA N° 169/2019 AO PROJETO DE LEI ORDINÁRIA N° 187/2019, QUE ESTIMA A RECEITA E FIXA A DESPESA DO MUNICÍPIO PARA O EXERCÍCIO DE 2020.",Jorge Pereira Alves,https://www.pindamonhangaba.sp.leg.br/proposicoes/0/0/0/0/117442#pesquisa
2019-11-26 00:00:00,EMENDA IMPOSITIVA N.º 170 AO PROJETO DE LEI ORDINÁRIA N° 187/2019,"EMENDA IMPOSITIVA N° 170/2019 AO PROJETO DE LEI ORDINÁRIA N° 187/2019, QUE ESTIMA A RECEITA E FIXA A DESPESA DO MUNICÍPIO PARA O EXERCÍCIO DE 2020.",Jorge Pereira Alves,https://www.pindamonhangaba.sp.leg.br/proposicoes/0/0/0/0/117443#pesquisa
2019-11-26 00:00:00,EMENDA IMPOSITIVA N.º 171 AO PROJETO DE LEI ORDINÁRIA N° 187/2019,"EMENDA IMPOSITIVA N° 171/2019 AO PROJETO DE LEI ORDINÁRIA N° 187/2019, QUE ESTIMA A RECEITA E FIXA A DESPESA DO MUNICÍPIO PARA O EXERCÍCIO DE 2020.",Jorge Pereira Alves,https://www.pindamonhangaba.sp.leg.br/proposicoes/0/0/0/0/117444#pesquisa
2019-11-26 00:00:00,EMENDA IMPOSITIVA N.º 172 AO PROJETO DE LEI ORDINÁRIA N° 187/2019,"EMENDA IMPOSITIVA N° 172/2019 AO PROJETO DE LEI ORDINÁRIA N° 187/2019, QUE ESTIMA A RECEITA E FIXA A DESPESA DO MUNICÍPIO PARA O EXERCÍCIO DE 2020.",Jorge Pereira Alves,https://www.pindamonhangaba.sp.leg.br/proposicoes/0/0/0/0/117445#pesquisa
2019-11-26 00:00:00,EMENDA IMPOSITIVA N.º 173 AO PROJETO DE LEI ORDINÁRIA N° 187/2019,"EMENDA IMPOSITIVA N° 173/2019 AO PROJETO DE LEI ORDINÁRIA N° 187/2019, QUE ESTIMA A RECEITA E FIXA A DESPESA DO MUNICÍPIO PARA O EXERCÍCIO DE 2020.",Jorge Pereira Alves,https://www.pindamonhangaba.sp.leg.br/proposicoes/0/0/0/0/117446#pesquisa
2019-11-26 00:00:00,EMENDA IMPOSITIVA N.º 174 AO PROJETO DE LEI ORDINÁRIA N° 187/2019,"EMENDA IMPOSITIVA N° 174/2019 AO PROJETO DE LEI ORDINÁRIA N° 187/2019, QUE ESTIMA A RECEITA E FIXA A DESPESA DO MUNICÍPIO PARA O EXERCÍCIO DE 2020.",Jorge Pereira Alves,https://www.pindamonhangaba.sp.leg.br/proposicoes/0/0/0/0/117447#pesquisa
2019-11-26 00:00:00,EMENDA IMPOSITIVA N.º 175 AO PROJETO DE LEI ORDINÁRIA N° 187/2019,"EMENDA IMPOSITIVA N° 175/2019 AO PROJETO DE LEI ORDINÁRIA N° 187/2019, QUE ESTIMA A RECEITA E FIXA A DESPESA DO MUNICÍPIO PARA O EXERCÍCIO DE 2020.",Jorge Pereira Alves,https://www.pindamonhangaba.sp.leg.br/proposicoes/0/0/0/0/117448#pesquisa
2019-11-26 00:00:00,EMENDA IMPOSITIVA N.º 176 AO PROJETO DE LEI ORDINÁRIA N° 187/2019,"EMENDA IMPOSITIVA N° 176/2019 AO PROJETO DE LEI ORDINÁRIA N° 187/2019, QUE ESTIMA A RECEITA E FIXA A DESPESA DO MUNICÍPIO PARA O EXERCÍCIO DE 2020.",Jorge Pereira Alves,https://www.pindamonhangaba.sp.leg.br/proposicoes/0/0/0/0/117449#pesquisa
2019-11-26 00:00:00,EMENDA IMPOSITIVA N.º 177 AO PROJETO DE LEI ORDINÁRIA N° 187/2019,"EMENDA IMPOSITIVA N° 177/2019 AO PROJETO DE LEI ORDINÁRIA N° 187/2019, QUE ESTIMA A RECEITA E FIXA A DESPESA DO MUNICÍPIO PARA O EXERCÍCIO DE 2020.",Jorge Pereira Alves,https://www.pindamonhangaba.sp.leg.br/proposicoes/0/0/0/0/117450#pesquisa
2019-11-26 00:00:00,EMENDA IMPOSITIVA N.º 178 AO PROJETO DE LEI ORDINÁRIA N° 187/2019,"EMENDA IMPOSITIVA N° 178/2019 AO PROJETO DE LEI ORDINÁRIA N° 187/2019, QUE ESTIMA A RECEITA E FIXA A DESPESA DO MUNICÍPIO PARA O EXERCÍCIO DE 2020.",Jorge Pereira Alves,https://www.pindamonhangaba.sp.leg.br/proposicoes/0/0/0/0/117451#pesquisa
2019-11-26 00:00:00,EMENDA IMPOSITIVA N.º 179 AO PROJETO DE LEI ORDINÁRIA N° 187/2019,"EMENDA IMPOSITIVA N° 179/2019 AO PROJETO DE LEI ORDINÁRIA N° 187/2019, QUE ESTIMA A RECEITA E FIXA A DESPESA DO MUNICÍPIO PARA O EXERCÍCIO DE 2020.",Renato Cebola,https://www.pindamonhangaba.sp.leg.br/proposicoes/0/0/0/0/117452#pesquisa
2019-11-26 00:00:00,EMENDA IMPOSITIVA N.º 180 AO PROJETO DE LEI ORDINÁRIA N° 187/2019,"EMENDA IMPOSITIVA N° 180/2019 AO PROJETO DE LEI ORDINÁRIA N° 187/2019, QUE ESTIMA A RECEITA E FIXA A DESPESA DO MUNICÍPIO PARA O EXERCÍCIO DE 2020.",Renato Cebola,https://www.pindamonhangaba.sp.leg.br/proposicoes/0/0/0/0/117453#pesquisa
2019-11-26 00:00:00,EMENDA IMPOSITIVA N.º 181 AO PROJETO DE LEI ORDINÁRIA N° 187/2019,"EMENDA IMPOSITIVA N° 181/2019 AO PROJETO DE LEI ORDINÁRIA N° 187/2019, QUE ESTIMA A RECEITA E FIXA A DESPESA DO MUNICÍPIO PARA O EXERCÍCIO DE 2020.",Renato Cebola,https://www.pindamonhangaba.sp.leg.br/proposicoes/0/0/0/0/117454#pesquisa
2019-11-26 00:00:00,EMENDA IMPOSITIVA N.º 182 AO PROJETO DE LEI ORDINÁRIA N° 187/2019,"EMENDA IMPOSITIVA N° 182/2019 AO PROJETO DE LEI ORDINÁRIA N° 187/2019, QUE ESTIMA A RECEITA E FIXA A DESPESA DO MUNICÍPIO PARA O EXERCÍCIO DE 2020.",Renato Cebola,https://www.pindamonhangaba.sp.leg.br/proposicoes/0/0/0/0/117455#pesquisa
2019-11-26 00:00:00,EMENDA IMPOSITIVA N.º 183 AO PROJETO DE LEI ORDINÁRIA N° 187/2019,"EMENDA IMPOSITIVA N° 183/2019 AO PROJETO DE LEI ORDINÁRIA N° 187/2019, QUE ESTIMA A RECEITA E FIXA A DESPESA DO MUNICÍPIO PARA O EXERCÍCIO DE 2020.",Renato Cebola,https://www.pindamonhangaba.sp.leg.br/proposicoes/0/0/0/0/117456#pesquisa
2019-11-26 00:00:00,EMENDA IMPOSITIVA N.º 184 AO PROJETO DE LEI ORDINÁRIA N° 187/2019,"EMENDA IMPOSITIVA N° 184/2019 AO PROJETO DE LEI ORDINÁRIA N° 187/2019, QUE ESTIMA A RECEITA E FIXA A DESPESA DO MUNICÍPIO PARA O EXERCÍCIO DE 2020.",Renato Cebola,https://www.pindamonhangaba.sp.leg.br/proposicoes/0/0/0/0/117457#pesquisa
2019-11-26 00:00:00,EMENDA IMPOSITIVA N.º 185 AO PROJETO DE LEI ORDINÁRIA N° 187/2019,"EMENDA IMPOSITIVA N° 185/2019 AO PROJETO DE LEI ORDINÁRIA N° 187/2019, QUE ESTIMA A RECEITA E FIXA A DESPESA DO MUNICÍPIO PARA O EXERCÍCIO DE 2020.",Renato Cebola,https://www.pindamonhangaba.sp.leg.br/proposicoes/0/0/0/0/117458#pesquisa
2019-11-26 00:00:00,EMENDA IMPOSITIVA N.º 186 AO PROJETO DE LEI ORDINÁRIA N° 187/2019,"EMENDA IMPOSITIVA N° 186/2019 AO PROJETO DE LEI ORDINÁRIA N° 187/2019, QUE ESTIMA A RECEITA E FIXA A DESPESA DO MUNICÍPIO PARA O EXERCÍCIO DE 2020.",Renato Cebola,https://www.pindamonhangaba.sp.leg.br/proposicoes/0/0/0/0/117459#pesquisa
2019-11-26 00:00:00,EMENDA IMPOSITIVA N.º 187 AO PROJETO DE LEI ORDINÁRIA N° 187/2019,"EMENDA IMPOSITIVA N° 187/2019 AO PROJETO DE LEI ORDINÁRIA N° 187/2019, QUE ESTIMA A RECEITA E FIXA A DESPESA DO MUNICÍPIO PARA O EXERCÍCIO DE 2020.",Renato Cebola,https://www.pindamonhangaba.sp.leg.br/proposicoes/0/0/0/0/117460#pesquisa
2019-11-26 00:00:00,EMENDA IMPOSITIVA N.º 188 AO PROJETO DE LEI ORDINÁRIA N° 187/2019,"EMENDA IMPOSITIVA N° 188/2019 AO PROJETO DE LEI ORDINÁRIA N° 187/2019, QUE ESTIMA A RECEITA E FIXA A DESPESA DO MUNICÍPIO PARA O EXERCÍCIO DE 2020.",Renato Cebola,https://www.pindamonhangaba.sp.leg.br/proposicoes/0/0/0/0/117461#pesquisa
2019-11-26 00:00:00,EMENDA IMPOSITIVA N.º 189 AO PROJETO DE LEI ORDINÁRIA N° 187/2019,"EMENDA IMPOSITIVA N° 189/2019 AO PROJETO DE LEI ORDINÁRIA N° 187/2019, QUE ESTIMA A RECEITA E FIXA A DESPESA DO MUNICÍPIO PARA O EXERCÍCIO DE 2020.",Renato Cebola,https://www.pindamonhangaba.sp.leg.br/proposicoes/0/0/0/0/117462#pesquisa
2019-11-26 00:00:00,EMENDA IMPOSITIVA N.º 190 AO PROJETO DE LEI ORDINÁRIA N° 187/2019,"EMENDA IMPOSITIVA N° 190/2019 AO PROJETO DE LEI ORDINÁRIA N° 187/2019, QUE ESTIMA A RECEITA E FIXA A DESPESA DO MUNICÍPIO PARA O EXERCÍCIO DE 2020.",Renato Cebola,https://www.pindamonhangaba.sp.leg.br/proposicoes/0/0/0/0/117463#pesquisa
2019-11-26 00:00:00,EMENDA IMPOSITIVA N.º 191 AO PROJETO DE LEI ORDINÁRIA N° 187/2019,"EMENDA IMPOSITIVA N° 191/2019 AO PROJETO DE LEI ORDINÁRIA N° 187/2019, QUE ESTIMA A RECEITA E FIXA A DESPESA DO MUNICÍPIO PARA O EXERCÍCIO DE 2020.",Renato Cebola,https://www.pindamonhangaba.sp.leg.br/proposicoes/0/0/0/0/117464#pesquisa
2019-11-26 00:00:00,EMENDA IMPOSITIVA N.º 192 AO PROJETO DE LEI ORDINÁRIA N° 187/2019,"EMENDA IMPOSITIVA N° 192/2019 AO PROJETO DE LEI ORDINÁRIA N° 187/2019, QUE ESTIMA A RECEITA E FIXA A DESPESA DO MUNICÍPIO PARA O EXERCÍCIO DE 2020.",Renato Cebola,https://www.pindamonhangaba.sp.leg.br/proposicoes/0/0/0/0/117465#pesquisa
2019-11-26 00:00:00,EMENDA IMPOSITIVA N.º 193 AO PROJETO DE LEI ORDINÁRIA N° 187/2019,"EMENDA IMPOSITIVA N° 193/2019 AO PROJETO DE LEI ORDINÁRIA N° 187/2019, QUE ESTIMA A RECEITA E FIXA A DESPESA DO MUNICÍPIO PARA O EXERCÍCIO DE 2020.",Renato Cebola,https://www.pindamonhangaba.sp.leg.br/proposicoes/0/0/0/0/117466#pesquisa
2019-11-26 00:00:00,EMENDA IMPOSITIVA N.º 194 AO PROJETO DE LEI ORDINÁRIA N° 187/2019,"EMENDA IMPOSITIVA N° 194/2019 AO PROJETO DE LEI ORDINÁRIA N° 187/2019, QUE ESTIMA A RECEITA E FIXA A DESPESA DO MUNICÍPIO PARA O EXERCÍCIO DE 2020.",Renato Cebola,https://www.pindamonhangaba.sp.leg.br/proposicoes/0/0/0/0/117467#pesquisa
2019-11-26 00:00:00,EMENDA IMPOSITIVA N.º 195 AO PROJETO DE LEI ORDINÁRIA N° 187/2019,"EMENDA IMPOSITIVA N° 195/2019 AO PROJETO DE LEI ORDINÁRIA N° 187/2019, QUE ESTIMA A RECEITA E FIXA A DESPESA DO MUNICÍPIO PARA O EXERCÍCIO DE 2020.",Renato Cebola,https://www.pindamonhangaba.sp.leg.br/proposicoes/0/0/0/0/117468#pesquisa
2019-11-26 00:00:00,EMENDA IMPOSITIVA N.º 196 AO PROJETO DE LEI ORDINÁRIA N° 187/2019,"EMENDA IMPOSITIVA N° 196/2019 AO PROJETO DE LEI ORDINÁRIA N° 187/2019, QUE ESTIMA A RECEITA E FIXA A DESPESA DO MUNICÍPIO PARA O EXERCÍCIO DE 2020.",Renato Cebola,https://www.pindamonhangaba.sp.leg.br/proposicoes/0/0/0/0/117469#pesquisa
2019-11-26 00:00:00,EMENDA IMPOSITIVA N.º 197 AO PROJETO DE LEI ORDINÁRIA N° 187/2019,"EMENDA IMPOSITIVA N° 197/2019 AO PROJETO DE LEI ORDINÁRIA N° 187/2019, QUE ESTIMA A RECEITA E FIXA A DESPESA DO MUNICÍPIO PARA O EXERCÍCIO DE 2020.",Renato Cebola,https://www.pindamonhangaba.sp.leg.br/proposicoes/0/0/0/0/117470#pesquisa
2019-11-26 00:00:00,EMENDA IMPOSITIVA N.º 198 AO PROJETO DE LEI ORDINÁRIA N° 187/2019,"EMENDA IMPOSITIVA N° 198/2019 AO PROJETO DE LEI ORDINÁRIA N° 187/2019, QUE ESTIMA A RECEITA E FIXA A DESPESA DO MUNICÍPIO PARA O EXERCÍCIO DE 2020.",Renato Cebola,https://www.pindamonhangaba.sp.leg.br/proposicoes/0/0/0/0/117471#pesquisa
2019-11-26 00:00:00,EMENDA IMPOSITIVA N.º 199 AO PROJETO DE LEI ORDINÁRIA N° 187/2019,"EMENDA IMPOSITIVA N° 199/2019 AO PROJETO DE LEI ORDINÁRIA N° 187/2019, QUE ESTIMA A RECEITA E FIXA A DESPESA DO MUNICÍPIO PARA O EXERCÍCIO DE 2020.",Renato Cebola,https://www.pindamonhangaba.sp.leg.br/proposicoes/0/0/0/0/117472#pesquisa
2019-11-26 00:00:00,EMENDA IMPOSITIVA N.º 200 AO PROJETO DE LEI ORDINÁRIA N° 187/2019,"EMENDA IMPOSITIVA N° 200/2019 AO PROJETO DE LEI ORDINÁRIA N° 187/2019, QUE ESTIMA A RECEITA E FIXA A DESPESA DO MUNICÍPIO PARA O EXERCÍCIO DE 2020.",Renato Cebola,https://www.pindamonhangaba.sp.leg.br/proposicoes/0/0/0/0/117473#pesquisa
2019-11-26 00:00:00,EMENDA IMPOSITIVA N.º 201 AO PROJETO DE LEI ORDINÁRIA N° 187/2019,"EMENDA IMPOSITIVA N° 201/2019 AO PROJETO DE LEI ORDINÁRIA N° 187/2019, QUE ESTIMA A RECEITA E FIXA A DESPESA DO MUNICÍPIO PARA O EXERCÍCIO DE 2020.",Renato Cebola,https://www.pindamonhangaba.sp.leg.br/proposicoes/0/0/0/0/117474#pesquisa
2019-11-26 00:00:00,EMENDA IMPOSITIVA N.º 202 AO PROJETO DE LEI ORDINÁRIA N° 187/2019,"EMENDA IMPOSITIVA N° 202/2019 AO PROJETO DE LEI ORDINÁRIA N° 187/2019, QUE ESTIMA A RECEITA E FIXA A DESPESA DO MUNICÍPIO PARA O EXERCÍCIO DE 2020.",Renato Cebola,https://www.pindamonhangaba.sp.leg.br/proposicoes/0/0/0/0/117475#pesquisa
2019-11-26 00:00:00,EMENDA IMPOSITIVA N.º 203 AO PROJETO DE LEI ORDINÁRIA N° 187/2019,"EMENDA IMPOSITIVA N° 203/2019 AO PROJETO DE LEI ORDINÁRIA N° 187/2019, QUE ESTIMA A RECEITA E FIXA A DESPESA DO MUNICÍPIO PARA O EXERCÍCIO DE 2020.",Carlos Moura - Magrão,https://www.pindamonhangaba.sp.leg.br/proposicoes/0/0/0/0/117476#pesquisa
2019-11-26 00:00:00,EMENDA IMPOSITIVA N.º 204 AO PROJETO DE LEI ORDINÁRIA N° 187/2019,"EMENDA IMPOSITIVA N° 204/2019 AO PROJETO DE LEI ORDINÁRIA N° 187/2019, QUE ESTIMA A RECEITA E FIXA A DESPESA DO MUNICÍPIO PARA O EXERCÍCIO DE 2020.",Carlos Moura - Magrão,https://www.pindamonhangaba.sp.leg.br/proposicoes/0/0/0/0/117477#pesquisa
2019-11-26 00:00:00,EMENDA IMPOSITIVA N.º 205 AO PROJETO DE LEI ORDINÁRIA N° 187/2019,"EMENDA IMPOSITIVA N° 205/2019 AO PROJETO DE LEI ORDINÁRIA N° 187/2019, QUE ESTIMA A RECEITA E FIXA A DESPESA DO MUNICÍPIO PARA O EXERCÍCIO DE 2020.",Carlos Moura - Magrão,https://www.pindamonhangaba.sp.leg.br/proposicoes/0/0/0/0/117478#pesquisa
2019-11-26 00:00:00,EMENDA IMPOSITIVA N.º 206 AO PROJETO DE LEI ORDINÁRIA N° 187/2019,"EMENDA IMPOSITIVA N° 206/2019 AO PROJETO DE LEI ORDINÁRIA N° 187/2019, QUE ESTIMA A RECEITA E FIXA A DESPESA DO MUNICÍPIO PARA O EXERCÍCIO DE 2020.",Carlos Moura - Magrão,https://www.pindamonhangaba.sp.leg.br/proposicoes/0/0/0/0/117479#pesquisa
2019-11-26 00:00:00,EMENDA IMPOSITIVA N.º 207 AO PROJETO DE LEI ORDINÁRIA N° 187/2019,"EMENDA IMPOSITIVA N° 207/2019 AO PROJETO DE LEI ORDINÁRIA N° 187/2019, QUE ESTIMA A RECEITA E FIXA A DESPESA DO MUNICÍPIO PARA O EXERCÍCIO DE 2020.",Carlos Moura - Magrão,https://www.pindamonhangaba.sp.leg.br/proposicoes/0/0/0/0/117480#pesquisa
2019-11-26 00:00:00,EMENDA IMPOSITIVA N.º 208 AO PROJETO DE LEI ORDINÁRIA N° 187/2019,"EMENDA IMPOSITIVA N° 208/2019 AO PROJETO DE LEI ORDINÁRIA N° 187/2019, QUE ESTIMA A RECEITA E FIXA A DESPESA DO MUNICÍPIO PARA O EXERCÍCIO DE 2020.",Carlos Moura - Magrão,https://www.pindamonhangaba.sp.leg.br/proposicoes/0/0/0/0/117481#pesquisa
2019-11-26 00:00:00,EMENDA IMPOSITIVA N.º 209 AO PROJETO DE LEI ORDINÁRIA N° 187/2019,"EMENDA IMPOSITIVA N° 209/2019 AO PROJETO DE LEI ORDINÁRIA N° 187/2019, QUE ESTIMA A RECEITA E FIXA A DESPESA DO MUNICÍPIO PARA O EXERCÍCIO DE 2020.",Carlos Moura - Magrão,https://www.pindamonhangaba.sp.leg.br/proposicoes/0/0/0/0/117482#pesquisa
2019-11-26 00:00:00,EMENDA IMPOSITIVA N.º 210 AO PROJETO DE LEI ORDINÁRIA N° 187/2019,"EMENDA IMPOSITIVA N° 210/2019 AO PROJETO DE LEI ORDINÁRIA N° 187/2019, QUE ESTIMA A RECEITA E FIXA A DESPESA DO MUNICÍPIO PARA O EXERCÍCIO DE 2020.",Carlos Moura - Magrão,https://www.pindamonhangaba.sp.leg.br/proposicoes/0/0/0/0/117483#pesquisa
2019-11-26 00:00:00,EMENDA IMPOSITIVA N.º 211 AO PROJETO DE LEI ORDINÁRIA N° 187/2019,"EMENDA IMPOSITIVA N° 211/2019 AO PROJETO DE LEI ORDINÁRIA N° 187/2019, QUE ESTIMA A RECEITA E FIXA A DESPESA DO MUNICÍPIO PARA O EXERCÍCIO DE 2020.",Carlos Moura - Magrão,https://www.pindamonhangaba.sp.leg.br/proposicoes/0/0/0/0/117484#pesquisa
2019-11-26 00:00:00,EMENDA IMPOSITIVA N.º 212 AO PROJETO DE LEI ORDINÁRIA N° 187/2019,"EMENDA IMPOSITIVA N° 212/2019 AO PROJETO DE LEI ORDINÁRIA N° 187/2019, QUE ESTIMA A RECEITA E FIXA A DESPESA DO MUNICÍPIO PARA O EXERCÍCIO DE 2020.",Carlos Moura - Magrão,https://www.pindamonhangaba.sp.leg.br/proposicoes/0/0/0/0/117485#pesquisa
2019-11-26 00:00:00,EMENDA IMPOSITIVA N.º 213 AO PROJETO DE LEI ORDINÁRIA N° 187/2019,"EMENDA IMPOSITIVA N° 213/2019 AO PROJETO DE LEI ORDINÁRIA N° 187/2019, QUE ESTIMA A RECEITA E FIXA A DESPESA DO MUNICÍPIO PARA O EXERCÍCIO DE 2020.",Carlos Moura - Magrão,https://www.pindamonhangaba.sp.leg.br/proposicoes/0/0/0/0/117486#pesquisa
2019-11-26 00:00:00,EMENDA IMPOSITIVA N.º 214 AO PROJETO DE LEI ORDINÁRIA N° 187/2019,"EMENDA IMPOSITIVA N° 214/2019 AO PROJETO DE LEI ORDINÁRIA N° 187/2019, QUE ESTIMA A RECEITA E FIXA A DESPESA DO MUNICÍPIO PARA O EXERCÍCIO DE 2020.",Carlos Moura - Magrão,https://www.pindamonhangaba.sp.leg.br/proposicoes/0/0/0/0/117487#pesquisa
2019-11-26 00:00:00,EMENDA IMPOSITIVA N.º 215 AO PROJETO DE LEI ORDINÁRIA N° 187/2019,"EMENDA IMPOSITIVA N° 215/2019 AO PROJETO DE LEI ORDINÁRIA N° 187/2019, QUE ESTIMA A RECEITA E FIXA A DESPESA DO MUNICÍPIO PARA O EXERCÍCIO DE 2020.",Carlos Moura - Magrão,https://www.pindamonhangaba.sp.leg.br/proposicoes/0/0/0/0/117488#pesquisa
2019-11-26 00:00:00,EMENDA IMPOSITIVA N.º 216 AO PROJETO DE LEI ORDINÁRIA N° 187/2019,"EMENDA IMPOSITIVA N° 216/2019 AO PROJETO DE LEI ORDINÁRIA N° 187/2019, QUE ESTIMA A RECEITA E FIXA A DESPESA DO MUNICÍPIO PARA O EXERCÍCIO DE 2020.",Carlos Moura - Magrão,https://www.pindamonhangaba.sp.leg.br/proposicoes/0/0/0/0/117489#pesquisa
2019-11-26 00:00:00,EMENDA IMPOSITIVA N.º 217 AO PROJETO DE LEI ORDINÁRIA N° 187/2019,"EMENDA IMPOSITIVA N° 217/2019 AO PROJETO DE LEI ORDINÁRIA N° 187/2019, QUE ESTIMA A RECEITA E FIXA A DESPESA DO MUNICÍPIO PARA O EXERCÍCIO DE 2020.",Carlos Moura - Magrão,https://www.pindamonhangaba.sp.leg.br/proposicoes/0/0/0/0/117490#pesquisa
2019-11-26 00:00:00,EMENDA IMPOSITIVA N.º 218 AO PROJETO DE LEI ORDINÁRIA N° 187/2019,"EMENDA IMPOSITIVA N° 218/2019 AO PROJETO DE LEI ORDINÁRIA N° 187/2019, QUE ESTIMA A RECEITA E FIXA A DESPESA DO MUNICÍPIO PARA O EXERCÍCIO DE 2020.",Carlos Moura - Magrão,https://www.pindamonhangaba.sp.leg.br/proposicoes/0/0/0/0/117491#pesquisa
2019-11-26 00:00:00,EMENDA IMPOSITIVA N.º 219 AO PROJETO DE LEI ORDINÁRIA N° 187/2019,"EMENDA IMPOSITIVA N° 219/2019 AO PROJETO DE LEI ORDINÁRIA N° 187/2019, QUE ESTIMA A RECEITA E FIXA A DESPESA DO MUNICÍPIO PARA O EXERCÍCIO DE 2020.",Carlos Moura - Magrão,https://www.pindamonhangaba.sp.leg.br/proposicoes/0/0/0/0/117492#pesquisa
2019-11-26 00:00:00,EMENDA IMPOSITIVA N.º 220 AO PROJETO DE LEI ORDINÁRIA N° 187/2019,"EMENDA IMPOSITIVA N° 220/2019 AO PROJETO DE LEI ORDINÁRIA N° 187/2019, QUE ESTIMA A RECEITA E FIXA A DESPESA DO MUNICÍPIO PARA O EXERCÍCIO DE 2020.",Carlos Moura - Magrão,https://www.pindamonhangaba.sp.leg.br/proposicoes/0/0/0/0/117493#pesquisa
2019-11-26 00:00:00,EMENDA IMPOSITIVA N.º 221 AO PROJETO DE LEI ORDINÁRIA N° 187/2019,"EMENDA IMPOSITIVA N° 221/2019 AO PROJETO DE LEI ORDINÁRIA N° 187/2019, QUE ESTIMA A RECEITA E FIXA A DESPESA DO MUNICÍPIO PARA O EXERCÍCIO DE 2020.",Carlos Moura - Magrão,https://www.pindamonhangaba.sp.leg.br/proposicoes/0/0/0/0/117494#pesquisa
2019-11-26 00:00:00,EMENDA IMPOSITIVA N.º 222 AO PROJETO DE LEI ORDINÁRIA N° 187/2019,"EMENDA IMPOSITIVA N° 222/2019 AO PROJETO DE LEI ORDINÁRIA N° 187/2019, QUE ESTIMA A RECEITA E FIXA A DESPESA DO MUNICÍPIO PARA O EXERCÍCIO DE 2020.",Carlos Moura - Magrão,https://www.pindamonhangaba.sp.leg.br/proposicoes/0/0/0/0/117495#pesquisa
2019-11-26 00:00:00,EMENDA IMPOSITIVA N.º 223 AO PROJETO DE LEI ORDINÁRIA N° 187/2019,"EMENDA IMPOSITIVA N° 223/2019 AO PROJETO DE LEI ORDINÁRIA N° 187/2019, QUE ESTIMA A RECEITA E FIXA A DESPESA DO MUNICÍPIO PARA O EXERCÍCIO DE 2020.",Carlos Moura - Magrão,https://www.pindamonhangaba.sp.leg.br/proposicoes/0/0/0/0/117496#pesquisa
2019-11-26 00:00:00,EMENDA IMPOSITIVA N.º 224 AO PROJETO DE LEI ORDINÁRIA N° 187/2019,"EMENDA IMPOSITIVA N° 224/2019 AO PROJETO DE LEI ORDINÁRIA N° 187/2019, QUE ESTIMA A RECEITA E FIXA A DESPESA DO MUNICÍPIO PARA O EXERCÍCIO DE 2020.",Carlos Moura - Magrão,https://www.pindamonhangaba.sp.leg.br/proposicoes/0/0/0/0/117497#pesquisa
2019-11-26 00:00:00,EMENDA IMPOSITIVA N.º 225 AO PROJETO DE LEI ORDINÁRIA N° 187/2019,"EMENDA IMPOSITIVA N° 225/2019 AO PROJETO DE LEI ORDINÁRIA N° 187/2019, QUE ESTIMA A RECEITA E FIXA A DESPESA DO MUNICÍPIO PARA O EXERCÍCIO DE 2020.",Carlos Moura - Magrão,https://www.pindamonhangaba.sp.leg.br/proposicoes/0/0/0/0/117498#pesquisa
2019-11-26 00:00:00,EMENDA IMPOSITIVA N.º 226 AO PROJETO DE LEI ORDINÁRIA N° 187/2019,"EMENDA IMPOSITIVA N° 226/2019 AO PROJETO DE LEI ORDINÁRIA N° 187/2019, QUE ESTIMA A RECEITA E FIXA A DESPESA DO MUNICÍPIO PARA O EXERCÍCIO DE 2020.",Carlos Moura - Magrão,https://www.pindamonhangaba.sp.leg.br/proposicoes/0/0/0/0/117499#pesquisa
2019-11-26 00:00:00,EMENDA IMPOSITIVA N.º 227 AO PROJETO DE LEI ORDINÁRIA N° 187/2019,"EMENDA IMPOSITIVA N° 227/2019 AO PROJETO DE LEI ORDINÁRIA N° 187/2019, QUE ESTIMA A RECEITA E FIXA A DESPESA DO MUNICÍPIO PARA O EXERCÍCIO DE 2020.",Carlos Moura - Magrão,https://www.pindamonhangaba.sp.leg.br/proposicoes/0/0/0/0/117500#pesquisa
2019-11-26 00:00:00,EMENDA IMPOSITIVA N.º 228 AO PROJETO DE LEI ORDINÁRIA N° 187/2019,"EMENDA IMPOSITIVA N° 228/2019 AO PROJETO DE LEI ORDINÁRIA N° 187/2019, QUE ESTIMA A RECEITA E FIXA A DESPESA DO MUNICÍPIO PARA O EXERCÍCIO DE 2020.",Carlos Moura - Magrão,https://www.pindamonhangaba.sp.leg.br/proposicoes/0/0/0/0/117501#pesquisa
2019-11-20 00:00:00,EMENDA IMPOSITIVA INDIVIDUAL N.º 027/2019,"EMENDA IMPOSITIVA N° 27 AO PROJETO DE LEI N° 187/2019, QUE ESTIMA A RECEITA E FIXA A DESPESA DO MUNICÍPIO PARA O EXERCÍCIO DE 2020.",Vereadores,https://www.pindamonhangaba.sp.leg.br/proposicoes/0/0/0/0/117760#pesquisa
2019-11-20 00:00:00,EMENDA IMPOSITIVA INDIVIDUAL N.º 028/2019,"EMENDA IMPOSITIVA N° 28 AO PROJETO DE LEI N° 187/2019, QUE ESTIMA A RECEITA E FIXA A DESPESA DO MUNICÍPIO PARA O EXERCÍCIO DE 2020.",Vereadores,https://www.pindamonhangaba.sp.leg.br/proposicoes/0/0/0/0/117761#pesquisa
2019-11-20 00:00:00,EMENDA IMPOSITIVA INDIVIDUAL N.º 029/2019,"EMENDA IMPOSITIVA N° 29 AO PROJETO DE LEI N° 187/2019, QUE ESTIMA A RECEITA E FIXA A DESPESA DO MUNICÍPIO PARA O EXERCÍCIO DE 2020.",Vereadores,https://www.pindamonhangaba.sp.leg.br/proposicoes/0/0/0/0/117762#pesquisa
2019-11-20 00:00:00,EMENDA IMPOSITIVA INDIVIDUAL N.º 030/2019,"EMENDA IMPOSITIVA N° 30 AO PROJETO DE LEI N° 187/2019, QUE ESTIMA A RECEITA E FIXA A DESPESA DO MUNICÍPIO PARA O EXERCÍCIO DE 2020.",Vereadores,https://www.pindamonhangaba.sp.leg.br/proposicoes/0/0/0/0/117763#pesquisa
2019-11-20 00:00:00,EMENDA IMPOSITIVA INDIVIDUAL N.º 031/2019,"EMENDA IMPOSITIVA N° 31 AO PROJETO DE LEI N° 187/2019, QUE ESTIMA A RECEITA E FIXA A DESPESA DO MUNICÍPIO PARA O EXERCÍCIO DE 2020.",Vereadores,https://www.pindamonhangaba.sp.leg.br/proposicoes/0/0/0/0/117764#pesquisa
2019-11-20 00:00:00,EMENDA IMPOSITIVA INDIVIDUAL N.º 032/2019,"EMENDA IMPOSITIVA N° 32 AO PROJETO DE LEI N° 187/2019, QUE ESTIMA A RECEITA E FIXA A DESPESA DO MUNICÍPIO PARA O EXERCÍCIO DE 2020.",Vereadores,https://www.pindamonhangaba.sp.leg.br/proposicoes/0/0/0/0/117765#pesquisa
2019-11-20 00:00:00,EMENDA IMPOSITIVA INDIVIDUAL N.º 033/2019,"EMENDA IMPOSITIVA N° 33 AO PROJETO DE LEI N° 187/2019, QUE ESTIMA A RECEITA E FIXA A DESPESA DO MUNICÍPIO PARA O EXERCÍCIO DE 2020.",Vereadores,https://www.pindamonhangaba.sp.leg.br/proposicoes/0/0/0/0/117766#pesquisa
2019-11-20 00:00:00,EMENDA IMPOSITIVA INDIVIDUAL N.º 034/2019,"EMENDA IMPOSITIVA N°34 AO PROJETO DE LEI N° 187/2019, QUE ESTIMA A RECEITA E FIXA A DESPESA DO MUNICÍPIO PARA O EXERCÍCIO DE 2020.",Vereadores,https://www.pindamonhangaba.sp.leg.br/proposicoes/0/0/0/0/117767#pesquisa
2019-11-20 00:00:00,EMENDA IMPOSITIVA INDIVIDUAL N.º 035/2019,"EMENDA IMPOSITIVA N° 35 AO PROJETO DE LEI N° 187/2019, QUE ESTIMA A RECEITA E FIXA A DESPESA DO MUNICÍPIO PARA O EXERCÍCIO DE 2020.",Vereadores,https://www.pindamonhangaba.sp.leg.br/proposicoes/0/0/0/0/117768#pesquisa
2019-11-20 00:00:00,EMENDA IMPOSITIVA INDIVIDUAL N.º 036/2019,"EMENDA IMPOSITIVA N° 36 AO PROJETO DE LEI N° 187/2019, QUE ESTIMA A RECEITA E FIXA A DESPESA DO MUNICÍPIO PARA O EXERCÍCIO DE 2020.",Vereadores,https://www.pindamonhangaba.sp.leg.br/proposicoes/0/0/0/0/117769#pesquisa
2019-11-20 00:00:00,EMENDA IMPOSITIVA INDIVIDUAL N.º 037/2019,"EMENDA IMPOSITIVA N° 37 AO PROJETO DE LEI N° 187/2019, QUE ESTIMA A RECEITA E FIXA A DESPESA DO MUNICÍPIO PARA O EXERCÍCIO DE 2020.",Vereadores,https://www.pindamonhangaba.sp.leg.br/proposicoes/0/0/0/0/117770#pesquisa
2019-11-20 00:00:00,EMENDA IMPOSITIVA INDIVIDUAL N.º 038/2019,"EMENDA IMPOSITIVA N° 38 AO PROJETO DE LEI N° 187/2019, QUE ESTIMA A RECEITA E FIXA A DESPESA DO MUNICÍPIO PARA O EXERCÍCIO DE 2020.",Vereadores,https://www.pindamonhangaba.sp.leg.br/proposicoes/0/0/0/0/117771#pesquisa
2019-11-20 00:00:00,EMENDA IMPOSITIVA INDIVIDUAL N.º 039/2019,"EMENDA IMPOSITIVA N° 39 AO PROJETO DE LEI N° 187/2019, QUE ESTIMA A RECEITA E FIXA A DESPESA DO MUNICÍPIO PARA O EXERCÍCIO DE 2020.",Vereadores,https://www.pindamonhangaba.sp.leg.br/proposicoes/0/0/0/0/117772#pesquisa
2019-11-20 00:00:00,EMENDA IMPOSITIVA INDIVIDUAL N.º 040/2019,"EMENDA IMPOSITIVA N° 40 AO PROJETO DE LEI N° 187/2019, QUE ESTIMA A RECEITA E FIXA A DESPESA DO MUNICÍPIO PARA O EXERCÍCIO DE 2020.",Vereadores,https://www.pindamonhangaba.sp.leg.br/proposicoes/0/0/0/0/117773#pesquisa
2019-11-20 00:00:00,EMENDA IMPOSITIVA INDIVIDUAL N.º 041/2019,"EMENDA IMPOSITIVA N° 41 AO PROJETO DE LEI N° 187/2019, QUE ESTIMA A RECEITA E FIXA A DESPESA DO MUNICÍPIO PARA O EXERCÍCIO DE 2020.",Vereadores,https://www.pindamonhangaba.sp.leg.br/proposicoes/0/0/0/0/117774#pesquisa
2019-11-20 00:00:00,EMENDA IMPOSITIVA INDIVIDUAL N.º 042/2019,"EMENDA IMPOSITIVA N° 42 AO PROJETO DE LEI N° 187/2019, QUE ESTIMA A RECEITA E FIXA A DESPESA DO MUNICÍPIO PARA O EXERCÍCIO DE 2020.",Vereadores,https://www.pindamonhangaba.sp.leg.br/proposicoes/0/0/0/0/117775#pesquisa
2019-11-20 00:00:00,EMENDA IMPOSITIVA INDIVIDUAL N.º 043/2019,"EMENDA IMPOSITIVA N° 43 AO PROJETO DE LEI N° 187/2019, QUE ESTIMA A RECEITA E FIXA A DESPESA DO MUNICÍPIO PARA O EXERCÍCIO DE 2020.",Vereadores,https://www.pindamonhangaba.sp.leg.br/proposicoes/0/0/0/0/117776#pesquisa
2019-11-20 00:00:00,EMENDA IMPOSITIVA INDIVIDUAL N.º 044/2019,"EMENDA IMPOSITIVA N° 44 AO PROJETO DE LEI N° 187/2019, QUE ESTIMA A RECEITA E FIXA A DESPESA DO MUNICÍPIO PARA O EXERCÍCIO DE 2020.",Vereadores,https://www.pindamonhangaba.sp.leg.br/proposicoes/0/0/0/0/117777#pesquisa
2019-11-20 00:00:00,EMENDA IMPOSITIVA INDIVIDUAL N.º 045/2019,"EMENDA IMPOSITIVA N° 45 AO PROJETO DE LEI N° 187/2019, QUE ESTIMA A RECEITA E FIXA A DESPESA DO MUNICÍPIO PARA O EXERCÍCIO DE 2020.",Vereadores,https://www.pindamonhangaba.sp.leg.br/proposicoes/0/0/0/0/117778#pesquisa
2019-11-20 00:00:00,EMENDA IMPOSITIVA INDIVIDUAL N.º 046/2019,"EMENDA IMPOSITIVA N° 46 AO PROJETO DE LEI N° 187/2019, QUE ESTIMA A RECEITA E FIXA A DESPESA DO MUNICÍPIO PARA O EXERCÍCIO DE 2020.",Vereadores,https://www.pindamonhangaba.sp.leg.br/proposicoes/0/0/0/0/117779#pesquisa
2019-11-20 00:00:00,EMENDA IMPOSITIVA INDIVIDUAL N.º 047/2019,"EMENDA IMPOSITIVA N° 47 AO PROJETO DE LEI N° 187/2019, QUE ESTIMA A RECEITA E FIXA A DESPESA DO MUNICÍPIO PARA O EXERCÍCIO DE 2020.",Vereadores,https://www.pindamonhangaba.sp.leg.br/proposicoes/0/0/0/0/117780#pesquisa
2019-11-20 00:00:00,EMENDA IMPOSITIVA INDIVIDUAL N.º 048/2019,"EMENDA IMPOSITIVA N° 48 AO PROJETO DE LEI N° 187/2019, QUE ESTIMA A RECEITA E FIXA A DESPESA DO MUNICÍPIO PARA O EXERCÍCIO DE 2020.",Vereadores,https://www.pindamonhangaba.sp.leg.br/proposicoes/0/0/0/0/117781#pesquisa
2019-11-20 00:00:00,EMENDA IMPOSITIVA INDIVIDUAL N.º 049/2019,"EMENDA IMPOSITIVA N° 49 AO PROJETO DE LEI N° 187/2019, QUE ESTIMA A RECEITA E FIXA A DESPESA DO MUNICÍPIO PARA O EXERCÍCIO DE 2020.",Vereadores,https://www.pindamonhangaba.sp.leg.br/proposicoes/0/0/0/0/117782#pesquisa
2019-11-20 00:00:00,EMENDA IMPOSITIVA INDIVIDUAL N.º 050/2019,"EMENDA IMPOSITIVA N°50 AO PROJETO DE LEI N° 187/2019, QUE ESTIMA A RECEITA E FIXA A DESPESA DO MUNICÍPIO PARA O EXERCÍCIO DE 2020.",Vereadores,https://www.pindamonhangaba.sp.leg.br/proposicoes/0/0/0/0/117783#pesquisa
2019-11-20 00:00:00,EMENDA IMPOSITIVA INDIVIDUAL N.º 051/2019,"EMENDA IMPOSITIVA N°51 AO PROJETO DE LEI N° 187/2019, QUE ESTIMA A RECEITA E FIXA A DESPESA DO MUNICÍPIO PARA O EXERCÍCIO DE 2020.",Vereadores,https://www.pindamonhangaba.sp.leg.br/proposicoes/0/0/0/0/117784#pesquisa
2019-11-20 00:00:00,EMENDA IMPOSITIVA INDIVIDUAL N.º 052/2019,"EMENDA IMPOSITIVA N° 52 AO PROJETO DE LEI N° 187/2019, QUE ESTIMA A RECEITA E FIXA A DESPESA DO MUNICÍPIO PARA O EXERCÍCIO DE 2020.",Vereadores,https://www.pindamonhangaba.sp.leg.br/proposicoes/0/0/0/0/117785#pesquisa
2019-11-20 00:00:00,EMENDA IMPOSITIVA INDIVIDUAL N.º 053/2019,"EMENDA IMPOSITIVA N° 53 AO PROJETO DE LEI N° 187/2019, QUE ESTIMA A RECEITA E FIXA A DESPESA DO MUNICÍPIO PARA O EXERCÍCIO DE 2020.",Vereadores,https://www.pindamonhangaba.sp.leg.br/proposicoes/0/0/0/0/117786#pesquisa
2019-11-20 00:00:00,EMENDA IMPOSITIVA INDIVIDUAL N.º 054/2019,"EMENDA IMPOSITIVA N° 54 AO PROJETO DE LEI N° 187/2019, QUE ESTIMA A RECEITA E FIXA A DESPESA DO MUNICÍPIO PARA O EXERCÍCIO DE 2020.",Vereadores,https://www.pindamonhangaba.sp.leg.br/proposicoes/0/0/0/0/117787#pesquisa
2019-11-20 00:00:00,EMENDA IMPOSITIVA INDIVIDUAL N.º 055/2019,"EMENDA IMPOSITIVA N° 55 AO PROJETO DE LEI N° 187/2019, QUE ESTIMA A RECEITA E FIXA A DESPESA DO MUNICÍPIO PARA O EXERCÍCIO DE 2020.",Vereadores,https://www.pindamonhangaba.sp.leg.br/proposicoes/0/0/0/0/117788#pesquisa
2019-11-20 00:00:00,EMENDA IMPOSITIVA INDIVIDUAL N.º 056/2019,"EMENDA IMPOSITIVA N° 56 AO PROJETO DE LEI N° 187/2019, QUE ESTIMA A RECEITA E FIXA A DESPESA DO MUNICÍPIO PARA O EXERCÍCIO DE 2020.",Vereadores,https://www.pindamonhangaba.sp.leg.br/proposicoes/0/0/0/0/117789#pesquisa
2019-11-20 00:00:00,EMENDA IMPOSITIVA INDIVIDUAL N.º 057/2019,"EMENDA IMPOSITIVA N° 57 AO PROJETO DE LEI N° 187/2019, QUE ESTIMA A RECEITA E FIXA A DESPESA DO MUNICÍPIO PARA O EXERCÍCIO DE 2020.",Vereadores,https://www.pindamonhangaba.sp.leg.br/proposicoes/0/0/0/0/117790#pesquisa
2019-11-20 00:00:00,EMENDA IMPOSITIVA INDIVIDUAL N.º 058/2019,"EMENDA IMPOSITIVA N° 58 AO PROJETO DE LEI N° 187/2019, QUE ESTIMA A RECEITA E FIXA A DESPESA DO MUNICÍPIO PARA O EXERCÍCIO DE 2020.",Vereadores,https://www.pindamonhangaba.sp.leg.br/proposicoes/0/0/0/0/117791#pesquisa
2019-11-20 00:00:00,EMENDA IMPOSITIVA INDIVIDUAL N.º 059/2019,"EMENDA IMPOSITIVA N° 59 AO PROJETO DE LEI N° 187/2019, QUE ESTIMA A RECEITA E FIXA A DESPESA DO MUNICÍPIO PARA O EXERCÍCIO DE 2020.",Vereadores,https://www.pindamonhangaba.sp.leg.br/proposicoes/0/0/0/0/117792#pesquisa
2019-11-20 00:00:00,EMENDA IMPOSITIVA INDIVIDUAL N.º 060/2019,"EMENDA IMPOSITIVA N° 60 AO PROJETO DE LEI N° 187/2019, QUE ESTIMA A RECEITA E FIXA A DESPESA DO MUNICÍPIO PARA O EXERCÍCIO DE 2020.",Vereadores,https://www.pindamonhangaba.sp.leg.br/proposicoes/0/0/0/0/117793#pesquisa
2019-11-20 00:00:00,EMENDA IMPOSITIVA INDIVIDUAL N.º 061/2019,"EMENDA IMPOSITIVA N° 61 AO PROJETO DE LEI N° 187/2019, QUE ESTIMA A RECEITA E FIXA A DESPESA DO MUNICÍPIO PARA O EXERCÍCIO DE 2020.",Vereadores,https://www.pindamonhangaba.sp.leg.br/proposicoes/0/0/0/0/117794#pesquisa
2019-11-20 00:00:00,EMENDA IMPOSITIVA INDIVIDUAL N.º 062/2019,"EMENDA IMPOSITIVA N° 62 AO PROJETO DE LEI N° 187/2019, QUE ESTIMA A RECEITA E FIXA A DESPESA DO MUNICÍPIO PARA O EXERCÍCIO DE 2020.",Vereadores,https://www.pindamonhangaba.sp.leg.br/proposicoes/0/0/0/0/117795#pesquisa
2019-11-20 00:00:00,EMENDA IMPOSITIVA INDIVIDUAL N.º 063/2019,"EMENDA IMPOSITIVA N° 63 AO PROJETO DE LEI N° 187/2019, QUE ESTIMA A RECEITA E FIXA A DESPESA DO MUNICÍPIO PARA O EXERCÍCIO DE 2020.",Vereadores,https://www.pindamonhangaba.sp.leg.br/proposicoes/0/0/0/0/117796#pesquisa
2019-11-20 00:00:00,EMENDA IMPOSITIVA INDIVIDUAL N.º 064/2019,"EMENDA IMPOSITIVA N° 64 AO PROJETO DE LEI N° 187/2019, QUE ESTIMA A RECEITA E FIXA A DESPESA DO MUNICÍPIO PARA O EXERCÍCIO DE 2020.",Vereadores,https://www.pindamonhangaba.sp.leg.br/proposicoes/0/0/0/0/117797#pesquisa
2019-11-20 00:00:00,EMENDA IMPOSITIVA INDIVIDUAL N.º 065/2019,"EMENDA IMPOSITIVA N° 65 AO PROJETO DE LEI N° 187/2019, QUE ESTIMA A RECEITA E FIXA A DESPESA DO MUNICÍPIO PARA O EXERCÍCIO DE 2020.",Vereadores,https://www.pindamonhangaba.sp.leg.br/proposicoes/0/0/0/0/117798#pesquisa
2019-11-20 00:00:00,EMENDA IMPOSITIVA INDIVIDUAL N.º 066/2019,"EMENDA IMPOSITIVA N° 66 AO PROJETO DE LEI N° 187/2019, QUE ESTIMA A RECEITA E FIXA A DESPESA DO MUNICÍPIO PARA O EXERCÍCIO DE 2020.",Vereadores,https://www.pindamonhangaba.sp.leg.br/proposicoes/0/0/0/0/117799#pesquisa
2019-11-20 00:00:00,EMENDA IMPOSITIVA INDIVIDUAL N.º 067/2019,"EMENDA IMPOSITIVA N° 67 AO PROJETO DE LEI N° 187/2019, QUE ESTIMA A RECEITA E FIXA A DESPESA DO MUNICÍPIO PARA O EXERCÍCIO DE 2020.",Vereadores,https://www.pindamonhangaba.sp.leg.br/proposicoes/0/0/0/0/117800#pesquisa
2019-11-20 00:00:00,EMENDA IMPOSITIVA INDIVIDUAL N.º 068/2019,"EMENDA IMPOSITIVA N° 68 AO PROJETO DE LEI N° 187/2019, QUE ESTIMA A RECEITA E FIXA A DESPESA DO MUNICÍPIO PARA O EXERCÍCIO DE 2020.",Vereadores,https://www.pindamonhangaba.sp.leg.br/proposicoes/0/0/0/0/117801#pesquisa
2019-11-20 00:00:00,EMENDA IMPOSITIVA INDIVIDUAL N.º 069/2019,"EMENDA IMPOSITIVA N° 69 AO PROJETO DE LEI N° 187/2019, QUE ESTIMA A RECEITA E FIXA A DESPESA DO MUNICÍPIO PARA O EXERCÍCIO DE 2020.",Vereadores,https://www.pindamonhangaba.sp.leg.br/proposicoes/0/0/0/0/117802#pesquisa
2019-11-20 00:00:00,EMENDA IMPOSITIVA INDIVIDUAL N.º 070/2019,"EMENDA IMPOSITIVA N° 70 AO PROJETO DE LEI N° 187/2019, QUE ESTIMA A RECEITA E FIXA A DESPESA DO MUNICÍPIO PARA O EXERCÍCIO DE 2020.",Vereadores,https://www.pindamonhangaba.sp.leg.br/proposicoes/0/0/0/0/117803#pesquisa
2019-11-20 00:00:00,EMENDA IMPOSITIVA INDIVIDUAL N.º 071/2019,"EMENDA IMPOSITIVA N° 71 AO PROJETO DE LEI N° 187/2019, QUE ESTIMA A RECEITA E FIXA A DESPESA DO MUNICÍPIO PARA O EXERCÍCIO DE 2020.",Vereadores,https://www.pindamonhangaba.sp.leg.br/proposicoes/0/0/0/0/117804#pesquisa
2019-11-20 00:00:00,EMENDA IMPOSITIVA INDIVIDUAL N.º 072/2019,"EMENDA IMPOSITIVA N° 72 AO PROJETO DE LEI N° 187/2019, QUE ESTIMA A RECEITA E FIXA A DESPESA DO MUNICÍPIO PARA O EXERCÍCIO DE 2020.",Vereadores,https://www.pindamonhangaba.sp.leg.br/proposicoes/0/0/0/0/117805#pesquisa
2019-11-20 00:00:00,EMENDA IMPOSITIVA INDIVIDUAL N.º 073/2019,"EMENDA IMPOSITIVA N° 73 AO PROJETO DE LEI N° 187/2019, QUE ESTIMA A RECEITA E FIXA A DESPESA DO MUNICÍPIO PARA O EXERCÍCIO DE 2020.",Vereadores,https://www.pindamonhangaba.sp.leg.br/proposicoes/0/0/0/0/117806#pesquisa
2019-11-20 00:00:00,EMENDA IMPOSITIVA INDIVIDUAL N.º 074/2019,"EMENDA IMPOSITIVA N° 74 AO PROJETO DE LEI N° 187/2019, QUE ESTIMA A RECEITA E FIXA A DESPESA DO MUNICÍPIO PARA O EXERCÍCIO DE 2020.",Vereadores,https://www.pindamonhangaba.sp.leg.br/proposicoes/0/0/0/0/117807#pesquisa
2019-11-20 00:00:00,EMENDA IMPOSITIVA INDIVIDUAL N.º 075/2019,"EMENDA IMPOSITIVA N° 75 AO PROJETO DE LEI N° 187/2019, QUE ESTIMA A RECEITA E FIXA A DESPESA DO MUNICÍPIO PARA O EXERCÍCIO DE 2020.",Vereadores,https://www.pindamonhangaba.sp.leg.br/proposicoes/0/0/0/0/117808#pesquisa
2019-11-20 00:00:00,EMENDA IMPOSITIVA INDIVIDUAL N.º 076/2019,"EMENDA IMPOSITIVA N° 76 AO PROJETO DE LEI N° 187/2019, QUE ESTIMA A RECEITA E FIXA A DESPESA DO MUNICÍPIO PARA O EXERCÍCIO DE 2020.",Vereadores,https://www.pindamonhangaba.sp.leg.br/proposicoes/0/0/0/0/117809#pesquisa
2019-11-20 00:00:00,EMENDA IMPOSITIVA INDIVIDUAL N.º 077/2019,"EMENDA IMPOSITIVA N° 77 AO PROJETO DE LEI N° 187/2019, QUE ESTIMA A RECEITA E FIXA A DESPESA DO MUNICÍPIO PARA O EXERCÍCIO DE 2020.",Vereadores,https://www.pindamonhangaba.sp.leg.br/proposicoes/0/0/0/0/117810#pesquisa
2019-11-20 00:00:00,EMENDA IMPOSITIVA INDIVIDUAL N.º 078/2019,"EMENDA IMPOSITIVA N° 78 AO PROJETO DE LEI N° 187/2019, QUE ESTIMA A RECEITA E FIXA A DESPESA DO MUNICÍPIO PARA O EXERCÍCIO DE 2020.",Vereadores,https://www.pindamonhangaba.sp.leg.br/proposicoes/0/0/0/0/117811#pesquisa
2019-11-20 00:00:00,EMENDA IMPOSITIVA INDIVIDUAL N.º 079/2019,"EMENDA IMPOSITIVA N° 79 AO PROJETO DE LEI N° 187/2019, QUE ESTIMA A RECEITA E FIXA A DESPESA DO MUNICÍPIO PARA O EXERCÍCIO DE 2020.",Vereadores,https://www.pindamonhangaba.sp.leg.br/proposicoes/0/0/0/0/117812#pesquisa
2019-11-20 00:00:00,EMENDA IMPOSITIVA INDIVIDUAL N.º 080/2019,"EMENDA IMPOSITIVA N° 80 AO PROJETO DE LEI N° 187/2019, QUE ESTIMA A RECEITA E FIXA A DESPESA DO MUNICÍPIO PARA O EXERCÍCIO DE 2020.",Vereadores,https://www.pindamonhangaba.sp.leg.br/proposicoes/0/0/0/0/117813#pesquisa
2019-11-20 00:00:00,EMENDA IMPOSITIVA INDIVIDUAL N.º 081/2019,"EMENDA IMPOSITIVA N° 81 AO PROJETO DE LEI N° 187/2019, QUE ESTIMA A RECEITA E FIXA A DESPESA DO MUNICÍPIO PARA O EXERCÍCIO DE 2020.",Vereadores,https://www.pindamonhangaba.sp.leg.br/proposicoes/0/0/0/0/117814#pesquisa
2019-11-20 00:00:00,EMENDA IMPOSITIVA INDIVIDUAL N.º 082/2019,"EMENDA IMPOSITIVA N° 82 AO PROJETO DE LEI N° 187/2019, QUE ESTIMA A RECEITA E FIXA A DESPESA DO MUNICÍPIO PARA O EXERCÍCIO DE 2020.",Vereadores,https://www.pindamonhangaba.sp.leg.br/proposicoes/0/0/0/0/117815#pesquisa
2019-11-20 00:00:00,EMENDA IMPOSITIVA INDIVIDUAL N.º 083/2019,"EMENDA IMPOSITIVA N° 83 AO PROJETO DE LEI N° 187/2019, QUE ESTIMA A RECEITA E FIXA A DESPESA DO MUNICÍPIO PARA O EXERCÍCIO DE 2020.",Vereadores,https://www.pindamonhangaba.sp.leg.br/proposicoes/0/0/0/0/117816#pesquisa
2019-11-20 00:00:00,EMENDA IMPOSITIVA INDIVIDUAL N.º 084/2019,"EMENDA IMPOSITIVA N° 84 AO PROJETO DE LEI N° 187/2019, QUE ESTIMA A RECEITA E FIXA A DESPESA DO MUNICÍPIO PARA O EXERCÍCIO DE 2020.",Vereadores,https://www.pindamonhangaba.sp.leg.br/proposicoes/0/0/0/0/117817#pesquisa
2019-11-20 00:00:00,EMENDA IMPOSITIVA INDIVIDUAL N.º 085/2019,"EMENDA IMPOSITIVA N° 85 AO PROJETO DE LEI N° 187/2019, QUE ESTIMA A RECEITA E FIXA A DESPESA DO MUNICÍPIO PARA O EXERCÍCIO DE 2020.",Vereadores,https://www.pindamonhangaba.sp.leg.br/proposicoes/0/0/0/0/117818#pesquisa
2019-11-20 00:00:00,EMENDA IMPOSITIVA INDIVIDUAL N.º 086/2019,"EMENDA IMPOSITIVA N° 86 AO PROJETO DE LEI N° 187/2019, QUE ESTIMA A RECEITA E FIXA A DESPESA DO MUNICÍPIO PARA O EXERCÍCIO DE 2020.",Vereadores,https://www.pindamonhangaba.sp.leg.br/proposicoes/0/0/0/0/117819#pesquisa
2019-11-20 00:00:00,EMENDA IMPOSITIVA INDIVIDUAL N.º 087/2019,"EMENDA IMPOSITIVA N° 87 AO PROJETO DE LEI N° 187/2019, QUE ESTIMA A RECEITA E FIXA A DESPESA DO MUNICÍPIO PARA O EXERCÍCIO DE 2020.",Vereadores,https://www.pindamonhangaba.sp.leg.br/proposicoes/0/0/0/0/117820#pesquisa
2019-11-20 00:00:00,EMENDA IMPOSITIVA INDIVIDUAL N.º 088/2019,"EMENDA IMPOSITIVA N° 88 AO PROJETO DE LEI N° 187/2019, QUE ESTIMA A RECEITA E FIXA A DESPESA DO MUNICÍPIO PARA O EXERCÍCIO DE 2020.",Vereadores,https://www.pindamonhangaba.sp.leg.br/proposicoes/0/0/0/0/117821#pesquisa
2019-11-20 00:00:00,EMENDA IMPOSITIVA INDIVIDUAL N.º 089/2019,"EMENDA IMPOSITIVA N° 89 AO PROJETO DE LEI N° 187/2019, QUE ESTIMA A RECEITA E FIXA A DESPESA DO MUNICÍPIO PARA O EXERCÍCIO DE 2020.",Vereadores,https://www.pindamonhangaba.sp.leg.br/proposicoes/0/0/0/0/117822#pesquisa
2019-11-20 00:00:00,EMENDA IMPOSITIVA INDIVIDUAL N.º 090/2019,"EMENDA IMPOSITIVA N° 90 AO PROJETO DE LEI N° 187/2019, QUE ESTIMA A RECEITA E FIXA A DESPESA DO MUNICÍPIO PARA O EXERCÍCIO DE 2020.",Vereadores,https://www.pindamonhangaba.sp.leg.br/proposicoes/0/0/0/0/117823#pesquisa
2019-11-20 00:00:00,EMENDA IMPOSITIVA INDIVIDUAL N.º 091/2019,"EMENDA IMPOSITIVA N° 91 AO PROJETO DE LEI N° 187/2019, QUE ESTIMA A RECEITA E FIXA A DESPESA DO MUNICÍPIO PARA O EXERCÍCIO DE 2020.",Vereadores,https://www.pindamonhangaba.sp.leg.br/proposicoes/0/0/0/0/117824#pesquisa
2019-11-20 00:00:00,EMENDA IMPOSITIVA INDIVIDUAL N.º 092/2019,"EMENDA IMPOSITIVA N° 92 AO PROJETO DE LEI N° 187/2019, QUE ESTIMA A RECEITA E FIXA A DESPESA DO MUNICÍPIO PARA O EXERCÍCIO DE 2020.",Vereadores,https://www.pindamonhangaba.sp.leg.br/proposicoes/0/0/0/0/117825#pesquisa
2019-11-20 00:00:00,EMENDA IMPOSITIVA INDIVIDUAL N.º 093/2019,"EMENDA IMPOSITIVA N° 93 AO PROJETO DE LEI N° 187/2019, QUE ESTIMA A RECEITA E FIXA A DESPESA DO MUNICÍPIO PARA O EXERCÍCIO DE 2020.",Vereadores,https://www.pindamonhangaba.sp.leg.br/proposicoes/0/0/0/0/117826#pesquisa
2019-11-20 00:00:00,EMENDA IMPOSITIVA INDIVIDUAL N.º 094/2019,"EMENDA IMPOSITIVA N° 94 AO PROJETO DE LEI N° 187/2019, QUE ESTIMA A RECEITA E FIXA A DESPESA DO MUNICÍPIO PARA O EXERCÍCIO DE 2020.",Vereadores,https://www.pindamonhangaba.sp.leg.br/proposicoes/0/0/0/0/117827#pesquisa
2019-11-20 00:00:00,EMENDA IMPOSITIVA INDIVIDUAL N.º 095/2019,"EMENDA IMPOSITIVA N° 95 AO PROJETO DE LEI N° 187/2019, QUE ESTIMA A RECEITA E FIXA A DESPESA DO MUNICÍPIO PARA O EXERCÍCIO DE 2020.",Vereadores,https://www.pindamonhangaba.sp.leg.br/proposicoes/0/0/0/0/117828#pesquisa
2019-11-20 00:00:00,EMENDA IMPOSITIVA INDIVIDUAL N.º 096/2019,"EMENDA IMPOSITIVA N° 96 AO PROJETO DE LEI N° 187/2019, QUE ESTIMA A RECEITA E FIXA A DESPESA DO MUNICÍPIO PARA O EXERCÍCIO DE 2020.",Vereadores,https://www.pindamonhangaba.sp.leg.br/proposicoes/0/0/0/0/117829#pesquisa
2019-11-20 00:00:00,EMENDA IMPOSITIVA INDIVIDUAL N.º 097/2019,"EMENDA IMPOSITIVA N° 97 AO PROJETO DE LEI N° 187/2019, QUE ESTIMA A RECEITA E FIXA A DESPESA DO MUNICÍPIO PARA O EXERCÍCIO DE 2020.",Vereadores,https://www.pindamonhangaba.sp.leg.br/proposicoes/0/0/0/0/117830#pesquisa
2019-11-20 00:00:00,EMENDA IMPOSITIVA INDIVIDUAL N.º 098/2019,"EMENDA IMPOSITIVA N° 98 AO PROJETO DE LEI N° 187/2019, QUE ESTIMA A RECEITA E FIXA A DESPESA DO MUNICÍPIO PARA O EXERCÍCIO DE 2020.",Vereadores,https://www.pindamonhangaba.sp.leg.br/proposicoes/0/0/0/0/117831#pesquisa
2019-11-20 00:00:00,EMENDA IMPOSITIVA INDIVIDUAL N.º 099/2019,"EMENDA IMPOSITIVA N° 99 AO PROJETO DE LEI N° 187/2019, QUE ESTIMA A RECEITA E FIXA A DESPESA DO MUNICÍPIO PARA O EXERCÍCIO DE 2020.",Vereadores,https://www.pindamonhangaba.sp.leg.br/proposicoes/0/0/0/0/117832#pesquisa
2019-11-20 00:00:00,EMENDA IMPOSITIVA INDIVIDUAL N.º 100/2019,"EMENDA IMPOSITIVA N° 100 AO PROJETO DE LEI N° 187/2019, QUE ESTIMA A RECEITA E FIXA A DESPESA DO MUNICÍPIO PARA O EXERCÍCIO DE 2020.",Vereadores,https://www.pindamonhangaba.sp.leg.br/proposicoes/0/0/0/0/117833#pesquisa
2019-11-20 00:00:00,EMENDA IMPOSITIVA INDIVIDUAL N.º 101/2019,"EMENDA IMPOSITIVA N° 101 AO PROJETO DE LEI N° 187/2019, QUE ESTIMA A RECEITA E FIXA A DESPESA DO MUNICÍPIO PARA O EXERCÍCIO DE 2020.",Vereadores,https://www.pindamonhangaba.sp.leg.br/proposicoes/0/0/0/0/117834#pesquisa
2019-11-20 00:00:00,EMENDA IMPOSITIVA INDIVIDUAL N.º 102/2019,"EMENDA IMPOSITIVA N° 102 AO PROJETO DE LEI N° 187/2019, QUE ESTIMA A RECEITA E FIXA A DESPESA DO MUNICÍPIO PARA O EXERCÍCIO DE 2020.",Vereadores,https://www.pindamonhangaba.sp.leg.br/proposicoes/0/0/0/0/117835#pesquisa
2019-11-20 00:00:00,EMENDA IMPOSITIVA INDIVIDUAL N.º 103/2019,"EMENDA IMPOSITIVA N° 103 AO PROJETO DE LEI N° 187/2019, QUE ESTIMA A RECEITA E FIXA A DESPESA DO MUNICÍPIO PARA O EXERCÍCIO DE 2020.",Vereadores,https://www.pindamonhangaba.sp.leg.br/proposicoes/0/0/0/0/117836#pesquisa
2019-11-20 00:00:00,EMENDA IMPOSITIVA INDIVIDUAL N.º 104/2019,"EMENDA IMPOSITIVA N° 104 AO PROJETO DE LEI N° 187/2019, QUE ESTIMA A RECEITA E FIXA A DESPESA DO MUNICÍPIO PARA O EXERCÍCIO DE 2020.",Vereadores,https://www.pindamonhangaba.sp.leg.br/proposicoes/0/0/0/0/117837#pesquisa
2019-11-20 00:00:00,EMENDA IMPOSITIVA INDIVIDUAL N.º 105/2019,"EMENDA IMPOSITIVA N° 105 AO PROJETO DE LEI N° 187/2019, QUE ESTIMA A RECEITA E FIXA A DESPESA DO MUNICÍPIO PARA O EXERCÍCIO DE 2020.",Vereadores,https://www.pindamonhangaba.sp.leg.br/proposicoes/0/0/0/0/117838#pesquisa
2019-11-20 00:00:00,EMENDA IMPOSITIVA INDIVIDUAL N.º 106/2019,"EMENDA IMPOSITIVA N° 106 AO PROJETO DE LEI N° 187/2019, QUE ESTIMA A RECEITA E FIXA A DESPESA DO MUNICÍPIO PARA O EXERCÍCIO DE 2020.",Vereadores,https://www.pindamonhangaba.sp.leg.br/proposicoes/0/0/0/0/117839#pesquisa
2019-11-20 00:00:00,EMENDA IMPOSITIVA INDIVIDUAL N.º 107/2019,"EMENDA IMPOSITIVA N° 107 AO PROJETO DE LEI N° 187/2019, QUE ESTIMA A RECEITA E FIXA A DESPESA DO MUNICÍPIO PARA O EXERCÍCIO DE 2020.",Vereadores,https://www.pindamonhangaba.sp.leg.br/proposicoes/0/0/0/0/117840#pesquisa
2019-11-20 00:00:00,EMENDA IMPOSITIVA INDIVIDUAL N.º 108/2019,"EMENDA IMPOSITIVA N° 108 AO PROJETO DE LEI N° 187/2019, QUE ESTIMA A RECEITA E FIXA A DESPESA DO MUNICÍPIO PARA O EXERCÍCIO DE 2020.",Vereadores,https://www.pindamonhangaba.sp.leg.br/proposicoes/0/0/0/0/117841#pesquisa
2019-11-20 00:00:00,EMENDA IMPOSITIVA INDIVIDUAL N.º 109/2019,"EMENDA IMPOSITIVA N° 109 AO PROJETO DE LEI N° 187/2019, QUE ESTIMA A RECEITA E FIXA A DESPESA DO MUNICÍPIO PARA O EXERCÍCIO DE 2020.",Vereadores,https://www.pindamonhangaba.sp.leg.br/proposicoes/0/0/0/0/117842#pesquisa
2019-11-20 00:00:00,EMENDA IMPOSITIVA INDIVIDUAL N.º 110/2019,"EMENDA IMPOSITIVA N° 110 AO PROJETO DE LEI N° 187/2019, QUE ESTIMA A RECEITA E FIXA A DESPESA DO MUNICÍPIO PARA O EXERCÍCIO DE 2020.",Vereadores,https://www.pindamonhangaba.sp.leg.br/proposicoes/0/0/0/0/117843#pesquisa
2019-11-20 00:00:00,EMENDA IMPOSITIVA INDIVIDUAL N.º 111/2019,"EMENDA IMPOSITIVA N° 111 AO PROJETO DE LEI N° 187/2019, QUE ESTIMA A RECEITA E FIXA A DESPESA DO MUNICÍPIO PARA O EXERCÍCIO DE 2020.",Vereadores,https://www.pindamonhangaba.sp.leg.br/proposicoes/0/0/0/0/117844#pesquisa
2019-11-20 00:00:00,EMENDA IMPOSITIVA INDIVIDUAL N.º 112/2019,"EMENDA IMPOSITIVA N° 112 AO PROJETO DE LEI N° 187/2019, QUE ESTIMA A RECEITA E FIXA A DESPESA DO MUNICÍPIO PARA O EXERCÍCIO DE 2020.",Vereadores,https://www.pindamonhangaba.sp.leg.br/proposicoes/0/0/0/0/117845#pesquisa
2019-11-20 00:00:00,EMENDA IMPOSITIVA INDIVIDUAL N.º 113/2019,"EMENDA IMPOSITIVA N° 113 AO PROJETO DE LEI N° 187/2019, QUE ESTIMA A RECEITA E FIXA A DESPESA DO MUNICÍPIO PARA O EXERCÍCIO DE 2020.",Vereadores,https://www.pindamonhangaba.sp.leg.br/proposicoes/0/0/0/0/117846#pesquisa
2019-11-20 00:00:00,EMENDA IMPOSITIVA INDIVIDUAL N.º 114/2019,"EMENDA IMPOSITIVA N° 114 AO PROJETO DE LEI N° 187/2019, QUE ESTIMA A RECEITA E FIXA A DESPESA DO MUNICÍPIO PARA O EXERCÍCIO DE 2020.",Vereadores,https://www.pindamonhangaba.sp.leg.br/proposicoes/0/0/0/0/117847#pesquisa
2019-11-20 00:00:00,EMENDA IMPOSITIVA INDIVIDUAL N.º 115/2019,"EMENDA IMPOSITIVA N° 115 AO PROJETO DE LEI N° 187/2019, QUE ESTIMA A RECEITA E FIXA A DESPESA DO MUNICÍPIO PARA O EXERCÍCIO DE 2020.",Vereadores,https://www.pindamonhangaba.sp.leg.br/proposicoes/0/0/0/0/117848#pesquisa
2019-11-20 00:00:00,EMENDA IMPOSITIVA INDIVIDUAL N.º 116/2019,"EMENDA IMPOSITIVA N° 116 AO PROJETO DE LEI N° 187/2019, QUE ESTIMA A RECEITA E FIXA A DESPESA DO MUNICÍPIO PARA O EXERCÍCIO DE 2020.",Vereadores,https://www.pindamonhangaba.sp.leg.br/proposicoes/0/0/0/0/117849#pesquisa
2019-11-20 00:00:00,EMENDA IMPOSITIVA INDIVIDUAL N.º 117/2019,"EMENDA IMPOSITIVA N° 117 AO PROJETO DE LEI N° 187/2019, QUE ESTIMA A RECEITA E FIXA A DESPESA DO MUNICÍPIO PARA O EXERCÍCIO DE 2020.",Vereadores,https://www.pindamonhangaba.sp.leg.br/proposicoes/0/0/0/0/117850#pesquisa
2019-11-20 00:00:00,EMENDA IMPOSITIVA INDIVIDUAL N.º 118/2019,"EMENDA IMPOSITIVA N° 118 AO PROJETO DE LEI N° 187/2019, QUE ESTIMA A RECEITA E FIXA A DESPESA DO MUNICÍPIO PARA O EXERCÍCIO DE 2020.",Vereadores,https://www.pindamonhangaba.sp.leg.br/proposicoes/0/0/0/0/117851#pesquisa
2019-11-20 00:00:00,EMENDA IMPOSITIVA INDIVIDUAL N.º 119/2019,"EMENDA IMPOSITIVA N° 119 AO PROJETO DE LEI N° 187/2019, QUE ESTIMA A RECEITA E FIXA A DESPESA DO MUNICÍPIO PARA O EXERCÍCIO DE 2020.",Vereadores,https://www.pindamonhangaba.sp.leg.br/proposicoes/0/0/0/0/117852#pesquisa
2019-11-20 00:00:00,EMENDA IMPOSITIVA INDIVIDUAL N.º 120/2019,"EMENDA IMPOSITIVA N° 120 AO PROJETO DE LEI N° 187/2019, QUE ESTIMA A RECEITA E FIXA A DESPESA DO MUNICÍPIO PARA O EXERCÍCIO DE 2020.",Vereadores,https://www.pindamonhangaba.sp.leg.br/proposicoes/0/0/0/0/117853#pesquisa
2019-11-20 00:00:00,EMENDA IMPOSITIVA INDIVIDUAL N.º 121/2019,"EMENDA IMPOSITIVA N° 121 AO PROJETO DE LEI N° 187/2019, QUE ESTIMA A RECEITA E FIXA A DESPESA DO MUNICÍPIO PARA O EXERCÍCIO DE 2020.",Vereadores,https://www.pindamonhangaba.sp.leg.br/proposicoes/0/0/0/0/117854#pesquisa
2019-11-20 00:00:00,EMENDA IMPOSITIVA INDIVIDUAL N.º 122/2019,"EMENDA IMPOSITIVA N° 122 AO PROJETO DE LEI N° 187/2019, QUE ESTIMA A RECEITA E FIXA A DESPESA DO MUNICÍPIO PARA O EXERCÍCIO DE 2020.",Vereadores,https://www.pindamonhangaba.sp.leg.br/proposicoes/0/0/0/0/117855#pesquisa
2019-11-20 00:00:00,EMENDA IMPOSITIVA INDIVIDUAL N.º 123/2019,"EMENDA IMPOSITIVA N° 123 AO PROJETO DE LEI N° 187/2019, QUE ESTIMA A RECEITA E FIXA A DESPESA DO MUNICÍPIO PARA O EXERCÍCIO DE 2020.",Vereadores,https://www.pindamonhangaba.sp.leg.br/proposicoes/0/0/0/0/117856#pesquisa
2019-11-20 00:00:00,EMENDA IMPOSITIVA INDIVIDUAL N.º 124/2019,"EMENDA IMPOSITIVA N° 124 AO PROJETO DE LEI N° 187/2019, QUE ESTIMA A RECEITA E FIXA A DESPESA DO MUNICÍPIO PARA O EXERCÍCIO DE 2020.",Vereadores,https://www.pindamonhangaba.sp.leg.br/proposicoes/0/0/0/0/117857#pesquisa
2019-11-20 00:00:00,EMENDA IMPOSITIVA INDIVIDUAL N.º 125/2019,"EMENDA IMPOSITIVA N° 125 AO PROJETO DE LEI N° 187/2019, QUE ESTIMA A RECEITA E FIXA A DESPESA DO MUNICÍPIO PARA O EXERCÍCIO DE 2020.",Vereadores,https://www.pindamonhangaba.sp.leg.br/proposicoes/0/0/0/0/117858#pesquisa
2019-11-20 00:00:00,EMENDA IMPOSITIVA INDIVIDUAL N.º 126/2019,"EMENDA IMPOSITIVA N° 126 AO PROJETO DE LEI N° 187/2019, QUE ESTIMA A RECEITA E FIXA A DESPESA DO MUNICÍPIO PARA O EXERCÍCIO DE 2020.",Vereadores,https://www.pindamonhangaba.sp.leg.br/proposicoes/0/0/0/0/117859#pesquisa
2019-11-20 00:00:00,EMENDA IMPOSITIVA INDIVIDUAL N.º 127/2019,"EMENDA IMPOSITIVA N° 127 AO PROJETO DE LEI N° 187/2019, QUE ESTIMA A RECEITA E FIXA A DESPESA DO MUNICÍPIO PARA O EXERCÍCIO DE 2020.",Vereadores,https://www.pindamonhangaba.sp.leg.br/proposicoes/0/0/0/0/117860#pesquisa
2019-11-20 00:00:00,EMENDA IMPOSITIVA INDIVIDUAL N.º 128/2019,"EMENDA IMPOSITIVA N° 128 AO PROJETO DE LEI N° 187/2019, QUE ESTIMA A RECEITA E FIXA A DESPESA DO MUNICÍPIO PARA O EXERCÍCIO DE 2020.",Vereadores,https://www.pindamonhangaba.sp.leg.br/proposicoes/0/0/0/0/117861#pesquisa
2019-11-20 00:00:00,EMENDA IMPOSITIVA INDIVIDUAL N.º 129/2019,"EMENDA IMPOSITIVA N° 129 AO PROJETO DE LEI N° 187/2019, QUE ESTIMA A RECEITA E FIXA A DESPESA DO MUNICÍPIO PARA O EXERCÍCIO DE 2020.",Vereadores,https://www.pindamonhangaba.sp.leg.br/proposicoes/0/0/0/0/117862#pesquisa
2019-11-20 00:00:00,EMENDA IMPOSITIVA INDIVIDUAL N.º 130/2019,"EMENDA IMPOSITIVA N° 130 AO PROJETO DE LEI N° 187/2019, QUE ESTIMA A RECEITA E FIXA A DESPESA DO MUNICÍPIO PARA O EXERCÍCIO DE 2020.",Vereadores,https://www.pindamonhangaba.sp.leg.br/proposicoes/0/0/0/0/117863#pesquisa
2019-11-20 00:00:00,EMENDA IMPOSITIVA INDIVIDUAL N.º 131/2019,"EMENDA IMPOSITIVA N° 131 AO PROJETO DE LEI N° 187/2019, QUE ESTIMA A RECEITA E FIXA A DESPESA DO MUNICÍPIO PARA O EXERCÍCIO DE 2020.",Vereadores,https://www.pindamonhangaba.sp.leg.br/proposicoes/0/0/0/0/117864#pesquisa
2019-11-20 00:00:00,EMENDA IMPOSITIVA INDIVIDUAL N.º 132/2019,"EMENDA IMPOSITIVA N° 132 AO PROJETO DE LEI N° 187/2019, QUE ESTIMA A RECEITA E FIXA A DESPESA DO MUNICÍPIO PARA O EXERCÍCIO DE 2020.",Vereadores,https://www.pindamonhangaba.sp.leg.br/proposicoes/0/0/0/0/117865#pesquisa
2019-11-20 00:00:00,EMENDA IMPOSITIVA INDIVIDUAL N.º 133/2019,"EMENDA IMPOSITIVA N° 133 AO PROJETO DE LEI N° 187/2019, QUE ESTIMA A RECEITA E FIXA A DESPESA DO MUNICÍPIO PARA O EXERCÍCIO DE 2020.",Vereadores,https://www.pindamonhangaba.sp.leg.br/proposicoes/0/0/0/0/117866#pesquisa
2019-11-20 00:00:00,EMENDA IMPOSITIVA INDIVIDUAL N.º 134/2019,"EMENDA IMPOSITIVA N° 134 AO PROJETO DE LEI N° 187/2019, QUE ESTIMA A RECEITA E FIXA A DESPESA DO MUNICÍPIO PARA O EXERCÍCIO DE 2020.",Vereadores,https://www.pindamonhangaba.sp.leg.br/proposicoes/0/0/0/0/117867#pesquisa
2019-11-20 00:00:00,EMENDA IMPOSITIVA INDIVIDUAL N.º 135/2019,"EMENDA IMPOSITIVA N° 135 AO PROJETO DE LEI N° 187/2019, QUE ESTIMA A RECEITA E FIXA A DESPESA DO MUNICÍPIO PARA O EXERCÍCIO DE 2020.",Vereadores,https://www.pindamonhangaba.sp.leg.br/proposicoes/0/0/0/0/117868#pesquisa
2019-11-20 00:00:00,EMENDA IMPOSITIVA INDIVIDUAL N.º 136/2019,"EMENDA IMPOSITIVA N° 136 AO PROJETO DE LEI N° 187/2019, QUE ESTIMA A RECEITA E FIXA A DESPESA DO MUNICÍPIO PARA O EXERCÍCIO DE 2020.",Vereadores,https://www.pindamonhangaba.sp.leg.br/proposicoes/0/0/0/0/117869#pesquisa
2019-11-20 00:00:00,EMENDA IMPOSITIVA INDIVIDUAL N.º 137/2019,"EMENDA IMPOSITIVA N° 137 AO PROJETO DE LEI N° 187/2019, QUE ESTIMA A RECEITA E FIXA A DESPESA DO MUNICÍPIO PARA O EXERCÍCIO DE 2020.",Vereadores,https://www.pindamonhangaba.sp.leg.br/proposicoes/0/0/0/0/117870#pesquisa
2019-11-20 00:00:00,EMENDA IMPOSITIVA INDIVIDUAL N.º 138/2019,"EMENDA IMPOSITIVA N° 138 AO PROJETO DE LEI N° 187/2019, QUE ESTIMA A RECEITA E FIXA A DESPESA DO MUNICÍPIO PARA O EXERCÍCIO DE 2020.",Vereadores,https://www.pindamonhangaba.sp.leg.br/proposicoes/0/0/0/0/117871#pesquisa
2019-11-20 00:00:00,EMENDA IMPOSITIVA INDIVIDUAL N.º 139/2019,"EMENDA IMPOSITIVA N° 139 AO PROJETO DE LEI N° 187/2019, QUE ESTIMA A RECEITA E FIXA A DESPESA DO MUNICÍPIO PARA O EXERCÍCIO DE 2020.",Vereadores,https://www.pindamonhangaba.sp.leg.br/proposicoes/0/0/0/0/117872#pesquisa
2019-11-20 00:00:00,EMENDA IMPOSITIVA INDIVIDUAL N.º 140/2019,"EMENDA IMPOSITIVA N° 140 AO PROJETO DE LEI N° 187/2019, QUE ESTIMA A RECEITA E FIXA A DESPESA DO MUNICÍPIO PARA O EXERCÍCIO DE 2020.",Vereadores,https://www.pindamonhangaba.sp.leg.br/proposicoes/0/0/0/0/117873#pesquisa
2019-11-20 00:00:00,EMENDA IMPOSITIVA INDIVIDUAL N.º 141/2019,"EMENDA IMPOSITIVA N° 141 AO PROJETO DE LEI N° 187/2019, QUE ESTIMA A RECEITA E FIXA A DESPESA DO MUNICÍPIO PARA O EXERCÍCIO DE 2020.",Vereadores,https://www.pindamonhangaba.sp.leg.br/proposicoes/0/0/0/0/117874#pesquisa
2019-11-20 00:00:00,EMENDA IMPOSITIVA INDIVIDUAL N.º 142/2019,"EMENDA IMPOSITIVA N° 142 AO PROJETO DE LEI N° 187/2019, QUE ESTIMA A RECEITA E FIXA A DESPESA DO MUNICÍPIO PARA O EXERCÍCIO DE 2020.",Vereadores,https://www.pindamonhangaba.sp.leg.br/proposicoes/0/0/0/0/117875#pesquisa
2019-11-20 00:00:00,EMENDA IMPOSITIVA INDIVIDUAL N.º 143/2019,"EMENDA IMPOSITIVA N° 143 AO PROJETO DE LEI N° 187/2019, QUE ESTIMA A RECEITA E FIXA A DESPESA DO MUNICÍPIO PARA O EXERCÍCIO DE 2020.",Vereadores,https://www.pindamonhangaba.sp.leg.br/proposicoes/0/0/0/0/117876#pesquisa
2019-11-20 00:00:00,EMENDA IMPOSITIVA INDIVIDUAL N.º 144/2019,"EMENDA IMPOSITIVA N° 144 AO PROJETO DE LEI N° 187/2019, QUE ESTIMA A RECEITA E FIXA A DESPESA DO MUNICÍPIO PARA O EXERCÍCIO DE 2020.",Vereadores,https://www.pindamonhangaba.sp.leg.br/proposicoes/0/0/0/0/117877#pesquisa
2019-11-20 00:00:00,EMENDA IMPOSITIVA INDIVIDUAL N.º 145/2019,"EMENDA IMPOSITIVA N° 145 AO PROJETO DE LEI N° 187/2019, QUE ESTIMA A RECEITA E FIXA A DESPESA DO MUNICÍPIO PARA O EXERCÍCIO DE 2020.",Vereadores,https://www.pindamonhangaba.sp.leg.br/proposicoes/0/0/0/0/117878#pesquisa
2019-11-20 00:00:00,EMENDA IMPOSITIVA INDIVIDUAL N.º 146/2019,"EMENDA IMPOSITIVA N° 146 AO PROJETO DE LEI N° 187/2019, QUE ESTIMA A RECEITA E FIXA A DESPESA DO MUNICÍPIO PARA O EXERCÍCIO DE 2020.",Vereadores,https://www.pindamonhangaba.sp.leg.br/proposicoes/0/0/0/0/117879#pesquisa
2019-11-20 00:00:00,EMENDA IMPOSITIVA INDIVIDUAL N.º 147/2019,"EMENDA IMPOSITIVA N° 147 AO PROJETO DE LEI N° 187/2019, QUE ESTIMA A RECEITA E FIXA A DESPESA DO MUNICÍPIO PARA O EXERCÍCIO DE 2020.",Vereadores,https://www.pindamonhangaba.sp.leg.br/proposicoes/0/0/0/0/117880#pesquisa
2019-11-20 00:00:00,EMENDA IMPOSITIVA INDIVIDUAL N.º 148/2019,"EMENDA IMPOSITIVA N° 148 AO PROJETO DE LEI N° 187/2019, QUE ESTIMA A RECEITA E FIXA A DESPESA DO MUNICÍPIO PARA O EXERCÍCIO DE 2020.",Vereadores,https://www.pindamonhangaba.sp.leg.br/proposicoes/0/0/0/0/117881#pesquisa
2019-11-20 00:00:00,EMENDA IMPOSITIVA INDIVIDUAL N.º 149/2019,"EMENDA IMPOSITIVA N° 149 AO PROJETO DE LEI N° 187/2019, QUE ESTIMA A RECEITA E FIXA A DESPESA DO MUNICÍPIO PARA O EXERCÍCIO DE 2020.",Vereadores,https://www.pindamonhangaba.sp.leg.br/proposicoes/0/0/0/0/117882#pesquisa
2019-11-20 00:00:00,EMENDA IMPOSITIVA INDIVIDUAL N.º 150/2019,"EMENDA IMPOSITIVA N° 150 AO PROJETO DE LEI N° 187/2019, QUE ESTIMA A RECEITA E FIXA A DESPESA DO MUNICÍPIO PARA O EXERCÍCIO DE 2020.",Vereadores,https://www.pindamonhangaba.sp.leg.br/proposicoes/0/0/0/0/117883#pesquisa
2019-11-20 00:00:00,EMENDA IMPOSITIVA INDIVIDUAL N.º 151/2019,"EMENDA IMPOSITIVA N° 151 AO PROJETO DE LEI N° 187/2019, QUE ESTIMA A RECEITA E FIXA A DESPESA DO MUNICÍPIO PARA O EXERCÍCIO DE 2020.",Vereadores,https://www.pindamonhangaba.sp.leg.br/proposicoes/0/0/0/0/117884#pesquisa
2019-11-20 00:00:00,EMENDA IMPOSITIVA INDIVIDUAL N.º 152/2019,"EMENDA IMPOSITIVA N° 152 AO PROJETO DE LEI N° 187/2019, QUE ESTIMA A RECEITA E FIXA A DESPESA DO MUNICÍPIO PARA O EXERCÍCIO DE 2020.",Vereadores,https://www.pindamonhangaba.sp.leg.br/proposicoes/0/0/0/0/117885#pesquisa
2019-11-20 00:00:00,EMENDA IMPOSITIVA INDIVIDUAL N.º 153/2019,"EMENDA IMPOSITIVA N° 153 AO PROJETO DE LEI N° 187/2019, QUE ESTIMA A RECEITA E FIXA A DESPESA DO MUNICÍPIO PARA O EXERCÍCIO DE 2020.",Vereadores,https://www.pindamonhangaba.sp.leg.br/proposicoes/0/0/0/0/117886#pesquisa
2019-11-20 00:00:00,EMENDA IMPOSITIVA INDIVIDUAL N.º 154/2019,"EMENDA IMPOSITIVA N° 154 AO PROJETO DE LEI N° 187/2019, QUE ESTIMA A RECEITA E FIXA A DESPESA DO MUNICÍPIO PARA O EXERCÍCIO DE 2020.",Vereadores,https://www.pindamonhangaba.sp.leg.br/proposicoes/0/0/0/0/117887#pesquisa
2019-11-20 00:00:00,EMENDA IMPOSITIVA INDIVIDUAL N.º 155/2019,"EMENDA IMPOSITIVA N° 155 AO PROJETO DE LEI N° 187/2019, QUE ESTIMA A RECEITA E FIXA A DESPESA DO MUNICÍPIO PARA O EXERCÍCIO DE 2020.",Vereadores,https://www.pindamonhangaba.sp.leg.br/proposicoes/0/0/0/0/117888#pesquisa
2019-11-20 00:00:00,EMENDA IMPOSITIVA INDIVIDUAL N.º 156/2019,"EMENDA IMPOSITIVA N° 156 AO PROJETO DE LEI N° 187/2019, QUE ESTIMA A RECEITA E FIXA A DESPESA DO MUNICÍPIO PARA O EXERCÍCIO DE 2020.",Vereadores,https://www.pindamonhangaba.sp.leg.br/proposicoes/0/0/0/0/117889#pesquisa
2019-11-20 00:00:00,EMENDA IMPOSITIVA INDIVIDUAL N.º 157/2019,"EMENDA IMPOSITIVA N° 157 AO PROJETO DE LEI N° 187/2019, QUE ESTIMA A RECEITA E FIXA A DESPESA DO MUNICÍPIO PARA O EXERCÍCIO DE 2020.",Vereadores,https://www.pindamonhangaba.sp.leg.br/proposicoes/0/0/0/0/117890#pesquisa
2019-11-20 00:00:00,EMENDA IMPOSITIVA INDIVIDUAL N.º 158/2019,"EMENDA IMPOSITIVA N° 158 AO PROJETO DE LEI N° 187/2019, QUE ESTIMA A RECEITA E FIXA A DESPESA DO MUNICÍPIO PARA O EXERCÍCIO DE 2020.",Vereadores,https://www.pindamonhangaba.sp.leg.br/proposicoes/0/0/0/0/117891#pesquisa
2019-11-20 00:00:00,EMENDA IMPOSITIVA INDIVIDUAL N.º 159/2019,"EMENDA IMPOSITIVA N° 159 AO PROJETO DE LEI N° 187/2019, QUE ESTIMA A RECEITA E FIXA A DESPESA DO MUNICÍPIO PARA O EXERCÍCIO DE 2020.",Vereadores,https://www.pindamonhangaba.sp.leg.br/proposicoes/0/0/0/0/117892#pesquisa
2019-11-20 00:00:00,EMENDA IMPOSITIVA INDIVIDUAL N.º 160/2019,"EMENDA IMPOSITIVA N° 160 AO PROJETO DE LEI N° 187/2019, QUE ESTIMA A RECEITA E FIXA A DESPESA DO MUNICÍPIO PARA O EXERCÍCIO DE 2020.",Vereadores,https://www.pindamonhangaba.sp.leg.br/proposicoes/0/0/0/0/117893#pesquisa
2019-11-20 00:00:00,EMENDA IMPOSITIVA INDIVIDUAL N.º 161/2019,"EMENDA IMPOSITIVA N° 161 AO PROJETO DE LEI N° 187/2019, QUE ESTIMA A RECEITA E FIXA A DESPESA DO MUNICÍPIO PARA O EXERCÍCIO DE 2020.",Vereadores,https://www.pindamonhangaba.sp.leg.br/proposicoes/0/0/0/0/117894#pesquisa
2019-11-20 00:00:00,EMENDA IMPOSITIVA INDIVIDUAL N.º 162/2019,"EMENDA IMPOSITIVA N° 162 AO PROJETO DE LEI N° 187/2019, QUE ESTIMA A RECEITA E FIXA A DESPESA DO MUNICÍPIO PARA O EXERCÍCIO DE 2020.",Vereadores,https://www.pindamonhangaba.sp.leg.br/proposicoes/0/0/0/0/117895#pesquisa
2019-11-20 00:00:00,EMENDA IMPOSITIVA INDIVIDUAL N.º 163/2019,"EMENDA IMPOSITIVA N° 163 AO PROJETO DE LEI N° 187/2019, QUE ESTIMA A RECEITA E FIXA A DESPESA DO MUNICÍPIO PARA O EXERCÍCIO DE 2020.",Vereadores,https://www.pindamonhangaba.sp.leg.br/proposicoes/0/0/0/0/117896#pesquisa
2019-11-20 00:00:00,EMENDA IMPOSITIVA INDIVIDUAL N.º 164/2019,"EMENDA IMPOSITIVA N° 164 AO PROJETO DE LEI N° 187/2019, QUE ESTIMA A RECEITA E FIXA A DESPESA DO MUNICÍPIO PARA O EXERCÍCIO DE 2020.",Vereadores,https://www.pindamonhangaba.sp.leg.br/proposicoes/0/0/0/0/117897#pesquisa
2019-11-20 00:00:00,EMENDA IMPOSITIVA INDIVIDUAL N.º 165/2019,"EMENDA IMPOSITIVA N° 165 AO PROJETO DE LEI N° 187/2019, QUE ESTIMA A RECEITA E FIXA A DESPESA DO MUNICÍPIO PARA O EXERCÍCIO DE 2020.",Vereadores,https://www.pindamonhangaba.sp.leg.br/proposicoes/0/0/0/0/117898#pesquisa
2019-11-20 00:00:00,EMENDA IMPOSITIVA INDIVIDUAL N.º 166/2019,"EMENDA IMPOSITIVA N° 166 AO PROJETO DE LEI N° 187/2019, QUE ESTIMA A RECEITA E FIXA A DESPESA DO MUNICÍPIO PARA O EXERCÍCIO DE 2020.",Vereadores,https://www.pindamonhangaba.sp.leg.br/proposicoes/0/0/0/0/117899#pesquisa
2019-11-20 00:00:00,EMENDA IMPOSITIVA INDIVIDUAL N.º 167/2019,"EMENDA IMPOSITIVA N° 167 AO PROJETO DE LEI N° 187/2019, QUE ESTIMA A RECEITA E FIXA A DESPESA DO MUNICÍPIO PARA O EXERCÍCIO DE 2020.",Vereadores,https://www.pindamonhangaba.sp.leg.br/proposicoes/0/0/0/0/117900#pesquisa
2019-11-20 00:00:00,EMENDA IMPOSITIVA INDIVIDUAL N.º 168/2019,"EMENDA IMPOSITIVA N° 168 AO PROJETO DE LEI N° 187/2019, QUE ESTIMA A RECEITA E FIXA A DESPESA DO MUNICÍPIO PARA O EXERCÍCIO DE 2020.",Vereadores,https://www.pindamonhangaba.sp.leg.br/proposicoes/0/0/0/0/117901#pesquisa
2019-11-20 00:00:00,EMENDA IMPOSITIVA INDIVIDUAL N.º 169/2019,"EMENDA IMPOSITIVA N° 169 AO PROJETO DE LEI N° 187/2019, QUE ESTIMA A RECEITA E FIXA A DESPESA DO MUNICÍPIO PARA O EXERCÍCIO DE 2020.",Vereadores,https://www.pindamonhangaba.sp.leg.br/proposicoes/0/0/0/0/117902#pesquisa
2019-11-20 00:00:00,EMENDA IMPOSITIVA INDIVIDUAL N.º 170/2019,"EMENDA IMPOSITIVA N° 170 AO PROJETO DE LEI N° 187/2019, QUE ESTIMA A RECEITA E FIXA A DESPESA DO MUNICÍPIO PARA O EXERCÍCIO DE 2020.",Vereadores,https://www.pindamonhangaba.sp.leg.br/proposicoes/0/0/0/0/117903#pesquisa
2019-11-20 00:00:00,EMENDA IMPOSITIVA INDIVIDUAL N.º 171/2019,"EMENDA IMPOSITIVA N° 171 AO PROJETO DE LEI N° 187/2019, QUE ESTIMA A RECEITA E FIXA A DESPESA DO MUNICÍPIO PARA O EXERCÍCIO DE 2020.",Vereadores,https://www.pindamonhangaba.sp.leg.br/proposicoes/0/0/0/0/117904#pesquisa
2019-11-20 00:00:00,EMENDA IMPOSITIVA INDIVIDUAL N.º 172/2019,"EMENDA IMPOSITIVA N° 172 AO PROJETO DE LEI N° 187/2019, QUE ESTIMA A RECEITA E FIXA A DESPESA DO MUNICÍPIO PARA O EXERCÍCIO DE 2020.",Vereadores,https://www.pindamonhangaba.sp.leg.br/proposicoes/0/0/0/0/117905#pesquisa
2019-11-20 00:00:00,EMENDA IMPOSITIVA INDIVIDUAL N.º 173/2019,"EMENDA IMPOSITIVA N° 173 AO PROJETO DE LEI N° 187/2019, QUE ESTIMA A RECEITA E FIXA A DESPESA DO MUNICÍPIO PARA O EXERCÍCIO DE 2020.",Vereadores,https://www.pindamonhangaba.sp.leg.br/proposicoes/0/0/0/0/117906#pesquisa
2019-11-20 00:00:00,EMENDA IMPOSITIVA INDIVIDUAL N.º 174/2019,"EMENDA IMPOSITIVA N° 174 AO PROJETO DE LEI N° 187/2019, QUE ESTIMA A RECEITA E FIXA A DESPESA DO MUNICÍPIO PARA O EXERCÍCIO DE 2020.",Vereadores,https://www.pindamonhangaba.sp.leg.br/proposicoes/0/0/0/0/117907#pesquisa
2019-11-20 00:00:00,EMENDA IMPOSITIVA INDIVIDUAL N.º 175/2019,"EMENDA IMPOSITIVA N° 175 AO PROJETO DE LEI N° 187/2019, QUE ESTIMA A RECEITA E FIXA A DESPESA DO MUNICÍPIO PARA O EXERCÍCIO DE 2020.",Vereadores,https://www.pindamonhangaba.sp.leg.br/proposicoes/0/0/0/0/117908#pesquisa
2019-11-20 00:00:00,EMENDA IMPOSITIVA INDIVIDUAL N.º 176/2019,"EMENDA IMPOSITIVA N° 176 AO PROJETO DE LEI N° 187/2019, QUE ESTIMA A RECEITA E FIXA A DESPESA DO MUNICÍPIO PARA O EXERCÍCIO DE 2020.",Vereadores,https://www.pindamonhangaba.sp.leg.br/proposicoes/0/0/0/0/117909#pesquisa
2019-11-20 00:00:00,EMENDA IMPOSITIVA INDIVIDUAL N.º 177/2019,"EMENDA IMPOSITIVA N° 177 AO PROJETO DE LEI N° 187/2019, QUE ESTIMA A RECEITA E FIXA A DESPESA DO MUNICÍPIO PARA O EXERCÍCIO DE 2020.",Vereadores,https://www.pindamonhangaba.sp.leg.br/proposicoes/0/0/0/0/117910#pesquisa
2019-11-20 00:00:00,EMENDA IMPOSITIVA INDIVIDUAL N.º 178/2019,"EMENDA IMPOSITIVA N° 178 AO PROJETO DE LEI N° 187/2019, QUE ESTIMA A RECEITA E FIXA A DESPESA DO MUNICÍPIO PARA O EXERCÍCIO DE 2020.",Vereadores,https://www.pindamonhangaba.sp.leg.br/proposicoes/0/0/0/0/117911#pesquisa
2019-11-20 00:00:00,EMENDA IMPOSITIVA INDIVIDUAL N.º 179/2019,"EMENDA IMPOSITIVA N° 179 AO PROJETO DE LEI N° 187/2019, QUE ESTIMA A RECEITA E FIXA A DESPESA DO MUNICÍPIO PARA O EXERCÍCIO DE 2020.",Renato Cebola,https://www.pindamonhangaba.sp.leg.br/proposicoes/0/0/0/0/117912#pesquisa
2019-11-20 00:00:00,EMENDA IMPOSITIVA INDIVIDUAL N.º 180/2019,"EMENDA IMPOSITIVA N° 180 AO PROJETO DE LEI N° 187/2019, QUE ESTIMA A RECEITA E FIXA A DESPESA DO MUNICÍPIO PARA O EXERCÍCIO DE 2020.",Renato Cebola,https://www.pindamonhangaba.sp.leg.br/proposicoes/0/0/0/0/117913#pesquisa
2019-11-20 00:00:00,EMENDA IMPOSITIVA INDIVIDUAL N.º 181/2019,"EMENDA IMPOSITIVA N° 181 AO PROJETO DE LEI N° 187/2019, QUE ESTIMA A RECEITA E FIXA A DESPESA DO MUNICÍPIO PARA O EXERCÍCIO DE 2020.",Renato Cebola,https://www.pindamonhangaba.sp.leg.br/proposicoes/0/0/0/0/117914#pesquisa
2019-11-20 00:00:00,EMENDA IMPOSITIVA INDIVIDUAL N.º 182/2019,"EMENDA IMPOSITIVA N° 182 AO PROJETO DE LEI N° 187/2019, QUE ESTIMA A RECEITA E FIXA A DESPESA DO MUNICÍPIO PARA O EXERCÍCIO DE 2020.",Renato Cebola,https://www.pindamonhangaba.sp.leg.br/proposicoes/0/0/0/0/117915#pesquisa
2019-11-20 00:00:00,EMENDA IMPOSITIVA INDIVIDUAL N.º 183/2019,"EMENDA IMPOSITIVA N° 183 AO PROJETO DE LEI N° 187/2019, QUE ESTIMA A RECEITA E FIXA A DESPESA DO MUNICÍPIO PARA O EXERCÍCIO DE 2020.",Renato Cebola,https://www.pindamonhangaba.sp.leg.br/proposicoes/0/0/0/0/117916#pesquisa
2019-11-20 00:00:00,EMENDA IMPOSITIVA INDIVIDUAL N.º 184/2019,"EMENDA IMPOSITIVA N° 184 AO PROJETO DE LEI N° 187/2019, QUE ESTIMA A RECEITA E FIXA A DESPESA DO MUNICÍPIO PARA O EXERCÍCIO DE 2020.",Renato Cebola,https://www.pindamonhangaba.sp.leg.br/proposicoes/0/0/0/0/117917#pesquisa
2019-11-20 00:00:00,EMENDA IMPOSITIVA INDIVIDUAL N.º 185/2019,"EMENDA IMPOSITIVA N° 185 AO PROJETO DE LEI N° 187/2019, QUE ESTIMA A RECEITA E FIXA A DESPESA DO MUNICÍPIO PARA O EXERCÍCIO DE 2020.",Renato Cebola,https://www.pindamonhangaba.sp.leg.br/proposicoes/0/0/0/0/117918#pesquisa
2019-11-20 00:00:00,EMENDA IMPOSITIVA INDIVIDUAL N.º 186/2019,"EMENDA IMPOSITIVA N° 186 AO PROJETO DE LEI N° 187/2019, QUE ESTIMA A RECEITA E FIXA A DESPESA DO MUNICÍPIO PARA O EXERCÍCIO DE 2020.",Renato Cebola,https://www.pindamonhangaba.sp.leg.br/proposicoes/0/0/0/0/117919#pesquisa
2019-11-20 00:00:00,EMENDA IMPOSITIVA INDIVIDUAL N.º 187/2019,"EMENDA IMPOSITIVA N° 187 AO PROJETO DE LEI N° 187/2019, QUE ESTIMA A RECEITA E FIXA A DESPESA DO MUNICÍPIO PARA O EXERCÍCIO DE 2020.",Renato Cebola,https://www.pindamonhangaba.sp.leg.br/proposicoes/0/0/0/0/117920#pesquisa
2019-11-20 00:00:00,EMENDA IMPOSITIVA INDIVIDUAL N.º 188/2019,"EMENDA IMPOSITIVA N° 188 AO PROJETO DE LEI N° 187/2019, QUE ESTIMA A RECEITA E FIXA A DESPESA DO MUNICÍPIO PARA O EXERCÍCIO DE 2020.",Renato Cebola,https://www.pindamonhangaba.sp.leg.br/proposicoes/0/0/0/0/117921#pesquisa
2019-11-20 00:00:00,EMENDA IMPOSITIVA INDIVIDUAL N.º 189/2019,"EMENDA IMPOSITIVA N° 189 AO PROJETO DE LEI N° 187/2019, QUE ESTIMA A RECEITA E FIXA A DESPESA DO MUNICÍPIO PARA O EXERCÍCIO DE 2020.",Renato Cebola,https://www.pindamonhangaba.sp.leg.br/proposicoes/0/0/0/0/117922#pesquisa
2019-11-20 00:00:00,EMENDA IMPOSITIVA INDIVIDUAL N.º 190/2019,"EMENDA IMPOSITIVA N° 190 AO PROJETO DE LEI N° 187/2019, QUE ESTIMA A RECEITA E FIXA A DESPESA DO MUNICÍPIO PARA O EXERCÍCIO DE 2020.",Renato Cebola,https://www.pindamonhangaba.sp.leg.br/proposicoes/0/0/0/0/117923#pesquisa
2019-11-20 00:00:00,EMENDA IMPOSITIVA INDIVIDUAL N.º 191/2019,"EMENDA IMPOSITIVA N° 191 AO PROJETO DE LEI N° 187/2019, QUE ESTIMA A RECEITA E FIXA A DESPESA DO MUNICÍPIO PARA O EXERCÍCIO DE 2020.",Renato Cebola,https://www.pindamonhangaba.sp.leg.br/proposicoes/0/0/0/0/117924#pesquisa
2019-11-20 00:00:00,EMENDA IMPOSITIVA INDIVIDUAL N.º 192/2019,"EMENDA IMPOSITIVA N° 192 AO PROJETO DE LEI N° 187/2019, QUE ESTIMA A RECEITA E FIXA A DESPESA DO MUNICÍPIO PARA O EXERCÍCIO DE 2020.",Renato Cebola,https://www.pindamonhangaba.sp.leg.br/proposicoes/0/0/0/0/117925#pesquisa
2019-11-20 00:00:00,EMENDA IMPOSITIVA INDIVIDUAL N.º 193/2019,"EMENDA IMPOSITIVA N° 193 AO PROJETO DE LEI N° 187/2019, QUE ESTIMA A RECEITA E FIXA A DESPESA DO MUNICÍPIO PARA O EXERCÍCIO DE 2020.",Renato Cebola,https://www.pindamonhangaba.sp.leg.br/proposicoes/0/0/0/0/117926#pesquisa
2019-11-20 00:00:00,EMENDA IMPOSITIVA INDIVIDUAL N.º 194/2019,"EMENDA IMPOSITIVA N° 194 AO PROJETO DE LEI N° 187/2019, QUE ESTIMA A RECEITA E FIXA A DESPESA DO MUNICÍPIO PARA O EXERCÍCIO DE 2020.",Renato Cebola,https://www.pindamonhangaba.sp.leg.br/proposicoes/0/0/0/0/117927#pesquisa
2019-11-20 00:00:00,EMENDA IMPOSITIVA INDIVIDUAL N.º 195/2019,"EMENDA IMPOSITIVA N° 195 AO PROJETO DE LEI N° 187/2019, QUE ESTIMA A RECEITA E FIXA A DESPESA DO MUNICÍPIO PARA O EXERCÍCIO DE 2020.",Renato Cebola,https://www.pindamonhangaba.sp.leg.br/proposicoes/0/0/0/0/117928#pesquisa
2019-11-20 00:00:00,EMENDA IMPOSITIVA INDIVIDUAL N.º 196/2019,"EMENDA IMPOSITIVA N° 196 AO PROJETO DE LEI N° 187/2019, QUE ESTIMA A RECEITA E FIXA A DESPESA DO MUNICÍPIO PARA O EXERCÍCIO DE 2020.",Renato Cebola,https://www.pindamonhangaba.sp.leg.br/proposicoes/0/0/0/0/117929#pesquisa
2019-11-20 00:00:00,EMENDA IMPOSITIVA INDIVIDUAL N.º 197/2019,"EMENDA IMPOSITIVA N° 197 AO PROJETO DE LEI N° 187/2019, QUE ESTIMA A RECEITA E FIXA A DESPESA DO MUNICÍPIO PARA O EXERCÍCIO DE 2020.",Renato Cebola,https://www.pindamonhangaba.sp.leg.br/proposicoes/0/0/0/0/117930#pesquisa
2019-11-20 00:00:00,EMENDA IMPOSITIVA INDIVIDUAL N.º 198/2019,"EMENDA IMPOSITIVA N° 198 AO PROJETO DE LEI N° 187/2019, QUE ESTIMA A RECEITA E FIXA A DESPESA DO MUNICÍPIO PARA O EXERCÍCIO DE 2020.",Renato Cebola,https://www.pindamonhangaba.sp.leg.br/proposicoes/0/0/0/0/117931#pesquisa
2019-11-20 00:00:00,EMENDA IMPOSITIVA INDIVIDUAL N.º 199/2019,"EMENDA IMPOSITIVA N° 199 AO PROJETO DE LEI N° 187/2019, QUE ESTIMA A RECEITA E FIXA A DESPESA DO MUNICÍPIO PARA O EXERCÍCIO DE 2020.",Renato Cebola,https://www.pindamonhangaba.sp.leg.br/proposicoes/0/0/0/0/117932#pesquisa
2019-11-20 00:00:00,EMENDA IMPOSITIVA INDIVIDUAL N.º 200/2019,"EMENDA IMPOSITIVA N° 200 AO PROJETO DE LEI N° 187/2019, QUE ESTIMA A RECEITA E FIXA A DESPESA DO MUNICÍPIO PARA O EXERCÍCIO DE 2020.",Renato Cebola,https://www.pindamonhangaba.sp.leg.br/proposicoes/0/0/0/0/117933#pesquisa
2019-11-20 00:00:00,EMENDA IMPOSITIVA INDIVIDUAL N.º 201/2019,"EMENDA IMPOSITIVA N° 201 AO PROJETO DE LEI N° 187/2019, QUE ESTIMA A RECEITA E FIXA A DESPESA DO MUNICÍPIO PARA O EXERCÍCIO DE 2020.",Renato Cebola,https://www.pindamonhangaba.sp.leg.br/proposicoes/0/0/0/0/117934#pesquisa
2019-11-20 00:00:00,EMENDA IMPOSITIVA INDIVIDUAL N.º 202/2019,"EMENDA IMPOSITIVA N° 202 AO PROJETO DE LEI N° 187/2019, QUE ESTIMA A RECEITA E FIXA A DESPESA DO MUNICÍPIO PARA O EXERCÍCIO DE 2020.",Renato Cebola,https://www.pindamonhangaba.sp.leg.br/proposicoes/0/0/0/0/117935#pesquisa
2019-11-20 00:00:00,EMENDA IMPOSITIVA INDIVIDUAL N.º 203/2019,"EMENDA IMPOSITIVA N° 203 AO PROJETO DE LEI N° 187/2019, QUE ESTIMA A RECEITA E FIXA A DESPESA DO MUNICÍPIO PARA O EXERCÍCIO DE 2020.",Carlos Moura - Magrão,https://www.pindamonhangaba.sp.leg.br/proposicoes/0/0/0/0/117936#pesquisa
2019-11-20 00:00:00,EMENDA IMPOSITIVA INDIVIDUAL N.º 204/2019,"EMENDA IMPOSITIVA N° 204 AO PROJETO DE LEI N° 187/2019, QUE ESTIMA A RECEITA E FIXA A DESPESA DO MUNICÍPIO PARA O EXERCÍCIO DE 2020.",Carlos Moura - Magrão,https://www.pindamonhangaba.sp.leg.br/proposicoes/0/0/0/0/117937#pesquisa
2019-11-20 00:00:00,EMENDA IMPOSITIVA INDIVIDUAL N.º 205/2019,"EMENDA IMPOSITIVA N° 205 AO PROJETO DE LEI N° 187/2019, QUE ESTIMA A RECEITA E FIXA A DESPESA DO MUNICÍPIO PARA O EXERCÍCIO DE 2020.",Carlos Moura - Magrão,https://www.pindamonhangaba.sp.leg.br/proposicoes/0/0/0/0/117938#pesquisa
2019-11-20 00:00:00,EMENDA IMPOSITIVA INDIVIDUAL N.º 206/2019,"EMENDA IMPOSITIVA N° 206 AO PROJETO DE LEI N° 187/2019, QUE ESTIMA A RECEITA E FIXA A DESPESA DO MUNICÍPIO PARA O EXERCÍCIO DE 2020.",Carlos Moura - Magrão,https://www.pindamonhangaba.sp.leg.br/proposicoes/0/0/0/0/117939#pesquisa
2019-11-20 00:00:00,EMENDA IMPOSITIVA INDIVIDUAL N.º 207/2019,"EMENDA IMPOSITIVA N° 207 AO PROJETO DE LEI N° 187/2019, QUE ESTIMA A RECEITA E FIXA A DESPESA DO MUNICÍPIO PARA O EXERCÍCIO DE 2020.",Carlos Moura - Magrão,https://www.pindamonhangaba.sp.leg.br/proposicoes/0/0/0/0/117940#pesquisa
2019-11-20 00:00:00,EMENDA IMPOSITIVA INDIVIDUAL N.º 208/2019,"EMENDA IMPOSITIVA N° 208 AO PROJETO DE LEI N° 187/2019, QUE ESTIMA A RECEITA E FIXA A DESPESA DO MUNICÍPIO PARA O EXERCÍCIO DE 2020.",Carlos Moura - Magrão,https://www.pindamonhangaba.sp.leg.br/proposicoes/0/0/0/0/117941#pesquisa
2019-11-20 00:00:00,EMENDA IMPOSITIVA INDIVIDUAL N.º 209/2019,"EMENDA IMPOSITIVA N° 209 AO PROJETO DE LEI N° 187/2019, QUE ESTIMA A RECEITA E FIXA A DESPESA DO MUNICÍPIO PARA O EXERCÍCIO DE 2020.",Carlos Moura - Magrão,https://www.pindamonhangaba.sp.leg.br/proposicoes/0/0/0/0/117942#pesquisa
2019-11-20 00:00:00,EMENDA IMPOSITIVA INDIVIDUAL N.º 210/2019,"EMENDA IMPOSITIVA N° 210 AO PROJETO DE LEI N° 187/2019, QUE ESTIMA A RECEITA E FIXA A DESPESA DO MUNICÍPIO PARA O EXERCÍCIO DE 2020.",Carlos Moura - Magrão,https://www.pindamonhangaba.sp.leg.br/proposicoes/0/0/0/0/117943#pesquisa
2019-11-20 00:00:00,EMENDA IMPOSITIVA INDIVIDUAL N.º 211/2019,"EMENDA IMPOSITIVA N° 211 AO PROJETO DE LEI N° 187/2019, QUE ESTIMA A RECEITA E FIXA A DESPESA DO MUNICÍPIO PARA O EXERCÍCIO DE 2020.",Carlos Moura - Magrão,https://www.pindamonhangaba.sp.leg.br/proposicoes/0/0/0/0/117944#pesquisa
2019-11-20 00:00:00,EMENDA IMPOSITIVA INDIVIDUAL N.º 212/2019,"EMENDA IMPOSITIVA N° 212 AO PROJETO DE LEI N° 187/2019, QUE ESTIMA A RECEITA E FIXA A DESPESA DO MUNICÍPIO PARA O EXERCÍCIO DE 2020.",Carlos Moura - Magrão,https://www.pindamonhangaba.sp.leg.br/proposicoes/0/0/0/0/117945#pesquisa
2019-11-20 00:00:00,EMENDA IMPOSITIVA INDIVIDUAL N.º 213/2019,"EMENDA IMPOSITIVA N° 213 AO PROJETO DE LEI N° 187/2019, QUE ESTIMA A RECEITA E FIXA A DESPESA DO MUNICÍPIO PARA O EXERCÍCIO DE 2020.",Carlos Moura - Magrão,https://www.pindamonhangaba.sp.leg.br/proposicoes/0/0/0/0/117946#pesquisa
2019-11-20 00:00:00,EMENDA IMPOSITIVA INDIVIDUAL N.º 214/2019,"EMENDA IMPOSITIVA N° 214 AO PROJETO DE LEI N° 187/2019, QUE ESTIMA A RECEITA E FIXA A DESPESA DO MUNICÍPIO PARA O EXERCÍCIO DE 2020.",Carlos Moura - Magrão,https://www.pindamonhangaba.sp.leg.br/proposicoes/0/0/0/0/117947#pesquisa
2019-11-20 00:00:00,EMENDA IMPOSITIVA INDIVIDUAL N.º 215/2019,"EMENDA IMPOSITIVA N° 215 AO PROJETO DE LEI N° 187/2019, QUE ESTIMA A RECEITA E FIXA A DESPESA DO MUNICÍPIO PARA O EXERCÍCIO DE 2020.",Carlos Moura - Magrão,https://www.pindamonhangaba.sp.leg.br/proposicoes/0/0/0/0/117948#pesquisa
2019-11-20 00:00:00,EMENDA N.º 14 AO PROJETO DE LEI ORDINÁRIA N° 187/2019,EMENDA AO PROJETO DE LEI ORDINÁRIA N° 187/2019 QUE ESTIMA A RECEITA E FIXA A DESPESA DO MUNICÍPIO PARA O EXERCÍCIO DE 2020.,Rafael Goffi Moreira; Ronaldo Pinto De Andrade,https://www.pindamonhangaba.sp.leg.br/proposicoes/0/0/0/0/189#pesquisa
2019-11-20 00:00:00,EMENDA IMPOSITIVA INDIVIDUAL N.º 216/2019,"EMENDA IMPOSITIVA N° 216 AO PROJETO DE LEI N° 187/2019, QUE ESTIMA A RECEITA E FIXA A DESPESA DO MUNICÍPIO PARA O EXERCÍCIO DE 2020.",Carlos Moura - Magrão,https://www.pindamonhangaba.sp.leg.br/proposicoes/0/0/0/0/117949#pesquisa
2019-11-20 00:00:00,EMENDA N.º 15 AO PROJETO DE LEI N° 187/2019,"EMENDA AO PROJETO DE LEI N° 187/2019, QUE ESTIMA A RECEITA E FIXA A DESPESA DO MUNICÍPIO PARA O EXERCÍCIO DE 2020.",Rafael Goffi Moreira; Ronaldo Pinto De Andrade,https://www.pindamonhangaba.sp.leg.br/proposicoes/0/0/0/0/190#pesquisa
2019-11-20 00:00:00,EMENDA IMPOSITIVA INDIVIDUAL N.º 217/2019,"EMENDA IMPOSITIVA N° 217 AO PROJETO DE LEI N° 187/2019, QUE ESTIMA A RECEITA E FIXA A DESPESA DO MUNICÍPIO PARA O EXERCÍCIO DE 2020.",Carlos Moura - Magrão,https://www.pindamonhangaba.sp.leg.br/proposicoes/0/0/0/0/117950#pesquisa
2019-11-20 00:00:00,EMENDA IMPOSITIVA INDIVIDUAL N.º 218/2019,"EMENDA IMPOSITIVA N° 218 AO PROJETO DE LEI N° 187/2019, QUE ESTIMA A RECEITA E FIXA A DESPESA DO MUNICÍPIO PARA O EXERCÍCIO DE 2020.",Carlos Moura - Magrão,https://www.pindamonhangaba.sp.leg.br/proposicoes/0/0/0/0/117951#pesquisa
2019-11-20 00:00:00,EMENDA IMPOSITIVA INDIVIDUAL N.º 219/2019,"EMENDA IMPOSITIVA N° 219 AO PROJETO DE LEI N° 187/2019, QUE ESTIMA A RECEITA E FIXA A DESPESA DO MUNICÍPIO PARA O EXERCÍCIO DE 2020.",Carlos Moura - Magrão,https://www.pindamonhangaba.sp.leg.br/proposicoes/0/0/0/0/117952#pesquisa
2019-11-20 00:00:00,EMENDA IMPOSITIVA INDIVIDUAL N.º 220/2019,"EMENDA IMPOSITIVA N° 220 AO PROJETO DE LEI N° 187/2019, QUE ESTIMA A RECEITA E FIXA A DESPESA DO MUNICÍPIO PARA O EXERCÍCIO DE 2020.",Carlos Moura - Magrão,https://www.pindamonhangaba.sp.leg.br/proposicoes/0/0/0/0/117953#pesquisa
2019-11-20 00:00:00,EMENDA IMPOSITIVA INDIVIDUAL N.º 221/2019,"EMENDA IMPOSITIVA N° 221 AO PROJETO DE LEI N° 187/2019, QUE ESTIMA A RECEITA E FIXA A DESPESA DO MUNICÍPIO PARA O EXERCÍCIO DE 2020.",Carlos Moura - Magrão,https://www.pindamonhangaba.sp.leg.br/proposicoes/0/0/0/0/117954#pesquisa
2019-11-20 00:00:00,EMENDA IMPOSITIVA INDIVIDUAL N.º 222/2019,"EMENDA IMPOSITIVA N° 222 AO PROJETO DE LEI N° 187/2019, QUE ESTIMA A RECEITA E FIXA A DESPESA DO MUNICÍPIO PARA O EXERCÍCIO DE 2020.",Carlos Moura - Magrão,https://www.pindamonhangaba.sp.leg.br/proposicoes/0/0/0/0/117955#pesquisa
2019-11-20 00:00:00,EMENDA IMPOSITIVA INDIVIDUAL N.º 223/2019,"EMENDA IMPOSITIVA N° 223 AO PROJETO DE LEI N° 187/2019, QUE ESTIMA A RECEITA E FIXA A DESPESA DO MUNICÍPIO PARA O EXERCÍCIO DE 2020.",Carlos Moura - Magrão,https://www.pindamonhangaba.sp.leg.br/proposicoes/0/0/0/0/117956#pesquisa
2019-11-20 00:00:00,EMENDA IMPOSITIVA INDIVIDUAL N.º 224/2019,"EMENDA IMPOSITIVA N° 224 AO PROJETO DE LEI N° 187/2019, QUE ESTIMA A RECEITA E FIXA A DESPESA DO MUNICÍPIO PARA O EXERCÍCIO DE 2020.",Carlos Moura - Magrão,https://www.pindamonhangaba.sp.leg.br/proposicoes/0/0/0/0/117957#pesquisa
2019-11-20 00:00:00,EMENDA IMPOSITIVA INDIVIDUAL N.º 225/2019,"EMENDA IMPOSITIVA N° 225 AO PROJETO DE LEI N° 187/2019, QUE ESTIMA A RECEITA E FIXA A DESPESA DO MUNICÍPIO PARA O EXERCÍCIO DE 2020.",Carlos Moura - Magrão,https://www.pindamonhangaba.sp.leg.br/proposicoes/0/0/0/0/117958#pesquisa
2019-11-20 00:00:00,EMENDA IMPOSITIVA INDIVIDUAL N.º 226/2019,"EMENDA IMPOSITIVA N° 226 AO PROJETO DE LEI N° 187/2019, QUE ESTIMA A RECEITA E FIXA A DESPESA DO MUNICÍPIO PARA O EXERCÍCIO DE 2020.",Carlos Moura - Magrão,https://www.pindamonhangaba.sp.leg.br/proposicoes/0/0/0/0/117959#pesquisa
2019-11-20 00:00:00,EMENDA IMPOSITIVA INDIVIDUAL N.º 227/2019,"EMENDA IMPOSITIVA N° 227 AO PROJETO DE LEI N° 187/2019, QUE ESTIMA A RECEITA E FIXA A DESPESA DO MUNICÍPIO PARA O EXERCÍCIO DE 2020.",Carlos Moura - Magrão,https://www.pindamonhangaba.sp.leg.br/proposicoes/0/0/0/0/117960#pesquisa
2019-11-20 00:00:00,EMENDA IMPOSITIVA INDIVIDUAL N.º 228/2019,"EMENDA IMPOSITIVA N° 228 AO PROJETO DE LEI N° 187/2019, QUE ESTIMA A RECEITA E FIXA A DESPESA DO MUNICÍPIO PARA O EXERCÍCIO DE 2020.",Carlos Moura - Magrão,https://www.pindamonhangaba.sp.leg.br/proposicoes/0/0/0/0/117961#pesquisa
2019-11-20 00:00:00,EMENDA IMPOSITIVA INDIVIDUAL N.º 018/2019,"EMENDA IMPOSITIVA N° 18 AO PROJETO DE LEI N° 187/2019, QUE ESTIMA A RECEITA E FIXA A DESPESA DO MUNICÍPIO PARA O EXERCÍCIO DE 2020.",Vereadores,https://www.pindamonhangaba.sp.leg.br/proposicoes/0/0/0/0/117751#pesquisa
2019-11-20 00:00:00,EMENDA IMPOSITIVA INDIVIDUAL N.º 019/2019,"EMENDA IMPOSITIVA N° 19 AO PROJETO DE LEI N° 187/2019, QUE ESTIMA A RECEITA E FIXA A DESPESA DO MUNICÍPIO PARA O EXERCÍCIO DE 2020.",Vereadores,https://www.pindamonhangaba.sp.leg.br/proposicoes/0/0/0/0/117752#pesquisa
2019-11-20 00:00:00,EMENDA IMPOSITIVA INDIVIDUAL N.º 020/2019,"EMENDA IMPOSITIVA N° 20 AO PROJETO DE LEI N° 187/2019, QUE ESTIMA A RECEITA E FIXA A DESPESA DO MUNICÍPIO PARA O EXERCÍCIO DE 2020.",Vereadores,https://www.pindamonhangaba.sp.leg.br/proposicoes/0/0/0/0/117753#pesquisa
2019-11-20 00:00:00,EMENDA IMPOSITIVA INDIVIDUAL N.º 021/2019,"EMENDA IMPOSITIVA N° 21 AO PROJETO DE LEI N° 187/2019, QUE ESTIMA A RECEITA E FIXA A DESPESA DO MUNICÍPIO PARA O EXERCÍCIO DE 2020.",Vereadores,https://www.pindamonhangaba.sp.leg.br/proposicoes/0/0/0/0/117754#pesquisa
2019-11-20 00:00:00,EMENDA IMPOSITIVA INDIVIDUAL N.º 022/2019,"EMENDA IMPOSITIVA N° 22 AO PROJETO DE LEI N° 187/2019, QUE ESTIMA A RECEITA E FIXA A DESPESA DO MUNICÍPIO PARA O EXERCÍCIO DE 2020.",Vereadores,https://www.pindamonhangaba.sp.leg.br/proposicoes/0/0/0/0/117755#pesquisa
2019-11-20 00:00:00,EMENDA IMPOSITIVA INDIVIDUAL N.º 023/2019,"EMENDA IMPOSITIVA N° 23 AO PROJETO DE LEI N° 187/2019, QUE ESTIMA A RECEITA E FIXA A DESPESA DO MUNICÍPIO PARA O EXERCÍCIO DE 2020.",Vereadores,https://www.pindamonhangaba.sp.leg.br/proposicoes/0/0/0/0/117756#pesquisa
2019-11-20 00:00:00,EMENDA IMPOSITIVA INDIVIDUAL N.º 024/2019,"EMENDA IMPOSITIVA N° 24 AO PROJETO DE LEI N° 187/2019, QUE ESTIMA A RECEITA E FIXA A DESPESA DO MUNICÍPIO PARA O EXERCÍCIO DE 2020.",Vereadores,https://www.pindamonhangaba.sp.leg.br/proposicoes/0/0/0/0/117757#pesquisa
2019-11-20 00:00:00,EMENDA MODIFICATIVA N.º 229 AO PROJETO DE LEI N° 187/2019,"EMENDA (14/2019) AO PROJETO DE LEI N° 187/2019, QUE ESTIMA A RECEITA E FIXA A DESPESA DO MUNICÍPIO PARA O EXERCÍCIO DE 2020.",Rafael Goffi Moreira,https://www.pindamonhangaba.sp.leg.br/proposicoes/0/0/0/0/117502#pesquisa
2019-11-20 00:00:00,EMENDA IMPOSITIVA INDIVIDUAL N.º 025/2019,"EMENDA IMPOSITIVA N° 25 AO PROJETO DE LEI N° 187/2019, QUE ESTIMA A RECEITA E FIXA A DESPESA DO MUNICÍPIO PARA O EXERCÍCIO DE 2020.",Vereadores,https://www.pindamonhangaba.sp.leg.br/proposicoes/0/0/0/0/117758#pesquisa
2019-11-20 00:00:00,EMENDA IMPOSITIVA INDIVIDUAL N.º 026/2019,"EMENDA IMPOSITIVA N° 26 AO PROJETO DE LEI N° 187/2019, QUE ESTIMA A RECEITA E FIXA A DESPESA DO MUNICÍPIO PARA O EXERCÍCIO DE 2020.",Vereadores,https://www.pindamonhangaba.sp.leg.br/proposicoes/0/0/0/0/117759#pesquisa
2019-11-19 00:00:00,EMENDA IMPOSITIVA N.º 35 AO PROJETO DE LEI N° 115/2018,EMENDA IMPOSITIVA N° 40 AO PL 115/2018.,Osvaldo Macedo Negrão,https://www.pindamonhangaba.sp.leg.br/proposicoes/0/0/0/0/117184#pesquisa
2019-11-19 00:00:00,EMENDA IMPOSITIVA INDIVIDUAL N.º 010/2019,"EMENDA IMPOSITIVA N° 10 AO PROJETO DE LEI N° 187/2019, QUE ESTIMA A RECEITA E FIXA A DESPESA DO MUNICÍPIO PARA O EXERCÍCIO DE 2020.",Vereadores,https://www.pindamonhangaba.sp.leg.br/proposicoes/0/0/0/0/117743#pesquisa
2019-11-19 00:00:00,EMENDA IMPOSITIVA INDIVIDUAL N.º 011/2019,"EMENDA IMPOSITIVA N° 11 AO PROJETO DE LEI N° 187/2019, QUE ESTIMA A RECEITA E FIXA A DESPESA DO MUNICÍPIO PARA O EXERCÍCIO DE 2020.",Vereadores,https://www.pindamonhangaba.sp.leg.br/proposicoes/0/0/0/0/117744#pesquisa
2019-11-19 00:00:00,EMENDA IMPOSITIVA INDIVIDUAL N.º 012/2019,"EMENDA IMPOSITIVA N° 12 AO PROJETO DE LEI N° 187/2019, QUE ESTIMA A RECEITA E FIXA A DESPESA DO MUNICÍPIO PARA O EXERCÍCIO DE 2020.",Vereadores,https://www.pindamonhangaba.sp.leg.br/proposicoes/0/0/0/0/117745#pesquisa
2019-11-19 00:00:00,EMENDA IMPOSITIVA INDIVIDUAL N.º 013/2019,"EMENDA IMPOSITIVA N° 13 AO PROJETO DE LEI N° 187/2019, QUE ESTIMA A RECEITA E FIXA A DESPESA DO MUNICÍPIO PARA O EXERCÍCIO DE 2020.",Vereadores,https://www.pindamonhangaba.sp.leg.br/proposicoes/0/0/0/0/117746#pesquisa
2019-11-19 00:00:00,EMENDA IMPOSITIVA INDIVIDUAL N.º 014/2019,"EMENDA IMPOSITIVA N° 14 AO PROJETO DE LEI N° 187/2019, QUE ESTIMA A RECEITA E FIXA A DESPESA DO MUNICÍPIO PARA O EXERCÍCIO DE 2020.",Vereadores,https://www.pindamonhangaba.sp.leg.br/proposicoes/0/0/0/0/117747#pesquisa
2019-11-19 00:00:00,EMENDA IMPOSITIVA INDIVIDUAL N.º 015/2019,"EMENDA IMPOSITIVA N° 15 AO PROJETO DE LEI N° 187/2019, QUE ESTIMA A RECEITA E FIXA A DESPESA DO MUNICÍPIO PARA O EXERCÍCIO DE 2020.",Vereadores,https://www.pindamonhangaba.sp.leg.br/proposicoes/0/0/0/0/117748#pesquisa
2019-11-19 00:00:00,EMENDA IMPOSITIVA INDIVIDUAL N.º 016/2019,"EMENDA IMPOSITIVA N° 16 AO PROJETO DE LEI N° 187/2019, QUE ESTIMA A RECEITA E FIXA A DESPESA DO MUNICÍPIO PARA O EXERCÍCIO DE 2020.",Vereadores,https://www.pindamonhangaba.sp.leg.br/proposicoes/0/0/0/0/117749#pesquisa
2019-11-19 00:00:00,EMENDA IMPOSITIVA INDIVIDUAL N.º 017/2019,"EMENDA IMPOSITIVA N° 17 AO PROJETO DE LEI N° 187/2019, QUE ESTIMA A RECEITA E FIXA A DESPESA DO MUNICÍPIO PARA O EXERCÍCIO DE 2020.",Vereadores,https://www.pindamonhangaba.sp.leg.br/proposicoes/0/0/0/0/117750#pesquisa
2019-11-18 00:00:00,EMENDA IMPOSITIVA INDIVIDUAL N.º 001/2019,"EMENDA IMPOSITIVA N° 01 AO PROJETO DE LEI N° 187/2019, QUE ESTIMA A RECEITA E FIXA A DESPESA DO MUNICÍPIO PARA O EXERCÍCIO DE 2020.",Vereadores,https://www.pindamonhangaba.sp.leg.br/proposicoes/0/0/0/0/117734#pesquisa
2019-11-18 00:00:00,EMENDA IMPOSITIVA INDIVIDUAL N.º 002/2019,"EMENDA IMPOSITIVA N° 02 AO PROJETO DE LEI N° 187/2019, QUE ESTIMA A RECEITA E FIXA A DESPESA DO MUNICÍPIO PARA O EXERCÍCIO DE 2020.",Vereadores,https://www.pindamonhangaba.sp.leg.br/proposicoes/0/0/0/0/117735#pesquisa
2019-11-18 00:00:00,EMENDA IMPOSITIVA INDIVIDUAL N.º 003/2019,"EMENDA IMPOSITIVA N° 03 AO PROJETO DE LEI N° 187/2019, QUE ESTIMA A RECEITA E FIXA A DESPESA DO MUNICÍPIO PARA O EXERCÍCIO DE 2020.",Vereadores,https://www.pindamonhangaba.sp.leg.br/proposicoes/0/0/0/0/117736#pesquisa
2019-11-18 00:00:00,EMENDA IMPOSITIVA INDIVIDUAL N.º 004/2019,"EMENDA IMPOSITIVA N° 04 AO PROJETO DE LEI N° 187/2019, QUE ESTIMA A RECEITA E FIXA A DESPESA DO MUNICÍPIO PARA O EXERCÍCIO DE 2020.",Vereadores,https://www.pindamonhangaba.sp.leg.br/proposicoes/0/0/0/0/117737#pesquisa
2019-11-18 00:00:00,EMENDA IMPOSITIVA INDIVIDUAL N.º 005/2019,"EMENDA IMPOSITIVA N° 05 AO PROJETO DE LEI N° 187/2019, QUE ESTIMA A RECEITA E FIXA A DESPESA DO MUNICÍPIO PARA O EXERCÍCIO DE 2020.",Vereadores,https://www.pindamonhangaba.sp.leg.br/proposicoes/0/0/0/0/117738#pesquisa
2019-11-18 00:00:00,EMENDA IMPOSITIVA INDIVIDUAL N.º 006/2019,"EMENDA IMPOSITIVA N° 06 AO PROJETO DE LEI N° 187/2019, QUE ESTIMA A RECEITA E FIXA A DESPESA DO MUNICÍPIO PARA O EXERCÍCIO DE 2020.",Vereadores,https://www.pindamonhangaba.sp.leg.br/proposicoes/0/0/0/0/117739#pesquisa
2019-11-18 00:00:00,EMENDA IMPOSITIVA INDIVIDUAL N.º 007/2019,"EMENDA IMPOSITIVA N° 07 AO PROJETO DE LEI N° 187/2019, QUE ESTIMA A RECEITA E FIXA A DESPESA DO MUNICÍPIO PARA O EXERCÍCIO DE 2020.",Vereadores,https://www.pindamonhangaba.sp.leg.br/proposicoes/0/0/0/0/117740#pesquisa
2019-11-18 00:00:00,EMENDA IMPOSITIVA INDIVIDUAL N.º 008/2019,"EMENDA IMPOSITIVA N° 08 AO PROJETO DE LEI N° 187/2019, QUE ESTIMA A RECEITA E FIXA A DESPESA DO MUNICÍPIO PARA O EXERCÍCIO DE 2020.",Vereadores,https://www.pindamonhangaba.sp.leg.br/proposicoes/0/0/0/0/117741#pesquisa
2019-11-18 00:00:00,EMENDA IMPOSITIVA INDIVIDUAL N.º 009/2019,"EMENDA IMPOSITIVA N° 09 AO PROJETO DE LEI N° 187/2019, QUE ESTIMA A RECEITA E FIXA A DESPESA DO MUNICÍPIO PARA O EXERCÍCIO DE 2020.",Vereadores,https://www.pindamonhangaba.sp.leg.br/proposicoes/0/0/0/0/117742#pesquisa
2019-11-12 00:00:00,EMENDA MODIFICATIVA N.º 2 AO PROJETO DE LEI N° 181/2019,"EMENDA (12/2019) AO PROJETO DE LEI N° 181/2019, QUE REESTRUTURA E MODERNIZA O PROGRAMA DE CONCESSÃO DE BOLSAS UNIVERSITÁRIAS, CRIANDO O PROGRAMA UNIVERSITÁRIO DE PINDAMONHANGABA - UNIPINDA, E DÁ OUTRAS PROVIDÊNCIAS.",Rafael Goffi Moreira,https://www.pindamonhangaba.sp.leg.br/proposicoes/0/0/0/0/117272#pesquisa
2019-11-12 00:00:00,EMENDA MODIFICATIVA N.º 3 AO PROJETO DE LEI N° 181/2019,"EMENDA (13/2019) AO PROJETO DE LEI N° 181/2019, QUE REESTRUTURA E MODERNIZA O PROGRAMA DE CONCESSÃO DE BOLSAS UNIVERSITÁRIAS, CRIANDO O PROGRAMA UNIVERSITÁRIO DE PINDAMONHANGABA - UNIPINDA, E DÁ OUTRAS PROVIDÊNCIAS.",Osvaldo Macedo Negrão,https://www.pindamonhangaba.sp.leg.br/proposicoes/0/0/0/0/117273#pesquisa
2019-11-11 00:00:00,EMENDA N.º 12 AO PROJETO DE LEI ORDINÁRIA N° 181/2019,"EMENDA AO PROJETO DE LEI ORDINÁRIA N° 181/2019 QUE REESTRUTURA E MODERNIZA O PROGRAMA DE CONCESSÃO DE BOLSAS UNIVERSITÁRIAS, CRIANDO O PROGRAMA UNIVERSITÁRIO DE PINDAMONHANGABA - UNIPINDA, E DÁ OUTRAS PROVIDÊNCIAS.",Rafael Goffi Moreira,https://www.pindamonhangaba.sp.leg.br/proposicoes/0/0/0/0/187#pesquisa
2019-11-11 00:00:00,EMENDA N.º 13 AO PROJETO DE LEI N° 181/2019,"EMENDA AO PROJETO DE LEI N° 181/2019, QUE REESTRUTURA E MODERNIZA O PROGRAMA DE CONCESSÃO DE BOLSAS UNIVERSITÁRIAS, CRIANDO O PROGRAMA UNIVERSITÁRIO DE PINDAMONHANGABA - UNIPINDA, E DÁ OUTRAS PROVIDÊNCIAS",Osvaldo Macedo Negrão,https://www.pindamonhangaba.sp.leg.br/proposicoes/0/0/0/0/188#pesquisa
2019-11-05 00:00:00,EMENDA MODIFICATIVA N.º 1 AO PROJETO DE LEI N° 181/2019,"EMENDA (11/2019) AO PROJETO DE LEI N° 181/2019, QUE REESTRUTURA E MODERNIZA O PROGRAMA DE CONCESSÃO DE BOLSAS UNIVERSITÁRIAS, CRIANDO O PROGRAMA UNIVERSITÁRIO DE PINDAMONHANGABA - UNIPINDA, E DÁ OUTRAS PROVIDÊNCIAS. (RETIRADA)",Osvaldo Macedo Negrão,https://www.pindamonhangaba.sp.leg.br/proposicoes/0/0/0/0/117271#pesquisa
2019-11-04 00:00:00,EMENDA N.º 11 AO PROJETO DE LEI N° 181/2019,"EMENDA MODIFICATIVA AO PROJETO DE LEI N° 181/2019, QUE REESTRUTURA E MODERNIZA O PROGRAMA DE CONCESSÃO DE BOLSAS UNIVERSITÁRIAS, CRIANDO O PROGRAMA UNIVERSITÁRIO DE PINDAMONHANGABA - UNIPINDA, E DÁ OUTRAS PROVIDÊNCIAS.",Osvaldo Macedo Negrão,https://www.pindamonhangaba.sp.leg.br/proposicoes/0/0/0/0/186#pesquisa
2019-10-31 00:00:00,SUBSTITUTIVO Nº 1 AO PROJETO DE LEI N.º 122/2019,"SUBSTITUTIVO AO PROJETO DE LEI N° 122/2019, QUE DENOMINA A RUA 20 (VINTE) DO BAIRRO SHANGRILÁ, PINDAMONHANGABA/SP, DE RUA ABEL RODRIGUES DE AGUIAR.",Rafael Goffi Moreira,https://www.pindamonhangaba.sp.leg.br/proposicoes/0/0/0/0/118366#pesquisa
2019-10-22 00:00:00,SUBSTITUTIVO Nº 1 AO PROJETO DE LEI N.º 167/2019,"SUBSTITUTIVO (02/2019) AO PROJETO DE LEI N° 167/2019, QUE INSTITUI E INCLUI NO CALENDÁRIO OFICIAL DE EVENTOS DO MUNICÍPIO DE PINDAMONHANGABA A SEMANA",Roderley Miotto Rodrigues,https://www.pindamonhangaba.sp.leg.br/proposicoes/0/0/0/0/118368#pesquisa
2019-10-22 00:00:00,SUBSTITUTIVO Nº 1 AO PROJETO DE LEI N.º 168/2019,"SUBSTITUTIVO (03/2019) AO PROJETO DE LEI N° 168/2019, QUE INSTITUI O SETEMBRO AMARELO NO MUNICÍPIO DE PINDAMONHANGABA.",Roderley Miotto Rodrigues,https://www.pindamonhangaba.sp.leg.br/proposicoes/0/0/0/0/118369#pesquisa
2019-10-22 00:00:00,SUBSTITUTIVO N.º 4 AO PROJETO DE LEI Nº 122/2019,"SUBSTITUTIVO AO PROJETO DE LEI Nº 122/2019, QUE DENOMINA A RUA 20 (VINTE) DO BAIRRO SHANGRILÁ, PINDAMONHANGABA/SP, DE RUA ABEL RODRIGUES DE AGUIAR.",Rafael Goffi Moreira,https://www.pindamonhangaba.sp.leg.br/proposicoes/0/0/0/0/116636#pesquisa
2019-10-18 00:00:00,SUBSTITUTIVO N.º 2 AO PROJETO DE LEI N° 167/2019,"SUBSTITUTIVO AO PROJETO DE LEI N° 167/2019, QUE INSTITUI E INCLUI NO CALENDÁRIO OFICIAL DE EVENTOS DO MUNICÍPIO DE PINDAMONHANGABA A SEMANA LIXO ZERO E DÁ OUTRAS PROVIDÊNCIAS.",Roderley Miotto Rodrigues,https://www.pindamonhangaba.sp.leg.br/proposicoes/0/0/0/0/116634#pesquisa
2019-10-18 00:00:00,SUBSTITUTIVO N.º 3 AO PROJETO DE LEI N° 168/2019,"SUBSTITUTIVO AO PROJETO DE LEI N° 168/2019, QUE INSTITUI O SETEMBRO AMARELO NO MUNICÍPIO DE PINDAMONHANGABA.",Roderley Miotto Rodrigues,https://www.pindamonhangaba.sp.leg.br/proposicoes/0/0/0/0/116635#pesquisa
2019-10-01 00:00:00,SUBSTITUTIVO Nº 1 AO PROJETO DE LEI N.º 083/2017,"DENOMINA A RUA 13 (TREZE) DO LOTEAMENTO RESIDENCIAL E COMERCIAL FLAMBOYANT, PINDAMONHANGABA/SP, DE RUA JOSÉ MARIA RAPOSO.",Rafael Goffi Moreira,https://www.pindamonhangaba.sp.leg.br/proposicoes/0/0/0/0/118355#pesquisa
2019-09-24 00:00:00,SUBSTITUTIVO N.º 1 AO PROJETO DE LEI Nº 83/2017,"SUBSTITUTIVO AO PROJETO DE LEI Nº 83/2017, QUE DENOMINA A RUA 13 (TREZE) DO LOTEAMENTO RESIDENCIAL E COMERCIAL FLAMBOYANT, PINDAMONHANGABA, DE RUA JOSÉ MARIA RAPOSO.",Rafael Goffi Moreira,https://www.pindamonhangaba.sp.leg.br/proposicoes/0/0/0/0/116633#pesquisa
2019-09-17 00:00:00,EMENDA MODIFICATIVA N.º 1 AO PROJETO DE LEI N° 136/2019,"EMENDA (10/2019) AO PROJETO DE LEI N° 136/2019, QUE DISPÕE SOBRE O PERÍODO DE ATENDIMENTO DOS CAIXAS DE SUPERMERCADOS, HIPERMERCADOS E ESTABELECIMENTOS SIMILARES NO MUNICÍPIO DE PINDAMONHANGABA E DÁ OUTRAS PROVIDÊNCIAS.",Renato Cebola,https://www.pindamonhangaba.sp.leg.br/proposicoes/0/0/0/0/117270#pesquisa
2019-09-16 00:00:00,EMENDA N.º 10 AO PROJETO DE LEI ORDINÁRIA N° 136/2019,"EMENDA AO PROJETO DE LEI ORDINÁRIA N° 136/2019 QUE DISPÕE SOBRE O PERÍODO DE ATENDIMENTO DOS CAIXAS DE SUPERMERCADOS, HIPERMERCADOS E ESTABELECIMENTOS SIMILARES NO MUNICÍPIO DE PINDAMONHANGABA, E DÁ OUTRAS PROVIDÊNCIAS.",Renato Cebola,https://www.pindamonhangaba.sp.leg.br/proposicoes/0/0/0/0/185#pesquisa
2019-08-19 00:00:00,EMENDA MODIFICATIVA N.º 1 AO PROJETO DE LEI N° 132/2019,"EMENDA (09/18) AO PROJETO DE LEI N° 132/2019, QUE DISPÕE SOBRE A PROIBIÇÃO DE FORNECIMENTO DE PRODUTOS PLÁSTICOS DE USO ÚNICO NOS LOCAIS QUE ESPECIFICA, E DÁ OUTRAS PROVIDÊNCIAS.",Rafael Goffi Moreira,https://www.pindamonhangaba.sp.leg.br/proposicoes/0/0/0/0/117269#pesquisa
2019-08-16 00:00:00,EMENDA N.º 9 AO PROJETO DE LEI ORDINÁRIA N° 132/2019,"EMENDA AO PROJETO DE LEI ORDINÁRIA N° 132/2019, QUE DISPÕE SOBRE A PROIBIÇÃO DE FORNECIMENTO DE PRODUTOS PLÁSTICOS DE USO ÚNICO NOS LOCAIS QUE ESPECIFICA, E DÁ OUTRAS PROVIDÊNCIAS.",Rafael Goffi Moreira,https://www.pindamonhangaba.sp.leg.br/proposicoes/0/0/0/0/184#pesquisa
2019-05-14 00:00:00,EMENDA MODIFICATIVA N.º 1 AO PROJETO DE LEI ORDINÁRIA N° 45/2019,"EMENDA (05/2019) AO PROJETO DE LEI ORDINÁRIA N° 45/2019 QUE REESTRUTURA E MODERNIZA O PROGRAMA DE CONCESSÃO DE BOLSAS UNIVERSITÁRIAS, CRIANDO O PROGRAMA UNIVERSITÁRIO DE PINDAMONHANGABA - UNIPINDA, E DÁ OUTRAS PROVIDÊNCIAS.",Rafael Goffi Moreira,https://www.pindamonhangaba.sp.leg.br/proposicoes/0/0/0/0/117265#pesquisa
2019-05-14 00:00:00,EMENDA MODIFICATIVA N.º 2 AO PROJETO DE LEI ORDINÁRIA N° 45/2019,"EMENDA (06/2019) AO PROJETO DE LEI ORDINÁRIA N° 45/2019 QUE REESTRUTURA E MODERNIZA O PROGRAMA DE CONCESSÃO DE BOLSAS UNIVERSITÁRIAS, CRIANDO O PROGRAMA UNIVERSITÁRIO DE PINDAMONHANGABA - UNIPINDA, E DÁ OUTRAS PROVIDÊNCIAS.",Rafael Goffi Moreira,https://www.pindamonhangaba.sp.leg.br/proposicoes/0/0/0/0/117266#pesquisa
2019-05-14 00:00:00,EMENDA MODIFICATIVA N.º 3 AO PROJETO DE LEI ORDINÁRIA N° 45/2019,"EMENDA (07/2019) AO PROJETO DE LEI ORDINÁRIA N° 45/2019 QUE REESTRUTURA E MODERNIZA O PROGRAMA DE CONCESSÃO DE BOLSAS UNIVERSITÁRIAS, CRIANDO O PROGRAMA UNIVERSITÁRIO DE PINDAMONHANGABA - UNIPINDA, E DÁ OUTRAS PROVIDÊNCIAS.",Rafael Goffi Moreira,https://www.pindamonhangaba.sp.leg.br/proposicoes/0/0/0/0/117267#pesquisa
2019-05-14 00:00:00,EMENDA MODIFICATIVA N.º 4 AO PROJETO DE LEI ORDINÁRIA N° 45/2019,"EMENDA (08/2019) AO PROJETO DE LEI ORDINÁRIA N° 45/2019 QUE REESTRUTURA E MODERNIZA O PROGRAMA DE CONCESSÃO DE BOLSAS UNIVERSITÁRIAS, CRIANDO O PROGRAMA UNIVERSITÁRIO DE PINDAMONHANGABA - UNIPINDA, E DÁ OUTRAS PROVIDÊNCIAS.",Rafael Goffi Moreira,https://www.pindamonhangaba.sp.leg.br/proposicoes/0/0/0/0/117268#pesquisa
2019-05-08 00:00:00,EMENDA N.º 5 AO PROJETO DE LEI ORDINÁRIA N° 45/2019,"EMENDA AO PROJETO DE LEI ORDINÁRIA N° 45/2019, QUE REESTRUTURA E MODERNIZA O PROGRAMA DE CONCESSÃO DE BOLSAS UNIVERSITÁRIAS, CRIANDO O PROGRAMA UNIVERSITÁRIO DE PINDAMONHANGABA - UNIPINDA, E DÁ OUTRAS PROVIDÊNCIAS.",Rafael Goffi Moreira,https://www.pindamonhangaba.sp.leg.br/proposicoes/0/0/0/0/180#pesquisa
2019-05-08 00:00:00,EMENDA N.º 6 AO PROJETO DE LEI ORDINÁRIA N° 45/2019,"EMENDA AO PROJETO DE LEI ORDINÁRIA N° 45/2019, QUE REESTRUTURA E MODERNIZA O PROGRAMA DE CONCESSÃO DE BOLSAS UNIVERSITÁRIAS, CRIANDO O PROGRAMA UNIVERSITÁRIO DE PINDAMONHANGABA - UNIPINDA, E DÁ OUTRAS PROVIDÊNCIAS.",Rafael Goffi Moreira,https://www.pindamonhangaba.sp.leg.br/proposicoes/0/0/0/0/181#pesquisa
2019-05-08 00:00:00,EMENDA N.º 7 AO PROJETO DE LEI ORDINÁRIA N° 45/2019,"EMENDA AO PROJETO DE LEI ORDINÁRIA N° 45/2019, QUE REESTRUTURA E MODERNIZA O PROGRAMA DE CONCESSÃO DE BOLSAS UNIVERSITÁRIAS, CRIANDO O PROGRAMA UNIVERSITÁRIO DE PINDAMONHANGABA - UNIPINDA, E DÁ OUTRAS PROVIDÊNCIAS.",Rafael Goffi Moreira,https://www.pindamonhangaba.sp.leg.br/proposicoes/0/0/0/0/182#pesquisa
2019-05-08 00:00:00,EMENDA N.º 8 AO PROJETO DE LEI ORDINÁRIA N° 45/2019,"EMENDA AO PROJETO DE LEI ORDINÁRIA N° 45/2019, QUE REESTRUTURA E MODERNIZA O PROGRAMA DE CONCESSÃO DE BOLSAS UNIVERSITÁRIAS, CRIANDO O PROGRAMA UNIVERSITÁRIO DE PINDAMONHANGABA - UNIPINDA, E DÁ OUTRAS PROVIDÊNCIAS.",Rafael Goffi Moreira,https://www.pindamonhangaba.sp.leg.br/proposicoes/0/0/0/0/183#pesquisa
2019-04-16 00:00:00,EMENDA ADITIVA N.º 1 AO PROJETO DE LEI N° 23/2019,"EMENDA MODIFICATIVA (04/19) AO PROJETO DE LEI N° 23/2019, QUE ALTERA E ACRESCENTA DISPOSITIVOS NA LEI ORDINÁRIA N° 5.318/11 QUE DISPÕE SOBRE A ORGANIZAÇÃO, ESTRUTURAÇÃO, PLANO DE EMPREGOS PÚBLICOS, CARREIRA E REMUNERAÇÃO DOS PROFISSIONAIS DO MAGISTÉRIO PÚBLICO DO MUNICÍPIO DE PINDAMONHANGABA, E DÁ OUTRAS PROVIDÊNCIAS.",Osvaldo Macedo Negrão,https://www.pindamonhangaba.sp.leg.br/proposicoes/0/0/0/0/117264#pesquisa
2019-04-15 00:00:00,EMENDA N.º 4 AO PROJETO DE LEI N° 23/2019,"EMENDA MODIFICATIVA AO PROJETO DE LEI N° 23/2019, QUE ALTERA E ACRESCENTA DISPOSITIVOS NA LEI ORDINÁRIA N° 5.318/11 QUE DISPÕE SOBRE A ORGANIZAÇÃO, ESTRUTURAÇÃO, PLANO DE EMPREGOS PÚBLICOS, CARREIRA E REMUNERAÇÃO DOS PROFISSIONAIS DO MAGISTÉRIO PÚBLICO DO MUNICÍPIO DE PINDAMONHANGABA, E DÁ OUTRAS PROVIDÊNCIAS.",Carlos Moura - Magrão; Osvaldo Macedo Negrão,https://www.pindamonhangaba.sp.leg.br/proposicoes/0/0/0/0/179#pesquisa
2019-03-12 00:00:00,EMENDA MODIFICATIVA N.º 1 AO PROJETO DE LEI ORDINÁRIA N° 123/2018,"EMENDA AO PROJETO DE LEI ORDINÁRIA N° 123/2018 QUE DETERMINA A DISPONIBILIZAÇÃO, POR MEIOS ELETRÔNICOS, DAS LEIS, DECRETOS, PORTARIAS E OUTROS ATOS NORMATIVOS DO MUNICÍPIO DE PINDAMONHANGABA PELO PODER EXECUTIVO.",Renato Cebola,https://www.pindamonhangaba.sp.leg.br/proposicoes/0/0/0/0/117263#pesquisa
2019-03-11 00:00:00,EMENDA N.º 3 AO PROJETO DE LEI ORDINÁRIA N° 123/2018,"EMENDA AO PROJETO DE LEI ORDINÁRIA N° 123/2018 QUE DETERMINA A DISPONIBILIZAÇÃO, POR MEIOS ELETRÔNICOS, DAS LEIS, DECRETOS, PORTARIAS E OUTROS ATOS NORMATIVOS DO MUNICÍPIO DE PINDAMONHANGABA PELO PODER EXECUTIVO.",Renato Cebola,https://www.pindamonhangaba.sp.leg.br/proposicoes/0/0/0/0/178#pesquisa
2019-03-08 00:00:00,EMENDA ADITIVA N.º 5 AO PROJETO DE LEI N° 110/2018,"EMENDA ADITIVA (02/19) AO PROJETO DE LEI N° 110/2018, QUE CONCEDE E REGULAMENTA FALTAS ABONADAS DOS SERVIDORES PÚBLICOS MUNICIPAIS, BEM COMO LICENÇA-PRÊMIO APÓS 05 (CINCO) ANOS DE EFETIVO EXERCÍCIO DAS FUNÇÕES.",Gislene Cardoso,https://www.pindamonhangaba.sp.leg.br/proposicoes/0/0/0/0/117262#pesquisa
2019-03-07 00:00:00,EMENDA N.º 2 AO PROJETO DE LEI N° 110/2018,"EMENDA ADITIVA AO PROJETO DE LEI N° 110/2018, QUE CONCEDE E REGULAMENTA FALTAS ABONADAS DOS SERVIDORES PÚBLICOS MUNICIPAIS, BEM COMO LICENÇA-PRÊMIO APÓS 05 (CINCO) ANOS DE EFETIVO EXERCÍCIO DAS FUNÇÕES.",Gislene Cardoso,https://www.pindamonhangaba.sp.leg.br/proposicoes/0/0/0/0/177#pesquisa
2019-01-28 01:00:00,EMENDA MODIFICATIVA N.º 4 AO PROJETO DE LEI N° 110/2018,"EMENDA (01/19) AO PROJETO DE LEI N° 110/2018 QUE CONCEDE E REGULAMENTA FALTAS ABONADAS DOS SERVIDORES PÚBLICOS MUNICIPAIS, BEM COMO LICENÇA-PRÊMIO APÓS 05 (CINCO) ANOS DE EFETIVO EXERCÍCIO DAS FUNÇÕES.",Renato Cebola,https://www.pindamonhangaba.sp.leg.br/proposicoes/0/0/0/0/117261#pesquisa
2019-01-28 00:00:00,EMENDA N.º 1 AO PROJETO DE LEI N° 110/2018,"EMENDA AO PROJETO DE LEI N° 110/2018 QUE CONCEDE E REGULAMENTA FALTAS ABONADAS DOS SERVIDORES PÚBLICOS MUNICIPAIS, BEM COMO LICENÇA-PRÊMIO APÓS 05 (CINCO) ANOS DE EFETIVO EXERCÍCIO DAS FUNÇÕES.",Renato Cebola,https://www.pindamonhangaba.sp.leg.br/proposicoes/0/0/0/0/176#pesquisa
2018-12-11 01:00:00,EMENDA MODIFICATIVA N.º 1 AO PROJETO DE LEI N° 112/2018,"EMENDA MODIFICATIVA AO PROJETO DE LEI N° 112/2018, QUE DISPÕE SOBRE A GUARDA CIVIL METROPOLITANA DE PINDAMONHANGABA E DÁ OUTRAS PROVIDÊNCIAS.",Rafael Goffi Moreira,https://www.pindamonhangaba.sp.leg.br/proposicoes/0/0/0/0/117260#pesquisa
2018-12-10 00:00:00,EMENDA N.º 15 AO PROJETO DE LEI ORDINÁRIA Nº 112/2018,EMENDA MODIFICATIVA AO PROJETO DE LEI ORDINÁRIA Nº 112/2018 QUE DISPÕE SOBRE A GUARDA CIVIL METROPOLITANA DE PINDAMONHANGABA E DÁ OUTRAS PROVIDÊNCIAS.,Roderley Miotto Rodrigues; Rafael Goffi Moreira; Renato Cebola; Ronaldo Pinto De Andrade,https://www.pindamonhangaba.sp.leg.br/proposicoes/0/0/0/0/175#pesquisa
2018-12-04 01:00:00,EMENDA MODIFICATIVA N.º 1/2018,"EMENDA MODIFICATIVA AO PROJETO DE RESOLUÇÃO N° 13/2018, QUE ACRESCE OS ARTIGOS 177-A, 177-B, 177-C, 177-D, 177-E, 177-F E 177-G AO REGIMENTO INTERNO, DISPONDO SOBRE O PROCESSO ADMINISTRATIVO ELETRÔNICO.",Rafael Goffi Moreira,https://www.pindamonhangaba.sp.leg.br/proposicoes/0/0/0/0/117258#pesquisa
2018-12-04 01:00:00,EMENDA MODIFICATIVA N.º 3 AO PROJETO DE LEI N° 110/2018,"EMENDA (14/18) AO PROJETO DE LEI N° 110/2018 QUE CONCEDE E REGULAMENTA FALTAS ABONADAS DOS SERVIDORES PÚBLICOS MUNICIPAIS, BEM COMO LICENÇA-PRÊMIO APÓS 05 (CINCO) ANOS DE EFETIVO EXERCÍCIO DAS FUNÇÕES.",Renato Cebola,https://www.pindamonhangaba.sp.leg.br/proposicoes/0/0/0/0/117259#pesquisa
2018-12-03 00:00:00,EMENDA N.º 13 AO PROJETO DE RESOLUÇÃO Nº 13/2018,"EMENDA MODIFICATIVA AO PROJETO DE RESOLUÇÃO Nº 13/2018, QUE ACRESCE OS ARTIGOS 177-A, 177-B, 177-C, 177-D, 177-E, 177-F E 177-G AO REGIMENTO INTERNO, DISPONDO SOBRE O PROCESSO ADMINISTRATIVO ELETRÔNICO.",Rafael Goffi Moreira,https://www.pindamonhangaba.sp.leg.br/proposicoes/0/0/0/0/173#pesquisa
2018-12-03 00:00:00,EMENDA N.º 14 AO PROJETO DE LEI Nº 110/2018,"EMENDA AO PROJETO DE LEI Nº 110/2018, QUE CONCEDE E REGULAMENTA FALTAS ABONADAS DOS SERVIDORES PÚBLICOS MUNICIPAIS, BEM COMO LICENÇA-PRÊMIO APÓS 05 (CINCO) ANOS DE EFETIVO EXERCÍCIO DAS FUNÇÕES.",Renato Cebola,https://www.pindamonhangaba.sp.leg.br/proposicoes/0/0/0/0/174#pesquisa
2018-11-29 01:00:00,EMENDA IMPOSITIVA N.º 8 AO PROJETO DE LEI N° 115/2018,EMENDA IMPOSITIVA N° 13 AO PL 115/2018.,Jorge Pereira Alves,https://www.pindamonhangaba.sp.leg.br/proposicoes/0/0/0/0/117157#pesquisa
2018-11-29 01:00:00,EMENDA IMPOSITIVA N.º 39 AO PROJETO DE LEI N° 115/2018,EMENDA IMPOSITIVA N° 44 AO PL 115/2018.,Osvaldo Macedo Negrão,https://www.pindamonhangaba.sp.leg.br/proposicoes/0/0/0/0/117188#pesquisa
2018-11-27 01:00:00,SUBSTITUTIVO Nº 1 AO PROJETO DE LEI N.º 063/2018,"SUBSTITUTIVO AO PROJETO DE LEI N° 63/2018, QUE INSTITUI E INCLUI NO CALENDÁRIO OFICIAL DE EVENTOS DO MUNICÍPIO DE PINDAMONHANGABA A SEMANA DE SENSIBIL",Ronaldo Pinto De Andrade,https://www.pindamonhangaba.sp.leg.br/proposicoes/0/0/0/0/118363#pesquisa
2018-11-27 01:00:00,EMENDA MODIFICATIVA N.º 1 AO PROJETO DE LEI N° 58/2018,"EMENDA MODIFICATIVA AO PROJETO DE LEI N° 58/2018, QUE DISPÕE SOBRE A OBRIGATORIEDADE DOS ESTABELECIMENTOS QUE COMERCIALIZAM GASOLINA INFORMAREM SEUS CLIENTES SE A GASOLINA COMERCIALIZADA É FORMULADA OU REFINADA.",Osvaldo Macedo Negrão,https://www.pindamonhangaba.sp.leg.br/proposicoes/0/0/0/0/117150#pesquisa
2018-11-26 00:00:00,EMENDA N.º 12 AO PROJETO DE LEI N° 58/2018,"EMENDA MODIFICATIVA AO PROJETO DE LEI N° 58/2018, QUE DISPÕE SOBRE A OBRIGATORIEDADE DOS ESTABELECIMENTOS QUE COMERCIALIZAM GASOLINA INFORMAREM SEUS CLIENTES SE A GASOLINA COMERCIALIZADA É FORMULADA OU REFINADA.",Osvaldo Macedo Negrão,https://www.pindamonhangaba.sp.leg.br/proposicoes/0/0/0/0/172#pesquisa
2018-11-22 01:00:00,SUBSTITUTIVO N.º 6 AO PROJETO DE LEI Nº 63/2018,"SUBSTITUTIVO AO PROJETO DE LEI Nº 63/2018, QUE INSTITUI E INCLUI NO CALENDÁRIO OFICIAL DE EVENTOS DO MUNICÍPIO DE PINDAMONHANGABA A SEMANA DE SENSIBILIZAÇÃO ÀS PERDAS GESTACIONAIS E NEONATAIS.",Ronaldo Pinto De Andrade,https://www.pindamonhangaba.sp.leg.br/proposicoes/0/0/0/0/116632#pesquisa
2018-11-20 01:00:00,EMENDA MODIFICATIVA N.º 1 AO PROJETO DE LEI N° 115/2018,EMENDA AO PROJETO DE LEI N° 115/2018 QUE ESTIMA A RECEITA E FIXA A DESPESA DO MUNICÍPIO PARA O EXERCÍCIO DE 2019.,Rafael Goffi Moreira,https://www.pindamonhangaba.sp.leg.br/proposicoes/0/0/0/0/117149#pesquisa
2018-11-19 01:00:00,EMENDA IMPOSITIVA N.º 99 AO PROJETO DE LEI N° 115/2018,EMENDA IMPOSITIVA N° 103 AO PL 115/2018.,Renato Cebola,https://www.pindamonhangaba.sp.leg.br/proposicoes/0/0/0/0/117248#pesquisa
2018-11-19 01:00:00,EMENDA IMPOSITIVA N.º 100 AO PROJETO DE LEI N° 115/2018,EMENDA IMPOSITIVA N° 104 AO PL 115/2018.,Renato Cebola,https://www.pindamonhangaba.sp.leg.br/proposicoes/0/0/0/0/117249#pesquisa
2018-11-19 01:00:00,EMENDA IMPOSITIVA N.º 101 AO PROJETO DE LEI N° 115/2018,EMENDA IMPOSITIVA N° 105 AO PL 115/2018.,Renato Cebola,https://www.pindamonhangaba.sp.leg.br/proposicoes/0/0/0/0/117250#pesquisa
2018-11-19 01:00:00,EMENDA IMPOSITIVA N.º 102 AO PROJETO DE LEI N° 115/2018,EMENDA IMPOSITIVA N° 106 AO PL 115/2018.,Carlos Moura - Magrão,https://www.pindamonhangaba.sp.leg.br/proposicoes/0/0/0/0/117251#pesquisa
2018-11-19 01:00:00,EMENDA IMPOSITIVA N.º 103 AO PROJETO DE LEI N° 115/2018,EMENDA IMPOSITIVA N° 107 AO PL 115/2018.,Carlos Moura - Magrão,https://www.pindamonhangaba.sp.leg.br/proposicoes/0/0/0/0/117252#pesquisa
2018-11-19 01:00:00,EMENDA IMPOSITIVA N.º 104 AO PROJETO DE LEI N° 115/2018,EMENDA IMPOSITIVA N°108 AO PL 115/2018.,Carlos Moura - Magrão,https://www.pindamonhangaba.sp.leg.br/proposicoes/0/0/0/0/117253#pesquisa
2018-11-19 01:00:00,EMENDA IMPOSITIVA N.º 105 AO PROJETO DE LEI N° 115/2018,EMENDA IMPOSITIVA N° 109 AO PL 115/2018.,Carlos Moura - Magrão,https://www.pindamonhangaba.sp.leg.br/proposicoes/0/0/0/0/117254#pesquisa
2018-11-19 01:00:00,EMENDA IMPOSITIVA N.º 106 AO PROJETO DE LEI N° 115/2018,EMENDA IMPOSITIVA N° 110 AO PL 115/2018.,Carlos Moura - Magrão,https://www.pindamonhangaba.sp.leg.br/proposicoes/0/0/0/0/117255#pesquisa
2018-11-19 01:00:00,EMENDA IMPOSITIVA N.º 107 AO PROJETO DE LEI N° 115/2018,EMENDA IMPOSITIVA N° 111 AO PL 115/2018.,Carlos Moura - Magrão,https://www.pindamonhangaba.sp.leg.br/proposicoes/0/0/0/0/117256#pesquisa
2018-11-19 01:00:00,EMENDA IMPOSITIVA N.º 108 AO PROJETO DE LEI N° 115/2018,EMENDA IMPOSITIVA N° 112 AO PL 115/2018.,Carlos Moura - Magrão,https://www.pindamonhangaba.sp.leg.br/proposicoes/0/0/0/0/117257#pesquisa
2018-11-19 01:00:00,EMENDA IMPOSITIVA INDIVIDUAL N.º 031/2018,"EMENDA IMPOSITIVA N° 31 AO PROJETO DE LEI N° 115/2018, QUE ESTIMA A RECEITA E FIXA A DESPESA DO MUNICÍPIO PARA O EXERCÍCIO DE 2019",Vereadores,https://www.pindamonhangaba.sp.leg.br/proposicoes/0/0/0/0/117652#pesquisa
2018-11-19 01:00:00,EMENDA IMPOSITIVA INDIVIDUAL N.º 032/2018,"EMENDA IMPOSITIVA N° 32 AO PROJETO DE LEI N° 115/2018, QUE ESTIMA A RECEITA E FIXA A DESPESA DO MUNICÍPIO PARA O EXERCÍCIO DE 2019",Vereadores,https://www.pindamonhangaba.sp.leg.br/proposicoes/0/0/0/0/117653#pesquisa
2018-11-19 01:00:00,EMENDA IMPOSITIVA INDIVIDUAL N.º 033/2018,"EMENDA IMPOSITIVA N° 33 AO PROJETO DE LEI N° 115/2018, QUE ESTIMA A RECEITA E FIXA A DESPESA DO MUNICÍPIO PARA O EXERCÍCIO DE 2019",Vereadores,https://www.pindamonhangaba.sp.leg.br/proposicoes/0/0/0/0/117654#pesquisa
2018-11-19 01:00:00,EMENDA IMPOSITIVA INDIVIDUAL N.º 034/2018,"EMENDA IMPOSITIVA N° 34 AO PROJETO DE LEI N° 115/2018, QUE ESTIMA A RECEITA E FIXA A DESPESA DO MUNICÍPIO PARA O EXERCÍCIO DE 2019",Vereadores,https://www.pindamonhangaba.sp.leg.br/proposicoes/0/0/0/0/117655#pesquisa
2018-11-19 01:00:00,EMENDA IMPOSITIVA INDIVIDUAL N.º 035/2018,"EMENDA IMPOSITIVA N° 35 AO PROJETO DE LEI N° 115/2018, QUE ESTIMA A RECEITA E FIXA A DESPESA DO MUNICÍPIO PARA O EXERCÍCIO DE 2019",Vereadores,https://www.pindamonhangaba.sp.leg.br/proposicoes/0/0/0/0/117656#pesquisa
2018-11-19 01:00:00,EMENDA IMPOSITIVA INDIVIDUAL N.º 036/2018,"EMENDA IMPOSITIVA N° 36 AO PROJETO DE LEI N° 115/2018, QUE ESTIMA A RECEITA E FIXA A DESPESA DO MUNICÍPIO PARA O EXERCÍCIO DE 2019.",Vereadores,https://www.pindamonhangaba.sp.leg.br/proposicoes/0/0/0/0/117657#pesquisa
2018-11-19 01:00:00,EMENDA IMPOSITIVA INDIVIDUAL N.º 037/2018,"EMENDA IMPOSITIVA N° 37 AO PROJETO DE LEI N° 115/2018, QUE ESTIMA A RECEITA E FIXA A DESPESA DO MUNICÍPIO PARA O EXERCÍCIO DE 2019.",Vereadores,https://www.pindamonhangaba.sp.leg.br/proposicoes/0/0/0/0/117658#pesquisa
2018-11-19 01:00:00,EMENDA IMPOSITIVA INDIVIDUAL N.º 038/2018,"EMENDA IMPOSITIVA N° 38 AO PROJETO DE LEI N° 115/2018, QUE ESTIMA A RECEITA E FIXA A DESPESA DO MUNICÍPIO PARA O EXERCÍCIO DE 2019",Vereadores,https://www.pindamonhangaba.sp.leg.br/proposicoes/0/0/0/0/117659#pesquisa
2018-11-19 01:00:00,EMENDA IMPOSITIVA INDIVIDUAL N.º 039/2018,"EMENDA IMPOSITIVA N° 39 AO PROJETO DE LEI N° 115/2018, QUE ESTIMA A RECEITA E FIXA A DESPESA DO MUNICÍPIO PARA O EXERCÍCIO DE 2019.",Vereadores,https://www.pindamonhangaba.sp.leg.br/proposicoes/0/0/0/0/117660#pesquisa
2018-11-19 01:00:00,EMENDA IMPOSITIVA INDIVIDUAL N.º 040/2018,"EMENDA IMPOSITIVA N° 40 AO PROJETO DE LEI N° 115/2018, QUE ESTIMA A RECEITA E FIXA A DESPESA DO MUNICÍPIO PARA O EXERCÍCIO DE 2019.",Vereadores,https://www.pindamonhangaba.sp.leg.br/proposicoes/0/0/0/0/117661#pesquisa
2018-11-19 01:00:00,EMENDA IMPOSITIVA INDIVIDUAL N.º 041/2018,"EMENDA IMPOSITIVA N° 41 AO PROJETO DE LEI N° 115/2018, QUE ESTIMA A RECEITA E FIXA A DESPESA DO MUNICÍPIO PARA O EXERCÍCIO DE 2019.",Vereadores,https://www.pindamonhangaba.sp.leg.br/proposicoes/0/0/0/0/117662#pesquisa
2018-11-19 01:00:00,EMENDA IMPOSITIVA N.º 2 AO PROJETO DE LEI N° 115/2018,EMENDA IMPOSITIVA N° 02 AO PL 115/2018.,Ronaldo Pinto De Andrade,https://www.pindamonhangaba.sp.leg.br/proposicoes/0/0/0/0/117151#pesquisa
2018-11-19 01:00:00,EMENDA IMPOSITIVA INDIVIDUAL N.º 042/2018,"EMENDA IMPOSITIVA N° 42 AO PROJETO DE LEI N° 115/2018, QUE ESTIMA A RECEITA E FIXA A DESPESA DO MUNICÍPIO PARA O EXERCÍCIO DE 2019.",Vereadores,https://www.pindamonhangaba.sp.leg.br/proposicoes/0/0/0/0/117663#pesquisa
2018-11-19 01:00:00,EMENDA IMPOSITIVA N.º 3 AO PROJETO DE LEI N° 115/2018,EMENDA IMPOSITIVA N° 05 AO PL 115/2018.,Ronaldo Pinto De Andrade,https://www.pindamonhangaba.sp.leg.br/proposicoes/0/0/0/0/117152#pesquisa
2018-11-19 01:00:00,EMENDA IMPOSITIVA INDIVIDUAL N.º 043/2018,"EMENDA IMPOSITIVA N° 43 AO PROJETO DE LEI N° 115/2018, QUE ESTIMA A RECEITA E FIXA A DESPESA DO MUNICÍPIO PARA O EXERCÍCIO DE 2019.",Vereadores,https://www.pindamonhangaba.sp.leg.br/proposicoes/0/0/0/0/117664#pesquisa
2018-11-19 01:00:00,EMENDA IMPOSITIVA N.º 4 AO PROJETO DE LEI N° 115/2018,EMENDA IMPOSITIVA N° 07 AO PL 115/2018.,Ronaldo Pinto De Andrade,https://www.pindamonhangaba.sp.leg.br/proposicoes/0/0/0/0/117153#pesquisa
2018-11-19 01:00:00,EMENDA IMPOSITIVA INDIVIDUAL N.º 044/2018,"EMENDA IMPOSITIVA N° 44 AO PROJETO DE LEI N° 115/2018, QUE ESTIMA A RECEITA E FIXA A DESPESA DO MUNICÍPIO PARA O EXERCÍCIO DE 2019.",Vereadores,https://www.pindamonhangaba.sp.leg.br/proposicoes/0/0/0/0/117665#pesquisa
2018-11-19 01:00:00,EMENDA IMPOSITIVA N.º 5 AO PROJETO DE LEI N° 115/2018,EMENDA IMPOSITIVA N° 08 AO PL 115/2018.,Ronaldo Pinto De Andrade,https://www.pindamonhangaba.sp.leg.br/proposicoes/0/0/0/0/117154#pesquisa
2018-11-19 01:00:00,EMENDA IMPOSITIVA INDIVIDUAL N.º 045/2018,"EMENDA IMPOSITIVA N° 45 AO PROJETO DE LEI N° 115/2018, QUE ESTIMA A RECEITA E FIXA A DESPESA DO MUNICÍPIO PARA O EXERCÍCIO DE 2019.",Vereadores,https://www.pindamonhangaba.sp.leg.br/proposicoes/0/0/0/0/117666#pesquisa
2018-11-19 01:00:00,EMENDA IMPOSITIVA N.º 6 AO PROJETO DE LEI N° 115/2018,EMENDA IMPOSITIVA N° 09 AO PL 115/2018.,Ronaldo Pinto De Andrade,https://www.pindamonhangaba.sp.leg.br/proposicoes/0/0/0/0/117155#pesquisa
2018-11-19 01:00:00,EMENDA IMPOSITIVA INDIVIDUAL N.º 046/2018,"EMENDA IMPOSITIVA N° 46 AO PROJETO DE LEI N° 115/2018, QUE ESTIMA A RECEITA E FIXA A DESPESA DO MUNICÍPIO PARA O EXERCÍCIO DE 2019",Vereadores,https://www.pindamonhangaba.sp.leg.br/proposicoes/0/0/0/0/117667#pesquisa
2018-11-19 01:00:00,EMENDA IMPOSITIVA N.º 7 AO PROJETO DE LEI N° 115/2018,EMENDA IMPOSITIVA N°12 AO PL 115/2018.,Jorge Pereira Alves,https://www.pindamonhangaba.sp.leg.br/proposicoes/0/0/0/0/117156#pesquisa
2018-11-19 01:00:00,EMENDA IMPOSITIVA INDIVIDUAL N.º 047/2018,"EMENDA IMPOSITIVA N° 47 AO PROJETO DE LEI N° 115/2018, QUE ESTIMA A RECEITA E FIXA A DESPESA DO MUNICÍPIO PARA O EXERCÍCIO DE 2019.",Vereadores,https://www.pindamonhangaba.sp.leg.br/proposicoes/0/0/0/0/117668#pesquisa
2018-11-19 01:00:00,EMENDA IMPOSITIVA INDIVIDUAL N.º 048/2018,"EMENDA IMPOSITIVA N° 48 AO PROJETO DE LEI N° 115/2018, QUE ESTIMA A RECEITA E FIXA A DESPESA DO MUNICÍPIO PARA O EXERCÍCIO DE 2019.",Vereadores,https://www.pindamonhangaba.sp.leg.br/proposicoes/0/0/0/0/117669#pesquisa
2018-11-19 01:00:00,EMENDA IMPOSITIVA N.º 9 AO PROJETO DE LEI N° 115/2018,EMENDA IMPOSITIVA N° 14 AO PL 115/2018.,Jorge Pereira Alves,https://www.pindamonhangaba.sp.leg.br/proposicoes/0/0/0/0/117158#pesquisa
2018-11-19 01:00:00,EMENDA IMPOSITIVA INDIVIDUAL N.º 049/2018,"EMENDA IMPOSITIVA N° 49 AO PROJETO DE LEI N° 115/2018, QUE ESTIMA A RECEITA E FIXA A DESPESA DO MUNICÍPIO PARA O EXERCÍCIO DE 2019.",Vereadores,https://www.pindamonhangaba.sp.leg.br/proposicoes/0/0/0/0/117670#pesquisa
2018-11-19 01:00:00,EMENDA IMPOSITIVA N.º 10 AO PROJETO DE LEI N° 115/2018,EMENDA IMPOSITIVA N° 15 AO PL 115/2018.,Jorge Pereira Alves,https://www.pindamonhangaba.sp.leg.br/proposicoes/0/0/0/0/117159#pesquisa
2018-11-19 01:00:00,EMENDA IMPOSITIVA INDIVIDUAL N.º 050/2018,"EMENDA IMPOSITIVA N° 50 AO PROJETO DE LEI N° 115/2018, QUE ESTIMA A RECEITA E FIXA A DESPESA DO MUNICÍPIO PARA O EXERCÍCIO DE 2019.",Vereadores,https://www.pindamonhangaba.sp.leg.br/proposicoes/0/0/0/0/117671#pesquisa
2018-11-19 01:00:00,EMENDA IMPOSITIVA N.º 11 AO PROJETO DE LEI N° 115/2018,EMENDA IMPOSITIVA N° 16 AO PL 115/2018.,Jorge Pereira Alves,https://www.pindamonhangaba.sp.leg.br/proposicoes/0/0/0/0/117160#pesquisa
2018-11-19 01:00:00,EMENDA IMPOSITIVA INDIVIDUAL N.º 051/2018,"EMENDA IMPOSITIVA N° 51 AO PROJETO DE LEI N° 115/2018, QUE ESTIMA A RECEITA E FIXA A DESPESA DO MUNICÍPIO PARA O EXERCÍCIO DE 2019.",Vereadores,https://www.pindamonhangaba.sp.leg.br/proposicoes/0/0/0/0/117672#pesquisa
2018-11-19 01:00:00,EMENDA IMPOSITIVA N.º 12 AO PROJETO DE LEI N° 115/2018,EMENDA IMPOSITIVA N° 17 AO PL 115/2018.,Jorge Pereira Alves,https://www.pindamonhangaba.sp.leg.br/proposicoes/0/0/0/0/117161#pesquisa
2018-11-19 01:00:00,EMENDA IMPOSITIVA INDIVIDUAL N.º 052/2018,"EMENDA IMPOSITIVA N° 52 AO PROJETO DE LEI N° 115/2018, QUE ESTIMA A RECEITA E FIXA A DESPESA DO MUNICÍPIO PARA O EXERCÍCIO DE 2019.",Vereadores,https://www.pindamonhangaba.sp.leg.br/proposicoes/0/0/0/0/117673#pesquisa
2018-11-19 01:00:00,EMENDA IMPOSITIVA N.º 13 AO PROJETO DE LEI N° 115/2018,EMENDA IMPOSITIVA N° 18 AO PL 115/2018.,Jorge Pereira Alves,https://www.pindamonhangaba.sp.leg.br/proposicoes/0/0/0/0/117162#pesquisa
2018-11-19 01:00:00,EMENDA IMPOSITIVA INDIVIDUAL N.º 053/2018,"EMENDA IMPOSITIVA N° 53 AO PROJETO DE LEI N° 115/2018, QUE ESTIMA A RECEITA E FIXA A DESPESA DO MUNICÍPIO PARA O EXERCÍCIO DE 2019.",Vereadores,https://www.pindamonhangaba.sp.leg.br/proposicoes/0/0/0/0/117674#pesquisa
2018-11-19 01:00:00,EMENDA IMPOSITIVA N.º 14 AO PROJETO DE LEI N° 115/2018,EMENDA IMPOSITIVA N° 19 AO PL 115/2018.,Jorge Pereira Alves,https://www.pindamonhangaba.sp.leg.br/proposicoes/0/0/0/0/117163#pesquisa
2018-11-19 01:00:00,EMENDA IMPOSITIVA INDIVIDUAL N.º 054/2018,"EMENDA IMPOSITIVA N° 54 AO PROJETO DE LEI N° 115/2018, QUE ESTIMA A RECEITA E FIXA A DESPESA DO MUNICÍPIO PARA O EXERCÍCIO DE 2019.",Vereadores,https://www.pindamonhangaba.sp.leg.br/proposicoes/0/0/0/0/117675#pesquisa
2018-11-19 01:00:00,EMENDA IMPOSITIVA N.º 15 AO PROJETO DE LEI N° 115/2018,EMENDA IMPOSITIVA N° 20 AO PL 115/2018.,Gislene Cardoso,https://www.pindamonhangaba.sp.leg.br/proposicoes/0/0/0/0/117164#pesquisa
2018-11-19 01:00:00,EMENDA IMPOSITIVA INDIVIDUAL N.º 055/2018,"EMENDA IMPOSITIVA N° 55 AO PROJETO DE LEI N° 115/2018, QUE ESTIMA A RECEITA E FIXA A DESPESA DO MUNICÍPIO PARA O EXERCÍCIO DE 2019.",Vereadores,https://www.pindamonhangaba.sp.leg.br/proposicoes/0/0/0/0/117676#pesquisa
2018-11-19 01:00:00,EMENDA IMPOSITIVA N.º 16 AO PROJETO DE LEI N° 115/2018,EMENDA IMPOSITIVA N° 21 AO PL 115/2018.,Gislene Cardoso,https://www.pindamonhangaba.sp.leg.br/proposicoes/0/0/0/0/117165#pesquisa
2018-11-19 01:00:00,EMENDA IMPOSITIVA INDIVIDUAL N.º 056/2018,"EMENDA IMPOSITIVA N° 56 AO PROJETO DE LEI N° 115/2018, QUE ESTIMA A RECEITA E FIXA A DESPESA DO MUNICÍPIO PARA O EXERCÍCIO DE 2019.",Vereadores,https://www.pindamonhangaba.sp.leg.br/proposicoes/0/0/0/0/117677#pesquisa
2018-11-19 01:00:00,EMENDA IMPOSITIVA N.º 17 AO PROJETO DE LEI N° 115/2018,EMENDA IMPOSITIVA N° 22 AO PL 115/2018.,Gislene Cardoso,https://www.pindamonhangaba.sp.leg.br/proposicoes/0/0/0/0/117166#pesquisa
2018-11-19 01:00:00,EMENDA IMPOSITIVA INDIVIDUAL N.º 057/2018,"EMENDA IMPOSITIVA N° 57 AO PROJETO DE LEI N° 115/2018, QUE ESTIMA A RECEITA E FIXA A DESPESA DO MUNICÍPIO PARA O EXERCÍCIO DE 2019.",Vereadores,https://www.pindamonhangaba.sp.leg.br/proposicoes/0/0/0/0/117678#pesquisa
2018-11-19 01:00:00,EMENDA IMPOSITIVA N.º 18 AO PROJETO DE LEI N° 115/2018,EMENDA IMPOSITIVA N° 23 AO PL 115/2018.,Gislene Cardoso,https://www.pindamonhangaba.sp.leg.br/proposicoes/0/0/0/0/117167#pesquisa
2018-11-19 01:00:00,EMENDA IMPOSITIVA INDIVIDUAL N.º 058/2018,"EMENDA IMPOSITIVA N° 58 AO PROJETO DE LEI N° 115/2018, QUE ESTIMA A RECEITA E FIXA A DESPESA DO MUNICÍPIO PARA O EXERCÍCIO DE 2019.",Vereadores,https://www.pindamonhangaba.sp.leg.br/proposicoes/0/0/0/0/117679#pesquisa
2018-11-19 01:00:00,EMENDA IMPOSITIVA N.º 19 AO PROJETO DE LEI N° 115/2018,EMENDA IMPOSITIVA N° 24 AO PL 115/2018.,Gislene Cardoso,https://www.pindamonhangaba.sp.leg.br/proposicoes/0/0/0/0/117168#pesquisa
2018-11-19 01:00:00,EMENDA IMPOSITIVA INDIVIDUAL N.º 059/2018,"EMENDA IMPOSITIVA N° 59 AO PROJETO DE LEI N° 115/2018, QUE ESTIMA A RECEITA E FIXA A DESPESA DO MUNICÍPIO PARA O EXERCÍCIO DE 2019.",Vereadores,https://www.pindamonhangaba.sp.leg.br/proposicoes/0/0/0/0/117680#pesquisa
2018-11-19 01:00:00,EMENDA IMPOSITIVA N.º 20 AO PROJETO DE LEI N° 115/2018,EMENDA IMPOSITIVA N° 25 AO PL 115/2018.,Gislene Cardoso,https://www.pindamonhangaba.sp.leg.br/proposicoes/0/0/0/0/117169#pesquisa
2018-11-19 01:00:00,EMENDA IMPOSITIVA INDIVIDUAL N.º 060/2018,"EMENDA IMPOSITIVA N° 60 AO PROJETO DE LEI N° 115/2018, QUE ESTIMA A RECEITA E FIXA A DESPESA DO MUNICÍPIO PARA O EXERCÍCIO DE 2019.",Vereadores,https://www.pindamonhangaba.sp.leg.br/proposicoes/0/0/0/0/117681#pesquisa
2018-11-19 01:00:00,EMENDA IMPOSITIVA N.º 21 AO PROJETO DE LEI N° 115/2018,EMENDA IMPOSITIVA N° 26 AO PL 115/2018.,Gislene Cardoso,https://www.pindamonhangaba.sp.leg.br/proposicoes/0/0/0/0/117170#pesquisa
2018-11-19 01:00:00,EMENDA IMPOSITIVA INDIVIDUAL N.º 061/2018,"EMENDA IMPOSITIVA N° 61 AO PROJETO DE LEI N° 115/2018, QUE ESTIMA A RECEITA E FIXA A DESPESA DO MUNICÍPIO PARA O EXERCÍCIO DE 2019.",Vereadores,https://www.pindamonhangaba.sp.leg.br/proposicoes/0/0/0/0/117682#pesquisa
2018-11-19 01:00:00,EMENDA IMPOSITIVA N.º 22 AO PROJETO DE LEI N° 115/2018,EMENDA IMPOSITIVA N° 27 AO PL 115/2018.,Gislene Cardoso,https://www.pindamonhangaba.sp.leg.br/proposicoes/0/0/0/0/117171#pesquisa
2018-11-19 01:00:00,EMENDA IMPOSITIVA INDIVIDUAL N.º 062/2018,"EMENDA IMPOSITIVA N° 62 AO PROJETO DE LEI N° 115/2018, QUE ESTIMA A RECEITA E FIXA A DESPESA DO MUNICÍPIO PARA O EXERCÍCIO DE 2019.",Vereadores,https://www.pindamonhangaba.sp.leg.br/proposicoes/0/0/0/0/117683#pesquisa
2018-11-19 01:00:00,EMENDA IMPOSITIVA N.º 23 AO PROJETO DE LEI N° 115/2018,EMENDA IMPOSITIVA N° 28 AO PL 115/2018.,Gislene Cardoso,https://www.pindamonhangaba.sp.leg.br/proposicoes/0/0/0/0/117172#pesquisa
2018-11-19 01:00:00,EMENDA IMPOSITIVA INDIVIDUAL N.º 063/2018,"EMENDA IMPOSITIVA N° 63 AO PROJETO DE LEI N° 115/2018, QUE ESTIMA A RECEITA E FIXA A DESPESA DO MUNICÍPIO PARA O EXERCÍCIO DE 2019.",Vereadores,https://www.pindamonhangaba.sp.leg.br/proposicoes/0/0/0/0/117684#pesquisa
2018-11-19 01:00:00,EMENDA IMPOSITIVA N.º 24 AO PROJETO DE LEI N° 115/2018,EMENDA IMPOSITIVA N° 29 AO PL 115/2018.,Gislene Cardoso,https://www.pindamonhangaba.sp.leg.br/proposicoes/0/0/0/0/117173#pesquisa
2018-11-19 01:00:00,EMENDA IMPOSITIVA INDIVIDUAL N.º 064/2018,"EMENDA IMPOSITIVA N° 64 AO PROJETO DE LEI N° 115/2018, QUE ESTIMA A RECEITA E FIXA A DESPESA DO MUNICÍPIO PARA O EXERCÍCIO DE 2019.",Vereadores,https://www.pindamonhangaba.sp.leg.br/proposicoes/0/0/0/0/117685#pesquisa
2018-11-19 01:00:00,EMENDA IMPOSITIVA N.º 25 AO PROJETO DE LEI N° 115/2018,EMENDA IMPOSITIVA N° 30 AO PL 115/2018.,Gislene Cardoso,https://www.pindamonhangaba.sp.leg.br/proposicoes/0/0/0/0/117174#pesquisa
2018-11-19 01:00:00,EMENDA IMPOSITIVA INDIVIDUAL N.º 065/2018,"EMENDA IMPOSITIVA N° 65 AO PROJETO DE LEI N° 115/2018, QUE ESTIMA A RECEITA E FIXA A DESPESA DO MUNICÍPIO PARA O EXERCÍCIO DE 2019.",Vereadores,https://www.pindamonhangaba.sp.leg.br/proposicoes/0/0/0/0/117686#pesquisa
2018-11-19 01:00:00,EMENDA IMPOSITIVA N.º 26 AO PROJETO DE LEI N° 115/2018,EMENDA IMPOSITIVA N° 31 AO PL 115/2018.,Jorge Pereira Alves,https://www.pindamonhangaba.sp.leg.br/proposicoes/0/0/0/0/117175#pesquisa
2018-11-19 01:00:00,EMENDA IMPOSITIVA INDIVIDUAL N.º 066/2018,"EMENDA IMPOSITIVA N° 66 AO PROJETO DE LEI N° 115/2018, QUE ESTIMA A RECEITA E FIXA A DESPESA DO MUNICÍPIO PARA O EXERCÍCIO DE 2019.",Vereadores,https://www.pindamonhangaba.sp.leg.br/proposicoes/0/0/0/0/117687#pesquisa
2018-11-19 01:00:00,EMENDA IMPOSITIVA N.º 27 AO PROJETO DE LEI N° 115/2018,EMENDA IMPOSITIVA N° 32 AO PL 115/2018.,Antônio Alves Da Silva,https://www.pindamonhangaba.sp.leg.br/proposicoes/0/0/0/0/117176#pesquisa
2018-11-19 01:00:00,EMENDA IMPOSITIVA INDIVIDUAL N.º 067/2018,"EMENDA IMPOSITIVA N° 67 AO PROJETO DE LEI N° 115/2018, QUE ESTIMA A RECEITA E FIXA A DESPESA DO MUNICÍPIO PARA O EXERCÍCIO DE 2019.",Vereadores,https://www.pindamonhangaba.sp.leg.br/proposicoes/0/0/0/0/117688#pesquisa
2018-11-19 01:00:00,EMENDA IMPOSITIVA N.º 28 AO PROJETO DE LEI N° 115/2018,EMENDA IMPOSITIVA N° 33 AO PL 115/2018.,Antônio Alves Da Silva,https://www.pindamonhangaba.sp.leg.br/proposicoes/0/0/0/0/117177#pesquisa
2018-11-19 01:00:00,EMENDA IMPOSITIVA INDIVIDUAL N.º 068/2018,"EMENDA IMPOSITIVA N° 68 AO PROJETO DE LEI N° 115/2018, QUE ESTIMA A RECEITA E FIXA A DESPESA DO MUNICÍPIO PARA O EXERCÍCIO DE 2019.",Vereadores,https://www.pindamonhangaba.sp.leg.br/proposicoes/0/0/0/0/117689#pesquisa
2018-11-19 01:00:00,EMENDA IMPOSITIVA N.º 29 AO PROJETO DE LEI N° 115/2018,EMENDA IMPOSITIVA N° 34 AO PL 115/2018.,Antônio Alves Da Silva,https://www.pindamonhangaba.sp.leg.br/proposicoes/0/0/0/0/117178#pesquisa
2018-11-19 01:00:00,EMENDA IMPOSITIVA INDIVIDUAL N.º 069/2018,"EMENDA IMPOSITIVA N° 69 AO PROJETO DE LEI N° 115/2018, QUE ESTIMA A RECEITA E FIXA A DESPESA DO MUNICÍPIO PARA O EXERCÍCIO DE 2019.",Vereadores,https://www.pindamonhangaba.sp.leg.br/proposicoes/0/0/0/0/117690#pesquisa
2018-11-19 01:00:00,EMENDA IMPOSITIVA N.º 30 AO PROJETO DE LEI N° 115/2018,EMENDA IMPOSITIVA N° 35 AO PL 115/2018.,Antônio Alves Da Silva,https://www.pindamonhangaba.sp.leg.br/proposicoes/0/0/0/0/117179#pesquisa
2018-11-19 01:00:00,EMENDA IMPOSITIVA INDIVIDUAL N.º 070/2018,"EMENDA IMPOSITIVA N° 70 AO PROJETO DE LEI N° 115/2018, QUE ESTIMA A RECEITA E FIXA A DESPESA DO MUNICÍPIO PARA O EXERCÍCIO DE 2019.",Vereadores,https://www.pindamonhangaba.sp.leg.br/proposicoes/0/0/0/0/117691#pesquisa
2018-11-19 01:00:00,EMENDA IMPOSITIVA N.º 31 AO PROJETO DE LEI N° 115/2018,EMENDA IMPOSITIVA N° 36 AO PL 115/2018.,Antônio Alves Da Silva,https://www.pindamonhangaba.sp.leg.br/proposicoes/0/0/0/0/117180#pesquisa
2018-11-19 01:00:00,EMENDA IMPOSITIVA INDIVIDUAL N.º 071/2018,"EMENDA IMPOSITIVA N° 71 AO PROJETO DE LEI N° 115/2018, QUE ESTIMA A RECEITA E FIXA A DESPESA DO MUNICÍPIO PARA O EXERCÍCIO DE 2019.",Vereadores,https://www.pindamonhangaba.sp.leg.br/proposicoes/0/0/0/0/117692#pesquisa
2018-11-19 01:00:00,EMENDA IMPOSITIVA N.º 32 AO PROJETO DE LEI N° 115/2018,EMENDA IMPOSITIVA N° 37 AO PL 115/2018.,Antônio Alves Da Silva,https://www.pindamonhangaba.sp.leg.br/proposicoes/0/0/0/0/117181#pesquisa
2018-11-19 01:00:00,EMENDA IMPOSITIVA INDIVIDUAL N.º 072/2018,"EMENDA IMPOSITIVA N° 72 AO PROJETO DE LEI N° 115/2018, QUE ESTIMA A RECEITA E FIXA A DESPESA DO MUNICÍPIO PARA O EXERCÍCIO DE 2019",Vereadores,https://www.pindamonhangaba.sp.leg.br/proposicoes/0/0/0/0/117693#pesquisa
2018-11-19 01:00:00,EMENDA IMPOSITIVA N.º 33 AO PROJETO DE LEI N° 115/2018,EMENDA IMPOSITIVA N° 38 AO PL 115/2018.,Osvaldo Macedo Negrão,https://www.pindamonhangaba.sp.leg.br/proposicoes/0/0/0/0/117182#pesquisa
2018-11-19 01:00:00,EMENDA IMPOSITIVA INDIVIDUAL N.º 073/2018,"EMENDA IMPOSITIVA N° 73 AO PROJETO DE LEI N° 115/2018, QUE ESTIMA A RECEITA E FIXA A DESPESA DO MUNICÍPIO PARA O EXERCÍCIO DE 2019",Vereadores,https://www.pindamonhangaba.sp.leg.br/proposicoes/0/0/0/0/117694#pesquisa
2018-11-19 01:00:00,EMENDA IMPOSITIVA N.º 34 AO PROJETO DE LEI N° 115/2018,EMENDA IMPOSITIVA N° 39 AO PL 115/2018.,Osvaldo Macedo Negrão,https://www.pindamonhangaba.sp.leg.br/proposicoes/0/0/0/0/117183#pesquisa
2018-11-19 01:00:00,EMENDA IMPOSITIVA INDIVIDUAL N.º 074/2018,"EMENDA IMPOSITIVA N° 74 AO PROJETO DE LEI N° 115/2018, QUE ESTIMA A RECEITA E FIXA A DESPESA DO MUNICÍPIO PARA O EXERCÍCIO DE 2019",Vereadores,https://www.pindamonhangaba.sp.leg.br/proposicoes/0/0/0/0/117695#pesquisa
2018-11-19 01:00:00,EMENDA IMPOSITIVA INDIVIDUAL N.º 075/2018,"EMENDA IMPOSITIVA N° 75 AO PROJETO DE LEI N° 115/2018, QUE ESTIMA A RECEITA E FIXA A DESPESA DO MUNICÍPIO PARA O EXERCÍCIO DE 2019",Vereadores,https://www.pindamonhangaba.sp.leg.br/proposicoes/0/0/0/0/117696#pesquisa
2018-11-19 01:00:00,EMENDA IMPOSITIVA N.º 36 AO PROJETO DE LEI N° 115/2018,EMENDA IMPOSITIVA N° 41 AO PL 115/2018.,Osvaldo Macedo Negrão,https://www.pindamonhangaba.sp.leg.br/proposicoes/0/0/0/0/117185#pesquisa
2018-11-19 01:00:00,EMENDA IMPOSITIVA INDIVIDUAL N.º 076/2018,"EMENDA IMPOSITIVA N° 76 AO PROJETO DE LEI N° 115/2018, QUE ESTIMA A RECEITA E FIXA A DESPESA DO MUNICÍPIO PARA O EXERCÍCIO DE 2019",Vereadores,https://www.pindamonhangaba.sp.leg.br/proposicoes/0/0/0/0/117697#pesquisa
2018-11-19 01:00:00,EMENDA IMPOSITIVA N.º 37 AO PROJETO DE LEI N° 115/2018,EMENDA IMPOSITIVA N° 42 AO PL 115/2018.,Osvaldo Macedo Negrão,https://www.pindamonhangaba.sp.leg.br/proposicoes/0/0/0/0/117186#pesquisa
2018-11-19 01:00:00,EMENDA IMPOSITIVA INDIVIDUAL N.º 077/2018,"EMENDA IMPOSITIVA N° 77 AO PROJETO DE LEI N° 115/2018, QUE ESTIMA A RECEITA E FIXA A DESPESA DO MUNICÍPIO PARA O EXERCÍCIO DE 2019",Vereadores,https://www.pindamonhangaba.sp.leg.br/proposicoes/0/0/0/0/117698#pesquisa
2018-11-19 01:00:00,EMENDA IMPOSITIVA N.º 38 AO PROJETO DE LEI N° 115/2018,EMENDA IMPOSITIVA N° 43 AO PL 115/2018.,Osvaldo Macedo Negrão,https://www.pindamonhangaba.sp.leg.br/proposicoes/0/0/0/0/117187#pesquisa
2018-11-19 01:00:00,EMENDA IMPOSITIVA INDIVIDUAL N.º 078/2018,"EMENDA IMPOSITIVA N° 78 AO PROJETO DE LEI N° 115/2018, QUE ESTIMA A RECEITA E FIXA A DESPESA DO MUNICÍPIO PARA O EXERCÍCIO DE 2019",Vereadores,https://www.pindamonhangaba.sp.leg.br/proposicoes/0/0/0/0/117699#pesquisa
2018-11-19 01:00:00,EMENDA IMPOSITIVA INDIVIDUAL N.º 079/2018,"EMENDA IMPOSITIVA N° 79 AO PROJETO DE LEI N° 115/2018, QUE ESTIMA A RECEITA E FIXA A DESPESA DO MUNICÍPIO PARA O EXERCÍCIO DE 2019",Vereadores,https://www.pindamonhangaba.sp.leg.br/proposicoes/0/0/0/0/117700#pesquisa
2018-11-19 01:00:00,EMENDA IMPOSITIVA N.º 40 AO PROJETO DE LEI N° 115/2018,EMENDA IMPOSITIVA N° 44 AO PL 115/2018.,Osvaldo Macedo Negrão,https://www.pindamonhangaba.sp.leg.br/proposicoes/0/0/0/0/117189#pesquisa
2018-11-19 01:00:00,EMENDA IMPOSITIVA INDIVIDUAL N.º 080/2018,"EMENDA IMPOSITIVA N° 80 AO PROJETO DE LEI N° 115/2018, QUE ESTIMA A RECEITA E FIXA A DESPESA DO MUNICÍPIO PARA O EXERCÍCIO DE 2019",Vereadores,https://www.pindamonhangaba.sp.leg.br/proposicoes/0/0/0/0/117701#pesquisa
2018-11-19 01:00:00,EMENDA IMPOSITIVA N.º 41 AO PROJETO DE LEI N° 115/2018,EMENDA IMPOSITIVA N° 45 AO PL 115/2018.,Osvaldo Macedo Negrão,https://www.pindamonhangaba.sp.leg.br/proposicoes/0/0/0/0/117190#pesquisa
2018-11-19 01:00:00,EMENDA IMPOSITIVA INDIVIDUAL N.º 081/2018,"EMENDA IMPOSITIVA N° 81 AO PROJETO DE LEI N° 115/2018, QUE ESTIMA A RECEITA E FIXA A DESPESA DO MUNICÍPIO PARA O EXERCÍCIO DE 2019",Vereadores,https://www.pindamonhangaba.sp.leg.br/proposicoes/0/0/0/0/117702#pesquisa
2018-11-19 01:00:00,EMENDA IMPOSITIVA N.º 42 AO PROJETO DE LEI N° 115/2018,EMENDA IMPOSITIVA N° 46 AO PL 115/2018.,Osvaldo Macedo Negrão,https://www.pindamonhangaba.sp.leg.br/proposicoes/0/0/0/0/117191#pesquisa
2018-11-19 01:00:00,EMENDA IMPOSITIVA INDIVIDUAL N.º 082/2018,"EMENDA IMPOSITIVA N° 82 AO PROJETO DE LEI N° 115/2018, QUE ESTIMA A RECEITA E FIXA A DESPESA DO MUNICÍPIO PARA O EXERCÍCIO DE 2019",Vereadores,https://www.pindamonhangaba.sp.leg.br/proposicoes/0/0/0/0/117703#pesquisa
2018-11-19 01:00:00,EMENDA IMPOSITIVA N.º 43 AO PROJETO DE LEI N° 115/2018,EMENDA IMPOSITIVA N° 47 AO PL 115/2018.,Janio Ardito Lerario,https://www.pindamonhangaba.sp.leg.br/proposicoes/0/0/0/0/117192#pesquisa
2018-11-19 01:00:00,EMENDA IMPOSITIVA INDIVIDUAL N.º 083/2018,"EMENDA IMPOSITIVA N° 83 AO PROJETO DE LEI N° 115/2018, QUE ESTIMA A RECEITA E FIXA A DESPESA DO MUNICÍPIO PARA O EXERCÍCIO DE 2019",Vereadores,https://www.pindamonhangaba.sp.leg.br/proposicoes/0/0/0/0/117704#pesquisa
2018-11-19 01:00:00,EMENDA IMPOSITIVA N.º 44 AO PROJETO DE LEI N° 115/2018,EMENDA IMPOSITIVA N° 48 AO PL 115/2018.,Janio Ardito Lerario,https://www.pindamonhangaba.sp.leg.br/proposicoes/0/0/0/0/117193#pesquisa
2018-11-19 01:00:00,EMENDA IMPOSITIVA INDIVIDUAL N.º 084/2018,"EMENDA IMPOSITIVA N° 84 AO PROJETO DE LEI N° 115/2018, QUE ESTIMA A RECEITA E FIXA A DESPESA DO MUNICÍPIO PARA O EXERCÍCIO DE 2019",Vereadores,https://www.pindamonhangaba.sp.leg.br/proposicoes/0/0/0/0/117705#pesquisa
2018-11-19 01:00:00,EMENDA IMPOSITIVA N.º 45 AO PROJETO DE LEI N° 115/2018,EMENDA IMPOSITIVA N° 49 AO PL 115/2018.,Ronaldo Pinto De Andrade,https://www.pindamonhangaba.sp.leg.br/proposicoes/0/0/0/0/117194#pesquisa
2018-11-19 01:00:00,EMENDA IMPOSITIVA INDIVIDUAL N.º 085/2018,"EMENDA IMPOSITIVA N° 85 AO PROJETO DE LEI N° 115/2018, QUE ESTIMA A RECEITA E FIXA A DESPESA DO MUNICÍPIO PARA O EXERCÍCIO DE 2019",Vereadores,https://www.pindamonhangaba.sp.leg.br/proposicoes/0/0/0/0/117706#pesquisa
2018-11-19 01:00:00,EMENDA IMPOSITIVA N.º 46 AO PROJETO DE LEI N° 115/2018,EMENDA IMPOSITIVA N° 50 AO PL 115/2018.,Ronaldo Pinto De Andrade,https://www.pindamonhangaba.sp.leg.br/proposicoes/0/0/0/0/117195#pesquisa
2018-11-19 01:00:00,EMENDA IMPOSITIVA INDIVIDUAL N.º 086/2018,"EMENDA IMPOSITIVA N° 86 AO PROJETO DE LEI N° 115/2018, QUE ESTIMA A RECEITA E FIXA A DESPESA DO MUNICÍPIO PARA O EXERCÍCIO DE 2019",Vereadores,https://www.pindamonhangaba.sp.leg.br/proposicoes/0/0/0/0/117707#pesquisa
2018-11-19 01:00:00,EMENDA IMPOSITIVA N.º 47 AO PROJETO DE LEI N° 115/2018,EMENDA IMPOSITIVA N° 51 AO PL 115/2018.,Ronaldo Pinto De Andrade,https://www.pindamonhangaba.sp.leg.br/proposicoes/0/0/0/0/117196#pesquisa
2018-11-19 01:00:00,EMENDA IMPOSITIVA INDIVIDUAL N.º 087/2018,"EMENDA IMPOSITIVA N° 87 AO PROJETO DE LEI N° 115/2018, QUE ESTIMA A RECEITA E FIXA A DESPESA DO MUNICÍPIO PARA O EXERCÍCIO DE 2019",Vereadores,https://www.pindamonhangaba.sp.leg.br/proposicoes/0/0/0/0/117708#pesquisa
2018-11-19 01:00:00,EMENDA IMPOSITIVA N.º 48 AO PROJETO DE LEI N° 115/2018,EMENDA IMPOSITIVA N° 52 AO PL 115/2018.,Ronaldo Pinto De Andrade,https://www.pindamonhangaba.sp.leg.br/proposicoes/0/0/0/0/117197#pesquisa
2018-11-19 01:00:00,EMENDA IMPOSITIVA INDIVIDUAL N.º 088/2018,"EMENDA IMPOSITIVA N° 88 AO PROJETO DE LEI N° 115/2018, QUE ESTIMA A RECEITA E FIXA A DESPESA DO MUNICÍPIO PARA O EXERCÍCIO DE 2019",Vereadores,https://www.pindamonhangaba.sp.leg.br/proposicoes/0/0/0/0/117709#pesquisa
2018-11-19 01:00:00,EMENDA IMPOSITIVA N.º 49 AO PROJETO DE LEI N° 115/2018,EMENDA IMPOSITIVA N° 53 AO PL 115/2018.,Ronaldo Pinto De Andrade,https://www.pindamonhangaba.sp.leg.br/proposicoes/0/0/0/0/117198#pesquisa
2018-11-19 01:00:00,EMENDA IMPOSITIVA INDIVIDUAL N.º 089/2018,"EMENDA IMPOSITIVA N° 89 AO PROJETO DE LEI N° 115/2018, QUE ESTIMA A RECEITA E FIXA A DESPESA DO MUNICÍPIO PARA O EXERCÍCIO DE 2019",Renato Cebola,https://www.pindamonhangaba.sp.leg.br/proposicoes/0/0/0/0/117710#pesquisa
2018-11-19 01:00:00,EMENDA IMPOSITIVA N.º 50 AO PROJETO DE LEI N° 115/2018,EMENDA IMPOSITIVA N° 54 AO PL 115/2018.,Ronaldo Pinto De Andrade,https://www.pindamonhangaba.sp.leg.br/proposicoes/0/0/0/0/117199#pesquisa
2018-11-19 01:00:00,EMENDA IMPOSITIVA INDIVIDUAL N.º 090/2018,"EMENDA IMPOSITIVA N° 90 AO PROJETO DE LEI N° 115/2018, QUE ESTIMA A RECEITA E FIXA A DESPESA DO MUNICÍPIO PARA O EXERCÍCIO DE 2019",Renato Cebola,https://www.pindamonhangaba.sp.leg.br/proposicoes/0/0/0/0/117711#pesquisa
2018-11-19 01:00:00,EMENDA IMPOSITIVA N.º 51 AO PROJETO DE LEI N° 115/2018,EMENDA IMPOSITIVA N° 55 AO PL 115/2018.,Ronaldo Pinto De Andrade,https://www.pindamonhangaba.sp.leg.br/proposicoes/0/0/0/0/117200#pesquisa
2018-11-19 01:00:00,EMENDA IMPOSITIVA INDIVIDUAL N.º 091/2018,"EMENDA IMPOSITIVA N° 91 AO PROJETO DE LEI N° 115/2018, QUE ESTIMA A RECEITA E FIXA A DESPESA DO MUNICÍPIO PARA O EXERCÍCIO DE 2019",Renato Cebola,https://www.pindamonhangaba.sp.leg.br/proposicoes/0/0/0/0/117712#pesquisa
2018-11-19 01:00:00,EMENDA IMPOSITIVA N.º 52 AO PROJETO DE LEI N° 115/2018,EMENDA IMPOSITIVA N° 56 AO PL 115/2018.,Ronaldo Pinto De Andrade,https://www.pindamonhangaba.sp.leg.br/proposicoes/0/0/0/0/117201#pesquisa
2018-11-19 01:00:00,EMENDA IMPOSITIVA INDIVIDUAL N.º 092/2018,"EMENDA IMPOSITIVA N° 92 AO PROJETO DE LEI N° 115/2018, QUE ESTIMA A RECEITA E FIXA A DESPESA DO MUNICÍPIO PARA O EXERCÍCIO DE 2019",Renato Cebola,https://www.pindamonhangaba.sp.leg.br/proposicoes/0/0/0/0/117713#pesquisa
2018-11-19 01:00:00,EMENDA IMPOSITIVA N.º 53 AO PROJETO DE LEI N° 115/2018,EMENDA IMPOSITIVA N° 57 AO PL 115/2018.,Ronaldo Pinto De Andrade,https://www.pindamonhangaba.sp.leg.br/proposicoes/0/0/0/0/117202#pesquisa
2018-11-19 01:00:00,EMENDA IMPOSITIVA INDIVIDUAL N.º 093/2018,"EMENDA IMPOSITIVA N° 93 AO PROJETO DE LEI N° 115/2018, QUE ESTIMA A RECEITA E FIXA A DESPESA DO MUNICÍPIO PARA O EXERCÍCIO DE 2019",Renato Cebola,https://www.pindamonhangaba.sp.leg.br/proposicoes/0/0/0/0/117714#pesquisa
2018-11-19 01:00:00,EMENDA IMPOSITIVA N.º 54 AO PROJETO DE LEI N° 115/2018,EMENDA IMPOSITIVA N° 58 AO PL 115/2018.,Roderley Miotto Rodrigues,https://www.pindamonhangaba.sp.leg.br/proposicoes/0/0/0/0/117203#pesquisa
2018-11-19 01:00:00,EMENDA IMPOSITIVA INDIVIDUAL N.º 094/2018,"EMENDA IMPOSITIVA N° 94 AO PROJETO DE LEI N° 115/2018, QUE ESTIMA A RECEITA E FIXA A DESPESA DO MUNICÍPIO PARA O EXERCÍCIO DE 2019",Renato Cebola,https://www.pindamonhangaba.sp.leg.br/proposicoes/0/0/0/0/117715#pesquisa
2018-11-19 01:00:00,EMENDA IMPOSITIVA N.º 55 AO PROJETO DE LEI N° 115/2018,EMENDA IMPOSITIVA N° 59 AO PL 115/2018.,Roderley Miotto Rodrigues,https://www.pindamonhangaba.sp.leg.br/proposicoes/0/0/0/0/117204#pesquisa
2018-11-19 01:00:00,EMENDA IMPOSITIVA INDIVIDUAL N.º 095/2018,"EMENDA IMPOSITIVA N° 95 AO PROJETO DE LEI N° 115/2018, QUE ESTIMA A RECEITA E FIXA A DESPESA DO MUNICÍPIO PARA O EXERCÍCIO DE 2019",Renato Cebola,https://www.pindamonhangaba.sp.leg.br/proposicoes/0/0/0/0/117716#pesquisa
2018-11-19 01:00:00,EMENDA IMPOSITIVA N.º 56 AO PROJETO DE LEI N° 115/2018,EMENDA IMPOSITIVA N° 60 AO PL 115/2018.,Roderley Miotto Rodrigues,https://www.pindamonhangaba.sp.leg.br/proposicoes/0/0/0/0/117205#pesquisa
2018-11-19 01:00:00,EMENDA IMPOSITIVA INDIVIDUAL N.º 096/2018,"EMENDA IMPOSITIVA N° 96 AO PROJETO DE LEI N° 115/2018, QUE ESTIMA A RECEITA E FIXA A DESPESA DO MUNICÍPIO PARA O EXERCÍCIO DE 2019",Renato Cebola,https://www.pindamonhangaba.sp.leg.br/proposicoes/0/0/0/0/117717#pesquisa
2018-11-19 01:00:00,EMENDA IMPOSITIVA N.º 57 AO PROJETO DE LEI N° 115/2018,EMENDA IMPOSITIVA N° 61 AO PL 115/2018.,Roderley Miotto Rodrigues,https://www.pindamonhangaba.sp.leg.br/proposicoes/0/0/0/0/117206#pesquisa
2018-11-19 01:00:00,EMENDA IMPOSITIVA INDIVIDUAL N.º 097/2018,"EMENDA IMPOSITIVA N° 97 AO PROJETO DE LEI N° 115/2018, QUE ESTIMA A RECEITA E FIXA A DESPESA DO MUNICÍPIO PARA O EXERCÍCIO DE 2019",Renato Cebola,https://www.pindamonhangaba.sp.leg.br/proposicoes/0/0/0/0/117718#pesquisa
2018-11-19 01:00:00,EMENDA IMPOSITIVA N.º 58 AO PROJETO DE LEI N° 115/2018,EMENDA IMPOSITIVA N° 62 AO PL 115/2018.,Roderley Miotto Rodrigues,https://www.pindamonhangaba.sp.leg.br/proposicoes/0/0/0/0/117207#pesquisa
2018-11-19 01:00:00,EMENDA IMPOSITIVA INDIVIDUAL N.º 098/2018,"EMENDA IMPOSITIVA N° 98 AO PROJETO DE LEI N° 115/2018, QUE ESTIMA A RECEITA E FIXA A DESPESA DO MUNICÍPIO PARA O EXERCÍCIO DE 2019",Renato Cebola,https://www.pindamonhangaba.sp.leg.br/proposicoes/0/0/0/0/117719#pesquisa
2018-11-19 01:00:00,EMENDA IMPOSITIVA N.º 59 AO PROJETO DE LEI N° 115/2018,EMENDA IMPOSITIVA N° 63 AO PL 115/2018.,Roderley Miotto Rodrigues,https://www.pindamonhangaba.sp.leg.br/proposicoes/0/0/0/0/117208#pesquisa
2018-11-19 01:00:00,EMENDA IMPOSITIVA INDIVIDUAL N.º 099/2018,"EMENDA IMPOSITIVA N° 99 AO PROJETO DE LEI N° 115/2018, QUE ESTIMA A RECEITA E FIXA A DESPESA DO MUNICÍPIO PARA O EXERCÍCIO DE 2019",Renato Cebola,https://www.pindamonhangaba.sp.leg.br/proposicoes/0/0/0/0/117720#pesquisa
2018-11-19 01:00:00,EMENDA IMPOSITIVA N.º 60 AO PROJETO DE LEI N° 115/2018,EMENDA IMPOSITIVA N° 64 AO PL 115/2018.,Roderley Miotto Rodrigues,https://www.pindamonhangaba.sp.leg.br/proposicoes/0/0/0/0/117209#pesquisa
2018-11-19 01:00:00,EMENDA IMPOSITIVA INDIVIDUAL N.º 100/2018,"EMENDA IMPOSITIVA N° 100 AO PROJETO DE LEI N° 115/2018, QUE ESTIMA A RECEITA E FIXA A DESPESA DO MUNICÍPIO PARA O EXERCÍCIO DE 2019",Renato Cebola,https://www.pindamonhangaba.sp.leg.br/proposicoes/0/0/0/0/117721#pesquisa
2018-11-19 01:00:00,EMENDA IMPOSITIVA N.º 61 AO PROJETO DE LEI N° 115/2018,EMENDA IMPOSITIVA N° 65 AO PL 115/2018.,Felipe César,https://www.pindamonhangaba.sp.leg.br/proposicoes/0/0/0/0/117210#pesquisa
2018-11-19 01:00:00,EMENDA IMPOSITIVA INDIVIDUAL N.º 101/2018,"EMENDA IMPOSITIVA N° 101 AO PROJETO DE LEI N° 115/2018, QUE ESTIMA A RECEITA E FIXA A DESPESA DO MUNICÍPIO PARA O EXERCÍCIO DE 2019",Renato Cebola,https://www.pindamonhangaba.sp.leg.br/proposicoes/0/0/0/0/117722#pesquisa
2018-11-19 01:00:00,EMENDA IMPOSITIVA N.º 62 AO PROJETO DE LEI N° 115/2018,EMENDA IMPOSITIVA N° 66 AO PL 115/2018.,Felipe César,https://www.pindamonhangaba.sp.leg.br/proposicoes/0/0/0/0/117211#pesquisa
2018-11-19 01:00:00,EMENDA IMPOSITIVA INDIVIDUAL N.º 102/2018,"EMENDA IMPOSITIVA N° 102 AO PROJETO DE LEI N° 115/2018, QUE ESTIMA A RECEITA E FIXA A DESPESA DO MUNICÍPIO PARA O EXERCÍCIO DE 2019",Renato Cebola,https://www.pindamonhangaba.sp.leg.br/proposicoes/0/0/0/0/117723#pesquisa
2018-11-19 01:00:00,EMENDA IMPOSITIVA N.º 63 AO PROJETO DE LEI N° 115/2018,EMENDA IMPOSITIVA N° 67 AO PL 115/2018.,Felipe César,https://www.pindamonhangaba.sp.leg.br/proposicoes/0/0/0/0/117212#pesquisa
2018-11-19 01:00:00,EMENDA IMPOSITIVA INDIVIDUAL N.º 103/2018,"EMENDA IMPOSITIVA N° 103 AO PROJETO DE LEI N° 115/2018, QUE ESTIMA A RECEITA E FIXA A DESPESA DO MUNICÍPIO PARA O EXERCÍCIO DE 2019",Renato Cebola,https://www.pindamonhangaba.sp.leg.br/proposicoes/0/0/0/0/117724#pesquisa
2018-11-19 01:00:00,EMENDA IMPOSITIVA N.º 64 AO PROJETO DE LEI N° 115/2018,EMENDA IMPOSITIVA N° 68 AO PL 115/2018.,Felipe César,https://www.pindamonhangaba.sp.leg.br/proposicoes/0/0/0/0/117213#pesquisa
2018-11-19 01:00:00,EMENDA IMPOSITIVA INDIVIDUAL N.º 104/2018,"EMENDA IMPOSITIVA N° 104 AO PROJETO DE LEI N° 115/2018, QUE ESTIMA A RECEITA E FIXA A DESPESA DO MUNICÍPIO PARA O EXERCÍCIO DE 2019",Renato Cebola,https://www.pindamonhangaba.sp.leg.br/proposicoes/0/0/0/0/117725#pesquisa
2018-11-19 01:00:00,EMENDA IMPOSITIVA N.º 65 AO PROJETO DE LEI N° 115/2018,EMENDA IMPOSITIVA N° 69 AO PL 115/2018.,Felipe César,https://www.pindamonhangaba.sp.leg.br/proposicoes/0/0/0/0/117214#pesquisa
2018-11-19 01:00:00,EMENDA IMPOSITIVA INDIVIDUAL N.º 105/2018,"EMENDA IMPOSITIVA N° 105 AO PROJETO DE LEI N° 115/2018, QUE ESTIMA A RECEITA E FIXA A DESPESA DO MUNICÍPIO PARA O EXERCÍCIO DE 2019",Renato Cebola,https://www.pindamonhangaba.sp.leg.br/proposicoes/0/0/0/0/117726#pesquisa
2018-11-19 01:00:00,EMENDA IMPOSITIVA N.º 66 AO PROJETO DE LEI N° 115/2018,EMENDA IMPOSITIVA N° 70 AO PL 115/2018.,Rafael Goffi Moreira,https://www.pindamonhangaba.sp.leg.br/proposicoes/0/0/0/0/117215#pesquisa
2018-11-19 01:00:00,EMENDA IMPOSITIVA INDIVIDUAL N.º 106/2018,"EMENDA IMPOSITIVA N° 106 AO PROJETO DE LEI N° 115/2018, QUE ESTIMA A RECEITA E FIXA A DESPESA DO MUNICÍPIO PARA O EXERCÍCIO DE 2019.",Carlos Moura - Magrão,https://www.pindamonhangaba.sp.leg.br/proposicoes/0/0/0/0/117727#pesquisa
2018-11-19 01:00:00,EMENDA IMPOSITIVA N.º 67 AO PROJETO DE LEI N° 115/2018,EMENDA IMPOSITIVA N° 71 AO PL 115/2018.,Rafael Goffi Moreira,https://www.pindamonhangaba.sp.leg.br/proposicoes/0/0/0/0/117216#pesquisa
2018-11-19 01:00:00,EMENDA IMPOSITIVA INDIVIDUAL N.º 107/2018,"EMENDA IMPOSITIVA N° 107 AO PROJETO DE LEI N° 115/2018, QUE ESTIMA A RECEITA E FIXA A DESPESA DO MUNICÍPIO PARA O EXERCÍCIO DE 2019.",Carlos Moura - Magrão,https://www.pindamonhangaba.sp.leg.br/proposicoes/0/0/0/0/117728#pesquisa
2018-11-19 01:00:00,EMENDA IMPOSITIVA N.º 68 AO PROJETO DE LEI N° 115/2018,EMENDA IMPOSITIVA N° 72 AO PL 115/2018.,Rafael Goffi Moreira,https://www.pindamonhangaba.sp.leg.br/proposicoes/0/0/0/0/117217#pesquisa
2018-11-19 01:00:00,EMENDA IMPOSITIVA INDIVIDUAL N.º 108/2018,"EMENDA IMPOSITIVA N° 108 AO PROJETO DE LEI N° 115/2018, QUE ESTIMA A RECEITA E FIXA A DESPESA DO MUNICÍPIO PARA O EXERCÍCIO DE 2019.",Carlos Moura - Magrão,https://www.pindamonhangaba.sp.leg.br/proposicoes/0/0/0/0/117729#pesquisa
2018-11-19 01:00:00,EMENDA IMPOSITIVA N.º 69 AO PROJETO DE LEI N° 115/2018,EMENDA IMPOSITIVA N° 73 AO PL 115/2018.,Rafael Goffi Moreira,https://www.pindamonhangaba.sp.leg.br/proposicoes/0/0/0/0/117218#pesquisa
2018-11-19 01:00:00,EMENDA IMPOSITIVA INDIVIDUAL N.º 109/2018,"EMENDA IMPOSITIVA N° 109 AO PROJETO DE LEI N° 115/2018, QUE ESTIMA A RECEITA E FIXA A DESPESA DO MUNICÍPIO PARA O EXERCÍCIO DE 2019.",Carlos Moura - Magrão,https://www.pindamonhangaba.sp.leg.br/proposicoes/0/0/0/0/117730#pesquisa
2018-11-19 01:00:00,EMENDA IMPOSITIVA N.º 70 AO PROJETO DE LEI N° 115/2018,EMENDA IMPOSITIVA N° 74 AO PL 115/2018.,Rafael Goffi Moreira,https://www.pindamonhangaba.sp.leg.br/proposicoes/0/0/0/0/117219#pesquisa
2018-11-19 01:00:00,EMENDA IMPOSITIVA INDIVIDUAL N.º 110/2018,"EMENDA IMPOSITIVA N° 110 AO PROJETO DE LEI N° 115/2018, QUE ESTIMA A RECEITA E FIXA A DESPESA DO MUNICÍPIO PARA O EXERCÍCIO DE 2019.",Carlos Moura - Magrão,https://www.pindamonhangaba.sp.leg.br/proposicoes/0/0/0/0/117731#pesquisa
2018-11-19 01:00:00,EMENDA IMPOSITIVA N.º 71 AO PROJETO DE LEI N° 115/2018,EMENDA IMPOSITIVA N° 75 AO PL 115/2018.,Rafael Goffi Moreira,https://www.pindamonhangaba.sp.leg.br/proposicoes/0/0/0/0/117220#pesquisa
2018-11-19 01:00:00,EMENDA IMPOSITIVA INDIVIDUAL N.º 111/2018,"EMENDA IMPOSITIVA N° 111 AO PROJETO DE LEI N° 115/2018, QUE ESTIMA A RECEITA E FIXA A DESPESA DO MUNICÍPIO PARA O EXERCÍCIO DE 2019.",Carlos Moura - Magrão,https://www.pindamonhangaba.sp.leg.br/proposicoes/0/0/0/0/117732#pesquisa
2018-11-19 01:00:00,EMENDA IMPOSITIVA N.º 72 AO PROJETO DE LEI N° 115/2018,EMENDA IMPOSITIVA N° 76 AO PL 115/2018.,Rafael Goffi Moreira,https://www.pindamonhangaba.sp.leg.br/proposicoes/0/0/0/0/117221#pesquisa
2018-11-19 01:00:00,EMENDA IMPOSITIVA INDIVIDUAL N.º 112/2018,"EMENDA IMPOSITIVA N° 112 AO PROJETO DE LEI N° 115/2018, QUE ESTIMA A RECEITA E FIXA A DESPESA DO MUNICÍPIO PARA O EXERCÍCIO DE 2019.",Carlos Moura - Magrão,https://www.pindamonhangaba.sp.leg.br/proposicoes/0/0/0/0/117733#pesquisa
2018-11-19 01:00:00,EMENDA IMPOSITIVA N.º 73 AO PROJETO DE LEI N° 115/2018,EMENDA IMPOSITIVA N° 77 AO PL 115/2018.,Rafael Goffi Moreira,https://www.pindamonhangaba.sp.leg.br/proposicoes/0/0/0/0/117222#pesquisa
2018-11-19 01:00:00,EMENDA IMPOSITIVA N.º 74 AO PROJETO DE LEI N° 115/2018,EMENDA IMPOSITIVA N° 78 AO PL 115/2018.,Rafael Goffi Moreira,https://www.pindamonhangaba.sp.leg.br/proposicoes/0/0/0/0/117223#pesquisa
2018-11-19 01:00:00,EMENDA IMPOSITIVA N.º 75 AO PROJETO DE LEI N° 115/2018,EMENDA IMPOSITIVA N° 79 AO PL 115/2018.,Rafael Goffi Moreira,https://www.pindamonhangaba.sp.leg.br/proposicoes/0/0/0/0/117224#pesquisa
2018-11-19 01:00:00,EMENDA IMPOSITIVA N.º 76 AO PROJETO DE LEI N° 115/2018,EMENDA IMPOSITIVA N° 80 AO PL 115/2018.,Rafael Goffi Moreira,https://www.pindamonhangaba.sp.leg.br/proposicoes/0/0/0/0/117225#pesquisa
2018-11-19 01:00:00,EMENDA IMPOSITIVA N.º 77 AO PROJETO DE LEI N° 115/2018,EMENDA IMPOSITIVA N° 81 AO PL 115/2018.,Rafael Goffi Moreira,https://www.pindamonhangaba.sp.leg.br/proposicoes/0/0/0/0/117226#pesquisa
2018-11-19 01:00:00,EMENDA IMPOSITIVA N.º 78 AO PROJETO DE LEI N° 115/2018,EMENDA IMPOSITIVA N° 82 AO PL 115/2018.,Rafael Goffi Moreira,https://www.pindamonhangaba.sp.leg.br/proposicoes/0/0/0/0/117227#pesquisa
2018-11-19 01:00:00,EMENDA IMPOSITIVA N.º 79 AO PROJETO DE LEI N° 115/2018,EMENDA IMPOSITIVA N° 83 AO PL 115/2018.,Rafael Goffi Moreira,https://www.pindamonhangaba.sp.leg.br/proposicoes/0/0/0/0/117228#pesquisa
2018-11-19 01:00:00,EMENDA IMPOSITIVA N.º 80 AO PROJETO DE LEI N° 115/2018,EMENDA IMPOSITIVA N° 84 AO PL 115/2018.,Rafael Goffi Moreira,https://www.pindamonhangaba.sp.leg.br/proposicoes/0/0/0/0/117229#pesquisa
2018-11-19 01:00:00,EMENDA IMPOSITIVA N.º 81 AO PROJETO DE LEI N° 115/2018,EMENDA IMPOSITIVA N° 85 AO PL 115/2018.,Rafael Goffi Moreira,https://www.pindamonhangaba.sp.leg.br/proposicoes/0/0/0/0/117230#pesquisa
2018-11-19 01:00:00,EMENDA IMPOSITIVA N.º 82 AO PROJETO DE LEI N° 115/2018,EMENDA IMPOSITIVA N° 86 AO PL 115/2018.,Rafael Goffi Moreira,https://www.pindamonhangaba.sp.leg.br/proposicoes/0/0/0/0/117231#pesquisa
2018-11-19 01:00:00,EMENDA IMPOSITIVA N.º 83 AO PROJETO DE LEI N° 115/2018,EMENDA IMPOSITIVA N° 87 AO PL 115/2018.,Rafael Goffi Moreira,https://www.pindamonhangaba.sp.leg.br/proposicoes/0/0/0/0/117232#pesquisa
2018-11-19 01:00:00,EMENDA IMPOSITIVA N.º 84 AO PROJETO DE LEI N° 115/2018,EMENDA IMPOSITIVA N° 88 AO PL 115/2018.,Rafael Goffi Moreira,https://www.pindamonhangaba.sp.leg.br/proposicoes/0/0/0/0/117233#pesquisa
2018-11-19 01:00:00,EMENDA IMPOSITIVA N.º 85 AO PROJETO DE LEI N° 115/2018,EMENDA IMPOSITIVA N° 89 AO PL 115/2018.,Renato Cebola,https://www.pindamonhangaba.sp.leg.br/proposicoes/0/0/0/0/117234#pesquisa
2018-11-19 01:00:00,EMENDA IMPOSITIVA N.º 86 AO PROJETO DE LEI N° 115/2018,EMENDA IMPOSITIVA N° 90 AO PL 115/2018.,Renato Cebola,https://www.pindamonhangaba.sp.leg.br/proposicoes/0/0/0/0/117235#pesquisa
2018-11-19 01:00:00,EMENDA IMPOSITIVA N.º 87 AO PROJETO DE LEI N° 115/2018,EMENDA IMPOSITIVA N° 91 AO PL 115/2018.,Renato Cebola,https://www.pindamonhangaba.sp.leg.br/proposicoes/0/0/0/0/117236#pesquisa
2018-11-19 01:00:00,EMENDA IMPOSITIVA N.º 88 AO PROJETO DE LEI N° 115/2018,EMENDA IMPOSITIVA N° 92 AO PL 115/2018.,Renato Cebola,https://www.pindamonhangaba.sp.leg.br/proposicoes/0/0/0/0/117237#pesquisa
2018-11-19 01:00:00,EMENDA IMPOSITIVA N.º 89 AO PROJETO DE LEI N° 115/2018,EMENDA IMPOSITIVA N° 93 AO PL 115/2018.,Renato Cebola,https://www.pindamonhangaba.sp.leg.br/proposicoes/0/0/0/0/117238#pesquisa
2018-11-19 01:00:00,EMENDA IMPOSITIVA N.º 90 AO PROJETO DE LEI N° 115/2018,EMENDA IMPOSITIVA N° 94 AO PL 115/2018.,Renato Cebola,https://www.pindamonhangaba.sp.leg.br/proposicoes/0/0/0/0/117239#pesquisa
2018-11-19 01:00:00,EMENDA IMPOSITIVA N.º 91 AO PROJETO DE LEI N° 115/2018,EMENDA IMPOSITIVA N° 95 AO PL 115/2018.,Renato Cebola,https://www.pindamonhangaba.sp.leg.br/proposicoes/0/0/0/0/117240#pesquisa
2018-11-19 01:00:00,EMENDA IMPOSITIVA N.º 92 AO PROJETO DE LEI N° 115/2018,EMENDA IMPOSITIVA N° 96 AO PL 115/2018.,Renato Cebola,https://www.pindamonhangaba.sp.leg.br/proposicoes/0/0/0/0/117241#pesquisa
2018-11-19 01:00:00,EMENDA IMPOSITIVA N.º 93 AO PROJETO DE LEI N° 115/2018,EMENDA IMPOSITIVA N° 97 AO PL 115/2018.,Renato Cebola,https://www.pindamonhangaba.sp.leg.br/proposicoes/0/0/0/0/117242#pesquisa
2018-11-19 01:00:00,EMENDA IMPOSITIVA N.º 94 AO PROJETO DE LEI N° 115/2018,EMENDA IMPOSITIVA N° 98 AO PL 115/2018.,Renato Cebola,https://www.pindamonhangaba.sp.leg.br/proposicoes/0/0/0/0/117243#pesquisa
2018-11-19 01:00:00,EMENDA IMPOSITIVA N.º 95 AO PROJETO DE LEI N° 115/2018,EMENDA IMPOSITIVA N° 99 AO PL 115/2018.,Renato Cebola,https://www.pindamonhangaba.sp.leg.br/proposicoes/0/0/0/0/117244#pesquisa
2018-11-19 01:00:00,EMENDA IMPOSITIVA N.º 96 AO PROJETO DE LEI N° 115/2018,EMENDA IMPOSITIVA N° 100 AO PL 115/2018.,Renato Cebola,https://www.pindamonhangaba.sp.leg.br/proposicoes/0/0/0/0/117245#pesquisa
2018-11-19 01:00:00,EMENDA IMPOSITIVA N.º 97 AO PROJETO DE LEI N° 115/2018,EMENDA IMPOSITIVA N° 101 AO PL 115/2018.,Renato Cebola,https://www.pindamonhangaba.sp.leg.br/proposicoes/0/0/0/0/117246#pesquisa
2018-11-19 01:00:00,EMENDA IMPOSITIVA N.º 98 AO PROJETO DE LEI N° 115/2018,EMENDA IMPOSITIVA N° 102 AO PL 115/2018.,Renato Cebola,https://www.pindamonhangaba.sp.leg.br/proposicoes/0/0/0/0/117247#pesquisa
2018-11-19 00:00:00,EMENDA N.º 11 AO PROJETO DE LEI N° 115/2018,"EMENDA AO PROJETO DE LEI N° 115/2018, QUE ESTIMA A RECEITA E FIXA A DESPESA DO MUNICÍPIO PARA O EXERCÍCIO DE 2019.",Roderley Miotto Rodrigues; Gislene Cardoso; Rafael Goffi Moreira; Renato Cebola; Ronaldo Pinto De Andrade,https://www.pindamonhangaba.sp.leg.br/proposicoes/0/0/0/0/171#pesquisa
2018-11-14 01:00:00,EMENDA IMPOSITIVA INDIVIDUAL N.º 012/2018,"EMENDA IMPOSITIVA N° 12 AO PROJETO DE LEI N° 115/2018, QUE ESTIMA A RECEITA E FIXA A DESPESA DO MUNICÍPIO PARA O EXERCÍCIO DE 2019.",Vereadores,https://www.pindamonhangaba.sp.leg.br/proposicoes/0/0/0/0/117633#pesquisa
2018-11-14 01:00:00,EMENDA IMPOSITIVA INDIVIDUAL N.º 013/2018,"EMENDA IMPOSITIVA N° 13 AO PROJETO DE LEI N° 115/2018, QUE ESTIMA A RECEITA E FIXA A DESPESA DO MUNICÍPIO PARA O EXERCÍCIO DE 2019.",Vereadores,https://www.pindamonhangaba.sp.leg.br/proposicoes/0/0/0/0/117634#pesquisa
2018-11-14 01:00:00,EMENDA IMPOSITIVA INDIVIDUAL N.º 014/2018,"EMENDA IMPOSITIVA N° 14 AO PROJETO DE LEI N° 115/2018, QUE ESTIMA A RECEITA E FIXA A DESPESA DO MUNICÍPIO PARA O EXERCÍCIO DE 2019.",Vereadores,https://www.pindamonhangaba.sp.leg.br/proposicoes/0/0/0/0/117635#pesquisa
2018-11-14 01:00:00,EMENDA IMPOSITIVA INDIVIDUAL N.º 015/2018,"EMENDA IMPOSITIVA N° 15 AO PROJETO DE LEI N° 115/2018, QUE ESTIMA A RECEITA E FIXA A DESPESA DO MUNICÍPIO PARA O EXERCÍCIO DE 2019",Vereadores,https://www.pindamonhangaba.sp.leg.br/proposicoes/0/0/0/0/117636#pesquisa
2018-11-14 01:00:00,EMENDA IMPOSITIVA INDIVIDUAL N.º 016/2018,"EMENDA IMPOSITIVA N° 16 AO PROJETO DE LEI N° 115/2018, QUE ESTIMA A RECEITA E FIXA A DESPESA DO MUNICÍPIO PARA O EXERCÍCIO DE 2019",Vereadores,https://www.pindamonhangaba.sp.leg.br/proposicoes/0/0/0/0/117637#pesquisa
2018-11-14 01:00:00,EMENDA IMPOSITIVA INDIVIDUAL N.º 017/2018,"EMENDA IMPOSITIVA N° 17 AO PROJETO DE LEI N° 115/2018, QUE ESTIMA A RECEITA E FIXA A DESPESA DO MUNICÍPIO PARA O EXERCÍCIO DE 2019",Vereadores,https://www.pindamonhangaba.sp.leg.br/proposicoes/0/0/0/0/117638#pesquisa
2018-11-14 01:00:00,EMENDA IMPOSITIVA INDIVIDUAL N.º 018/2018,"EMENDA IMPOSITIVA N° 18 AO PROJETO DE LEI N° 115/2018, QUE ESTIMA A RECEITA E FIXA A DESPESA DO MUNICÍPIO PARA O EXERCÍCIO DE 2019",Vereadores,https://www.pindamonhangaba.sp.leg.br/proposicoes/0/0/0/0/117639#pesquisa
2018-11-14 01:00:00,EMENDA IMPOSITIVA INDIVIDUAL N.º 019/2018,"EMENDA IMPOSITIVA N° 19 AO PROJETO DE LEI N° 115/2018, QUE ESTIMA A RECEITA E FIXA A DESPESA DO MUNICÍPIO PARA O EXERCÍCIO DE 2019",Vereadores,https://www.pindamonhangaba.sp.leg.br/proposicoes/0/0/0/0/117640#pesquisa
2018-11-14 01:00:00,EMENDA IMPOSITIVA INDIVIDUAL N.º 020/2018,"EMENDA IMPOSITIVA N° 20 AO PROJETO DE LEI N° 115/2018, QUE ESTIMA A RECEITA E FIXA A DESPESA DO MUNICÍPIO PARA O EXERCÍCIO DE 2019",Vereadores,https://www.pindamonhangaba.sp.leg.br/proposicoes/0/0/0/0/117641#pesquisa
2018-11-14 01:00:00,EMENDA IMPOSITIVA INDIVIDUAL N.º 021/2018,"EMENDA IMPOSITIVA N° 21 AO PROJETO DE LEI N° 115/2018, QUE ESTIMA A RECEITA E FIXA A DESPESA DO MUNICÍPIO PARA O EXERCÍCIO DE 2019",Vereadores,https://www.pindamonhangaba.sp.leg.br/proposicoes/0/0/0/0/117642#pesquisa
2018-11-14 01:00:00,EMENDA IMPOSITIVA INDIVIDUAL N.º 022/2018,"EMENDA IMPOSITIVA N° 22 AO PROJETO DE LEI N° 115/2018, QUE ESTIMA A RECEITA E FIXA A DESPESA DO MUNICÍPIO PARA O EXERCÍCIO DE 2019",Vereadores,https://www.pindamonhangaba.sp.leg.br/proposicoes/0/0/0/0/117643#pesquisa
2018-11-14 01:00:00,EMENDA IMPOSITIVA INDIVIDUAL N.º 023/2018,"EMENDA IMPOSITIVA N° 23 AO PROJETO DE LEI N° 115/2018, QUE ESTIMA A RECEITA E FIXA A DESPESA DO MUNICÍPIO PARA O EXERCÍCIO DE 2019",Vereadores,https://www.pindamonhangaba.sp.leg.br/proposicoes/0/0/0/0/117644#pesquisa
2018-11-14 01:00:00,EMENDA IMPOSITIVA INDIVIDUAL N.º 024/2018,"EMENDA IMPOSITIVA N° 24 AO PROJETO DE LEI N° 115/2018, QUE ESTIMA A RECEITA E FIXA A DESPESA DO MUNICÍPIO PARA O EXERCÍCIO DE 2019",Vereadores,https://www.pindamonhangaba.sp.leg.br/proposicoes/0/0/0/0/117645#pesquisa
2018-11-14 01:00:00,EMENDA IMPOSITIVA INDIVIDUAL N.º 025/2018,"EMENDA IMPOSITIVA N° 25 AO PROJETO DE LEI N° 115/2018, QUE ESTIMA A RECEITA E FIXA A DESPESA DO MUNICÍPIO PARA O EXERCÍCIO DE 2019",Vereadores,https://www.pindamonhangaba.sp.leg.br/proposicoes/0/0/0/0/117646#pesquisa
2018-11-14 01:00:00,EMENDA IMPOSITIVA INDIVIDUAL N.º 026/2018,"EMENDA IMPOSITIVA N° 26 AO PROJETO DE LEI N° 115/2018, QUE ESTIMA A RECEITA E FIXA A DESPESA DO MUNICÍPIO PARA O EXERCÍCIO DE 2019.",Vereadores,https://www.pindamonhangaba.sp.leg.br/proposicoes/0/0/0/0/117647#pesquisa
2018-11-14 01:00:00,EMENDA IMPOSITIVA INDIVIDUAL N.º 027/2018,"EMENDA IMPOSITIVA N° 27 AO PROJETO DE LEI N° 115/2018, QUE ESTIMA A RECEITA E FIXA A DESPESA DO MUNICÍPIO PARA O EXERCÍCIO DE 2019.",Vereadores,https://www.pindamonhangaba.sp.leg.br/proposicoes/0/0/0/0/117648#pesquisa
2018-11-14 01:00:00,EMENDA IMPOSITIVA INDIVIDUAL N.º 028/2018,"EMENDA IMPOSITIVA N° 28 AO PROJETO DE LEI N° 115/2018, QUE ESTIMA A RECEITA E FIXA A DESPESA DO MUNICÍPIO PARA O EXERCÍCIO DE 2019.",Vereadores,https://www.pindamonhangaba.sp.leg.br/proposicoes/0/0/0/0/117649#pesquisa
2018-11-14 01:00:00,EMENDA IMPOSITIVA INDIVIDUAL N.º 029/2018,"EMENDA IMPOSITIVA N° 29 AO PROJETO DE LEI N° 115/2018, QUE ESTIMA A RECEITA E FIXA A DESPESA DO MUNICÍPIO PARA O EXERCÍCIO DE 2019",Vereadores,https://www.pindamonhangaba.sp.leg.br/proposicoes/0/0/0/0/117650#pesquisa
2018-11-14 01:00:00,EMENDA IMPOSITIVA INDIVIDUAL N.º 030/2018,"EMENDA IMPOSITIVA N° 30 AO PROJETO DE LEI N° 115/2018, QUE ESTIMA A RECEITA E FIXA A DESPESA DO MUNICÍPIO PARA O EXERCÍCIO DE 2019",Vereadores,https://www.pindamonhangaba.sp.leg.br/proposicoes/0/0/0/0/117651#pesquisa
2018-11-13 01:00:00,SUBSTITUTIVO Nº 1 AO PROJETO DE LEI N.º 028/2017,SUBSTITUTIVO AO PROJETO DE LEI N° 28/2017.,Rafael Goffi Moreira,https://www.pindamonhangaba.sp.leg.br/proposicoes/0/0/0/0/118348#pesquisa
2018-11-13 01:00:00,SUBSTITUTIVO Nº 1 AO PROJETO DE LEI N.º 046/2017,SUBSTITUTIVO AO PROJETO DE LEI N° 05/2018.,Rafael Goffi Moreira,https://www.pindamonhangaba.sp.leg.br/proposicoes/0/0/0/0/118350#pesquisa
2018-11-13 01:00:00,SUBSTITUTIVO Nº 1 AO PROJETO DE LEI N.º 105/2018,"SUBST AO PROJ DE LEI N° 105/2018, QUE INSTITUI E INCLUI NO CALENDÁRIO OFICIAL DE DATAS E EVENTOS DO MUNICÍPIO DE PINDAMONHANGABA, O DIA DO TRICICLISTA",Carlos Moura - Magrão,https://www.pindamonhangaba.sp.leg.br/proposicoes/0/0/0/0/118364#pesquisa
2018-11-12 01:00:00,EMENDA IMPOSITIVA INDIVIDUAL N.º 001/2018,"EMENDA IMPOSITIVA N° 01 AO PROJETO DE LEI N° 115/2018, QUE ESTIMA A RECEITA E FIXA A DESPESA DO MUNICÍPIO PARA O EXERCÍCIO DE 2019.",Vereadores,https://www.pindamonhangaba.sp.leg.br/proposicoes/0/0/0/0/117622#pesquisa
2018-11-12 01:00:00,EMENDA IMPOSITIVA INDIVIDUAL N.º 002/2018,"EMENDA IMPOSITIVA N° 02 AO PROJETO DE LEI N° 115/2018, QUE ESTIMA A RECEITA E FIXA A DESPESA DO MUNICÍPIO PARA O EXERCÍCIO DE 2019.",Vereadores,https://www.pindamonhangaba.sp.leg.br/proposicoes/0/0/0/0/117623#pesquisa
2018-11-12 01:00:00,EMENDA IMPOSITIVA INDIVIDUAL N.º 003/2018,"EMENDA IMPOSITIVA N° 03 AO PROJETO DE LEI N° 115/2018, QUE ESTIMA A RECEITA E FIXA A DESPESA DO MUNICÍPIO PARA O EXERCÍCIO DE 2019.",Vereadores,https://www.pindamonhangaba.sp.leg.br/proposicoes/0/0/0/0/117624#pesquisa
2018-11-12 01:00:00,EMENDA IMPOSITIVA INDIVIDUAL N.º 004/2018,"EMENDA IMPOSITIVA N° 04 AO PROJETO DE LEI N° 115/2018, QUE ESTIMA A RECEITA E FIXA A DESPESA DO MUNICÍPIO PARA O EXERCÍCIO DE 2019.",Vereadores,https://www.pindamonhangaba.sp.leg.br/proposicoes/0/0/0/0/117625#pesquisa
2018-11-12 01:00:00,EMENDA IMPOSITIVA INDIVIDUAL N.º 005/2018,"EMENDA IMPOSITIVA N° 05 AO PROJETO DE LEI N° 115/2018, QUE ESTIMA A RECEITA E FIXA A DESPESA DO MUNICÍPIO PARA O EXERCÍCIO DE 2019.",Vereadores,https://www.pindamonhangaba.sp.leg.br/proposicoes/0/0/0/0/117626#pesquisa
2018-11-12 01:00:00,EMENDA IMPOSITIVA INDIVIDUAL N.º 006/2018,"EMENDA IMPOSITIVA N° 06 AO PROJETO DE LEI N° 115/2018, QUE ESTIMA A RECEITA E FIXA A DESPESA DO MUNICÍPIO PARA O EXERCÍCIO DE 2019.",Vereadores,https://www.pindamonhangaba.sp.leg.br/proposicoes/0/0/0/0/117627#pesquisa
2018-11-12 01:00:00,EMENDA IMPOSITIVA INDIVIDUAL N.º 007/2018,"EMENDA IMPOSITIVA N° 07 AO PROJETO DE LEI N° 115/2018, QUE ESTIMA A RECEITA E FIXA A DESPESA DO MUNICÍPIO PARA O EXERCÍCIO DE 2019.",Vereadores,https://www.pindamonhangaba.sp.leg.br/proposicoes/0/0/0/0/117628#pesquisa
2018-11-12 01:00:00,EMENDA IMPOSITIVA INDIVIDUAL N.º 008/2018,"EMENDA IMPOSITIVA N° 08 AO PROJETO DE LEI N° 115/2018, QUE ESTIMA A RECEITA E FIXA A DESPESA DO MUNICÍPIO PARA O EXERCÍCIO DE 2019.",Vereadores,https://www.pindamonhangaba.sp.leg.br/proposicoes/0/0/0/0/117629#pesquisa
2018-11-12 01:00:00,EMENDA IMPOSITIVA INDIVIDUAL N.º 009/2018,"EMENDA IMPOSITIVA N° 09 AO PROJETO DE LEI N° 115/2018, QUE ESTIMA A RECEITA E FIXA A DESPESA DO MUNICÍPIO PARA O EXERCÍCIO DE 2019.",Vereadores,https://www.pindamonhangaba.sp.leg.br/proposicoes/0/0/0/0/117630#pesquisa
2018-11-12 01:00:00,EMENDA IMPOSITIVA INDIVIDUAL N.º 010/2018,"EMENDA IMPOSITIVA N° 10 AO PROJETO DE LEI N° 115/2018, QUE ESTIMA A RECEITA E FIXA A DESPESA DO MUNICÍPIO PARA O EXERCÍCIO DE 2019.",Vereadores,https://www.pindamonhangaba.sp.leg.br/proposicoes/0/0/0/0/117631#pesquisa
2018-11-12 01:00:00,EMENDA IMPOSITIVA INDIVIDUAL N.º 011/2018,"EMENDA IMPOSITIVA N° 11 AO PROJETO DE LEI N° 115/2018, QUE ESTIMA A RECEITA E FIXA A DESPESA DO MUNICÍPIO PARA O EXERCÍCIO DE 2019.",Vereadores,https://www.pindamonhangaba.sp.leg.br/proposicoes/0/0/0/0/117632#pesquisa
2018-11-12 01:00:00,SUBSTITUTIVO N.º 4 AO PROJETO DE LEI Nº 28/2017,"SUBSTITUTIVO AO PROJETO DE LEI Nº 28/2017, QUE INSTITUI E INCLUI NO CALENDÁRIO OFICIAL DE DATAS E EVENTOS DO MUNICÍPIO DE PINDAMONHANGABA, A SEMANA DE DIVULGAÇÃO E VALORIZAÇÃO DO ESTATUTO DA CRIANÇA E DO ADOLESCENTE -ECA, E DÁ OUTRAS PROVIDÊNCIAS.",Rafael Goffi Moreira,https://www.pindamonhangaba.sp.leg.br/proposicoes/0/0/0/0/116630#pesquisa
2018-11-12 01:00:00,SUBSTITUTIVO N.º 5 AO PROJETO DE LEI Nº 46/2017,"SUBSTITUTIVO AO PROJETO DE LEI Nº 46/2017, QUE INSTITUI E INCLUI NO CALENDÁRIO OFICIAL DE DATAS E EVENTOS DO MUNICÍPIO DE PINDAMONHANGABA, O DIA MUNICIPAL DE CONSCIENTIZAÇÃO E ORIENTAÇÃO SOBRE A DOENÇA DE LÚPUS.",Rafael Goffi Moreira,https://www.pindamonhangaba.sp.leg.br/proposicoes/0/0/0/0/116631#pesquisa
2018-11-07 01:00:00,SUBSTITUTIVO N.º 3 AO PROJETO DE LEI N° 105/2018,"SUBSTITUTIVO AO PROJETO DE LEI N° 105/2018, QUE INSTITUI E INCLUI NO CALENDÁRIO OFICIAL DE DATAS E EVENTOS DO MUNICÍPIO DE PINDAMONHANGABA, O DIA DO TRICICLISTA.",Carlos Moura - Magrão,https://www.pindamonhangaba.sp.leg.br/proposicoes/0/0/0/0/116629#pesquisa
2018-11-06 01:00:00,EMENDA MODIFICATIVA N.º 1 AO PROJETO DE LEI N° 118/2018,EMENDA AO PROJETO DE LEI N° 118/2018 QUE DISPÕE SOBRE A CRIAÇÃO DOS EMPREGOS DE DIRETOR DE ESCOLA DO QUADRO DA PREFEITURA MUNICIPAL DE PINDAMONHANGABA E DÁ OUTRAS PROVIDÊNCIAS.,Osvaldo Macedo Negrão,https://www.pindamonhangaba.sp.leg.br/proposicoes/0/0/0/0/117148#pesquisa
2018-11-05 00:00:00,EMENDA N.º 10 AO PROJETO DE LEI N° 118/2018,"EMENDA MODIFICATIVA AO PROJETO DE LEI N° 118/2018, QUE DISPÕE SOBRE A CRIAÇÃO DOS EMPREGOS DE DIRETOR DE ESCOLA DO QUADRO DA PREFEITURA MUNICIPAL DE PINDAMONHANGABA E DÁ OUTRAS PROVIDÊNCIAS.",Osvaldo Macedo Negrão,https://www.pindamonhangaba.sp.leg.br/proposicoes/0/0/0/0/170#pesquisa
2018-09-24 00:00:00,EMENDA MODIFICATIVA N.º 1 AO PROJETO DE LEI N° 110/2018,"EMENDA (08/18) AO PROJETO DE LEI N° 110/2018, QUE CONCEDE E REGULAMENTA FALTAS ABONADAS DOS SERVIDORES PÚBLICOS MUNICIPAIS, BEM COMO LICENÇA-PRÊMIO APÓS 05 (CINCO) ANOS DE EFETIVO EXERCÍCIO DAS FUNÇÕES.",Renato Cebola,https://www.pindamonhangaba.sp.leg.br/proposicoes/0/0/0/0/117146#pesquisa
2018-09-24 00:00:00,EMENDA MODIFICATIVA N.º 2 AO PROJETO DE LEI N° 110/2018,"EMENDA (09/18) AO PROJETO DE LEI N° 110/2018, QUE CONCEDE E REGULAMENTA FALTAS ABONADAS DOS SERVIDORES PÚBLICOS MUNICIPAIS, BEM COMO LICENÇA-PRÊMIO APÓS 05 (CINCO) ANOS DE EFETIVO EXERCÍCIO DAS FUNÇÕES.",Renato Cebola,https://www.pindamonhangaba.sp.leg.br/proposicoes/0/0/0/0/117147#pesquisa
2018-09-24 00:00:00,EMENDA N.º 7 AO PROJETO DE LEI N° 110/2018,"EMENDA N° 01 AO PROJETO DE LEI N° 110/2018, QUE CONCEDE E REGULAMENTA FALTAS ABONADAS DOS SERVIDORES PÚBLICOS MUNICIPAIS, BEM COMO LICENÇA-PRÊMIO APÓS 05 (CINCO) ANO DE EFETIVO EXERCÍCIO DAS FUNÕES.",Renato Cebola,https://www.pindamonhangaba.sp.leg.br/proposicoes/0/0/0/0/167#pesquisa
2018-09-24 00:00:00,EMENDA N.º 8 AO PROJETO DE LEI N° 110/2018,"EMENDA N° 02 AO PROJETO DE LEI N° 110/2018, QUE CONCEDE E REGULAMENTA FALTAS ABONADAS DOS SERVIDORES PÚBLICOS MUNICIPAIS, BEM COMO LICENÇA-PRÊMIO APÓS 05 (CINCO) ANO DE EFETIVO EXERCÍCIO DAS FUNÕES.",Renato Cebola,https://www.pindamonhangaba.sp.leg.br/proposicoes/0/0/0/0/168#pesquisa
2018-09-24 00:00:00,EMENDA N.º 9 AO PROJETO DE LEI N° 110/2018,"EMENDA N° 03 AO PROJETO DE LEI N° 110/2018, QUE CONCEDE E REGULAMENTA FALTAS ABONADAS DOS SERVIDORES PÚBLICOS MUNICIPAIS, BEM COMO LICENÇA-PRÊMIO APÓS 05 (CINCO) ANO DE EFETIVO EXERCÍCIO DAS FUNÕES.",Renato Cebola,https://www.pindamonhangaba.sp.leg.br/proposicoes/0/0/0/0/169#pesquisa
2018-09-13 00:00:00,EMENDA MODIFICATIVA N.º 3 AO PROJETO DE LEI N° 43/2018,"EMENDA N° 03 AO PROJETO DE LEI N° 43/2018 - QUE ALTERA DISPOSITIVO DA LEI N° 3.966, DE 28 DE NOVEMBRO DE 2002, QUE INSTITUI E REGULAMENTA AS GRATUIDADES E DESCONTOS NO TRANSPORTE COLETIVO DE PASSAGEIROS NO MUNICÍPIO DE PINDAMONHANGABA, E DÁ OUTRAS PROVIDÊNCIAS.",Carlos Moura - Magrão,https://www.pindamonhangaba.sp.leg.br/proposicoes/0/0/0/0/117145#pesquisa
2018-08-24 00:00:00,EMENDA MODIFICATIVA N.º 2 AO PROJETO DE LEI N° 85/2018,"EMENDA MODIFICATIVA (02) AO PROJETO DE LEI N° 85/2018, QUE REGULAMENTA O SERVIÇO PÚBLICO DE TRANSPORTE ESCOLAR DO MUNICÍPIO DE PINDAMONHANGABA, E DÁ OUTRAS PROVIDÊNCIAS.",Antônio Alves Da Silva,https://www.pindamonhangaba.sp.leg.br/proposicoes/0/0/0/0/117143#pesquisa
2018-08-24 00:00:00,EMENDA MODIFICATIVA N.º 3 AO PROJETO DE LEI N° 85/2018,"EMENDA MODIFICATIVA (03) AO PROJETO DE LEI N° 85/2018, QUE REGULAMENTA O SERVIÇO PÚBLICO DE TRANSPORTE ESCOLAR DO MUNICÍPIO DE PINDAMONHANGABA, E DÁ OUTRAS PROVIDÊNCIAS.",Osvaldo Macedo Negrão,https://www.pindamonhangaba.sp.leg.br/proposicoes/0/0/0/0/117144#pesquisa
2018-08-24 00:00:00,EMENDA N.º 5 AO PROJETO DE LEI Nº 85/2018,"EMENDA MODIFICATIVA AO PROJETO DE LEI Nº 85/2018, QUE REGULAMENTA O SERVIÇO PÚBLICO DE TRANSPORTE ESCOLAR DO MUNICÍPIO DE PINDAMONHANGABA, E DÁ OUTRAS PROVIDÊNCIAS.",Antônio Alves Da Silva,https://www.pindamonhangaba.sp.leg.br/proposicoes/0/0/0/0/165#pesquisa
2018-08-24 00:00:00,EMENDA N.º 6 AO PROJETO DE LEI Nº 85/2018,"EMENDA MODIFICATIVA AO PROJETO DE LEI Nº 85/2018, QUE REGULAMENTA O SERVIÇO PÚBLICO DE TRANSPORTE ESCOLAR DO MUNICÍPIO DE PINDAMONHANGABA, E DÁ OUTRAS PROVIDÊNCIAS.",Osvaldo Macedo Negrão,https://www.pindamonhangaba.sp.leg.br/proposicoes/0/0/0/0/166#pesquisa
2018-08-21 00:00:00,EMENDA MODIFICATIVA N.º 1 AO PROJETO DE LEI N° 85/2018,"EMENDA MODIFICATIVA (01) AO PROJETO DE LEI N° 85/2018, QUE REGULAMENTA O SERVIÇO PÚBLICO DE TRANSPORTE ESCOLAR DO MUNICÍPIO DE PINDAMONHANGABA, E DÁ OUTRAS PROVIDÊNCIAS.",Ronaldo Pinto De Andrade,https://www.pindamonhangaba.sp.leg.br/proposicoes/0/0/0/0/117142#pesquisa
2018-08-20 00:00:00,EMENDA N.º 4 AO PROJETO DE LEI N° 85/2018,"EMENDA MODIFICATIVA AO PROJETO DE LEI N° 85/2018, QUE REGULAMENTA O SERVIÇO PÚBLICO DE TRANSPORTE ESCOLAR DO MUNICÍPIO DE PINDAMONHANGABA, E DÁ OUTRAS PROVIDÊNCIAS.",Ronaldo Pinto De Andrade,https://www.pindamonhangaba.sp.leg.br/proposicoes/0/0/0/0/164#pesquisa
2018-08-07 00:00:00,SUBSTITUTIVO Nº 1 AO PROJETO DE LEI N.º 190/2017,SUBSTITUTIVO AO PROJETO DE LEI N° 190/2017 - PROÍBE O CONSUMO DE BEBIDAS ALCOÓLICAS NO INTERIOR DOS TRANSPORTES COLETIVOS DE PASSAGEIROS NO ÂMBITO DO,Rafael Goffi Moreira,https://www.pindamonhangaba.sp.leg.br/proposicoes/0/0/0/0/118362#pesquisa
2018-08-02 00:00:00,SUBSTITUTIVO N.º 2 AO PROJETO DE LEI Nº 190/2017,"SUBSTITUTIVO AO PROJETO DE LEI Nº 190/2017, QUE PROÍBE O CONSUMO DE BEBIDAS ALCOÓLICAS NO INTERIOR DOS TRANSPORTES COLETIVOS DE PASSAGEIROS NO ÂMBITO DO MUNICÍPIO DE PINDAMONHANGABA.",Rafael Goffi Moreira,https://www.pindamonhangaba.sp.leg.br/proposicoes/0/0/0/0/116628#pesquisa
2018-06-26 00:00:00,EMENDA MODIFICATIVA N.º 2 AO PROJETO DE LEI N° 43/2018,"EMENDA N° 02 AO PROJETO DE LEI N° 43/2018 QUE ALTERA DISPOSITIVO DA LEI N° 3.966, DE 28 DE NOVEMBRO DE 2002, QUE INSTITUI E REGULAMENTA AS GRATUIDADES E DESCONTOS NO TRANSPORTE COLETIVO DE PASSAGEIROS NO MUNICÍPIO DE PINDAMONHANGABA, E DÁ OUTRAS PROVIDÊNCIAS.",Rafael Goffi Moreira,https://www.pindamonhangaba.sp.leg.br/proposicoes/0/0/0/0/117141#pesquisa
2018-06-20 00:00:00,EMENDA N.º 3 AO PROJETO DE LEI N° 43/2018,"EMENDA AO PROJETO DE LEI N° 43/2018 QUE ALTERA DISPOSITIVO DA LEI N° 3.966, DE 28 DE NOVEMBRO DE 2002, QUE INSTITUI E REGULAMENTA AS GRATUIDADES E DESCONTOS NO TRANSPORTE COLETIVO DE PASSAGEIROS NO MUNICÍPIO DE PINDAMONHANGABA, E DÁ OUTRAS PROVIDÊNCIAS.",Carlos Moura - Magrão,https://www.pindamonhangaba.sp.leg.br/proposicoes/0/0/0/0/163#pesquisa
2018-06-19 00:00:00,EMENDA MODIFICATIVA N.º 1 AO PROJETO DE LEI N° 43/2018,"EMENDA N° 01 AO PROJETO DE LEI N° 43/2018 - QUE ALTERA DISPOSITIVO DA LEI N° 3.966, DE 28 DE NOVEMBRO DE 2002, QUE INSTITUI E REGULAMENTA AS GRATUIDADES E DESCONTOS NO TRANSPORTE COLETIVO DE PASSAGEIROS NO MUNICÍPIO DE PINDAMONHANGABA, E DÁ OUTRAS PROVIDÊNCIAS.",Carlos Moura - Magrão,https://www.pindamonhangaba.sp.leg.br/proposicoes/0/0/0/0/117140#pesquisa
2018-06-18 00:00:00,EMENDA N.º 2 AO PROJETO DE LEI N° 43/2018,"EMENDA AO PROJETO DE LEI N° 43/2018 QUE ALTERA DISPOSITIVO DA LEI N° 3.966, DE 28 DE NOVEMBRO DE 2002, QUE INSTITUI E REGULAMENTA AS GRATUIDADES E DESCONTOS NO TRANSPORTE COLETIVO DE PASSAGEIROS NO MUNICÍPIO DE PINDAMONHANGABA, E DÁ OUTRAS PROVIDÊNCIAS.",Rafael Goffi Moreira,https://www.pindamonhangaba.sp.leg.br/proposicoes/0/0/0/0/162#pesquisa
2018-04-25 00:00:00,EMENDA N.º 1 AO PROJETO DE LEI N° 43/2018,"EMENDA AO PROJETO DE LEI N° 43/2018 QUE ALTERA DISPOSITIVO DA LEI N° 3.966, DE 28 DE NOVEMBRO DE 2002, QUE INSTITUI E REGULAMENTA AS GRATUIDADES E DESCONTOS NO TRANSPORTE COLETIVO DE PASSAGEIROS NO MUNICÍPIO DE PINDAMONHANGABA, E DÁ OUTRAS PROVIDÊNCIAS.",Carlos Moura - Magrão,https://www.pindamonhangaba.sp.leg.br/proposicoes/0/0/0/0/161#pesquisa
2018-03-23 00:00:00,SUBSTITUTIVO N.º 1 AO PROJETO DE LEI Nº 78/2017,SUBSTITUTIVO AO PROJETO DE LEI Nº 78/2017 QUE DISPÕE SOBRE O COMBATE A PICHAÇÕES NO MUNICÍPIO DE PINDAMONHANGABA E DÁ OUTRAS PROVIDÊNCIAS.,Felipe César; Carlos Moura - Magrão,https://www.pindamonhangaba.sp.leg.br/proposicoes/0/0/0/0/116627#pesquisa
2017-12-18 01:00:00,EMENDA SUPRESSIVA N.º 1 AO PROJETO DE LEI N° 189/2017,EMENDA MODIFICATIVA AO PROJETO DE LEI N° 189/2017 QUE DISPÕE SOBRE A INSTITUIÇÃO DO PROGRAMA BOLSA-ATLETA NO MUNICÍPIO DE PINDAMONHANGABA E DÁ OUTRAS PROVIDÊNCIAS.,Comissões,https://www.pindamonhangaba.sp.leg.br/proposicoes/0/0/0/0/117139#pesquisa
2017-12-18 00:00:00,EMENDA N.º 65 AO PROJETO DE LEI Nº 189/2017,EMENDA MODIFICATIVA AO PROJETO DE LEI Nº 189/2017 QUE DISPÕE SOBRE A INSTITUIÇÃO DO PROGRAMA BOLSA-ATLETA NO MUNICÍPIO DE PINDAMONHANGABA E DÁ OUTRAS PROVIDÊNCIAS.,Comissões,https://www.pindamonhangaba.sp.leg.br/proposicoes/0/0/0/0/160#pesquisa
2017-12-12 01:00:00,EMENDA MODIFICATIVA N.º 1 AO PROJETO DE LEI N° 103/2017,EMENDA N° 01/2017. ALTERA A REDAÇÃO DO PARÁGRAFO ÚNICO DO ARTIGO 2° DO PROJETO DE LEI N° 103/2017.,Rafael Goffi Moreira,https://www.pindamonhangaba.sp.leg.br/proposicoes/0/0/0/0/117138#pesquisa
2017-12-11 00:00:00,EMENDA N.º 64 AO PROJETO DE LEI Nº 103/2017,"EMENDA  Nº 01/2017, ALTERA A REDAÇÃO DO PARÁGRAFO ÚNICO DO ARTIGO 2º DO PROJETO DE LEI Nº 103/2017.",Rafael Goffi Moreira,https://www.pindamonhangaba.sp.leg.br/proposicoes/0/0/0/0/159#pesquisa
2017-11-28 01:00:00,EMENDA IMPOSITIVA N.º 1 AO PROJETO DE LEI N° 156/2017,"EMENDA IMPOSITIVA N° 01 AO PROJETO DE LEI N° 156/2017, QUE ESTIMA A RECEITA E FIXA A DESPESA DO MUNICÍPIO DE PINDAMONHANGABA PARA O EXERCÍCIO DE 2018.",Antônio Alves Da Silva,https://www.pindamonhangaba.sp.leg.br/proposicoes/0/0/0/0/117080#pesquisa
2017-11-28 01:00:00,EMENDA IMPOSITIVA N.º 2 AO PROJETO DE LEI N° 156/2017,"EMENDA IMPOSITIVA N° 02 AO PROJETO DE LEI N° 156/2017, QUE ESTIMA A RECEITA E FIXA A DESPESA DO MUNICÍPIO DE PINDAMONHANGABA PARA O EXERCÍCIO DE 2018.",Ronaldo Pinto De Andrade,https://www.pindamonhangaba.sp.leg.br/proposicoes/0/0/0/0/117081#pesquisa
2017-11-28 01:00:00,EMENDA IMPOSITIVA N.º 3 AO PROJETO DE LEI N° 156/2017,"EMENDA IMPOSITIVA N° 03 AO PROJETO DE LEI N° 156/2017, QUE ESTIMA A RECEITA E FIXA A DESPESA DO MUNICÍPIO DE PINDAMONHANGABA PARA O EXERCÍCIO DE 2018.",Ronaldo Pinto De Andrade,https://www.pindamonhangaba.sp.leg.br/proposicoes/0/0/0/0/117082#pesquisa
2017-11-28 01:00:00,EMENDA IMPOSITIVA N.º 4 AO PROJETO DE LEI N° 156/2017,"EMENDA IMPOSITIVA N° 04 AO PROJETO DE LEI N° 156/2017, QUE ESTIMA A RECEITA E FIXA A DESPESA DO MUNICÍPIO DE PINDAMONHANGABA PARA O EXERCÍCIO DE 2018.",Carlos Moura - Magrão,https://www.pindamonhangaba.sp.leg.br/proposicoes/0/0/0/0/117083#pesquisa
2017-11-28 01:00:00,EMENDA IMPOSITIVA N.º 5 AO PROJETO DE LEI N° 156/2017,"EMENDA IMPOSITIVA N° 05 AO PROJETO DE LEI N° 156/2017, QUE ESTIMA A RECEITA E FIXA A DESPESA DO MUNICÍPIO DE PINDAMONHANGABA PARA O EXERCÍCIO DE 2018.",Rafael Goffi Moreira,https://www.pindamonhangaba.sp.leg.br/proposicoes/0/0/0/0/117084#pesquisa
2017-11-28 01:00:00,EMENDA IMPOSITIVA N.º 6 AO PROJETO DE LEI N° 156/2017,"EMENDA IMPOSITIVA N° 06 AO PROJETO DE LEI N° 156/2017, QUE ESTIMA A RECEITA E FIXA A DESPESA DO MUNICÍPIO DE PINDAMONHANGABA PARA O EXERCÍCIO DE 2018.",Rafael Goffi Moreira,https://www.pindamonhangaba.sp.leg.br/proposicoes/0/0/0/0/117085#pesquisa
2017-11-28 01:00:00,EMENDA IMPOSITIVA N.º 7 AO PROJETO DE LEI N° 156/2017,"EMENDA IMPOSITIVA N° 07 AO PROJETO DE LEI N° 156/2017, QUE ESTIMA A RECEITA E FIXA A DESPESA DO MUNICÍPIO DE PINDAMONHANGABA PARA O EXERCÍCIO DE 2018.",Rafael Goffi Moreira,https://www.pindamonhangaba.sp.leg.br/proposicoes/0/0/0/0/117086#pesquisa
2017-11-28 01:00:00,EMENDA IMPOSITIVA N.º 8 AO PROJETO DE LEI N° 156/2017,"EMENDA IMPOSITIVA N° 08 AO PROJETO DE LEI N° 156/2017, QUE ESTIMA A RECEITA E FIXA A DESPESA DO MUNICÍPIO DE PINDAMONHANGABA PARA O EXERCÍCIO DE 2018.",Rafael Goffi Moreira,https://www.pindamonhangaba.sp.leg.br/proposicoes/0/0/0/0/117087#pesquisa
2017-11-28 01:00:00,EMENDA IMPOSITIVA N.º 9 AO PROJETO DE LEI N° 156/2017,"EMENDA IMPOSITIVA N° 09 AO PROJETO DE LEI N° 156/2017, QUE ESTIMA A RECEITA E FIXA A DESPESA DO MUNICÍPIO DE PINDAMONHANGABA PARA O EXERCÍCIO DE 2018.",Rafael Goffi Moreira,https://www.pindamonhangaba.sp.leg.br/proposicoes/0/0/0/0/117088#pesquisa
2017-11-28 01:00:00,EMENDA IMPOSITIVA N.º 10 AO PROJETO DE LEI N° 156/2017,"EMENDA IMPOSITIVA N° 10 AO PROJETO DE LEI N° 156/2017, QUE ESTIMA A RECEITA E FIXA A DESPESA DO MUNICÍPIO DE PINDAMONHANGABA PARA O EXERCÍCIO DE 2018.",Rafael Goffi Moreira,https://www.pindamonhangaba.sp.leg.br/proposicoes/0/0/0/0/117089#pesquisa
2017-11-28 01:00:00,EMENDA IMPOSITIVA N.º 11 AO PROJETO DE LEI N° 156/2017,"EMENDA IMPOSITIVA N° 11 AO PROJETO DE LEI N° 156/2017, QUE ESTIMA A RECEITA E FIXA A DESPESA DO MUNICÍPIO DE PINDAMONHANGABA PARA O EXERCÍCIO DE 2018.",Renato Cebola,https://www.pindamonhangaba.sp.leg.br/proposicoes/0/0/0/0/117090#pesquisa
2017-11-28 01:00:00,EMENDA IMPOSITIVA N.º 12 AO PROJETO DE LEI N° 156/2017,"EMENDA IMPOSITIVA N° 12 AO PROJETO DE LEI N° 156/2017, QUE ESTIMA A RECEITA E FIXA A DESPESA DO MUNICÍPIO DE PINDAMONHANGABA PARA O EXERCÍCIO DE 2018.",Renato Cebola,https://www.pindamonhangaba.sp.leg.br/proposicoes/0/0/0/0/117091#pesquisa
2017-11-28 01:00:00,EMENDA IMPOSITIVA N.º 13 AO PROJETO DE LEI N° 156/2017,"EMENDA IMPOSITIVA N° 13 AO PROJETO DE LEI N° 156/2017, QUE ESTIMA A RECEITA E FIXA A DESPESA DO MUNICÍPIO DE PINDAMONHANGABA PARA O EXERCÍCIO DE 2018.",Renato Cebola,https://www.pindamonhangaba.sp.leg.br/proposicoes/0/0/0/0/117092#pesquisa
2017-11-28 01:00:00,EMENDA IMPOSITIVA N.º 14 AO PROJETO DE LEI N° 156/2017,"EMENDA IMPOSITIVA N° 14 AO PROJETO DE LEI N° 156/2017, QUE ESTIMA A RECEITA E FIXA A DESPESA DO MUNICÍPIO DE PINDAMONHANGABA PARA O EXERCÍCIO DE 2018.",Renato Cebola,https://www.pindamonhangaba.sp.leg.br/proposicoes/0/0/0/0/117093#pesquisa
2017-11-28 01:00:00,EMENDA IMPOSITIVA N.º 15 AO PROJETO DE LEI N° 156/2017,"EMENDA IMPOSITIVA N° 15 AO PROJETO DE LEI N° 156/2017, QUE ESTIMA A RECEITA E FIXA A DESPESA DO MUNICÍPIO DE PINDAMONHANGABA PARA O EXERCÍCIO DE 2018.",Renato Cebola,https://www.pindamonhangaba.sp.leg.br/proposicoes/0/0/0/0/117094#pesquisa
2017-11-28 01:00:00,EMENDA IMPOSITIVA N.º 16 AO PROJETO DE LEI N° 156/2017,"EMENDA IMPOSITIVA N° 16 AO PROJETO DE LEI N° 156/2017, QUE ESTIMA A RECEITA E FIXA A DESPESA DO MUNICÍPIO DE PINDAMONHANGABA PARA O EXERCÍCIO DE 2018.",Renato Cebola,https://www.pindamonhangaba.sp.leg.br/proposicoes/0/0/0/0/117095#pesquisa
2017-11-28 01:00:00,EMENDA IMPOSITIVA N.º 17 AO PROJETO DE LEI N° 156/2017,"EMENDA IMPOSITIVA N° 17 AO PROJETO DE LEI N° 156/2017, QUE ESTIMA A RECEITA E FIXA A DESPESA DO MUNICÍPIO DE PINDAMONHANGABA PARA O EXERCÍCIO DE 2018.",Renato Cebola,https://www.pindamonhangaba.sp.leg.br/proposicoes/0/0/0/0/117096#pesquisa
2017-11-28 01:00:00,EMENDA IMPOSITIVA N.º 18 AO PROJETO DE LEI N° 156/2017,"EMENDA IMPOSITIVA N° 18 AO PROJETO DE LEI N° 156/2017, QUE ESTIMA A RECEITA E FIXA A DESPESA DO MUNICÍPIO DE PINDAMONHANGABA PARA O EXERCÍCIO DE 2018.",Renato Cebola,https://www.pindamonhangaba.sp.leg.br/proposicoes/0/0/0/0/117097#pesquisa
2017-11-28 01:00:00,EMENDA IMPOSITIVA N.º 19 AO PROJETO DE LEI N° 156/2017,"EMENDA IMPOSITIVA N° 19 AO PROJETO DE LEI N° 156/2017, QUE ESTIMA A RECEITA E FIXA A DESPESA DO MUNICÍPIO DE PINDAMONHANGABA PARA O EXERCÍCIO DE 2018.",Renato Cebola,https://www.pindamonhangaba.sp.leg.br/proposicoes/0/0/0/0/117098#pesquisa
2017-11-28 01:00:00,EMENDA IMPOSITIVA N.º 20 AO PROJETO DE LEI N° 156/2017,"EMENDA IMPOSITIVA N° 20 AO PROJETO DE LEI N° 156/2017, QUE ESTIMA A RECEITA E FIXA A DESPESA DO MUNICÍPIO DE PINDAMONHANGABA PARA O EXERCÍCIO DE 2018.",Janio Ardito Lerario,https://www.pindamonhangaba.sp.leg.br/proposicoes/0/0/0/0/117099#pesquisa
2017-11-28 01:00:00,EMENDA IMPOSITIVA N.º 21 AO PROJETO DE LEI N° 156/2017,"EMENDA IMPOSITIVA N° 21 AO PROJETO DE LEI N° 156/2017, QUE ESTIMA A RECEITA E FIXA A DESPESA DO MUNICÍPIO DE PINDAMONHANGABA PARA O EXERCÍCIO DE 2018.",Felipe César,https://www.pindamonhangaba.sp.leg.br/proposicoes/0/0/0/0/117100#pesquisa
2017-11-28 01:00:00,EMENDA IMPOSITIVA N.º 22 AO PROJETO DE LEI N° 156/2017,"EMENDA IMPOSITIVA N° 22 AO PROJETO DE LEI N° 156/2017, QUE ESTIMA A RECEITA E FIXA A DESPESA DO MUNICÍPIO DE PINDAMONHANGABA PARA O EXERCÍCIO DE 2018.",Felipe César,https://www.pindamonhangaba.sp.leg.br/proposicoes/0/0/0/0/117101#pesquisa
2017-11-28 01:00:00,EMENDA IMPOSITIVA N.º 23 AO PROJETO DE LEI N° 156/2017,"EMENDA IMPOSITIVA N° 23 AO PROJETO DE LEI N° 156/2017, QUE ESTIMA A RECEITA E FIXA A DESPESA DO MUNICÍPIO DE PINDAMONHANGABA PARA O EXERCÍCIO DE 2018.",Gislene Cardoso,https://www.pindamonhangaba.sp.leg.br/proposicoes/0/0/0/0/117102#pesquisa
2017-11-28 01:00:00,EMENDA IMPOSITIVA N.º 24 AO PROJETO DE LEI N° 156/2017,"EMENDA IMPOSITIVA N° 24 AO PROJETO DE LEI N° 156/2017, QUE ESTIMA A RECEITA E FIXA A DESPESA DO MUNICÍPIO DE PINDAMONHANGABA PARA O EXERCÍCIO DE 2018.",Gislene Cardoso,https://www.pindamonhangaba.sp.leg.br/proposicoes/0/0/0/0/117103#pesquisa
2017-11-28 01:00:00,EMENDA IMPOSITIVA N.º 25 AO PROJETO DE LEI N° 156/2017,"EMENDA IMPOSITIVA N° 25 AO PROJETO DE LEI N° 156/2017, QUE ESTIMA A RECEITA E FIXA A DESPESA DO MUNICÍPIO DE PINDAMONHANGABA PARA O EXERCÍCIO DE 2018.",Gislene Cardoso,https://www.pindamonhangaba.sp.leg.br/proposicoes/0/0/0/0/117104#pesquisa
2017-11-28 01:00:00,EMENDA IMPOSITIVA N.º 26 AO PROJETO DE LEI N° 156/2017,"EMENDA IMPOSITIVA N° 26 AO PROJETO DE LEI N° 156/2017, QUE ESTIMA A RECEITA E FIXA A DESPESA DO MUNICÍPIO DE PINDAMONHANGABA PARA O EXERCÍCIO DE 2018.",Gislene Cardoso,https://www.pindamonhangaba.sp.leg.br/proposicoes/0/0/0/0/117105#pesquisa
2017-11-28 01:00:00,EMENDA IMPOSITIVA N.º 27 AO PROJETO DE LEI N° 156/2017,"EMENDA IMPOSITIVA N° 27 AO PROJETO DE LEI N° 156/2017, QUE ESTIMA A RECEITA E FIXA A DESPESA DO MUNICÍPIO DE PINDAMONHANGABA PARA O EXERCÍCIO DE 2018.",Gislene Cardoso,https://www.pindamonhangaba.sp.leg.br/proposicoes/0/0/0/0/117106#pesquisa
2017-11-28 01:00:00,EMENDA IMPOSITIVA N.º 28 AO PROJETO DE LEI N° 156/2017,"EMENDA IMPOSITIVA N° 28 AO PROJETO DE LEI N° 156/2017, QUE ESTIMA A RECEITA E FIXA A DESPESA DO MUNICÍPIO DE PINDAMONHANGABA PARA O EXERCÍCIO DE 2018.",Roderley Miotto Rodrigues,https://www.pindamonhangaba.sp.leg.br/proposicoes/0/0/0/0/117107#pesquisa
2017-11-28 01:00:00,EMENDA IMPOSITIVA N.º 29 AO PROJETO DE LEI N° 156/2017,"EMENDA IMPOSITIVA N° 29 AO PROJETO DE LEI N° 156/2017, QUE ESTIMA A RECEITA E FIXA A DESPESA DO MUNICÍPIO DE PINDAMONHANGABA PARA O EXERCÍCIO DE 2018.",Roderley Miotto Rodrigues,https://www.pindamonhangaba.sp.leg.br/proposicoes/0/0/0/0/117108#pesquisa
2017-11-28 01:00:00,EMENDA IMPOSITIVA N.º 30 AO PROJETO DE LEI N° 156/2017,"EMENDA IMPOSITIVA N° 30 AO PROJETO DE LEI N° 156/2017, QUE ESTIMA A RECEITA E FIXA A DESPESA DO MUNICÍPIO DE PINDAMONHANGABA PARA O EXERCÍCIO DE 2018.",Roderley Miotto Rodrigues,https://www.pindamonhangaba.sp.leg.br/proposicoes/0/0/0/0/117109#pesquisa
2017-11-28 01:00:00,EMENDA IMPOSITIVA N.º 31 AO PROJETO DE LEI N° 156/2017,"EMENDA IMPOSITIVA N° 31 AO PROJETO DE LEI N° 156/2017, QUE ESTIMA A RECEITA E FIXA A DESPESA DO MUNICÍPIO DE PINDAMONHANGABA PARA O EXERCÍCIO DE 2018.",Roderley Miotto Rodrigues,https://www.pindamonhangaba.sp.leg.br/proposicoes/0/0/0/0/117110#pesquisa
2017-11-28 01:00:00,EMENDA IMPOSITIVA N.º 32 AO PROJETO DE LEI N° 156/2017,"EMENDA IMPOSITIVA N° 32 AO PROJETO DE LEI N° 156/2017, QUE ESTIMA A RECEITA E FIXA A DESPESA DO MUNICÍPIO DE PINDAMONHANGABA PARA O EXERCÍCIO DE 2018.",Roderley Miotto Rodrigues,https://www.pindamonhangaba.sp.leg.br/proposicoes/0/0/0/0/117111#pesquisa
2017-11-28 01:00:00,EMENDA IMPOSITIVA N.º 33 AO PROJETO DE LEI N° 156/2017,"EMENDA IMPOSITIVA N° 33 AO PROJETO DE LEI N° 156/2017, QUE ESTIMA A RECEITA E FIXA A DESPESA DO MUNICÍPIO DE PINDAMONHANGABA PARA O EXERCÍCIO DE 2018.",Roderley Miotto Rodrigues,https://www.pindamonhangaba.sp.leg.br/proposicoes/0/0/0/0/117112#pesquisa
2017-11-28 01:00:00,EMENDA IMPOSITIVA N.º 34 AO PROJETO DE LEI N° 156/2017,"EMENDA IMPOSITIVA N° 34 AO PROJETO DE LEI N° 156/2017, QUE ESTIMA A RECEITA E FIXA A DESPESA DO MUNICÍPIO DE PINDAMONHANGABA PARA O EXERCÍCIO DE 2018.",Roderley Miotto Rodrigues,https://www.pindamonhangaba.sp.leg.br/proposicoes/0/0/0/0/117113#pesquisa
2017-11-28 01:00:00,EMENDA IMPOSITIVA N.º 35 AO PROJETO DE LEI N° 156/2017,"EMENDA IMPOSITIVA N° 35 AO PROJETO DE LEI N° 156/2017, QUE ESTIMA A RECEITA E FIXA A DESPESA DO MUNICÍPIO DE PINDAMONHANGABA PARA O EXERCÍCIO DE 2018.",Roderley Miotto Rodrigues,https://www.pindamonhangaba.sp.leg.br/proposicoes/0/0/0/0/117114#pesquisa
2017-11-28 01:00:00,EMENDA IMPOSITIVA N.º 36 AO PROJETO DE LEI N° 156/2017,"EMENDA IMPOSITIVA N° 36 AO PROJETO DE LEI N° 156/2017, QUE ESTIMA A RECEITA E FIXA A DESPESA DO MUNICÍPIO DE PINDAMONHANGABA PARA O EXERCÍCIO DE 2018.",Jorge Pereira Alves,https://www.pindamonhangaba.sp.leg.br/proposicoes/0/0/0/0/117115#pesquisa
2017-11-28 01:00:00,EMENDA IMPOSITIVA N.º 37 AO PROJETO DE LEI N° 156/2017,"EMENDA IMPOSITIVA N° 37 AO PROJETO DE LEI N° 156/2017, QUE ESTIMA A RECEITA E FIXA A DESPESA DO MUNICÍPIO DE PINDAMONHANGABA PARA O EXERCÍCIO DE 2018.",Jorge Pereira Alves,https://www.pindamonhangaba.sp.leg.br/proposicoes/0/0/0/0/117116#pesquisa
2017-11-28 01:00:00,EMENDA IMPOSITIVA N.º 38 AO PROJETO DE LEI N° 156/2017,"EMENDA IMPOSITIVA N° 38 AO PROJETO DE LEI N° 156/2017, QUE ESTIMA A RECEITA E FIXA A DESPESA DO MUNICÍPIO DE PINDAMONHANGABA PARA O EXERCÍCIO DE 2018.",Carlos Moura - Magrão,https://www.pindamonhangaba.sp.leg.br/proposicoes/0/0/0/0/117117#pesquisa
2017-11-28 01:00:00,EMENDA IMPOSITIVA N.º 39 AO PROJETO DE LEI N° 156/2017,"EMENDA IMPOSITIVA N° 39 AO PROJETO DE LEI N° 156/2017, QUE ESTIMA A RECEITA E FIXA A DESPESA DO MUNICÍPIO DE PINDAMONHANGABA PARA O EXERCÍCIO DE 2018.",Osvaldo Macedo Negrão,https://www.pindamonhangaba.sp.leg.br/proposicoes/0/0/0/0/117118#pesquisa
2017-11-28 01:00:00,EMENDA IMPOSITIVA N.º 40 AO PROJETO DE LEI N° 156/2017,"EMENDA IMPOSITIVA N° 40 AO PROJETO DE LEI N° 156/2017, QUE ESTIMA A RECEITA E FIXA A DESPESA DO MUNICÍPIO DE PINDAMONHANGABA PARA O EXERCÍCIO DE 2018.",Osvaldo Macedo Negrão,https://www.pindamonhangaba.sp.leg.br/proposicoes/0/0/0/0/117119#pesquisa
2017-11-28 01:00:00,EMENDA IMPOSITIVA N.º 41 AO PROJETO DE LEI N° 156/2017,"EMENDA IMPOSITIVA N° 41 AO PROJETO DE LEI N° 156/2017, QUE ESTIMA A RECEITA E FIXA A DESPESA DO MUNICÍPIO DE PINDAMONHANGABA PARA O EXERCÍCIO DE 2018.",Osvaldo Macedo Negrão,https://www.pindamonhangaba.sp.leg.br/proposicoes/0/0/0/0/117120#pesquisa
2017-11-28 01:00:00,EMENDA IMPOSITIVA N.º 42 AO PROJETO DE LEI N° 156/2017,"EMENDA IMPOSITIVA N° 42 AO PROJETO DE LEI N° 156/2017, QUE ESTIMA A RECEITA E FIXA A DESPESA DO MUNICÍPIO DE PINDAMONHANGABA PARA O EXERCÍCIO DE 2018.",Ronaldo Pinto De Andrade,https://www.pindamonhangaba.sp.leg.br/proposicoes/0/0/0/0/117121#pesquisa
2017-11-28 01:00:00,EMENDA IMPOSITIVA N.º 43 AO PROJETO DE LEI N° 156/2017,"EMENDA IMPOSITIVA N° 43 AO PROJETO DE LEI N° 156/2017, QUE ESTIMA A RECEITA E FIXA A DESPESA DO MUNICÍPIO DE PINDAMONHANGABA PARA O EXERCÍCIO DE 2018.",Rafael Goffi Moreira,https://www.pindamonhangaba.sp.leg.br/proposicoes/0/0/0/0/117122#pesquisa
2017-11-28 01:00:00,EMENDA IMPOSITIVA N.º 44 AO PROJETO DE LEI N° 156/2017,"EMENDA IMPOSITIVA N° 44 AO PROJETO DE LEI N° 156/2017, QUE ESTIMA A RECEITA E FIXA A DESPESA DO MUNICÍPIO DE PINDAMONHANGABA PARA O EXERCÍCIO DE 2018.",Rafael Goffi Moreira,https://www.pindamonhangaba.sp.leg.br/proposicoes/0/0/0/0/117123#pesquisa
2017-11-28 01:00:00,EMENDA IMPOSITIVA N.º 45 AO PROJETO DE LEI N° 156/2017,"EMENDA IMPOSITIVA N° 45 AO PROJETO DE LEI N° 156/2017, QUE ESTIMA A RECEITA E FIXA A DESPESA DO MUNICÍPIO DE PINDAMONHANGABA PARA O EXERCÍCIO DE 2018.",Gislene Cardoso,https://www.pindamonhangaba.sp.leg.br/proposicoes/0/0/0/0/117124#pesquisa
2017-11-28 01:00:00,EMENDA IMPOSITIVA N.º 46 AO PROJETO DE LEI N° 156/2017,"EMENDA IMPOSITIVA N° 46 AO PROJETO DE LEI N° 156/2017, QUE ESTIMA A RECEITA E FIXA A DESPESA DO MUNICÍPIO DE PINDAMONHANGABA PARA O EXERCÍCIO DE 2018.",Roderley Miotto Rodrigues,https://www.pindamonhangaba.sp.leg.br/proposicoes/0/0/0/0/117125#pesquisa
2017-11-28 01:00:00,EMENDA IMPOSITIVA N.º 47 AO PROJETO DE LEI N° 156/2017,"EMENDA IMPOSITIVA N° 47 AO PROJETO DE LEI N° 156/2017, QUE ESTIMA A RECEITA E FIXA A DESPESA DO MUNICÍPIO DE PINDAMONHANGABA PARA O EXERCÍCIO DE 2018.",Roderley Miotto Rodrigues,https://www.pindamonhangaba.sp.leg.br/proposicoes/0/0/0/0/117126#pesquisa
2017-11-28 01:00:00,EMENDA IMPOSITIVA N.º 48 AO PROJETO DE LEI N° 156/2017,"EMENDA IMPOSITIVA N° 48 AO PROJETO DE LEI N° 156/2017, QUE ESTIMA A RECEITA E FIXA A DESPESA DO MUNICÍPIO DE PINDAMONHANGABA PARA O EXERCÍCIO DE 2018.",Roderley Miotto Rodrigues,https://www.pindamonhangaba.sp.leg.br/proposicoes/0/0/0/0/117127#pesquisa
2017-11-28 01:00:00,EMENDA IMPOSITIVA N.º 49 AO PROJETO DE LEI N° 156/2017,"EMENDA IMPOSITIVA N° 49 AO PROJETO DE LEI N° 156/2017, QUE ESTIMA A RECEITA E FIXA A DESPESA DO MUNICÍPIO DE PINDAMONHANGABA PARA O EXERCÍCIO DE 2018.",Roderley Miotto Rodrigues,https://www.pindamonhangaba.sp.leg.br/proposicoes/0/0/0/0/117128#pesquisa
2017-11-28 01:00:00,EMENDA IMPOSITIVA N.º 50 AO PROJETO DE LEI N° 156/2017,"EMENDA IMPOSITIVA N° 50 AO PROJETO DE LEI N° 156/2017, QUE ESTIMA A RECEITA E FIXA A DESPESA DO MUNICÍPIO DE PINDAMONHANGABA PARA O EXERCÍCIO DE 2018.",Rafael Goffi Moreira,https://www.pindamonhangaba.sp.leg.br/proposicoes/0/0/0/0/117129#pesquisa
2017-11-28 01:00:00,EMENDA IMPOSITIVA N.º 51 AO PROJETO DE LEI N° 156/2017,"EMENDA IMPOSITIVA N° 51 AO PROJETO DE LEI N° 156/2017, QUE ESTIMA A RECEITA E FIXA A DESPESA DO MUNICÍPIO DE PINDAMONHANGABA PARA O EXERCÍCIO DE 2018.",Rafael Goffi Moreira,https://www.pindamonhangaba.sp.leg.br/proposicoes/0/0/0/0/117130#pesquisa
2017-11-28 01:00:00,EMENDA IMPOSITIVA N.º 52 AO PROJETO DE LEI N° 156/2017,"EMENDA IMPOSITIVA N° 52 AO PROJETO DE LEI N° 156/2017, QUE ESTIMA A RECEITA E FIXA A DESPESA DO MUNICÍPIO DE PINDAMONHANGABA PARA O EXERCÍCIO DE 2018.",Rafael Goffi Moreira,https://www.pindamonhangaba.sp.leg.br/proposicoes/0/0/0/0/117131#pesquisa
2017-11-28 01:00:00,EMENDA IMPOSITIVA N.º 53 AO PROJETO DE LEI N° 156/2017,"EMENDA IMPOSITIVA N° 53 AO PROJETO DE LEI N° 156/2017, QUE ESTIMA A RECEITA E FIXA A DESPESA DO MUNICÍPIO DE PINDAMONHANGABA PARA O EXERCÍCIO DE 2018.",Rafael Goffi Moreira,https://www.pindamonhangaba.sp.leg.br/proposicoes/0/0/0/0/117132#pesquisa
2017-11-28 01:00:00,EMENDA IMPOSITIVA N.º 54 AO PROJETO DE LEI N° 156/2017,"EMENDA IMPOSITIVA N° 54 AO PROJETO DE LEI N° 156/2017, QUE ESTIMA A RECEITA E FIXA A DESPESA DO MUNICÍPIO DE PINDAMONHANGABA PARA O EXERCÍCIO DE 2018.",Rafael Goffi Moreira,https://www.pindamonhangaba.sp.leg.br/proposicoes/0/0/0/0/117133#pesquisa
2017-11-28 01:00:00,EMENDA IMPOSITIVA N.º 55 AO PROJETO DE LEI N° 156/2017,"EMENDA IMPOSITIVA N° 55 AO PROJETO DE LEI N° 156/2017, QUE ESTIMA A RECEITA E FIXA A DESPESA DO MUNICÍPIO DE PINDAMONHANGABA PARA O EXERCÍCIO DE 2018.",Rafael Goffi Moreira,https://www.pindamonhangaba.sp.leg.br/proposicoes/0/0/0/0/117134#pesquisa
2017-11-28 01:00:00,EMENDA IMPOSITIVA N.º 56 AO PROJETO DE LEI N° 156/2017,"EMENDA IMPOSITIVA N° 56 AO PROJETO DE LEI N° 156/2017, QUE ESTIMA A RECEITA E FIXA A DESPESA DO MUNICÍPIO DE PINDAMONHANGABA PARA O EXERCÍCIO DE 2018.",Rafael Goffi Moreira,https://www.pindamonhangaba.sp.leg.br/proposicoes/0/0/0/0/117135#pesquisa
2017-11-28 01:00:00,EMENDA IMPOSITIVA N.º 57 AO PROJETO DE LEI N° 156/2017,"EMENDA IMPOSITIVA N° 57 AO PROJETO DE LEI N° 156/2017, QUE ESTIMA A RECEITA E FIXA A DESPESA DO MUNICÍPIO DE PINDAMONHANGABA PARA O EXERCÍCIO DE 2018.",Rafael Goffi Moreira,https://www.pindamonhangaba.sp.leg.br/proposicoes/0/0/0/0/117136#pesquisa
2017-11-28 01:00:00,EMENDA MODIFICATIVA N.º 58 AO PROJETO DE LEI N° 156/2017,"EMENDA N° 01 AO PROJETO DE LEI N° 156/2017, QUE ESTIMA A RECEITA E FIXA A DESPESA DO MUNICÍPIO DE PINDAMONHANGABA PARA O EXERCÍCIO DE 2018.",Rafael Goffi Moreira,https://www.pindamonhangaba.sp.leg.br/proposicoes/0/0/0/0/117137#pesquisa
2017-11-23 00:00:00,EMENDA N.º 55 AO PROJETO DE LEI N° 156/2017,"EMENDA IMPOSITIVA N° 50 AO PROJETO DE LEI N° 156/2017, QUE ESTIMA A RECEITA E FIXA A DESPESA DO MUNICÍPIO DE PINDAMONHANGABA PARA O EXERCÍCIO DE 2018.",Rafael Goffi Moreira,https://www.pindamonhangaba.sp.leg.br/proposicoes/0/0/0/0/150#pesquisa
2017-11-23 00:00:00,EMENDA N.º 56 AO PROJETO DE LEI N° 156/2017,"EMENDA IMPOSITIVA N° 51 AO PROJETO DE LEI N° 156/2017, QUE ESTIMA A RECEITA E FIXA A DESPESA DO MUNICÍPIO DE PINDAMONHANGABA PARA O EXERCÍCIO DE 2018.",Rafael Goffi Moreira,https://www.pindamonhangaba.sp.leg.br/proposicoes/0/0/0/0/151#pesquisa
2017-11-23 00:00:00,EMENDA N.º 57 AO PROJETO DE LEI N° 156/2017,"EMENDA IMPOSITIVA N° 52 AO PROJETO DE LEI N° 156/2017, QUE ESTIMA A RECEITA E FIXA A DESPESA DO MUNICÍPIO DE PINDAMONHANGABA PARA O EXERCÍCIO DE 2018.",Rafael Goffi Moreira,https://www.pindamonhangaba.sp.leg.br/proposicoes/0/0/0/0/152#pesquisa
2017-11-23 00:00:00,EMENDA N.º 58 AO PROJETO DE LEI N° 156/2017,"EMENDA IMPOSITIVA N° 53 AO PROJETO DE LEI N° 156/2017, QUE ESTIMA A RECEITA E FIXA A DESPESA DO MUNICÍPIO DE PINDAMONHANGABA PARA O EXERCÍCIO DE 2018.",Rafael Goffi Moreira,https://www.pindamonhangaba.sp.leg.br/proposicoes/0/0/0/0/153#pesquisa
2017-11-23 00:00:00,EMENDA N.º 59 AO PROJETO DE LEI N° 156/2017,"EMENDA IMPOSITIVA N° 54 AO PROJETO DE LEI N° 156/2017, QUE ESTIMA A RECEITA E FIXA A DESPESA DO MUNICÍPIO DE PINDAMONHANGABA PARA O EXERCÍCIO DE 2018.",Rafael Goffi Moreira,https://www.pindamonhangaba.sp.leg.br/proposicoes/0/0/0/0/154#pesquisa
2017-11-23 00:00:00,EMENDA N.º 60 AO PROJETO DE LEI N° 156/2017,"EMENDA IMPOSITIVA N° 55 AO PROJETO DE LEI N° 156/2017, QUE ESTIMA A RECEITA E FIXA A DESPESA DO MUNICÍPIO DE PINDAMONHANGABA PARA O EXERCÍCIO DE 2018.",Rafael Goffi Moreira,https://www.pindamonhangaba.sp.leg.br/proposicoes/0/0/0/0/155#pesquisa
2017-11-23 00:00:00,EMENDA N.º 61 AO PROJETO DE LEI N° 156/2017,"EMENDA IMPOSITIVA N° 56 AO PROJETO DE LEI N° 156/2017, QUE ESTIMA A RECEITA E FIXA A DESPESA DO MUNICÍPIO DE PINDAMONHANGABA PARA O EXERCÍCIO DE 2018.",Rafael Goffi Moreira,https://www.pindamonhangaba.sp.leg.br/proposicoes/0/0/0/0/156#pesquisa
2017-11-23 00:00:00,EMENDA N.º 62 AO PROJETO DE LEI N° 156/2017,"EMENDA IMPOSITIVA N° 57 AO PROJETO DE LEI N° 156/2017, QUE ESTIMA A RECEITA E FIXA A DESPESA DO MUNICÍPIO DE PINDAMONHANGABA PARA O EXERCÍCIO DE 2018.",Rafael Goffi Moreira,https://www.pindamonhangaba.sp.leg.br/proposicoes/0/0/0/0/157#pesquisa
2017-11-23 00:00:00,EMENDA N.º 63 AO PROJETO DE LEI N° 156/2017,"EMENDA N° 01 AO PROJETO DE LEI N° 156/2017, QUE ESTIMA A RECEITA E FIXA A DESPESA DO MUNICÍPIO DE PINDAMONHANGABA PARA O EXERCÍCIO DE 2018.",Rafael Goffi Moreira,https://www.pindamonhangaba.sp.leg.br/proposicoes/0/0/0/0/158#pesquisa
2017-11-21 00:00:00,EMENDA N.º 51 AO PROJETO DE LEI N° 156/2017,"EMENDA IMPOSITIVA N° 46 AO PROJETO DE LEI N° 156/2017, QUE ESTIMA A RECEITA E FIXA A DESPESA DO MUNICÍPIO DE PINDAMONHANGABA PARA O EXERCÍCIO DE 2018.",Roderley Miotto Rodrigues,https://www.pindamonhangaba.sp.leg.br/proposicoes/0/0/0/0/146#pesquisa
2017-11-21 00:00:00,EMENDA N.º 52 AO PROJETO DE LEI N° 156/2017,"EMENDA IMPOSITIVA N° 47 AO PROJETO DE LEI N° 156/2017, QUE ESTIMA A RECEITA E FIXA A DESPESA DO MUNICÍPIO DE PINDAMONHANGABA PARA O EXERCÍCIO DE 2018.",Roderley Miotto Rodrigues,https://www.pindamonhangaba.sp.leg.br/proposicoes/0/0/0/0/147#pesquisa
2017-11-21 00:00:00,EMENDA N.º 53 AO PROJETO DE LEI N° 156/2017,"EMENDA IMPOSITIVA N° 48 AO PROJETO DE LEI N° 156/2017, QUE ESTIMA A RECEITA E FIXA A DESPESA DO MUNICÍPIO DE PINDAMONHANGABA PARA O EXERCÍCIO DE 2018.",Roderley Miotto Rodrigues,https://www.pindamonhangaba.sp.leg.br/proposicoes/0/0/0/0/148#pesquisa
2017-11-21 00:00:00,EMENDA N.º 54 AO PROJETO DE LEI N° 156/2017,"EMENDA IMPOSITIVA N° 49 AO PROJETO DE LEI N° 156/2017, QUE ESTIMA A RECEITA E FIXA A DESPESA DO MUNICÍPIO DE PINDAMONHANGABA PARA O EXERCÍCIO DE 2018.",Roderley Miotto Rodrigues,https://www.pindamonhangaba.sp.leg.br/proposicoes/0/0/0/0/149#pesquisa
2017-11-20 00:00:00,EMENDA N.º 6 AO PROJETO DE LEI N° 156/2017,"EMENDA IMPOSITIVA N° 01 AO PROJETO DE LEI N° 156/2017, QUE ESTIMA A RECEITA E FIXA A DESPESA DO MUNICÍPIO DE PINDAMONHANGABA PARA O EXERCÍCIO DE 2018.",Antônio Alves Da Silva,https://www.pindamonhangaba.sp.leg.br/proposicoes/0/0/0/0/101#pesquisa
2017-11-20 00:00:00,EMENDA N.º 7 AO PROJETO DE LEI N° 156/2017,"EMENDA IMPOSITIVA N° 02 AO PROJETO DE LEI N° 156/2017, QUE ESTIMA A RECEITA E FIXA A DESPESA DO MUNICÍPIO DE PINDAMONHANGABA PARA O EXERCÍCIO DE 2018.",Ronaldo Pinto De Andrade,https://www.pindamonhangaba.sp.leg.br/proposicoes/0/0/0/0/102#pesquisa
2017-11-20 00:00:00,EMENDA N.º 8 AO PROJETO DE LEI N° 156/2017,"EMENDA IMPOSITIVA N° 03 AO PROJETO DE LEI N° 156/2017, QUE ESTIMA A RECEITA E FIXA A DESPESA DO MUNICÍPIO DE PINDAMONHANGABA PARA O EXERCÍCIO DE 2018.",Ronaldo Pinto De Andrade,https://www.pindamonhangaba.sp.leg.br/proposicoes/0/0/0/0/103#pesquisa
2017-11-20 00:00:00,EMENDA N.º 9 AO PROJETO DE LEI N° 156/2017,"EMENDA IMPOSITIVA N° 04 AO PROJETO DE LEI N° 156/2017, QUE ESTIMA A RECEITA E FIXA A DESPESA DO MUNICÍPIO DE PINDAMONHANGABA PARA O EXERCÍCIO DE 2018.",Carlos Moura - Magrão,https://www.pindamonhangaba.sp.leg.br/proposicoes/0/0/0/0/104#pesquisa
2017-11-20 00:00:00,EMENDA N.º 10 AO PROJETO DE LEI N° 156/2017,"EMENDA IMPOSITIVA N° 05 AO PROJETO DE LEI N° 156/2017, QUE ESTIMA A RECEITA E FIXA A DESPESA DO MUNICÍPIO DE PINDAMONHANGABA PARA O EXERCÍCIO DE 2018.",Rafael Goffi Moreira,https://www.pindamonhangaba.sp.leg.br/proposicoes/0/0/0/0/105#pesquisa
2017-11-20 00:00:00,EMENDA N.º 11 AO PROJETO DE LEI N° 156/2017,"EMENDA IMPOSITIVA N° 06 AO PROJETO DE LEI N° 156/2017, QUE ESTIMA A RECEITA E FIXA A DESPESA DO MUNICÍPIO DE PINDAMONHANGABA PARA O EXERCÍCIO DE 2018.",Rafael Goffi Moreira,https://www.pindamonhangaba.sp.leg.br/proposicoes/0/0/0/0/106#pesquisa
2017-11-20 00:00:00,EMENDA N.º 12 AO PROJETO DE LEI N° 156/2017,"EMENDA IMPOSITIVA N° 07 AO PROJETO DE LEI N° 156/2017, QUE ESTIMA A RECEITA E FIXA A DESPESA DO MUNICÍPIO DE PINDAMONHANGABA PARA O EXERCÍCIO DE 2018.",Rafael Goffi Moreira,https://www.pindamonhangaba.sp.leg.br/proposicoes/0/0/0/0/107#pesquisa
2017-11-20 00:00:00,EMENDA N.º 13 AO PROJETO DE LEI N° 156/2017,"EMENDA IMPOSITIVA N° 08 AO PROJETO DE LEI N° 156/2017, QUE ESTIMA A RECEITA E FIXA A DESPESA DO MUNICÍPIO DE PINDAMONHANGABA PARA O EXERCÍCIO DE 2018.",Rafael Goffi Moreira,https://www.pindamonhangaba.sp.leg.br/proposicoes/0/0/0/0/108#pesquisa
2017-11-20 00:00:00,EMENDA N.º 14 AO PROJETO DE LEI N° 156/2017,"EMENDA IMPOSITIVA N° 09 AO PROJETO DE LEI N° 156/2017, QUE ESTIMA A RECEITA E FIXA A DESPESA DO MUNICÍPIO DE PINDAMONHANGABA PARA O EXERCÍCIO DE 2018.",Rafael Goffi Moreira,https://www.pindamonhangaba.sp.leg.br/proposicoes/0/0/0/0/109#pesquisa
2017-11-20 00:00:00,EMENDA N.º 15 AO PROJETO DE LEI N° 156/2017,"EMENDA IMPOSITIVA N° 10 AO PROJETO DE LEI N° 156/2017, QUE ESTIMA A RECEITA E FIXA A DESPESA DO MUNICÍPIO DE PINDAMONHANGABA PARA O EXERCÍCIO DE 2018.",Rafael Goffi Moreira,https://www.pindamonhangaba.sp.leg.br/proposicoes/0/0/0/0/110#pesquisa
2017-11-20 00:00:00,EMENDA N.º 16 AO PROJETO DE LEI N° 156/2017,"EMENDA IMPOSITIVA N° 11 AO PROJETO DE LEI N° 156/2017, QUE ESTIMA A RECEITA E FIXA A DESPESA DO MUNICÍPIO DE PINDAMONHANGABA PARA O EXERCÍCIO DE 2018.",Renato Cebola,https://www.pindamonhangaba.sp.leg.br/proposicoes/0/0/0/0/111#pesquisa
2017-11-20 00:00:00,EMENDA N.º 17 AO PROJETO DE LEI N° 156/2017,"EMENDA IMPOSITIVA N° 12 AO PROJETO DE LEI N° 156/2017, QUE ESTIMA A RECEITA E FIXA A DESPESA DO MUNICÍPIO DE PINDAMONHANGABA PARA O EXERCÍCIO DE 2018.",Renato Cebola,https://www.pindamonhangaba.sp.leg.br/proposicoes/0/0/0/0/112#pesquisa
2017-11-20 00:00:00,EMENDA N.º 18 AO PROJETO DE LEI N° 156/2017,"EMENDA IMPOSITIVA N° 13 AO PROJETO DE LEI N° 156/2017, QUE ESTIMA A RECEITA E FIXA A DESPESA DO MUNICÍPIO DE PINDAMONHANGABA PARA O EXERCÍCIO DE 2018.",Renato Cebola,https://www.pindamonhangaba.sp.leg.br/proposicoes/0/0/0/0/113#pesquisa
2017-11-20 00:00:00,EMENDA N.º 19 AO PROJETO DE LEI N° 156/2017,"EMENDA IMPOSITIVA N° 14 AO PROJETO DE LEI N° 156/2017, QUE ESTIMA A RECEITA E FIXA A DESPESA DO MUNICÍPIO DE PINDAMONHANGABA PARA O EXERCÍCIO DE 2018.",Renato Cebola,https://www.pindamonhangaba.sp.leg.br/proposicoes/0/0/0/0/114#pesquisa
2017-11-20 00:00:00,EMENDA N.º 20 AO PROJETO DE LEI N° 156/2017,"EMENDA IMPOSITIVA N° 15 AO PROJETO DE LEI N° 156/2017, QUE ESTIMA A RECEITA E FIXA A DESPESA DO MUNICÍPIO DE PINDAMONHANGABA PARA O EXERCÍCIO DE 2018.",Renato Cebola,https://www.pindamonhangaba.sp.leg.br/proposicoes/0/0/0/0/115#pesquisa
2017-11-20 00:00:00,EMENDA N.º 21 AO PROJETO DE LEI N° 156/2017,"EMENDA IMPOSITIVA N° 16 AO PROJETO DE LEI N° 156/2017, QUE ESTIMA A RECEITA E FIXA A DESPESA DO MUNICÍPIO DE PINDAMONHANGABA PARA O EXERCÍCIO DE 2018.",Renato Cebola,https://www.pindamonhangaba.sp.leg.br/proposicoes/0/0/0/0/116#pesquisa
2017-11-20 00:00:00,EMENDA N.º 22 AO PROJETO DE LEI N° 156/2017,"EMENDA IMPOSITIVA N° 17 AO PROJETO DE LEI N° 156/2017, QUE ESTIMA A RECEITA E FIXA A DESPESA DO MUNICÍPIO DE PINDAMONHANGABA PARA O EXERCÍCIO DE 2018.",Renato Cebola,https://www.pindamonhangaba.sp.leg.br/proposicoes/0/0/0/0/117#pesquisa
2017-11-20 00:00:00,EMENDA N.º 23 AO PROJETO DE LEI N° 156/2017,"EMENDA IMPOSITIVA N° 18 AO PROJETO DE LEI N° 156/2017, QUE ESTIMA A RECEITA E FIXA A DESPESA DO MUNICÍPIO DE PINDAMONHANGABA PARA O EXERCÍCIO DE 2018.",Renato Cebola,https://www.pindamonhangaba.sp.leg.br/proposicoes/0/0/0/0/118#pesquisa
2017-11-20 00:00:00,EMENDA N.º 24 AO PROJETO DE LEI N° 156/2017,"EMENDA IMPOSITIVA N° 19 AO PROJETO DE LEI N° 156/2017, QUE ESTIMA A RECEITA E FIXA A DESPESA DO MUNICÍPIO DE PINDAMONHANGABA PARA O EXERCÍCIO DE 2018.",Renato Cebola,https://www.pindamonhangaba.sp.leg.br/proposicoes/0/0/0/0/119#pesquisa
2017-11-20 00:00:00,EMENDA N.º 25 AO PROJETO DE LEI N° 156/2017,"EMENDA IMPOSITIVA N° 20 AO PROJETO DE LEI N° 156/2017, QUE ESTIMA A RECEITA E FIXA A DESPESA DO MUNICÍPIO DE PINDAMONHANGABA PARA O EXERCÍCIO DE 2018.",Janio Ardito Lerario,https://www.pindamonhangaba.sp.leg.br/proposicoes/0/0/0/0/120#pesquisa
2017-11-20 00:00:00,EMENDA N.º 26 AO PROJETO DE LEI N° 156/2017,"EMENDA IMPOSITIVA N° 21 AO PROJETO DE LEI N° 156/2017, QUE ESTIMA A RECEITA E FIXA A DESPESA DO MUNICÍPIO DE PINDAMONHANGABA PARA O EXERCÍCIO DE 2018.",Felipe César,https://www.pindamonhangaba.sp.leg.br/proposicoes/0/0/0/0/121#pesquisa
2017-11-20 00:00:00,EMENDA N.º 27 AO PROJETO DE LEI N° 156/2017,"EMENDA IMPOSITIVA N° 22 AO PROJETO DE LEI N° 156/2017, QUE ESTIMA A RECEITA E FIXA A DESPESA DO MUNICÍPIO DE PINDAMONHANGABA PARA O EXERCÍCIO DE 2018.",Felipe César,https://www.pindamonhangaba.sp.leg.br/proposicoes/0/0/0/0/122#pesquisa
2017-11-20 00:00:00,EMENDA N.º 28 AO PROJETO DE LEI N° 156/2017,"EMENDA IMPOSITIVA N° 23 AO PROJETO DE LEI N° 156/2017, QUE ESTIMA A RECEITA E FIXA A DESPESA DO MUNICÍPIO DE PINDAMONHANGABA PARA O EXERCÍCIO DE 2018.",Gislene Cardoso,https://www.pindamonhangaba.sp.leg.br/proposicoes/0/0/0/0/123#pesquisa
2017-11-20 00:00:00,EMENDA N.º 29 AO PROJETO DE LEI N° 156/2017,"EMENDA IMPOSITIVA N° 24 AO PROJETO DE LEI N° 156/2017, QUE ESTIMA A RECEITA E FIXA A DESPESA DO MUNICÍPIO DE PINDAMONHANGABA PARA O EXERCÍCIO DE 2018.",Gislene Cardoso,https://www.pindamonhangaba.sp.leg.br/proposicoes/0/0/0/0/124#pesquisa
2017-11-20 00:00:00,EMENDA N.º 30 AO PROJETO DE LEI N° 156/2017,"EMENDA IMPOSITIVA N° 25 AO PROJETO DE LEI N° 156/2017, QUE ESTIMA A RECEITA E FIXA A DESPESA DO MUNICÍPIO DE PINDAMONHANGABA PARA O EXERCÍCIO DE 2018.",Gislene Cardoso,https://www.pindamonhangaba.sp.leg.br/proposicoes/0/0/0/0/125#pesquisa
2017-11-20 00:00:00,EMENDA N.º 31 AO PROJETO DE LEI N° 156/2017,"EMENDA IMPOSITIVA N° 26 AO PROJETO DE LEI N° 156/2017, QUE ESTIMA A RECEITA E FIXA A DESPESA DO MUNICÍPIO DE PINDAMONHANGABA PARA O EXERCÍCIO DE 2018.",Gislene Cardoso,https://www.pindamonhangaba.sp.leg.br/proposicoes/0/0/0/0/126#pesquisa
2017-11-20 00:00:00,EMENDA N.º 32 AO PROJETO DE LEI N° 156/2017,"EMENDA IMPOSITIVA N° 27 AO PROJETO DE LEI N° 156/2017, QUE ESTIMA A RECEITA E FIXA A DESPESA DO MUNICÍPIO DE PINDAMONHANGABA PARA O EXERCÍCIO DE 2018.",Gislene Cardoso,https://www.pindamonhangaba.sp.leg.br/proposicoes/0/0/0/0/127#pesquisa
2017-11-20 00:00:00,EMENDA N.º 33 AO PROJETO DE LEI N° 156/2017,"EMENDA IMPOSITIVA N° 28 AO PROJETO DE LEI N° 156/2017, QUE ESTIMA A RECEITA E FIXA A DESPESA DO MUNICÍPIO DE PINDAMONHANGABA PARA O EXERCÍCIO DE 2018.",Roderley Miotto Rodrigues,https://www.pindamonhangaba.sp.leg.br/proposicoes/0/0/0/0/128#pesquisa
2017-11-20 00:00:00,EMENDA N.º 34 AO PROJETO DE LEI N° 156/2017,"EMENDA IMPOSITIVA N° 29 AO PROJETO DE LEI N° 156/2017, QUE ESTIMA A RECEITA E FIXA A DESPESA DO MUNICÍPIO DE PINDAMONHANGABA PARA O EXERCÍCIO DE 2018.",Roderley Miotto Rodrigues,https://www.pindamonhangaba.sp.leg.br/proposicoes/0/0/0/0/129#pesquisa
2017-11-20 00:00:00,EMENDA N.º 35 AO PROJETO DE LEI N° 156/2017,"EMENDA IMPOSITIVA N° 30 AO PROJETO DE LEI N° 156/2017, QUE ESTIMA A RECEITA E FIXA A DESPESA DO MUNICÍPIO DE PINDAMONHANGABA PARA O EXERCÍCIO DE 2018.",Roderley Miotto Rodrigues,https://www.pindamonhangaba.sp.leg.br/proposicoes/0/0/0/0/130#pesquisa
2017-11-20 00:00:00,EMENDA N.º 36 AO PROJETO DE LEI N° 156/2017,"EMENDA IMPOSITIVA N° 31 AO PROJETO DE LEI N° 156/2017, QUE ESTIMA A RECEITA E FIXA A DESPESA DO MUNICÍPIO DE PINDAMONHANGABA PARA O EXERCÍCIO DE 2018.",Roderley Miotto Rodrigues,https://www.pindamonhangaba.sp.leg.br/proposicoes/0/0/0/0/131#pesquisa
2017-11-20 00:00:00,EMENDA N.º 37 AO PROJETO DE LEI N° 156/2017,"EMENDA IMPOSITIVA N° 32 AO PROJETO DE LEI N° 156/2017, QUE ESTIMA A RECEITA E FIXA A DESPESA DO MUNICÍPIO DE PINDAMONHANGABA PARA O EXERCÍCIO DE 2018.",Roderley Miotto Rodrigues,https://www.pindamonhangaba.sp.leg.br/proposicoes/0/0/0/0/132#pesquisa
2017-11-20 00:00:00,EMENDA N.º 38 AO PROJETO DE LEI N° 156/2017,"EMENDA IMPOSITIVA N° 33 AO PROJETO DE LEI N° 156/2017, QUE ESTIMA A RECEITA E FIXA A DESPESA DO MUNICÍPIO DE PINDAMONHANGABA PARA O EXERCÍCIO DE 2018.",Roderley Miotto Rodrigues,https://www.pindamonhangaba.sp.leg.br/proposicoes/0/0/0/0/133#pesquisa
2017-11-20 00:00:00,EMENDA N.º 39 AO PROJETO DE LEI N° 156/2017,"EMENDA IMPOSITIVA N° 34 AO PROJETO DE LEI N° 156/2017, QUE ESTIMA A RECEITA E FIXA A DESPESA DO MUNICÍPIO DE PINDAMONHANGABA PARA O EXERCÍCIO DE 2018.",Roderley Miotto Rodrigues,https://www.pindamonhangaba.sp.leg.br/proposicoes/0/0/0/0/134#pesquisa
2017-11-20 00:00:00,EMENDA N.º 40 AO PROJETO DE LEI N° 156/2017,"EMENDA IMPOSITIVA N° 35 AO PROJETO DE LEI N° 156/2017, QUE ESTIMA A RECEITA E FIXA A DESPESA DO MUNICÍPIO DE PINDAMONHANGABA PARA O EXERCÍCIO DE 2018.",Roderley Miotto Rodrigues,https://www.pindamonhangaba.sp.leg.br/proposicoes/0/0/0/0/135#pesquisa
2017-11-20 00:00:00,EMENDA N.º 41 AO PROJETO DE LEI N° 156/2017,"EMENDA IMPOSITIVA N° 36 AO PROJETO DE LEI N° 156/2017, QUE ESTIMA A RECEITA E FIXA A DESPESA DO MUNICÍPIO DE PINDAMONHANGABA PARA O EXERCÍCIO DE 2018.",Jorge Pereira Alves,https://www.pindamonhangaba.sp.leg.br/proposicoes/0/0/0/0/136#pesquisa
2017-11-20 00:00:00,EMENDA N.º 42 AO PROJETO DE LEI N° 156/2017,"EMENDA IMPOSITIVA N° 37 AO PROJETO DE LEI N° 156/2017, QUE ESTIMA A RECEITA E FIXA A DESPESA DO MUNICÍPIO DE PINDAMONHANGABA PARA O EXERCÍCIO DE 2018.",Jorge Pereira Alves,https://www.pindamonhangaba.sp.leg.br/proposicoes/0/0/0/0/137#pesquisa
2017-11-20 00:00:00,EMENDA N.º 43 AO PROJETO DE LEI N° 156/2017,"EMENDA IMPOSITIVA N° 38 AO PROJETO DE LEI N° 156/2017, QUE ESTIMA A RECEITA E FIXA A DESPESA DO MUNICÍPIO DE PINDAMONHANGABA PARA O EXERCÍCIO DE 2018.",Carlos Moura - Magrão,https://www.pindamonhangaba.sp.leg.br/proposicoes/0/0/0/0/138#pesquisa
2017-11-20 00:00:00,EMENDA N.º 44 AO PROJETO DE LEI N° 156/2017,"EMENDA IMPOSITIVA N° 39 AO PROJETO DE LEI N° 156/2017, QUE ESTIMA A RECEITA E FIXA A DESPESA DO MUNICÍPIO DE PINDAMONHANGABA PARA O EXERCÍCIO DE 2018.",Osvaldo Macedo Negrão,https://www.pindamonhangaba.sp.leg.br/proposicoes/0/0/0/0/139#pesquisa
2017-11-20 00:00:00,EMENDA N.º 45 AO PROJETO DE LEI N° 156/2017,"EMENDA IMPOSITIVA N° 40 AO PROJETO DE LEI N° 156/2017, QUE ESTIMA A RECEITA E FIXA A DESPESA DO MUNICÍPIO DE PINDAMONHANGABA PARA O EXERCÍCIO DE 2018.",Osvaldo Macedo Negrão,https://www.pindamonhangaba.sp.leg.br/proposicoes/0/0/0/0/140#pesquisa
2017-11-20 00:00:00,EMENDA N.º 46 AO PROJETO DE LEI N° 156/2017,"EMENDA IMPOSITIVA N° 41 AO PROJETO DE LEI N° 156/2017, QUE ESTIMA A RECEITA E FIXA A DESPESA DO MUNICÍPIO DE PINDAMONHANGABA PARA O EXERCÍCIO DE 2018.",Osvaldo Macedo Negrão,https://www.pindamonhangaba.sp.leg.br/proposicoes/0/0/0/0/141#pesquisa
2017-11-20 00:00:00,EMENDA N.º 47 AO PROJETO DE LEI N° 156/2017,"EMENDA IMPOSITIVA N° 42 AO PROJETO DE LEI N° 156/2017, QUE ESTIMA A RECEITA E FIXA A DESPESA DO MUNICÍPIO DE PINDAMONHANGABA PARA O EXERCÍCIO DE 2018.",Ronaldo Pinto De Andrade,https://www.pindamonhangaba.sp.leg.br/proposicoes/0/0/0/0/142#pesquisa
2017-11-20 00:00:00,EMENDA N.º 48 AO PROJETO DE LEI N° 156/2017,"EMENDA IMPOSITIVA N° 43 AO PROJETO DE LEI N° 156/2017, QUE ESTIMA A RECEITA E FIXA A DESPESA DO MUNICÍPIO DE PINDAMONHANGABA PARA O EXERCÍCIO DE 2018.",Rafael Goffi Moreira,https://www.pindamonhangaba.sp.leg.br/proposicoes/0/0/0/0/143#pesquisa
2017-11-20 00:00:00,EMENDA N.º 49 AO PROJETO DE LEI N° 156/2017,"EMENDA IMPOSITIVA N° 44 AO PROJETO DE LEI N° 156/2017, QUE ESTIMA A RECEITA E FIXA A DESPESA DO MUNICÍPIO DE PINDAMONHANGABA PARA O EXERCÍCIO DE 2018.",Rafael Goffi Moreira,https://www.pindamonhangaba.sp.leg.br/proposicoes/0/0/0/0/144#pesquisa
2017-11-20 00:00:00,EMENDA N.º 50 AO PROJETO DE LEI N° 156/2017,"EMENDA IMPOSITIVA N° 45 AO PROJETO DE LEI N° 156/2017, QUE ESTIMA A RECEITA E FIXA A DESPESA DO MUNICÍPIO DE PINDAMONHANGABA PARA O EXERCÍCIO DE 2018.",Gislene Cardoso,https://www.pindamonhangaba.sp.leg.br/proposicoes/0/0/0/0/145#pesquisa
2017-11-14 01:00:00,SUBSTITUTIVO Nº 1 AO PROJETO DE LEI N.º 139/2017,"SUBSTITUTIVO AO PROJETO DE LEI N° 139/2017, QUE DISPÕE SOBRE A NECESSIDADE DE IDENTIFICAÇÃO DOS VEÍCULOS MUNICIPAIS DO PODER EXECUTIVO E PODER LEGISLA",Ronaldo Pinto De Andrade,https://www.pindamonhangaba.sp.leg.br/proposicoes/0/0/0/0/118360#pesquisa
2017-11-13 01:00:00,SUBSTITUTIVO N.º 11 AO PROJETO DE LEI Nº 139/2017,SUBSTITUTIVO AO PROJETO DE LEI Nº 139/2017 QUE DISPÕE SOBRE A NECESSIDADE DE IDENTIFICAÇÃO DOS VEÍCULOS MUNICIPAIS DO PODER EXECUTIVO E PODER LEGISLATIVO.,Ronaldo Pinto De Andrade,https://www.pindamonhangaba.sp.leg.br/proposicoes/0/0/0/0/116626#pesquisa
2017-11-07 01:00:00,SUBSTITUTIVO Nº 1 AO PROJETO DE LEI N.º 052/2017,SUBSTITUTIVO AO PROJETO DE LEI N° 52/2017- INSTITUI O PROGRAMA CIDADE COM GRAMA E DÁ OUTRAS PROVIDÊNCIAS.,Rafael Goffi Moreira,https://www.pindamonhangaba.sp.leg.br/proposicoes/0/0/0/0/118351#pesquisa
2017-11-07 01:00:00,EMENDA MODIFICATIVA N.º 1 AO PROJETO DE LEI N° 117/2017,"EMENDA MODIFICATIVA AO SUBSTITUTIVO N° 06/2017, REFERENTE AO PROJETO DE LEI N° 117/2017, QUE DISPÕE SOBRE A OBRIGATORIEDADE DAS EMPRESAS DE TELEFONIA, TV A CABO E DEMAIS PRESTADORAS DE SERVIÇOS DO MUNICÍPIO DE PINDAMONHANGABA, QUE SE UTILIZEM DE POSTES COMO SUPORTE DE SEUS CABEAMENTOS, A REALIZAREM O ALINHAMENTO E RETIRADA DOS FIOS INUTILIZADOS NOS POSTES E DÁ OUTRAS PROVIDÊNCIAS.",Ronaldo Pinto De Andrade,https://www.pindamonhangaba.sp.leg.br/proposicoes/0/0/0/0/117079#pesquisa
2017-11-06 01:00:00,EMENDA MODIFICATIVA N.º 1 AO PROJETO DE LEI ORDINÁRIA N° 161/2017,"EMENDA MODIFICATIVA, SUPRESSIVA E ADITIVA AO PROJETO DE LEI ORDINÁRIA N° 161/2017, QUE INSTITUI O PROGRAMA DE PARCERIAS PÚBLICO-PRIVADAS DO MUNICÍPIO DE PINDAMONHANGABA, DE ACORDO COM AS NORMAS GERAIS DA LEI FEDERAL N° 11.079, DE 30 DE DEZEMBRO DE 2004 E AS NORMAS ESPECÍFICAS QUE IMPLEMENTA.",Rafael Goffi Moreira,https://www.pindamonhangaba.sp.leg.br/proposicoes/0/0/0/0/117078#pesquisa
2017-11-06 01:00:00,SUBSTITUTIVO N.º 10 AO PROJETO DE LEI Nº 52/2017,"SUBSTITUTIVO AO PROJETO DE LEI Nº 52/2017, QUE INSTITUI  O PROGRAMA CIDADE COM GRAMA E DÁ OUTRAS PROVIDÊNCIAS.",Rafael Goffi Moreira,https://www.pindamonhangaba.sp.leg.br/proposicoes/0/0/0/0/116625#pesquisa
2017-11-06 00:00:00,EMENDA N.º 4 AO PROJETO DE LEI Nº 117/2017,"EMENDA MODIFICATIVA AO SUBSTITUTIVO Nº 06/2017, REFERENTE AO PROJETO DE LEI Nº 117/2017, QUE DISPÕE SOBRE A OBRIGATORIEDADE DAS EMPRESAS DE TELEFONIAS, TV A CABO E DEMAIS PRESTADORAS DE SERVIÇOS DO MUNICÍPIO DE PINDAMONHANGABA, QUE SE UTILIZEM DE POSTES COMO SUPORTE DE SEUS CABEAMENTOS, A REALIZAREM O ALINHAMENTO E RETIRADA DOS FIOS INUTILIZADOS NOS POSTES E DÁ OUTRAS PROVIDÊNCIAS.",Ronaldo Pinto De Andrade,https://www.pindamonhangaba.sp.leg.br/proposicoes/0/0/0/0/99#pesquisa
2017-11-06 00:00:00,EMENDA N.º 5 AO PROJETO DE LEI ORDINÁRIA Nº 161/2017,"EMENDA MODIFICATIVA, SUPRESSIVA E ADITIVA AO PROJETO DE LEI ORDINÁRIA Nº 161/2017, QUE INSTITUI O PROGRAMA DE PARCERIAS PÚBLICO-PRIVADAS DO MUNICÍPIO DE PINDAMONHANGABA, DE ACORDO COM AS NORMAS GERAIS DA LEI FEDERAL Nº 11.079, DE 30 DE DEZEMBRO DE 2004 E AS NORMAS ESPECÍFICAS QUE IMPLEMENTA.",Rafael Goffi Moreira,https://www.pindamonhangaba.sp.leg.br/proposicoes/0/0/0/0/100#pesquisa
2017-10-31 01:00:00,SUBSTITUTIVO Nº 1 AO PROJETO DE LEI N.º 129/2017,"SUBSTITUTIVO AO PROJETO DE LEI N° 129/2017, QUE INSTITUI O PROGRAMA ADOTANDO AS PISTAS DE SKATE.",Renato Cebola,https://www.pindamonhangaba.sp.leg.br/proposicoes/0/0/0/0/118359#pesquisa
2017-10-31 01:00:00,SUBSTITUTIVO Nº 1 AO PROJETO DE LEI N.º 144/2017,"SUBSTITUTIVO AO PROJETO DE LEI N° 144/2017, QUE INSTITUI O PROGRAMA MUNICIPAL DE COLETA DE RESÍDUOS SÓLIDOS DERIVADOS DE ÓLEO DE VEGETAL E DÁ OUTRAS P",Renato Cebola,https://www.pindamonhangaba.sp.leg.br/proposicoes/0/0/0/0/118361#pesquisa
2017-10-30 01:00:00,SUBSTITUTIVO N.º 8 AO PROJETO DE LEI N° 144/2017,"SUBSTITUTIVO AO PROJETO DE LEI N° 144/2017, QUE INSTITUI O PROGRAMA MUNICIPAL DE COLETA DE RESÍDUOS SÓLIDOS DERIVADOS DE ÓLEO DE VEGETAL E DÁ OUTRAS PROVIDÊNCIAS.",Renato Cebola,https://www.pindamonhangaba.sp.leg.br/proposicoes/0/0/0/0/116623#pesquisa
2017-10-30 01:00:00,SUBSTITUTIVO N.º 9 AO PROJETO DE LEI N° 129/2017,"SUBSTITUTIVO AO PROJETO DE LEI N° 129/2017, QUE INSTITUI O PROGRAMA ADOTANDO AS PISTAS DE SKATE.",Renato Cebola,https://www.pindamonhangaba.sp.leg.br/proposicoes/0/0/0/0/116624#pesquisa
2017-10-24 01:00:00,SUBSTITUTIVO Nº 1 AO PROJETO DE LEI N.º 109/2017,"SUBSTITUTIVO AO PL 109-2017 QUE DISPÕE SOBRE A OBRIGATORIEDADE DE AFIXAÇÃO EM POSTOS DE SAÚDE E PRONTO SOCORRO DOS NOMES DOS MÉDICOS EM EXERCÍCIO, CHE",Ronaldo Pinto De Andrade,https://www.pindamonhangaba.sp.leg.br/proposicoes/0/0/0/0/118356#pesquisa
2017-10-24 01:00:00,EMENDA SUPRESSIVA N.º 1 AO PROJETO DE LEI ORDINÁRIA N° 149/2017,"EMENDA MODIFICATIVA, SUPRESSIVA E ADITIVA AO PROJETO DE LEI ORDINÁRIA N° 149/2017, QUE INSTITUI O PROGRAMA DE PARCERIAS PÚBLICO-PRIVADAS DO MUNICÍPIO DE PINDAMONHANGABA, DE ACORDO COM AS NORMAS GERAIS DA LEI FEDERAL N° 11.079, DE 30 DE DEZEMBRO DE 2004 E AS NORMAS ESPECÍFICAS QUE IMPLEMENTA.",Rafael Goffi Moreira,https://www.pindamonhangaba.sp.leg.br/proposicoes/0/0/0/0/117077#pesquisa
2017-10-23 01:00:00,SUBSTITUTIVO N.º 7 AO PROJETO DE LEI Nº 109/2017,"SUBSTITUTIVO AO PROJETO DE LEI Nº 109/2017, QUE DISPÕE SOBRE  A OBRIGATORIEDADE DE AFIXAÇÃO EM POSTO DE SAÚDE E PRONTO SOCORRO COM OS NOMES DOS MÉDICOS EM EXERCÍCIO, CHEFES DE ENFERMAGEM E SEUS HORÁRIO DE ATENDIMENTO NO MUNICÍPIO DE PINDAMONHANGABA E DÁ OUTRAS PROVIDÊNCIAS.",Ronaldo Pinto De Andrade,https://www.pindamonhangaba.sp.leg.br/proposicoes/0/0/0/0/116622#pesquisa
2017-10-17 00:00:00,EMENDA N.º 3 AO PROJETO DE LEI Nº 149/2017,"EMENDA Nº01/2017,  MODIFICATIVA, SUPRESSIVA E ADITIVA AO PROJETO DE LEI Nº 149/2017, QUE  INSTITUI O PROGRAMA DE PARCERIAS PÚBLICOS-PRIVADAS DO MUNICÍPIO DE PINDAMONHANGABA, DE ACORDO COM AS NORMAS GERAIS DA LEI FEDERAL Nº 11.079, DE 30 DE DEZEMBRO DE 2004 E AS NORMAS ESPECÍFICAS QUE IMPLEMENTA.",Rafael Goffi Moreira,https://www.pindamonhangaba.sp.leg.br/proposicoes/0/0/0/0/98#pesquisa
2017-10-10 00:00:00,SUBSTITUTIVO Nº 1 AO PROJETO DE LEI N.º 117/2017,"SUBSTITUTIVO AO PROJETO DE LEI N° 117/2017 - DISPÕE SOBRE A OBRIGATORIEDADE DAS EMPRESAS DE TELEFONIA, TV A CABO E DEMAIS PRESTADORAS DE SERVIÇOS DO M",Ronaldo Pinto De Andrade,https://www.pindamonhangaba.sp.leg.br/proposicoes/0/0/0/0/118358#pesquisa
2017-10-09 00:00:00,SUBSTITUTIVO N.º 6 AO PROJETO DE LEI Nº 117/2017,"SUBSTITUTIVO AO PROJETO DE LEI Nº 117/2017, QUE DISPÕE SOBRE A OBRIGATORIEDADE DAS EMPRESAS DE TELEFONIAS, TV A CABO E DEMAIS PRESTADORAS DE SERVIÇOS DO MUNICÍPIO DE PINDAMONHANGABA, QUE SE UTILIZEM DE POSTES COMO SUPORTE DE SEUS CABEAMENTOS, A REALIZAREM O ALINHAMENTO E RETIRADA DOS FIOS INUTILIZADOS NOS POSTES E DÁ OUTRAS PROVIDÊNCIAS.",Ronaldo Pinto De Andrade,https://www.pindamonhangaba.sp.leg.br/proposicoes/0/0/0/0/116621#pesquisa
2017-10-03 00:00:00,EMENDA MODIFICATIVA N.º 1 AO PROJETO DE LEI N° 148/2017,"EMENDA AO PROJETO DE LEI N° 148/2017 QUE ALTERA A LEI N° 4.111, DE 29 DE DEZEMBRO DE 2003, QUE DISPÕE SOBRE IMPOSTO SOBRE SERVIÇOS DE QUALQUER NATUREZA E DÁ OUTRAS PROVIDÊNCIAS.",Roderley Miotto Rodrigues,https://www.pindamonhangaba.sp.leg.br/proposicoes/0/0/0/0/117076#pesquisa
2017-10-02 00:00:00,SUBSTITUTIVO Nº 1 AO PROJETO DE LEI N.º 039/2017,DISPÕE SOBRE A OBRIGATORIEDADE DOS ESTABELECIMENTOS DO MUNICÍPIO DE PINDAMONHANGABA QUE VENDEM BEBIDAS ENLATADAS AFIXAREM INFORMAÇÕES SOBRE O PERIGO D,Ronaldo Pinto De Andrade,https://www.pindamonhangaba.sp.leg.br/proposicoes/0/0/0/0/118349#pesquisa
2017-10-02 00:00:00,EMENDA N.º 2 AO PROJETO DE LEI N° 148/2017,"EMENDA AO PROJETO DE LEI N° 148/2017 QUE ALTERA A LEI N° 4.111, DE 29 DE DEZEMBRO DE 2003, QUE DISPÕE SOBRE IMPOSTO SOBRE SERVIÇOS DE QUALQUER NATUREZA E DÁ OUTRAS PROVIDÊNCIAS.",Janio Ardito Lerario; Antônio Alves Da Silva; Carlos Moura - Magrão; Osvaldo Macedo Negrão; Roderley Miotto Rodrigues; Jorge Pereira Alves; Gislene Cardoso; Rafael Goffi Moreira; Renato Cebola; Rubens Humberto Ferreira De Souza,https://www.pindamonhangaba.sp.leg.br/proposicoes/0/0/0/0/97#pesquisa
2017-09-25 00:00:00,SUBSTITUTIVO N.º 5 AO PROJETO DE LEI Nº 39/2017,"SUBSTITUTIVO AO PROJETO DE LEI Nº 39/2017, QUE DISPÕE SOBRE A OBRIGATORIEDADE DOS ESTABELECIMENTOS DO MUNICÍPIO DE PINDAMONHANGABA QUE VENDEM BEBIDAS ENLATADAS AFIXAREM INFORMAÇÕES SOBRE O PERIGO DA LEPTOSPIROSE E ALERTAR PARA A NECESSIDADE DE LIMPEZA DAS LATAS ANTES DE SUA ABERTURA.",Ronaldo Pinto De Andrade,https://www.pindamonhangaba.sp.leg.br/proposicoes/0/0/0/0/116620#pesquisa
2017-09-05 00:00:00,SUBSTITUTIVO Nº 1 AO PROJETO DE LEI N.º 058/2017,"SUBSTITUTIVO AO PROJETO DE LEI N° 58/2017 - INSTITUI E INCLUI NO CALENDÁRIO OFICIAL DO MUNICÍPIO O DIA MUNICIPAL DA CONSCIENTIZAÇÃO DO AUTISMO, A SER",Ronaldo Pinto De Andrade,https://www.pindamonhangaba.sp.leg.br/proposicoes/0/0/0/0/118353#pesquisa
2017-09-05 00:00:00,SUBSTITUTIVO Nº 1 AO PROJETO DE LEI N.º 116/2017,SUBSTITUTIVO AO PROJETO DE LEI N° 116-2017 - INSTITUI OS PROGRAMAS MÃOS LIMPAS E HIGIENE BUCAL NAS ESCOLAS DA REDE MUNICIPAL NO MUNICÍPIO DE PINDAMONH,Ronaldo Pinto De Andrade,https://www.pindamonhangaba.sp.leg.br/proposicoes/0/0/0/0/118357#pesquisa
2017-09-04 00:00:00,SUBSTITUTIVO N.º 3/2017,"INSTITUI E INCLUI NO CALENDÁRIO OFICIAL DO MUNICÍPIO O DIA MUNICIPAL DA CONSCIENTIZAÇÃO DO AUTISMO, A SER COMEMORADO ANUALMENTE NO PRIMEIRO SÁBADO DO MÊS DE ABRIL.",Ronaldo Pinto De Andrade,https://www.pindamonhangaba.sp.leg.br/proposicoes/0/0/0/0/116618#pesquisa
2017-09-04 00:00:00,SUBSTITUTIVO N.º 4/2017,INSTITUI OS PROGRAMAS MÃOS LIMPAS E HIGIENE BUCAL NAS ESCOLAS DA REDE MUNICIPAL NO MUNICÍPIO DE PINDAMONHANGABA E DÁ OUTRAS PROVIDÊNCIAS.,Ronaldo Pinto De Andrade,https://www.pindamonhangaba.sp.leg.br/proposicoes/0/0/0/0/116619#pesquisa
2017-06-20 00:00:00,SUBSTITUTIVO Nº 1 AO PROJETO DE LEI N.º 065/2017,SUBSTITUTIVO AO PROJETO DE LEI N° 65/2017 - CRIA O PROGRAMA VOVÔ E VOVÓ SABEM TUDO E DÁ OUTRAS PROVIDÊNCIAS.,Rafael Goffi Moreira,https://www.pindamonhangaba.sp.leg.br/proposicoes/0/0/0/0/118354#pesquisa
2017-06-19 00:00:00,SUBSTITUTIVO N.º 2 AO PROJETO DE LEI Nº 65/2017,SUBSTITUTIVO AO PROJETO DE LEI Nº 65/2017 CRIA O PROGRAMA VOVÔ E VOVÓ SABEM TUDO E DÁ OUTRAS PROVIDÊNCIAS.,Rafael Goffi Moreira,https://www.pindamonhangaba.sp.leg.br/proposicoes/0/0/0/0/116617#pesquisa
2017-06-13 00:00:00,SUBSTITUTIVO Nº 1 AO PROJETO DE LEI N.º 054/2017,SUBSTITUTIVO AO PL 54/2017 - INSTITUI OS PROGRAMAS MÃOS LIMPAS E HIGIENE BUCAL NAS ESCOLAS DA REDE MUNICIPAL E CEMEIS NO MUNICÍPIO DE PINDAMONHANGABA,Ronaldo Pinto De Andrade,https://www.pindamonhangaba.sp.leg.br/proposicoes/0/0/0/0/118352#pesquisa
2017-06-06 00:00:00,SUBSTITUTIVO N.º 1 AO PROJETO DE LEI Nº 54/2017,"SUBSTITUTIVO AO PROJETO DE LEI Nº 54/2017, QUE INSTITUI OS PROGRAMAS MÃOS LIMPAS E HIGIENE BUCAL NAS ESCOLAS DA REDE MUNICIPAL E CEMEIS NO MUNICÍPIO DE PINDAMONHANGABA E DÁ OUTRAS PROVIDÊNCIAS.",Ronaldo Pinto De Andrade,https://www.pindamonhangaba.sp.leg.br/proposicoes/0/0/0/0/116616#pesquisa
2017-06-05 00:00:00,EMENDA SUPRESSIVA N.º 1 AO PROJETO DE LEI N° 69/2017,"EMENDA MODIFICATIVA AO PROJETO DE LEI N° 69/2017 QUE INSTITUI NO MUNICÍPIO DE PINDAMONHANGABA O PROGRAMA DE DISPENSAÇÃO GRATUITA DE MEDICAMENTOS À POPULAÇÃO CARENTE - FARMÁCIA SOLIDÁRIA - E AUTORIZA O EXECUTIVO, COM A PARTICIPAÇÃO DO FUNDO SOCIAL DE PINDAMONHANGABA, A CELEBRAR CONVÊNIO COM AS INSTITUIÇÕES DE ENSINO DE FARMÁCIA, ENTIDADES DE CLASSE CORRESPONDENTES E ENTIDADES GOVERNAMENTAIS E NÃO G",Ronaldo Pinto De Andrade,https://www.pindamonhangaba.sp.leg.br/proposicoes/0/0/0/0/117075#pesquisa
2017-06-02 00:00:00,EMENDA N.º 1/2017,"EMENDA MODIFICATIVA AO PROJETO DE LEI Nº69/2017, QUE INSTITUI NO MUNICÍPIO DE PINDAMONHANGABA O PROGRAMA DE DISPENSAÇÃO GRATUITA DE MEDICAMENTOS À POPULAÇÃO CARENTE  - FARMÁCIA SOLIDÁRIA - E AUTORIZA O EXECUTIVO, COM A PARTICIPAÇÃO DO FUNDO SOCIAL DE PINDAMONHANGABA, A CELEBRAR CONVÊNIO COM AS INSTITUIÇÕES DE ENSINO DE FARMÁCIA, ENTIDADES DE CLASSE CORRESPONDENTES E ENTIDADES GOVERNAMENTAIS E NÃO GOVERNAMENTAIS E DÁ OUTRAS PROVIDÊNCIAS.",Janio Ardito Lerario; Antônio Alves Da Silva; Carlos Moura - Magrão; Osvaldo Macedo Negrão; Roderley Miotto Rodrigues; Jorge Pereira Alves; Gislene Cardoso; Rafael Goffi Moreira; Renato Cebola,https://www.pindamonhangaba.sp.leg.br/proposicoes/0/0/0/0/96#pesquisa
2016-06-06 00:00:00,EMENDA MODIFICATIVA N.º 3 AO PROJETO DE LEI N° 41/2016,"EMENDA MODIFICATIVA N° 03 AO PROJETO DE LEI N° 41/2016, QUE DISPÕE SOBRE AS DIRETRIZES ORÇAMENTÁRIAS PARA O EXERCÍCIO DE 2017 E DÁ OUTRAS PROVIDÊNCIAS.",Carlos Moura - Magrão,https://www.pindamonhangaba.sp.leg.br/proposicoes/0/0/0/0/116956#pesquisa
2016-06-03 00:00:00,EMENDA N.º 1 AO PROJETO DE LEI N° 41/2016,"EMENDA MODIFICATIVA N° 01 AO PROJETO DE LEI N° 41/2016, QUE DISPÕE SOBRE AS DIRETRIZES ORÇAMENTÁRIAS PARA O EXERCÍCIO DE 2017 E DÁ OUTRAS PROVIDÊNCIAS.",Eric Fabiano Sartorato De Oliveira,https://www.pindamonhangaba.sp.leg.br/proposicoes/0/0/0/0/88#pesquisa
2016-06-03 00:00:00,EMENDA N.º 2 AO PROJETO DE LEI Nº 41/2016,"EMENDA MODIFICATIVA Nº 02 AO PROJETO DE LEI Nº 41/2016, QUE DISPÕE SOBRE AS DIRETRIZES ORÇAMENTÁRIAS PARA O EXERCÍCIO DE 2017 E DÁ OUTRAS PROVIDÊNCIAS.",Martim Cesar,https://www.pindamonhangaba.sp.leg.br/proposicoes/0/0/0/0/89#pesquisa
2016-06-03 00:00:00,EMENDA N.º 3 AO PROJETO DE LEI Nº 41/2016,EMENDA MODIFICATIVA Nº 03 AO PROJETO DE LEI Nº 41/2016 QUE DISPÕE SOBRE AS DIRETRIZES ORÇAMENTÁRIAS PARA O EXERCÍCIO DE 2017 E DÁ OUTRAS PROVIDÊNCIAS.,Carlos Moura - Magrão,https://www.pindamonhangaba.sp.leg.br/proposicoes/0/0/0/0/90#pesquisa
2016-06-03 00:00:00,EMENDA N.º 4 AO PROJETO DE LEI Nº 41/2016,EMENDA MODIFICATIVA Nº 04 AO PROJETO DE LEI Nº 41/2016 QUE DISPÕE SOBRE AS DIRETRIZES ORÇAMENTÁRIAS PARA O EXERCÍCIO DE 2017 E DÁ OUTRAS PROVIDÊNCIAS.,Carlos Moura - Magrão,https://www.pindamonhangaba.sp.leg.br/proposicoes/0/0/0/0/91#pesquisa
2016-06-03 00:00:00,EMENDA N.º 5 AO PROJETO DE LEI Nº 41/2016,EMENDA MODIFICATIVA Nº 05 AO PROJETO DE LEI Nº 41/2016 QUE DISPÕE SOBRE AS DIRETRIZES ORÇAMENTÁRIAS PARA O EXERCÍCIO DE 2017 E DÁ OUTRAS PROVIDÊNCIAS.,Carlos Moura - Magrão,https://www.pindamonhangaba.sp.leg.br/proposicoes/0/0/0/0/92#pesquisa
2016-06-03 00:00:00,EMENDA N.º 6 AO PROJETO DE LEI Nº 41/2016,EMENDA MODIFICATIVA Nº 06 AO PROJETO DE LEI Nº 41/2016 QUE DISPÕE SOBRE AS DIRETRIZES ORÇAMENTÁRIAS PARA O EXERCÍCIO DE 2017 E DÁ OUTRAS PROVIDÊNCIAS.,Carlos Moura - Magrão,https://www.pindamonhangaba.sp.leg.br/proposicoes/0/0/0/0/93#pesquisa
2016-06-03 00:00:00,EMENDA N.º 7 AO PROJETO DE LEI Nº 41/2016,EMENDA MODIFICATIVA Nº 07 AO PROJETO DE LEI Nº 41/2016 QUE DISPÕE SOBRE AS DIRETRIZES ORÇAMENTÁRIAS PARA O EXERCÍCIO DE 2017 E DÁ OUTRAS PROVIDÊNCIAS.,Carlos Moura - Magrão,https://www.pindamonhangaba.sp.leg.br/proposicoes/0/0/0/0/94#pesquisa
2016-06-03 00:00:00,EMENDA N.º 8 AO PROJETO DE LEI Nº 41/2016,EMENDA MODIFICATIVA Nº 08 AO PROJETO DE LEI Nº 41/2016 QUE DISPÕE SOBRE AS DIRETRIZES ORÇAMENTÁRIAS PARA O EXERCÍCIO DE 2017 E DÁ OUTRAS PROVIDÊNCIAS.,Carlos Moura - Magrão,https://www.pindamonhangaba.sp.leg.br/proposicoes/0/0/0/0/95#pesquisa
2016-06-03 00:00:00,EMENDA MODIFICATIVA N.º 1 AO PROJETO DE LEI N° 41/2016,"EMENDA MODIFICATIVA N° 01 AO PROJETO DE LEI N° 41/2016, QUE DISPÕE SOBRE AS DIRETRIZES ORÇAMENTÁRIAS PARA O EXERCÍCIO DE 2017 E DÁ OUTRAS PROVIDÊNCIAS.",Eric Fabiano Sartorato De Oliveira,https://www.pindamonhangaba.sp.leg.br/proposicoes/0/0/0/0/116954#pesquisa
2016-06-03 00:00:00,EMENDA MODIFICATIVA N.º 2 AO PROJETO DE LEI N° 41/2016,"EMENDA MODIFICATIVA N° 02 AO PROJETO DE LEI N° 41/2016, QUE DISPÕE SOBRE AS DIRETRIZES ORÇAMENTÁRIAS PARA O EXERCÍCIO DE 2017 E DÁ OUTRAS PROVIDÊNCIAS.",Martim Cesar,https://www.pindamonhangaba.sp.leg.br/proposicoes/0/0/0/0/116955#pesquisa
2016-06-03 00:00:00,EMENDA MODIFICATIVA N.º 4 AO PROJETO DE LEI N° 41/2016,"EMENDA MODIFICATIVA N° 04 AO PROJETO DE LEI N° 41/2016, QUE DISPÕE SOBRE AS DIRETRIZES ORÇAMENTÁRIAS PARA O EXERCÍCIO DE 2017 E DÁ OUTRAS PROVIDÊNCIAS.",Carlos Moura - Magrão,https://www.pindamonhangaba.sp.leg.br/proposicoes/0/0/0/0/116957#pesquisa
2016-06-03 00:00:00,EMENDA MODIFICATIVA N.º 5 AO PROJETO DE LEI N° 41/2016,"EMENDA MODIFICATIVA N° 05 AO PROJETO DE LEI N° 41/2016, QUE DISPÕE SOBRE AS DIRETRIZES ORÇAMENTÁRIAS PARA O EXERCÍCIO DE 2017 E DÁ OUTRAS PROVIDÊNCIAS.",Carlos Moura - Magrão,https://www.pindamonhangaba.sp.leg.br/proposicoes/0/0/0/0/116958#pesquisa
2016-06-03 00:00:00,EMENDA MODIFICATIVA N.º 6 AO PROJETO DE LEI N° 41/2016,"EMENDA MODIFICATIVA N° 06 AO PROJETO DE LEI N° 41/2016, QUE DISPÕE SOBRE AS DIRETRIZES ORÇAMENTÁRIAS PARA O EXERCÍCIO DE 2017 E DÁ OUTRAS PROVIDÊNCIAS.",Carlos Moura - Magrão,https://www.pindamonhangaba.sp.leg.br/proposicoes/0/0/0/0/116959#pesquisa
2016-06-03 00:00:00,EMENDA MODIFICATIVA N.º 7 AO PROJETO DE LEI N° 41/2016,"EMENDA MODIFICATIVA N° 07 AO PROJETO DE LEI N° 41/2016, QUE DISPÕE SOBRE AS DIRETRIZES ORÇAMENTÁRIAS PARA O EXERCÍCIO DE 2017 E DÁ OUTRAS PROVIDÊNCIAS.",Carlos Moura - Magrão,https://www.pindamonhangaba.sp.leg.br/proposicoes/0/0/0/0/116960#pesquisa
2016-06-03 00:00:00,EMENDA MODIFICATIVA N.º 8 AO PROJETO DE LEI N° 41/2016,"EMENDA MODIFICATIVA N° 08 AO PROJETO DE LEI N° 41/2016, QUE DISPÕE SOBRE AS DIRETRIZES ORÇAMENTÁRIAS PARA O EXERCÍCIO DE 2017 E DÁ OUTRAS PROVIDÊNCIAS.",Carlos Moura - Magrão,https://www.pindamonhangaba.sp.leg.br/proposicoes/0/0/0/0/116961#pesquisa
2015-11-17 01:00:00,EMENDA MODIFICATIVA N.º 1 AO PROJETO DE LEI N° 138/2015,"EMENDA MODIFICATIVA N° 01 AO PROJETO DE LEI N° 138/2015, QUE ESTIMA A RECEITA E FIXA A DESPESA DO MUNICÍPIO DE PINDAMONHANGABA PARA O EXERCÍCIO DE 2016.",Carlos Moura - Magrão,https://www.pindamonhangaba.sp.leg.br/proposicoes/0/0/0/0/116919#pesquisa
2015-11-17 01:00:00,EMENDA MODIFICATIVA N.º 2 AO PROJETO DE LEI N° 138/2015,"EMENDA MODIFICATIVA N° 02 AO PROJETO DE LEI N° 138/2015, QUE ESTIMA A RECEITA E FIXA A DESPESA DO MUNICÍPIO DE PINDAMONHANGABA PARA O EXERCÍCIO DE 2016.",Carlos Moura - Magrão,https://www.pindamonhangaba.sp.leg.br/proposicoes/0/0/0/0/116920#pesquisa
2015-11-17 01:00:00,EMENDA MODIFICATIVA N.º 3 AO PROJETO DE LEI N° 138/2015,"EMENDA MODIFICATIVA N° 03 AO PROJETO DE LEI N° 138/2015, QUE ESTIMA A RECEITA E FIXA A DESPESA DO MUNICÍPIO DE PINDAMONHANGABA PARA O EXERCÍCIO DE 2016.",Carlos Moura - Magrão,https://www.pindamonhangaba.sp.leg.br/proposicoes/0/0/0/0/116921#pesquisa
2015-11-16 00:00:00,EMENDA N.º 5 AO PROJETO DE LEI N° 138/2015,"EMENDA MODIFICATIVA N° 01 AO PROJETO DE LEI N° 138/2015, QUE ESTIMA A RECEITA E FIXA A DESPESA DO MUNICÍPIO DE PINDAMONHANGABA PARA O EXERCÍCIO DE 2016.",Carlos Moura - Magrão,https://www.pindamonhangaba.sp.leg.br/proposicoes/0/0/0/0/85#pesquisa
2015-11-16 00:00:00,EMENDA N.º 6 AO PROJETO DE LEI N° 138/2015,"EMENDA MODIFICATIVA N° 02 AO PROJETO DE LEI N° 138/2015, QUE ESTIMA A RECEITA E FIXA A DESPESA DO MUNICÍPIO DE PINDAMONHANGABA PARA O EXERCÍCIO DE 2016.",Carlos Moura - Magrão,https://www.pindamonhangaba.sp.leg.br/proposicoes/0/0/0/0/86#pesquisa
2015-11-16 00:00:00,EMENDA N.º 7 AO PROJETO DE LEI N° 138/2015,"EMENDA MODIFICATIVA N° 03 AO PROJETO DE LEI N° 138/2015, QUE ESTIMA A RECEITA E FIXA A DESPESA DO MUNICÍPIO DE PINDAMONHANGABA PARA O EXERCÍCIO DE 2016.",Carlos Moura - Magrão,https://www.pindamonhangaba.sp.leg.br/proposicoes/0/0/0/0/87#pesquisa
2015-09-02 00:00:00,EMENDA MODIFICATIVA N.º 1 AO PROJETO DE LEI COMPLEMENTAR N° 02/2015,"EMENDA MODIFICATIVA N° 01 AO PROJETO DE LEI COMPLEMENTAR N° 02/2015 QUE INSTITUI O PLANO DE MOBILIDADE URBANA, DEFINE PRINCÍPIOS, POLÍTICAS E ESTRATÉGIAS E INSTRUMENTOS PARA O DESENVOLVIMENTO MUNICIPAL E DÁ OUTRAS PROVIDÊNCIAS.",Ricardo Alberto Pereira Piorino,https://www.pindamonhangaba.sp.leg.br/proposicoes/0/0/0/0/116900#pesquisa
2015-08-31 00:00:00,EMENDA N.º 4 AO PROJETO DE LEI COMPLEMENTAR N° 02/15,"EMENDA MODIFICATIVA N° 01 AO PROJETO DE LEI COMPLEMENTAR N° 02/15 QUE INSTITUI O PLANO DE MOBILIDADE URBANA, DEFINE PRINCÍPIOS, POLÍTICAS E ESTRATÉGIAS E INSTRUMENTOS PARA O DESENVOLVIMENTO MUNICIPAL E DÁ OUTRAS PROVIDÊNCIAS.",Ricardo Alberto Pereira Piorino,https://www.pindamonhangaba.sp.leg.br/proposicoes/0/0/0/0/84#pesquisa
2015-07-31 00:00:00,SUBSTITUTIVO Nº 1 AO PROJETO DE LEI N.º 006/2001,"SUBSTITUTIVO AO PROJETO DE LEI DO EXECUTIVO QUE DISPÕE SOBRE O CONSELHO DE ALIMENTAÇÃO ESCOLAR, E REVOGA IN TOTUM AS LEIS NºS 3080/95 E 3797/2001, E D",Vereadores,https://www.pindamonhangaba.sp.leg.br/proposicoes/0/0/0/0/118320#pesquisa
2015-07-31 00:00:00,SUBSTITUTIVO Nº 1 AO PROJETO DE LEI N.º 011/2001,"SUBSTITUTIVO AO PROJETO DE LEI Nº 11/2001, QUE DENOMINA UMA ESCOLA DA REDE MUNICIPAL DE ENSINO FUNDAMENTAL E INFANTIL-REMEFI.",Alexandre Pereira Costa,https://www.pindamonhangaba.sp.leg.br/proposicoes/0/0/0/0/118321#pesquisa
2015-06-09 00:00:00,EMENDA MODIFICATIVA N.º 1 AO PROJETO DE LEI N° 41/2015,"EMENDA MODIFICATIVA N° 01 AO PROJETO DE LEI N° 41/2015, QUE DISPÕE SOBRE AS DIRETRIZES ORÇAMENTÁRIAS PARA O EXERCÍCIO DE 2016 E DA OUTRAS PROVIDÊNCIAS.",Eric Fabiano Sartorato De Oliveira,https://www.pindamonhangaba.sp.leg.br/proposicoes/0/0/0/0/116859#pesquisa
2015-06-09 00:00:00,EMENDA MODIFICATIVA N.º 2 AO PROJETO DE LEI N° 41/2015,"EMENDA MODIFICATIVA N° 02 AO PROJETO DE LEI N° 41/2015, QUE DISPÕE SOBRE AS DIRETRIZES ORÇAMENTÁRIAS PARA O EXERCÍCIO DE 2016 E DA OUTRAS PROVIDÊNCIAS.",Osvaldo Macedo Negrão,https://www.pindamonhangaba.sp.leg.br/proposicoes/0/0/0/0/116860#pesquisa
2015-06-03 00:00:00,EMENDA N.º 2 AO PROJETO DE LEI N° 41/2015,"EMENDA MODIFICATIVA N° 01 AO PROJETO DE LEI N° 41/2015, QUE DISPÕE SOBRE AS DIRETRIZES ORÇAMENTÁRIAS PARA O EXERCÍCIO DE 2016 E DÁ OUTRAS PROVIDÊNCIAS.",Eric Fabiano Sartorato De Oliveira,https://www.pindamonhangaba.sp.leg.br/proposicoes/0/0/0/0/71#pesquisa
2015-06-03 00:00:00,EMENDA N.º 3 AO PROJETO DE LEI N° 41/2015,"EMENDA MODIFICATIVA N° 02 AO PROJETO DE LEI N° 41/2015, QUE DISPÕE SOBRE AS DIRETRIZES ORÇAMENTÁRIAS PARA EXERCÍCIO DE 2016 E DÁ OUTRAS PROVIDÊNCIAS.",Osvaldo Macedo Negrão,https://www.pindamonhangaba.sp.leg.br/proposicoes/0/0/0/0/72#pesquisa
2015-04-30 00:00:00,EMENDA ADITIVA N.º 1 AO PROJETO DE LEI Nº 105/1999,"Emenda ao Projeto de Lei nº 105/1999, do Executivo, que dispõe sobre a criação de cargos, e dá outras providências.",Comissões,https://www.pindamonhangaba.sp.leg.br/proposicoes/0/0/0/0/116837#pesquisa
2015-03-02 00:00:00,EMENDA N.º 1 AO PROJETO DE LEI COMPLEMENTAR N° 11/2014,"EMENDA MODIFICATIVA N° 01 AO PROJETO DE LEI COMPLEMENTAR N° 11/2014, QUE DISPÕE SOBRE A REGULARIZAÇÃO DA DOAÇÃO DE IMÓVEIS NOS LOTEAMENTOS DE INTERESSE SOCIAL OCUPADOS HÁ MAIS DE 5 (CINCO) ANOS.",Eric Fabiano Sartorato De Oliveira,https://www.pindamonhangaba.sp.leg.br/proposicoes/0/0/0/0/70#pesquisa
2015-03-02 00:00:00,EMENDA MODIFICATIVA N.º 1 AO PROJETO DE LEI COMPLEMENTAR N° 11/2014,"EMENDA MODIFICATIVA AO PROJETO DE LEI COMPLEMENTAR N° 11/2014, QUE DISPÕE SOBRE A REGULARIZAÇÃO DA DOAÇÃO DE IMÓVEIS NOS LOTEAMENTOS DE INTERESSE SOCIAL OCUPADOS HÁ MAIS DE 5 (CINCO) ANOS.",Carlos Moura - Magrão,https://www.pindamonhangaba.sp.leg.br/proposicoes/0/0/0/0/116833#pesquisa
2014-12-16 01:00:00,EMENDA MODIFICATIVA N.º 2 AO PROJETO DE LEI Nº 225/2007,EMENDA MODIFICATIVA Nº 01/07 AO PROJETO DE LEI Nº 225/2007.,José Carlos Gomes – Cal,https://www.pindamonhangaba.sp.leg.br/proposicoes/0/0/0/0/116824#pesquisa
2014-12-15 01:00:00,EMENDA ADITIVA N.º 1 AO PROJETO DE LEI Nº 188/2014,"Emenda Aditiva ao Projeto de Lei n° 188/2014, que Dispõe sobre a reserva para o transporte complementar no Sistema de Transporte Coletivo do Município de Pindamonhangaba.",Ricardo Alberto Pereira Piorino,https://www.pindamonhangaba.sp.leg.br/proposicoes/0/0/0/0/116822#pesquisa
2014-12-15 00:00:00,EMENDA N.º 24 AO PROJETO DE LEI N° 188/2014,"EMENDA ADITIVA AO PROJETO DE LEI N° 188/2014, QUE DISPÕE SOBRE A RESERVA PARA O TRANSPORTE COMPLEMENTAR NO SISTEMA DE TRANSPORTE COLETIVO DO MUNICÍPIO DE PINDAMONHANGABA.",Ricardo Alberto Pereira Piorino,https://www.pindamonhangaba.sp.leg.br/proposicoes/0/0/0/0/69#pesquisa
2014-11-25 01:00:00,EMENDA MODIFICATIVA N.º 1 AO PROJETO DE LEI N° 155/2014,"EMENDA MODIFICATIVA N° 01 AO PROJETO DE LEI N° 155/2014, QUE ESTIMA A RECEITA E FIXA A DESPESA DO MUNICÍPIO DE PINDAMONHANGABA PARA O EXERCÍCIO DE 2015.",Eric Fabiano Sartorato De Oliveira,https://www.pindamonhangaba.sp.leg.br/proposicoes/0/0/0/0/116800#pesquisa
2014-11-25 01:00:00,EMENDA MODIFICATIVA N.º 2 AO PROJETO DE LEI N° 155/2014,"EMENDA MODIFICATIVA N° 02 AO PROJETO DE LEI N° 155/2014, QUE ESTIMA A RECEITA E FIXA A DESPESA DO MUNICÍPIO DE PINDAMONHANGABA PARA O EXERCÍCIO DE 2015.",Eric Fabiano Sartorato De Oliveira,https://www.pindamonhangaba.sp.leg.br/proposicoes/0/0/0/0/116801#pesquisa
2014-11-25 01:00:00,EMENDA MODIFICATIVA N.º 3 AO PROJETO DE LEI N° 155/2014,"EMENDA MODIFICATIVA N° 03 AO PROJETO DE LEI N° 155/2014, QUE ESTIMA A RECEITA E FIXA A DESPESA DO MUNICÍPIO DE PINDAMONHANGABA PARA O EXERCÍCIO DE 2015.",Eric Fabiano Sartorato De Oliveira,https://www.pindamonhangaba.sp.leg.br/proposicoes/0/0/0/0/116802#pesquisa
2014-11-25 01:00:00,EMENDA MODIFICATIVA N.º 4 AO PROJETO DE LEI N° 155/2014,"EMENDA MODIFICATIVA N° 04 AO PROJETO DE LEI N° 155/2014, QUE ESTIMA A RECEITA E FIXA A DESPESA DO MUNICÍPIO DE PINDAMONHANGABA PARA O EXERCÍCIO DE 2015.",Eric Fabiano Sartorato De Oliveira,https://www.pindamonhangaba.sp.leg.br/proposicoes/0/0/0/0/116803#pesquisa
2014-11-25 01:00:00,EMENDA MODIFICATIVA N.º 5 AO PROJETO DE LEI N° 155/2014,"EMENDA MODIFICATIVA N° 05 AO PROJETO DE LEI N° 155/2014, QUE ESTIMA A RECEITA E FIXA A DESPESA DO MUNICÍPIO DE PINDAMONHANGABA PARA O EXERCÍCIO DE 2015.",Eric Fabiano Sartorato De Oliveira,https://www.pindamonhangaba.sp.leg.br/proposicoes/0/0/0/0/116804#pesquisa
2014-11-25 01:00:00,EMENDA MODIFICATIVA N.º 6 AO PROJETO DE LEI N° 155/2014,"EMENDA MODIFICATIVA N° 06 AO PROJETO DE LEI N° 155/2014, QUE ESTIMA A RECEITA E FIXA A DESPESA DO MUNICÍPIO DE PINDAMONHANGABA PARA O EXERCÍCIO DE 2015.",Carlos Moura - Magrão,https://www.pindamonhangaba.sp.leg.br/proposicoes/0/0/0/0/116805#pesquisa
2014-11-25 01:00:00,EMENDA MODIFICATIVA N.º 7 AO PROJETO DE LEI N° 155/2014,"EMENDA MODIFICATIVA N° 07 AO PROJETO DE LEI N° 155/2014, QUE ESTIMA A RECEITA E FIXA A DESPESA DO MUNICÍPIO DE PINDAMONHANGABA PARA O EXERCÍCIO DE 2015.",Carlos Moura - Magrão,https://www.pindamonhangaba.sp.leg.br/proposicoes/0/0/0/0/116806#pesquisa
2014-11-25 01:00:00,EMENDA MODIFICATIVA N.º 8 AO PROJETO DE LEI N° 155/2014,"EMENDA MODIFICATIVA N° 08 AO PROJETO DE LEI N° 155/2014, QUE ESTIMA A RECEITA E FIXA A DESPESA DO MUNICÍPIO DE PINDAMONHANGABA PARA O EXERCÍCIO DE 2015.",Carlos Moura - Magrão,https://www.pindamonhangaba.sp.leg.br/proposicoes/0/0/0/0/116807#pesquisa
2014-11-25 01:00:00,EMENDA MODIFICATIVA N.º 9 AO PROJETO DE LEI N° 155/2014,"EMENDA MODIFICATIVA N° 09 AO PROJETO DE LEI N° 155/2014, QUE ESTIMA A RECEITA E FIXA A DESPESA DO MUNICÍPIO DE PINDAMONHANGABA PARA O EXERCÍCIO DE 2015.",Osvaldo Macedo Negrão,https://www.pindamonhangaba.sp.leg.br/proposicoes/0/0/0/0/116808#pesquisa
2014-11-21 00:00:00,EMENDA N.º 20 AO PROJETO DE LEI Nº 155/2014,"EMENDA MODIFICATIVA Nº 06 AO PROJETO DE LEI Nº 155/2014, QUE ESTIMA A RECEITA E FIXA A DESPESA DO MUNICÍPIO DE PINDAMONHANGABA PARA O EXERCÍCIO DE 2015.",Carlos Moura - Magrão,https://www.pindamonhangaba.sp.leg.br/proposicoes/0/0/0/0/65#pesquisa
2014-11-21 00:00:00,EMENDA N.º 21 AO PROJETO DE LEI Nº 155/2014,"EMENDA MODIFICATIVA Nº 07 AO PROJETO DE LEI Nº 155/2014, QUE ESTIMA A RECEITA E FIXA A DESPESA DO MUNICÍPIO DE PINDAMONHANGABA PARA O EXERCÍCIO DE 2015.",Carlos Moura - Magrão,https://www.pindamonhangaba.sp.leg.br/proposicoes/0/0/0/0/66#pesquisa
2014-11-21 00:00:00,EMENDA N.º 22 AO PROJETO DE LEI Nº 155/2014,"EMENDA MODIFICATIVA Nº 08 AO PROJETO DE LEI Nº 155/2014, QUE ESTIMA A RECEITA E FIXA A DESPESA DO MUNICÍPIO DE PINDAMONHANGABA PARA O EXERCÍCIO DE 2015.",Carlos Moura - Magrão,https://www.pindamonhangaba.sp.leg.br/proposicoes/0/0/0/0/67#pesquisa
2014-11-21 00:00:00,EMENDA N.º 23 AO PROJETO DE LEI Nº 155/2014,"EMENDA MODIFICATIVA Nº 09 AO PROJETO DE LEI Nº 155/2014, QUE ESTIMA A RECEITA E FIXA A DESPESA DO MUNICÍPIO DE PINDAMONHANGABA PARA O EXERCÍCIO DE 2015.",Osvaldo Macedo Negrão,https://www.pindamonhangaba.sp.leg.br/proposicoes/0/0/0/0/68#pesquisa
2014-11-20 00:00:00,EMENDA N.º 15 AO PROJETO DE LEI Nº 155/2014,"EMENDA MODIFICATIVA Nº 01 AO PROJETO DE LEI Nº 155/2014, QUE ESTIMA A RECEITA E FIXA A DESPESA DO MUNICÍPIO DE PINDAMONHANGABA PARA O EXERCÍCIO DE 2015.",Eric Fabiano Sartorato De Oliveira,https://www.pindamonhangaba.sp.leg.br/proposicoes/0/0/0/0/60#pesquisa
2014-11-20 00:00:00,EMENDA N.º 16 AO PROJETO DE LEI Nº 155/2014,"EMENDA MODIFICATIVA Nº 02 AO PROJETO DE LEI Nº 155/2014, QUE ESTIMA A RECEITA E FIXA A DESPESA DO MUNICÍPIO DE PINDAMONHANGABA PARA O EXERCÍCIO DE 2015.",Eric Fabiano Sartorato De Oliveira,https://www.pindamonhangaba.sp.leg.br/proposicoes/0/0/0/0/61#pesquisa
2014-11-20 00:00:00,EMENDA N.º 17 AO PROJETO DE LEI Nº 155/2014,"EMENDA MODIFICATIVA Nº 03 AO PROJETO DE LEI Nº 155/2014, QUE ESTIMA A RECEITA E FIXA A DESPESA DO MUNICÍPIO DE PINDAMONHANGABA PARA O EXERCÍCIO DE 2015.",Eric Fabiano Sartorato De Oliveira,https://www.pindamonhangaba.sp.leg.br/proposicoes/0/0/0/0/62#pesquisa
2014-11-20 00:00:00,EMENDA N.º 18 AO PROJETO DE LEI Nº 155/2014,"EMENDA MODIFICATIVA Nº 04 AO PROJETO DE LEI Nº 155/2014, QUE ESTIMA A RECEITA E FIXA A DESPESA DO MUNICÍPIO DE PINDAMONHANGABA PARA O EXERCÍCIO DE 2015.",Eric Fabiano Sartorato De Oliveira,https://www.pindamonhangaba.sp.leg.br/proposicoes/0/0/0/0/63#pesquisa
2014-11-20 00:00:00,EMENDA N.º 19 AO PROJETO DE LEI Nº 155/2014,"EMENDA MODIFICATIVA Nº 05 AO PROJETO DE LEI Nº 155/2014, QUE ESTIMA A RECEITA E FIXA A DESPESA DO MUNICÍPIO DE PINDAMONHANGABA PARA O EXERCÍCIO DE 2015.",Eric Fabiano Sartorato De Oliveira,https://www.pindamonhangaba.sp.leg.br/proposicoes/0/0/0/0/64#pesquisa
2014-10-30 01:00:00,SUBSTITUTIVO Nº 1 AO PROJETO DE LEI N.º 047/2014,"Substitutivo ao Projeto de Lei n° 47/2014, que Institui o Dia Municipal da Pessoa com Síndrome de Down na cidade de Pindamonhangaba e dá outras provid",Roderley Miotto Rodrigues,https://www.pindamonhangaba.sp.leg.br/proposicoes/0/0/0/0/118332#pesquisa
2014-10-29 01:00:00,SUBSTITUTIVO N.º 7 AO PROJETO DE LEI N° 47/2014,"SUBSTITUTIVO AO PROJETO DE LEI N° 47/2014, QUE INSTITUI O DIA MUNICIPAL DA PESSOA COM SÍNDROME DE DOWN NA CIDADE DE PINDAMONHANGABA E DÁ OUTRAS PROVIDÊNCIAS.",Roderley Miotto Rodrigues,https://www.pindamonhangaba.sp.leg.br/proposicoes/0/0/0/0/116615#pesquisa
2014-10-20 01:00:00,SUBSTITUTIVO Nº 6 AO PROJETO DE LEI N.º 151/2014,"SUBSTITUTIVO AO PROJETO DE LEI N° 151/2014, QUE INSTITUI E INCLUI NO CALENDÁRIO OFICIAL DO MUNICÍPIO A SEMANA MUNICIPAL DE CONSCIENTIZAÇÃO A FIBROMIAL",Carlos Moura - Magrão,https://www.pindamonhangaba.sp.leg.br/proposicoes/0/0/0/0/118334#pesquisa
2014-10-20 01:00:00,SUBSTITUTIVO N.º 6/2014,"INSTITUI E INCLUI NO CALENDÁRIO OFICIAL DO MUNICÍPIO A SEMANA MUNICIPAL DE CONSCIENTIZAÇÃO A FIBROMIALGIA, A SER COMEMORADA ANUALMENTE NA SEMANA DO DIA 12 DE MAIO.",Carlos Moura - Magrão,https://www.pindamonhangaba.sp.leg.br/proposicoes/0/0/0/0/116614#pesquisa
2014-10-15 00:00:00,EMENDA MODIFICATIVA N.º 2/2014,"DÁ NOVA REDAÇÃO AO INCISO III, DO ART. 4º.",José Carlos Gomes – Cal,https://www.pindamonhangaba.sp.leg.br/proposicoes/0/0/0/0/116763#pesquisa
2014-08-15 00:00:00,SUBSTITUTIVO Nº 1 AO PROJETO DE LEI N.º 004/2014,"DISPÕE SOBRE A DOAÇÃO DE ÁREA PARA A SOCIEDADE EMPRESARIAL ANIDROL PRODUTOS PARA LABORATÓRIOS LTDA, E DÁ OUTRAS PROVIDÊNCIAS.",Vereadores,https://www.pindamonhangaba.sp.leg.br/proposicoes/0/0/0/0/118333#pesquisa
2014-08-15 00:00:00,SUBSTITUTIVO N.º 5 AO PROJETO DE LEI COMPLEMENTAR N° 04/2014,"SUBSTITUTIVO AO PROJETO DE LEI COMPLEMENTAR N° 04/2014, QUE DISPÕE SOBRE A DOAÇÃO DE ÁREA PARA A SOCIEDADE EMPRESARIAL ANIDROL PRODUTOS PARA LABORATÓRIOS LTDA, E DÁ OUTRAS PROVIDÊNCIAS.",Vereadores,https://www.pindamonhangaba.sp.leg.br/proposicoes/0/0/0/0/116613#pesquisa
2014-08-04 00:00:00,EMENDA N.º 14 AO LEI ORGÂNICA N° 01/2014,"EMENDA MODIFICATIVA AO PROJETO DE EMENDA À LEI ORGÂNICA N° 01/2014, QUE ACRESCENTA DISPOSITIVO NA LEI ORGÂNICA MUNICIPAL.",Carlos Moura - Magrão,https://www.pindamonhangaba.sp.leg.br/proposicoes/0/0/0/0/57#pesquisa
2014-06-12 00:00:00,EMENDA N.º 4 AO PROJETO DE LEI N° 62/2014,"EMENDA MODIFICATIVA N° 04 AO PROJETO DE LEI N° 62/2014, QUE DISPÕE SOBRE AS DIRETRIZES ORÇAMENTÁRIAS PARA O EXERCÍCIO DE 2015 E DÁ OUTRAS PROVIDÊNCIAS.",Carlos Moura - Magrão,https://www.pindamonhangaba.sp.leg.br/proposicoes/0/0/0/0/47#pesquisa
2014-06-12 00:00:00,EMENDA N.º 5 AO PROJETO DE LEI N° 62/2014,"EMENDA MODIFICATIVA N° 05 AO PROJETO DE LEI N° 62/2014, QUE DISPÕE SOBRE AS DIRETRIZES ORÇAMENTÁRIAS PARA O EXERCÍCIO DE 2015 E DÁ OUTRAS PROVIDÊNCIAS.",Carlos Moura - Magrão,https://www.pindamonhangaba.sp.leg.br/proposicoes/0/0/0/0/48#pesquisa
2014-06-12 00:00:00,EMENDA N.º 6 AO PROJETO DE LEI N° 62/2014,"EMENDA MODIFICATIVA N° 06 AO PROJETO DE LEI N° 62/2014, QUE DISPÕE SOBRE AS DIRETRIZES ORÇAMENTÁRIAS PARA O EXERCÍCIO DE 2015 E DÁ OUTRAS PROVIDÊNCIAS.",Carlos Moura - Magrão,https://www.pindamonhangaba.sp.leg.br/proposicoes/0/0/0/0/49#pesquisa
2014-06-12 00:00:00,EMENDA N.º 7 AO PROJETO DE LEI N° 62/2014,"EMENDA MODIFICATIVA N° 07 AO PROJETO DE LEI N° 62/2014, QUE DISPÕE SOBRE AS DIRETRIZES ORÇAMENTÁRIAS PARA O EXERCÍCIO DE 2015 E DÁ OUTRAS PROVIDÊNCIAS.",Carlos Moura - Magrão,https://www.pindamonhangaba.sp.leg.br/proposicoes/0/0/0/0/50#pesquisa
2014-06-12 00:00:00,EMENDA N.º 8 AO PROJETO DE LEI N° 62/2014,"EMENDA MODIFICATIVA N° 08 AO PROJETO DE LEI N° 62/2014, QUE DISPÕE SOBRE AS DIRETRIZES ORÇAMENTÁRIAS PARA O EXERCÍCIO DE 2015 E DÁ OUTRAS PROVIDÊNCIAS.",Carlos Moura - Magrão,https://www.pindamonhangaba.sp.leg.br/proposicoes/0/0/0/0/51#pesquisa
2014-06-12 00:00:00,EMENDA N.º 9 AO PROJETO DE LEI N° 62/2014,"EMENDA MODIFICATIVA N° 09 AO PROJETO DE LEI N° 62/2014, QUE DISPÕE SOBRE AS DIRETRIZES ORÇAMENTÁRIAS PARA O EXERCÍCIO DE 2015 E DÁ OUTRAS PROVIDÊNCIAS.",Carlos Moura - Magrão,https://www.pindamonhangaba.sp.leg.br/proposicoes/0/0/0/0/52#pesquisa
2014-06-12 00:00:00,EMENDA N.º 10 AO PROJETO DE LEI N° 62/2014,"EMENDA MODIFICATIVA N° 10 AO PROJETO DE LEI N° 62/2014, QUE DISPÕE SOBRE AS DIRETRIZES ORÇAMENTÁRIAS PARA O EXERCÍCIO DE 2015 E DÁ OUTRAS PROVIDÊNCIAS.",Carlos Moura - Magrão,https://www.pindamonhangaba.sp.leg.br/proposicoes/0/0/0/0/53#pesquisa
2014-06-12 00:00:00,EMENDA N.º 11 AO PROJETO DE LEI N° 62/2014,"EMENDA MODIFICATIVA N° 11 AO PROJETO DE LEI N° 62/2014, QUE DISPÕE SOBRE AS DIRETRIZES ORÇAMENTÁRIAS PARA O EXERCÍCIO DE 2015 E DÁ OUTRAS PROVIDÊNCIAS.",Carlos Moura - Magrão,https://www.pindamonhangaba.sp.leg.br/proposicoes/0/0/0/0/54#pesquisa
2014-06-12 00:00:00,EMENDA N.º 12 AO PROJETO DE LEI N° 62/2014,EMENDA MODIFICATIVA N° 12 AO PROJETO DE LEI N° 62/2014 QUE DISPÕE SOBRE AS DIRETRIZES ORÇAMENTÁRIAS PARA O EXERCÍCIO DE 2015 E DÁ OUTRAS PROVIDÊNCIAS.,Osvaldo Macedo Negrão,https://www.pindamonhangaba.sp.leg.br/proposicoes/0/0/0/0/55#pesquisa
2014-06-12 00:00:00,EMENDA N.º 13 AO PROJETO DE LEI N° 62/2014,EMENDA MODIFICATIVA N° 13 AO PROJETO DE LEI N° 62/2014 QUE DISPÕE SOBRE AS DIRETRIZES ORÇAMENTÁRIAS PARA O EXERCÍCIO DE 2015 E DÁ OUTRAS PROVIDÊNCIAS.,Osvaldo Macedo Negrão,https://www.pindamonhangaba.sp.leg.br/proposicoes/0/0/0/0/56#pesquisa
2014-06-12 00:00:00,EMENDA MODIFICATIVA N.º 4 AO PROJETO DE LEI N° 62/2014,EMENDA MODIFICATIVA AO PROJETO DE LEI N° 62/2014 QUE DISPÕE SOBRE AS DIRETRIZES ORÇAMENTÁRIAS PARA O EXERCÍCIO DE 2015 E DÁ OUTRAS PROVIDÊNCIAS.,Carlos Moura - Magrão,https://www.pindamonhangaba.sp.leg.br/proposicoes/0/0/0/0/195#pesquisa
2014-06-12 00:00:00,EMENDA MODIFICATIVA N.º 5 AO PROJETO DE LEI N° 62/2014,EMENDA MODIFICATIVA AO PROJETO DE LEI N° 62/2014 QUE DISPÕE SOBRE AS DIRETRIZES ORÇAMENTÁRIAS PARA O EXERCÍCIO DE 2015 E DÁ OUTRAS PROVIDÊNCIAS.,Carlos Moura - Magrão,https://www.pindamonhangaba.sp.leg.br/proposicoes/0/0/0/0/196#pesquisa
2014-06-12 00:00:00,EMENDA MODIFICATIVA N.º 6 AO PROJETO DE LEI N° 62/2014,EMENDA MODIFICATIVA AO PROJETO DE LEI N° 62/2014 QUE DISPÕE SOBRE AS DIRETRIZES ORÇAMENTÁRIAS PARA O EXERCÍCIO DE 2015 E DÁ OUTRAS PROVIDÊNCIAS.,Carlos Moura - Magrão,https://www.pindamonhangaba.sp.leg.br/proposicoes/0/0/0/0/197#pesquisa
2014-06-12 00:00:00,EMENDA MODIFICATIVA N.º 7 AO PROJETO DE LEI N° 62/2014,EMENDA MODIFICATIVA AO PROJETO DE LEI N° 62/2014 QUE DISPÕE SOBRE AS DIRETRIZES ORÇAMENTÁRIAS PARA O EXERCÍCIO DE 2015 E DÁ OUTRAS PROVIDÊNCIAS.,Carlos Moura - Magrão,https://www.pindamonhangaba.sp.leg.br/proposicoes/0/0/0/0/198#pesquisa
2014-06-12 00:00:00,EMENDA MODIFICATIVA N.º 8 AO PROJETO DE LEI N° 62/2014,EMENDA MODIFICATIVA AO PROJETO DE LEI N° 62/2014 QUE DISPÕE SOBRE AS DIRETRIZES ORÇAMENTÁRIAS PARA O EXERCÍCIO DE 2015 E DÁ OUTRAS PROVIDÊNCIAS.,Carlos Moura - Magrão,https://www.pindamonhangaba.sp.leg.br/proposicoes/0/0/0/0/199#pesquisa
2014-06-12 00:00:00,EMENDA MODIFICATIVA N.º 9 AO PROJETO DE LEI N° 62/2014,EMENDA MODIFICATIVA AO PROJETO DE LEI N° 62/2014 QUE DISPÕE SOBRE AS DIRETRIZES ORÇAMENTÁRIAS PARA O EXERCÍCIO DE 2015 E DÁ OUTRAS PROVIDÊNCIAS.,Carlos Moura - Magrão,https://www.pindamonhangaba.sp.leg.br/proposicoes/0/0/0/0/200#pesquisa
2014-06-12 00:00:00,EMENDA MODIFICATIVA N.º 10 AO PROJETO DE LEI N° 62/2014,EMENDA MODIFICATIVA AO PROJETO DE LEI N° 62/2014 QUE DISPÕE SOBRE AS DIRETRIZES ORÇAMENTÁRIAS PARA O EXERCÍCIO DE 2015 E DÁ OUTRAS PROVIDÊNCIAS.,Carlos Moura - Magrão,https://www.pindamonhangaba.sp.leg.br/proposicoes/0/0/0/0/201#pesquisa
2014-06-12 00:00:00,EMENDA MODIFICATIVA N.º 11 AO PROJETO DE LEI N° 62/2014,EMENDA MODIFICATIVA AO PROJETO DE LEI N° 62/2014 QUE DISPÕE SOBRE AS DIRETRIZES ORÇAMENTÁRIAS PARA O EXERCÍCIO DE 2015 E DÁ OUTRAS PROVIDÊNCIAS.,Carlos Moura - Magrão,https://www.pindamonhangaba.sp.leg.br/proposicoes/0/0/0/0/202#pesquisa
2014-06-12 00:00:00,EMENDA MODIFICATIVA N.º 12 AO PROJETO DE LEI N° 62/2014,EMENDA MODIFICATIVA AO PROJETO DE LEI N° 62/2014 QUE DISPÕE SOBRE AS DIRETRIZES ORÇAMENTÁRIAS PARA O EXERCÍCIO DE 2015 E DÁ OUTRAS PROVIDÊNCIAS.,Osvaldo Macedo Negrão,https://www.pindamonhangaba.sp.leg.br/proposicoes/0/0/0/0/203#pesquisa
2014-06-12 00:00:00,EMENDA MODIFICATIVA N.º 13 AO PROJETO DE LEI N° 62/2014,EMENDA MODIFICATIVA AO PROJETO DE LEI N° 62/2014 QUE DISPÕE SOBRE AS DIRETRIZES ORÇAMENTÁRIAS PARA O EXERCÍCIO DE 2015 E DÁ OUTRAS PROVIDÊNCIAS.,Osvaldo Macedo Negrão,https://www.pindamonhangaba.sp.leg.br/proposicoes/0/0/0/0/204#pesquisa
2014-06-11 00:00:00,EMENDA N.º 2 AO PROJETO DE LEI N° 62/2014,"EMENDA MODIFICATIVA N° 02 AO PROJETO DE LEI N° 62/2014, QUE ESTIMA A RECEITA E FIXA A DESPESA DO MUNICÍPIO DE PINDAMONHANGABA PARA O EXERCÍCIO DE 2015.",Roderley Miotto Rodrigues,https://www.pindamonhangaba.sp.leg.br/proposicoes/0/0/0/0/45#pesquisa
2014-06-11 00:00:00,EMENDA N.º 3 AO PROJETO DE LEI N° 62/2014,"EMENDA MODIFICATIVA N° 03 AO PROJETO DE LEI N° 62/2014, QUE ESTIMA A RECEITA E FIXA A DESPESA DO MUNICÍPIO DE PINDAMONHANGABA PARA O EXERCÍCIO DE 2015.",Roderley Miotto Rodrigues,https://www.pindamonhangaba.sp.leg.br/proposicoes/0/0/0/0/46#pesquisa
2014-06-11 00:00:00,EMENDA MODIFICATIVA N.º 2 AO PROJETO DE LEI N° 62/2014,EMENDA MODIFICATIVA AO PROJETO DE LEI N° 62/2014 QUE DISPÕE SOBRE AS DIRETRIZES ORÇAMENTÁRIAS PARA O EXERCÍCIO DE 2015 E DÁ OUTRAS PROVIDÊNCIAS.,Roderley Miotto Rodrigues,https://www.pindamonhangaba.sp.leg.br/proposicoes/0/0/0/0/193#pesquisa
2014-06-11 00:00:00,EMENDA MODIFICATIVA N.º 3 AO PROJETO DE LEI N° 62/2014,EMENDA MODIFICATIVA AO PROJETO DE LEI N° 62/2014 QUE DISPÕE SOBRE AS DIRETRIZES ORÇAMENTÁRIAS PARA O EXERCÍCIO DE 2015 E DÁ OUTRAS PROVIDÊNCIAS.,Roderley Miotto Rodrigues,https://www.pindamonhangaba.sp.leg.br/proposicoes/0/0/0/0/194#pesquisa
2014-06-06 00:00:00,EMENDA N.º 1 AO PROJETO DE LEI N° 62/2014,"EMENDA MODIFICATIVA N° 01 AO PROJETO DE LEI N° 62/2014, QUE DISPÕE SOBRE AS DIRETRIZES ORÇAMENTÁRIAS PARA O EXERCÍCIO DE 2015 E DÁ OUTRAS PROVIDÊNCIAS.",Janio Ardito Lerario,https://www.pindamonhangaba.sp.leg.br/proposicoes/0/0/0/0/44#pesquisa
2014-06-06 00:00:00,EMENDA MODIFICATIVA N.º 1 AO PROJETO DE LEI N° 62/2014,"EMENDA MODIFICATIVA AO PROJETO DE LEI N° 62/2014, QUE DISPÕE SOBRE AS DIRETRIZES ORÇAMENTÁRIAS PARA O EXERCÍCIO DE 2015 E DÁ OUTRAS PROVIDÊNCIAS.",Janio Ardito Lerario,https://www.pindamonhangaba.sp.leg.br/proposicoes/0/0/0/0/192#pesquisa
2014-03-31 00:00:00,SUBSTITUTIVO Nº 4 AO PROJETO DE LEI N.º 015/2014,DISPÕE SOBRE A OBRIGATORIEDADE DE INSTALAÇÃO DE DISPOSITIVO PARA INTERROMPER O PROCESSO DE SUCÇÃO EM PISCINAS E DÁ OUTRAS PROVIDÊNCIAS.,Roderley Miotto Rodrigues,https://www.pindamonhangaba.sp.leg.br/proposicoes/0/0/0/0/118330#pesquisa
2014-03-31 00:00:00,SUBSTITUTIVO N.º 4 AO PROJETO DE LEI N° 15/2014,"SUBSTITUTIVO AO PROJETO DE LEI N° 15/2014, QUE DISPÕE SOBRE A OBRIGATORIEDADE DE INSTALAÇÃO DE DISPOSITIVO PARA INTERROMPER O PROCESSO DE SUCÇÃO EM PISCINAS E DÁ OUTRAS PROVIDÊNCIAS.",Roderley Miotto Rodrigues,https://www.pindamonhangaba.sp.leg.br/proposicoes/0/0/0/0/116612#pesquisa
2014-03-28 00:00:00,SUBSTITUTIVO Nº 2 AO PROJETO DE LEI N.º 185/2013,DISPÕE SOBRE A OBRIGATORIEDADE DOS ESTABELECIMENTOS DE ENSINO DISPONIBILIZAREM CARTEIRAS ESCOLARES APROPRIADAS AOS ESTUDANTES COM DEFICIÊNCIA.,Eric Fabiano Sartorato De Oliveira,https://www.pindamonhangaba.sp.leg.br/proposicoes/0/0/0/0/118329#pesquisa
2014-03-28 00:00:00,SUBSTITUTIVO Nº 3 AO PROJETO DE LEI N.º 020/2014,"INSTITUI A SEMANA DE ORIENTAÇÃO E PREVENÇÃO DA GRAVIDEZ NA ADOLESCÊNCIA, QUE SERÁ COMEMORADA NA ÚLTIMA SEMANA DO MÊS DE NOVEMBRO.",Eric Fabiano Sartorato De Oliveira,https://www.pindamonhangaba.sp.leg.br/proposicoes/0/0/0/0/118331#pesquisa
2014-03-28 00:00:00,SUBSTITUTIVO N.º 2 AO PROJETO DE LEI N.º 185/2013,"SUBSTITUTIVO AO PL 185/2013, QUE DISPÕE SOBRE A OBRIGATORIEDADE DOS ESTABELECIMENTOS DE ENSINO DISPONIBILIZAREM CARTEIRAS ESCOLARES APROPRIADAS AOS ESTUDANTES COM DEFICIÊNCIA.",Eric Fabiano Sartorato De Oliveira,https://www.pindamonhangaba.sp.leg.br/proposicoes/0/0/0/0/116610#pesquisa
2014-03-28 00:00:00,SUBSTITUTIVO Nº 3 AO PROJETO DE LEI N.º 20/2014,"SUBSTITUTIVO AO PL 20/2014, QUE INSTITUI A SEMANA DE ORIENTAÇÃO E PREVENÇÃO DA GRAVIDEZ NA ADOLESCÊNCIA, QUE SERÁ COMEMORADA NA ÚLTIMA SEMANA DO MÊS DE NOVEMBRO.",Eric Fabiano Sartorato De Oliveira,https://www.pindamonhangaba.sp.leg.br/proposicoes/0/0/0/0/116611#pesquisa
2014-03-06 00:00:00,SUBSTITUTIVO Nº 1 AO PROJETO DE LEI N.º 139/2013,DISPÕE SOBRE O PLANTIO DE UMA MUDA DE ÁRVORE NA COMPRA DE AUTOMÓVEL NOVO NO MUNICÍPIO DE PINDAMONHANGABA E DÁ OUTRAS PROVIDÊNCIAS.,Osvaldo Macedo Negrão,https://www.pindamonhangaba.sp.leg.br/proposicoes/0/0/0/0/118328#pesquisa
2014-03-06 00:00:00,SUBSTITUTIVO N.º 1 AO PROJETO DE LEI N° 139/2013,"SUBSTITUTIVO AO PROJETO DE LEI N° 139/2013, QUE DISPÕE SOBRE O PLANTIO DE MUDA DE ÁRVORE DE AUTOMÓVEL NOVO NO MUNICÍPIO DE PINDAMONHANGABA E DÁ OUTRAS PROVIDÊNCIAS.",Osvaldo Macedo Negrão,https://www.pindamonhangaba.sp.leg.br/proposicoes/0/0/0/0/116609#pesquisa
2013-12-19 00:00:00,EMENDA N.º 40 AO PROJETO DE LEI COMPLEMENTAR N° 09/2013,"EMENDA ADITIVA N° 02 AO PROJETO DE LEI COMPLEMENTAR N° 09/2013, QUE ALTERA O DISPOSITIVO DA LEI COMPLEMENTAR N° 7, DE 13 DE FEVEREIRO DE 2008 E DÁ OUTRAS PROVIDÊNCIAS.",Carlos Moura - Magrão,https://www.pindamonhangaba.sp.leg.br/proposicoes/0/0/0/0/43#pesquisa
2013-12-16 00:00:00,EMENDA N.º 39 AO PROJETO DE LEI COMPLEMENTAR N° 09/2013,"EMENDA ADITIVA N° 01 AO PROJETO DE LEI COMPLEMENTAR N° 09/2013 QUE ALTERA O DISPOSITIVO DA LEI COMPLEMENTAR N° 07, DE 13 DE FEVEREIRO DE 2008 E DÁ OUTRAS PROVIDÊNCIAS.",Eric Fabiano Sartorato De Oliveira,https://www.pindamonhangaba.sp.leg.br/proposicoes/0/0/0/0/42#pesquisa
2013-12-12 01:00:00,SUBSTITUTIVO N.º 5 AO PROJETO DE LEI N° 142/2013,"SUBSTITUTIVO AO PROJETO DE LEI N° 142/2013, QUE DISPÕE SOBRE A OBRIGATORIEDADE DAS ENTIDADES E EMPRESAS ORGANIZADORAS DE EVENTOS EM ÁREAS PÚBLICAS REALIZAREM A LIMPEZA DAS ÁREAS CEDIDAS E DO ENTORNO NO ÂMBITO DA CIDADE DE PINDAMONHANGABA.",Osvaldo Macedo Negrão,https://www.pindamonhangaba.sp.leg.br/proposicoes/0/0/0/0/116608#pesquisa
2013-11-25 00:00:00,EMENDA N.º 38 AO PROJETO DE LEI N° 175/2013,"EMENDA MODIFICATIVA N° 01 AO PROJETO DE LEI N° 175/2013, QUE DISPÕE SOBRE A ANISTIA DE CRÉDITOS TRIBUTÁRIOS DO MUNICÍPIO DE PINDAMONHANGABA E DÁ OUTRAS PROVIDÊNCIAS.",Carlos Moura - Magrão,https://www.pindamonhangaba.sp.leg.br/proposicoes/0/0/0/0/41#pesquisa
2013-11-22 01:00:00,SUBSTITUTIVO N.º 4 AO PROJETO DE LEI N° 125/2013,"SUBSTITUTIVO AO PROJETO DE LEI N° 125/2013 - DENOMINA DE FERNANDES PROLUNGATTI A PRAÇA E A QUADRA POLIESPORTIVA LOCALIZADA NA RUA HILDA CAPOVILLA DE CASTRO, NO BAIRRO CAMPO BELO.",Martim Cesar,https://www.pindamonhangaba.sp.leg.br/proposicoes/0/0/0/0/116607#pesquisa
2013-11-22 00:00:00,EMENDA N.º 22 AO PROJETO DE LEI N° 147/2013,EMENDA MODIFICATIVA N° 01 AO PROJETO DE LEI N° 147/2013 QUE ESTIMA A RECEITA E FIXA A DESPESA DO MUNICÍPIO DE PINDAMONHANGABA.,Osvaldo Macedo Negrão,https://www.pindamonhangaba.sp.leg.br/proposicoes/0/0/0/0/25#pesquisa
2013-11-22 00:00:00,EMENDA N.º 23 AO PROJETO DE LEI N° 147/2013,EMENDA MODIFICATIVA N° 02 AO PROJETO DE LEI N° 147/2013 QUE ESTIMA A RECEITA E FIXA A DESPESA DO MUNICÍPIO DE PINDAMONHANGABA.,Osvaldo Macedo Negrão,https://www.pindamonhangaba.sp.leg.br/proposicoes/0/0/0/0/26#pesquisa
2013-11-22 00:00:00,EMENDA N.º 24 AO PROJETO DE LEI N° 147/2013,EMENDA MODIFICATIVA N° 03 AO PROJETO DE LEI N° 147/2013 QUE ESTIMA A RECEITA E FIXA A DESPESA DO MUNICÍPIO DE PINDAMONHANGABA PARA O EXERCÍCIO DE 2014.,Felipe César,https://www.pindamonhangaba.sp.leg.br/proposicoes/0/0/0/0/27#pesquisa
2013-11-22 00:00:00,EMENDA N.º 25 AO PROJETO DE LEI N° 147/2013,EMENDA MODIFICATIVA N° 04 AO PROJETO DE LEI N° 147/2013 QUE ESTIMA A RECEITA E FIXA A DESPESA DO MUNICÍPIO DE PINDAMONHANGABA PARA O EXERCÍCIO DE 2014.,Felipe César,https://www.pindamonhangaba.sp.leg.br/proposicoes/0/0/0/0/28#pesquisa
2013-11-22 00:00:00,EMENDA N.º 26 AO PROJETO DE LEI N° 147/2013,EMENDA MODIFICATIVA N° 05 AO PROJETO DE LEI N° 147/2013 QUE ESTIMA A RECEITA E FIXA A DESPESA DO MUNICÍPIO DE PINDAMONHANGABA PARA O EXERCÍCIO DE 2014.,Felipe César,https://www.pindamonhangaba.sp.leg.br/proposicoes/0/0/0/0/29#pesquisa
2013-11-22 00:00:00,EMENDA N.º 27 AO PROJETO DE LEI N° 147/2013,EMENDA MODIFICATIVA N° 6AO PROJETO DE LEI N° 147/2013 QUE ESTIMA A RECEITA E FIXA A DESPESA DO MUNICÍPIO DE PINDAMONHANGABA PARA O EXERCÍCIO DE 2014.,Felipe César,https://www.pindamonhangaba.sp.leg.br/proposicoes/0/0/0/0/30#pesquisa
2013-11-22 00:00:00,EMENDA N.º 28 AO PROJETO DE LEI N° 147/2013,EMENDA MODIFICATIVA N° 07 AO PROJETO DE LEI N° 147/2013 QUE ESTIMA A RECEITA E FIXA A DESPESA DO MUNICÍPIO DE PINDAMONHANGABA PARA O EXERCÍCIO DE 2014.,Eric Fabiano Sartorato De Oliveira,https://www.pindamonhangaba.sp.leg.br/proposicoes/0/0/0/0/31#pesquisa
2013-11-22 00:00:00,EMENDA N.º 29 AO PROJETO DE LEI N° 147/2013,EMENDA MODIFICATIVA N° 08 AO PROJETO DE LEI N° 147/2013 QUE ESTIMA A RECEITA E FIXA A DESPESA DO MUNICÍPIO DE PINDAMONHANGABA PARA O EXERCÍCIO DE 2014.,Eric Fabiano Sartorato De Oliveira,https://www.pindamonhangaba.sp.leg.br/proposicoes/0/0/0/0/32#pesquisa
2013-11-22 00:00:00,EMENDA N.º 30 AO PROJETO DE LEI N° 147/2013,EMENDA MODIFICATIVA N° 09 AO PROJETO DE LEI N° 147/2013 QUE ESTIMA A RECEITA E FIXA A DESPESA DO MUNICÍPIO DE PINDAMONHANGABA PARA O EXERCÍCIO DE 2014.,Eric Fabiano Sartorato De Oliveira,https://www.pindamonhangaba.sp.leg.br/proposicoes/0/0/0/0/33#pesquisa
2013-11-22 00:00:00,EMENDA N.º 31 AO PROJETO DE LEI N° 147/2013,EMENDA MODIFICATIVA N° 10 AO PROJETO DE LEI N° 147/2013 QUE ESTIMA A RECEITA E FIXA A DESPESA DO MUNICÍPIO DE PINDAMONHANGABA PARA O EXERCÍCIO DE 2014.,Carlos Moura - Magrão,https://www.pindamonhangaba.sp.leg.br/proposicoes/0/0/0/0/34#pesquisa
2013-11-22 00:00:00,EMENDA N.º 32 AO PROJETO DE LEI N° 147/2013,EMENDA MODIFICATIVA N° 11 AO PROJETO DE LEI N° 147/2013 QUE ESTIMA A RECEITA E FIXA A DESPESA DO MUNICÍPIO DE PINDAMONHANGABA PARA O EXERCÍCIO DE 2014.,Carlos Moura - Magrão,https://www.pindamonhangaba.sp.leg.br/proposicoes/0/0/0/0/35#pesquisa
2013-11-22 00:00:00,EMENDA N.º 33 AO PROJETO DE LEI N° 147/2013,EMENDA MODIFICATIVA N° 12 AO PROJETO DE LEI N° 147/2013 QUE ESTIMA A RECEITA E FIXA A DESPESA DO MUNICÍPIO DE PINDAMONHANGABA PARA O EXERCÍCIO DE 2014.,Carlos Moura - Magrão,https://www.pindamonhangaba.sp.leg.br/proposicoes/0/0/0/0/36#pesquisa
2013-11-22 00:00:00,EMENDA N.º 34 AO PROJETO DE LEI N° 147/2013,EMENDA MODIFICATIVA N° 13 AO PROJETO DE LEI N° 147/2013 QUE ESTIMA A RECEITA E FIXA A DESPESA DO MUNICÍPIO DE PINDAMONHANGABA PARA O EXERCÍCIO DE 2014.,Roderley Miotto Rodrigues,https://www.pindamonhangaba.sp.leg.br/proposicoes/0/0/0/0/37#pesquisa
2013-11-22 00:00:00,EMENDA N.º 35 AO PROJETO DE LEI N° 147/2013,EMENDA MODIFICATIVA N° 14 AO PROJETO DE LEI N° 147/2013 QUE ESTIMA A RECEITA E FIXA A DESPESA DO MUNICÍPIO DE PINDAMONHANGABA PARA O EXERCÍCIO DE 2014.,Roderley Miotto Rodrigues,https://www.pindamonhangaba.sp.leg.br/proposicoes/0/0/0/0/38#pesquisa
2013-11-22 00:00:00,EMENDA N.º 36 AO PROJETO DE LEI N° 147/2013,EMENDA MODIFICATIVA N° 15 AO PROJETO DE LEI N° 147/2013 QUE ESTIMA A RECEITA E FIXA A DESPESA DO MUNICÍPIO DE PINDAMONHANGABA PARA O EXERCÍCIO DE 2014.,Roderley Miotto Rodrigues,https://www.pindamonhangaba.sp.leg.br/proposicoes/0/0/0/0/39#pesquisa
2013-11-22 00:00:00,EMENDA N.º 37 AO PROJETO DE LEI N° 147/2013,EMENDA MODIFICATIVA N° 16 AO PROJETO DE LEI N° 147/2013 QUE ESTIMA A RECEITA E FIXA A DESPESA DO MUNICÍPIO DE PINDAMONHANGABA PARA O EXERCÍCIO DE 2014.,Roderley Miotto Rodrigues,https://www.pindamonhangaba.sp.leg.br/proposicoes/0/0/0/0/40#pesquisa
2013-10-31 00:00:00,EMENDA N.º 19 AO PROJETO DE LEI COMPLEMENTAR N° 04/2013,"EMENDA ADITIVA N° 01 AO PROJETO DE LEI COMPLEMENTAR N° 04/2013, QUE ALTERA DISPOSITIVO DA LEI COMPLEMENTAR N° 07, DE 13 DE FEVEREIRO DE 2008, E DÁ OUTRAS PROVIDÊNCIAS",Eric Fabiano Sartorato De Oliveira,https://www.pindamonhangaba.sp.leg.br/proposicoes/0/0/0/0/22#pesquisa
2013-10-31 00:00:00,EMENDA N.º 20 AO PROJETO DE LEI COMPLEMENTAR N° 04/2013,"EMENDA ADITIVA N° 02 AO PROJETO DE LEI COMPLEMENTAR N° 04/2013, QUE ALTERA DISPOSITIVO DA LEI COMPLEMENTAR N° 07, DE 13 DE FEVEREIRO DE 2008, E DÁ OUTRAS PROVIDÊNCIAS",Eric Fabiano Sartorato De Oliveira,https://www.pindamonhangaba.sp.leg.br/proposicoes/0/0/0/0/23#pesquisa
2013-10-31 00:00:00,EMENDA N.º 21 AO PROJETO DE LEI COMPLEMENTAR N° 04/2013,"EMENDA ADITIVA N° 03 AO PROJETO DE LEI COMPLEMENTAR N° 04/2013, QUE ALTERA DISPOSITIVO DA LEI COMPLEMENTAR N° 07, DE 13 DE FEVEREIRO DE 2008, E DÁ OUTRAS PROVIDÊNCIAS",Eric Fabiano Sartorato De Oliveira,https://www.pindamonhangaba.sp.leg.br/proposicoes/0/0/0/0/24#pesquisa
2013-10-07 00:00:00,EMENDA N.º 16 AO PROJETO DE LEI N° 113/2013,"EMENDA MODIFICATIVA N° 01 AO PROJETO DE LEI N° 113/2013, QUE DISPÕE SOBRE O PLANO PLURIANUAL 2014/2017 DO MUNICÍPIO DE PINDAMONHANGABA.",Felipe César,https://www.pindamonhangaba.sp.leg.br/proposicoes/0/0/0/0/19#pesquisa
2013-10-07 00:00:00,EMENDA N.º 17 AO PROJETO DE LEI N° 113/2013,"EMENDA MODIFICATIVA N° 02 AO PROJETO DE LEI N° 113/2013, QUE DISPÕE SOBRE O PLANO PLURIANUAL 2014/2017 DO MUNICÍPIO DE PINDAMONHANGABA.",Felipe César,https://www.pindamonhangaba.sp.leg.br/proposicoes/0/0/0/0/20#pesquisa
2013-10-07 00:00:00,EMENDA N.º 18 AO PROJETO DE LEI N° 113/2013,"EMENDA MODIFICATIVA N° 03 AO PROJETO DE LEI N° 113/2013, QUE DISPÕE SOBRE O PLANO PLURIANUAL 2014/2017 DO MUNICÍPIO DE PINDAMONHANGABA.",Felipe César,https://www.pindamonhangaba.sp.leg.br/proposicoes/0/0/0/0/21#pesquisa
2013-09-23 00:00:00,SUBSTITUTIVO N.º 3 AO PROJETO DE LEI N° 119/2013,"SUBSTITUTIVO AO PROJETO DE LEI N° 119/2013, QUE INSTITUI O DIA MUNICIPAL DE COMBATE À PSORÍASE A SER REALIZADO ANUALMENTE, NO DIA 29 DE OUTUBRO, E DÁ OUTRAS PROVIDÊNCIAS.",Roderley Miotto Rodrigues,https://www.pindamonhangaba.sp.leg.br/proposicoes/0/0/0/0/116606#pesquisa
2013-08-26 00:00:00,EMENDA N.º 15 AO PROJETO DE LEI N° 111/2013,"EMENDA MODIFICATIVA N° 01 AO PROJETO DE LEI N° 111/2013, QUE AUTORIZA O PODER EXECUTIVO MUNICIPAL A PERMITIR O USO DE ESPAÇOS NA REALIZAÇÃO DA FESTA DE SÃO VICENTE DE PAULO.",Eric Fabiano Sartorato De Oliveira,https://www.pindamonhangaba.sp.leg.br/proposicoes/0/0/0/0/18#pesquisa
2013-08-05 00:00:00,SUBSTITUTIVO N.º 2 AO PROJETO DE LEI N° 83/2013,"SUBSTITUTIVO AO PROJETO DE LEI N° 83/2013, QUE TORNA OBRIGATÓRIO AOS ESTABELECIMENTOS COMERCIAIS TIPO SHOPPING CENTER, COM MAIS DE 40 (QUARENTA) LOJAS, DISPONIBILIZAREM AOS CLIENTES SERVIÇOS DE ENFERMARIA PARA PRONTO ATENDIMENTO E DETERMINA OUTRAS PROVIDÊNCIAS.",Felipe César,https://www.pindamonhangaba.sp.leg.br/proposicoes/0/0/0/0/116605#pesquisa
2013-07-12 00:00:00,SUBSTITUTIVO N.º 1 AO PROJETO DE LEI N° 90/2013,"SUBSTITUTIVO AO PROJETO DE LEI N° 90/2013 QUE DENOMINA DE NÍLSON DE OLIVEIRA JUNIOR (BULLY), A PRAÇA LOCALIZADA NA AVENIDA AUGUSTO MESQUITA NO LOTEAMENTO RESIDENCIAL AZEREDO, MOREIRA CÉSAR.",Eric Fabiano Sartorato De Oliveira,https://www.pindamonhangaba.sp.leg.br/proposicoes/0/0/0/0/116604#pesquisa
2013-07-02 00:00:00,EMENDA N.º 14 AO PROJETO DE LEI N° 89/2013,"EMENDA MODIFICATIVA N° 01 AO PROJETO DE LEI N° 89/2013, QUE AUTORIZA O PODER EXECUTIVO MUNICIPAL A PERMITIR O USO DE ESPAÇOS NA REALIZAÇÃO DAS COMEMORAÇÕES DO ANIVERSÁRIO DA CIDADE.",Eric Fabiano Sartorato De Oliveira,https://www.pindamonhangaba.sp.leg.br/proposicoes/0/0/0/0/17#pesquisa
2013-07-01 00:00:00,EMENDA N.º 13/2013,"AO PRESIDENTE DA CÂMARA, VEREADOR RICARDO PIORINO, SOLICITANDO MUDANÇA NO HORÁRIO DAS AUDIÊNCIAS PÚBLICAS, PARA APÓS O HORÁRIO COMERCIAL.",Eric Fabiano Sartorato De Oliveira,https://www.pindamonhangaba.sp.leg.br/proposicoes/0/0/0/0/16#pesquisa
2013-06-07 00:00:00,EMENDA N.º 3 AO PROJETO DE LEI N° 51/2013,EMENDA MODIFICATIVA N° 02 AO PROJETO DE LEI N° 51/2013.,Eric Fabiano Sartorato De Oliveira,https://www.pindamonhangaba.sp.leg.br/proposicoes/0/0/0/0/6#pesquisa
2013-06-07 00:00:00,EMENDA N.º 4 AO PROJETO DE LEI N° 51/2013,EMENDA MODIFICATIVA N° 03 AO PROJETO DE LEI N° 51/2013.,Ricardo Alberto Pereira Piorino,https://www.pindamonhangaba.sp.leg.br/proposicoes/0/0/0/0/7#pesquisa
2013-06-07 00:00:00,EMENDA N.º 5 AO PROJETO DE LEI N° 51/2013,EMENDA ADITIVA N° 04 AO PROJETO DE LEI N° 51/2013.,Carlos Moura - Magrão,https://www.pindamonhangaba.sp.leg.br/proposicoes/0/0/0/0/8#pesquisa
2013-06-07 00:00:00,EMENDA N.º 6 AO PROJETO DE LEI N° 51/2013,EMENDA ADITIVA N° 05 AO PROJETO DE LEI N° 51/2013.,Carlos Moura - Magrão,https://www.pindamonhangaba.sp.leg.br/proposicoes/0/0/0/0/9#pesquisa
2013-06-07 00:00:00,EMENDA N.º 7 AO PROJETO DE LEI N° 51/2013,EMENDA ADITIVA N° 06 AO PROJETO DE LEI N° 51/2013.,Carlos Moura - Magrão,https://www.pindamonhangaba.sp.leg.br/proposicoes/0/0/0/0/10#pesquisa
2013-06-07 00:00:00,EMENDA N.º 8 AO PROJETO DE LEI N° 51/2013,EMENDA ADITIVA N° 07 AO PROJETO DE LEI N° 51/2013.,Carlos Moura - Magrão,https://www.pindamonhangaba.sp.leg.br/proposicoes/0/0/0/0/11#pesquisa
2013-06-07 00:00:00,EMENDA N.º 9 AO PROJETO DE LEI N° 51/2013,EMENDA ADITIVA N° 08 AO PROJETO DE LEI N° 51/2013.,Carlos Moura - Magrão,https://www.pindamonhangaba.sp.leg.br/proposicoes/0/0/0/0/12#pesquisa
2013-06-07 00:00:00,EMENDA N.º 10 AO PROJETO DE LEI N° 51/2013,EMENDA ADITIVA N° 09 AO PROJETO DE LEI N° 51/2013.,Carlos Moura - Magrão,https://www.pindamonhangaba.sp.leg.br/proposicoes/0/0/0/0/13#pesquisa
2013-06-07 00:00:00,EMENDA N.º 11 AO PROJETO DE LEI N° 51/2013,EMENDA MODIFICATIVA N° 10 AO PROJETO DE LEI N° 51/2013.,Felipe César,https://www.pindamonhangaba.sp.leg.br/proposicoes/0/0/0/0/14#pesquisa
2013-06-07 00:00:00,EMENDA N.º 12 AO PROJETO DE LEI N° 51/2013,EMENDA MODIFICATIVA N° 11 AO PROJETO DE LEI N° 51/2013.,Felipe César,https://www.pindamonhangaba.sp.leg.br/proposicoes/0/0/0/0/15#pesquisa
2013-06-06 00:00:00,EMENDA N.º 2 AO PROJETO DE LEI N° 51/2013,EMENDA MODIFICATIVA N° 01 AO PROJETO DE LEI N° 51/2013.,Eric Fabiano Sartorato De Oliveira,https://www.pindamonhangaba.sp.leg.br/proposicoes/0/0/0/0/5#pesquisa
2013-06-03 00:00:00,EMENDA N.º 1 AO PROJETO DE LEI Nº 69/2013,"EMENDA MODIFICATIVA Nº 01 AO PROJETO DE LEI Nº 69/2013, QUE TORNA OBRIGATÓRIO O USO DE LANTERNAS ACESAS PELOS VEÍCULOS DE TRANSPORTE COLETIVO ESCOLAR DO MUNICÍPIO DE PINDAMONHANGABA, BEM COMO OS VEÍCULOS DE AUTO ESCOLA, DURANTE O DIA, EM TODAS AS VIAS.",Felipe César,https://www.pindamonhangaba.sp.leg.br/proposicoes/0/0/0/0/4#pesquisa
2012-10-18 00:00:00,SUBSTITUTIVO N.º 3/2012,"DENOMINA TRAVESSA QUE LIGA A AV. WILSON SOARES DE FREITAS, DO LOTEAMENTO RESIDENCIAL CAMPO BELO À RUA JOÃO BATISTA, DO LOTEAMENTO JARDIM AURORA, DE TRAVESSA GREGÓRIO CASAGRANDE.",Martim Cesar,https://www.pindamonhangaba.sp.leg.br/proposicoes/0/0/0/0/116603#pesquisa
2012-10-08 00:00:00,SUBSTITUTIVO N.º 2/2012,DISPÕE SOBRE CELEBRAÇÃO DE CONVÊNIO COM A EMPRESA PRIVADA DE ASSISTÊNCIA MÉDICA E HOSPITALAR PARA O QUADRO DE PESSOAL DA CÂMARA DE VEREADORES DE PINDAMONHANGABA.,Vereadores,https://www.pindamonhangaba.sp.leg.br/proposicoes/0/0/0/0/116602#pesquisa
2012-09-17 00:00:00,SUBSTITUTIVO N.º 1/2012,INSTITUI O DIA DO MOTOCICLISTA NO MUNICÍPIO DE PINDAMONHANGABA.,Jose Alexandre Faria,https://www.pindamonhangaba.sp.leg.br/proposicoes/0/0/0/0/116601#pesquisa
2011-05-30 00:00:00,EMENDA N.º 1/2011,DÁ NOVA REDAÇÃO AO ARTIGO 203 DA LEI ORGÂNICA MUNICIPAL.,Poder Executivo,https://www.pindamonhangaba.sp.leg.br/proposicoes/0/0/0/0/58#pesquisa
2010-11-22 01:00:00,EMENDA MODIFICATIVA N.º 3/2010,"DÁ NOVA REDAÇÃO AO INCISO III, DO ART. 4º.",José Carlos Gomes – Cal,https://www.pindamonhangaba.sp.leg.br/proposicoes/0/0/0/0/116764#pesquisa
2010-11-22 01:00:00,EMENDA MODIFICATIVA N.º 4 AO PROJETO DE LEI Nº 116/2010,EMENDA AO PL 116/2010.,Geni Dias Ramos,https://www.pindamonhangaba.sp.leg.br/proposicoes/0/0/0/0/116765#pesquisa
2010-11-22 01:00:00,EMENDA MODIFICATIVA N.º 5/2010,"DA NOVA REDAÇÃO AO INCISO III, DO ART. 4º.",Janio Ardito Lerario,https://www.pindamonhangaba.sp.leg.br/proposicoes/0/0/0/0/116766#pesquisa
2010-11-22 01:00:00,EMENDA MODIFICATIVA N.º 6/2010,"DÁ NOVA REDAÇÃO AO INCISO III, DO ART. 4º.",Janio Ardito Lerario,https://www.pindamonhangaba.sp.leg.br/proposicoes/0/0/0/0/116767#pesquisa
2010-11-22 01:00:00,EMENDA MODIFICATIVA N.º 7/2010,"O ITEM III, DO ART. 4º PASSA A TER A SEGUINTE REDAÇÃO:",Janio Ardito Lerario,https://www.pindamonhangaba.sp.leg.br/proposicoes/0/0/0/0/116768#pesquisa
2010-11-22 01:00:00,EMENDA MODIFICATIVA N.º 8 AO PROJETO DE LEI Nº 116/2010,EMENDA Nº 008 AO PROJETO DE LEI 116/2010.,Marcos Aurelio Villardi,https://www.pindamonhangaba.sp.leg.br/proposicoes/0/0/0/0/116769#pesquisa
2010-11-12 01:00:00,EMENDA MODIFICATIVA N.º 1 AO PROJETO DE LEI Nº 116/2010,"ALTERA A REDAÇÃO DOS INCISOS III E IV, DO ART. 4º, DO PROJETO DE LEI Nº 116/2010, QUE ""ESTIMA A RECEITA E FIXA A DESPESA DO MUNICÍPIO DE PINDAMONHANGABA PARA EXERCÍCIO DE 2011"".",Isael Domingues,https://www.pindamonhangaba.sp.leg.br/proposicoes/0/0/0/0/116762#pesquisa
2010-05-21 00:00:00,EMENDA N.º 1/2010,"ALTERA O ART. 2º, DO DECRETO LEGISLATIVO Nº 02, DE 22 DE MARÇO DE 2004, QUE DISPÕE SOBRE A COMEMORAÇÃO ANUAL DO ""DIA MUNICIPAL DO POLICIAL MILITAR E CIVIL"".",Jose Alexandre Faria,https://www.pindamonhangaba.sp.leg.br/proposicoes/0/0/0/0/59#pesquisa
2009-10-19 01:00:00,EMENDA SUPRESSIVA N.º 1 AO PROJETO DE LEI Nº 96/2009,"Emenda Supressiva ao Projeto de Lei nº 96/2009, que Disciplina a dação em pagamento de bens imóveis situados no município de Pindamonhangaba, nos termos do art. 156, XI do Código Tributário Nacional.",Martim Cesar,https://www.pindamonhangaba.sp.leg.br/proposicoes/0/0/0/0/116771#pesquisa
2009-07-03 00:00:00,EMENDA MODIFICATIVA N.º 1 AO PROJETO DE LEI Nº 62/2009,Emenda nº 01 ao Projeto de Lei nº 62/2009.,Geni Dias Ramos,https://www.pindamonhangaba.sp.leg.br/proposicoes/0/0/0/0/116758#pesquisa
2009-07-03 00:00:00,EMENDA MODIFICATIVA N.º 2 AO PROJETO DE LEI Nº 62/2009,Emenda nº 02 ao Projeto de Lei nº 62/2009.,Geni Dias Ramos,https://www.pindamonhangaba.sp.leg.br/proposicoes/0/0/0/0/116759#pesquisa
2009-07-03 00:00:00,EMENDA MODIFICATIVA N.º 3 AO PROJETO DE LEI Nº 62/2009,Emenda nº 03 ao Projeto de Lei nº 62/2009.,Geni Dias Ramos,https://www.pindamonhangaba.sp.leg.br/proposicoes/0/0/0/0/116760#pesquisa
2009-07-03 00:00:00,EMENDA MODIFICATIVA N.º 4 AO PROJETO DE LEI Nº 62/2009,Emenda nº 04 ao Projeto de Lei nº 62/2009.,Geni Dias Ramos,https://www.pindamonhangaba.sp.leg.br/proposicoes/0/0/0/0/116761#pesquisa
2009-06-29 00:00:00,EMENDA MODIFICATIVA N.º 1 AO PROJETO DE LEI Nº 78/2009,"Emenda Modificativa ao Projeto de Lei nº 78/2009, que Dispõe sobre a comemoração do Dia Mundial do Tropeiro no município de Pindamonhangaba.",Abdala Salomao Neto,https://www.pindamonhangaba.sp.leg.br/proposicoes/0/0/0/0/116770#pesquisa
2008-12-22 01:00:00,EMENDA ADITIVA N.º 1 AO PROJETO DE LEI Nº 115/2008,Emenda Aditiva nº 01/2008 ao PL nº 115/2008.,Carlos José Ribeiro,https://www.pindamonhangaba.sp.leg.br/proposicoes/0/0/0/0/116784#pesquisa
2008-12-22 01:00:00,EMENDA ADITIVA N.º 2 AO PROJETO DE LEI Nº 115/2008,Emenda Aditiva nº 02/2008 ao PL nº 115/2008,Carlos José Ribeiro,https://www.pindamonhangaba.sp.leg.br/proposicoes/0/0/0/0/116785#pesquisa
2008-12-15 01:00:00,EMENDA MODIFICATIVA N.º 1 AO PROJETO DE LEI Nº 172/2008,Emenda nº 01 ao PL nº 172/2008.,Mesa Diretora,https://www.pindamonhangaba.sp.leg.br/proposicoes/0/0/0/0/116786#pesquisa
2008-12-15 01:00:00,EMENDA MODIFICATIVA N.º 2 AO PROJETO DE LEI Nº 172/2008,Emenda n 02/2008 ao PL n 172/2008 - REJEITADA.,José Carlos Gomes – Cal,https://www.pindamonhangaba.sp.leg.br/proposicoes/0/0/0/0/116787#pesquisa
2008-12-15 01:00:00,EMENDA MODIFICATIVA N.º 3 AO PROJETO DE LEI Nº 172/2008,EMENDA Nº 03/2008 AO PL Nº 172/2008.,José Carlos Gomes – Cal,https://www.pindamonhangaba.sp.leg.br/proposicoes/0/0/0/0/116788#pesquisa
2008-12-15 01:00:00,EMENDA MODIFICATIVA N.º 4 AO PROJETO DE LEI Nº 172/2008,EMENDA Nº 04/2008 AO PL Nº 172/2008.,José Carlos Gomes – Cal,https://www.pindamonhangaba.sp.leg.br/proposicoes/0/0/0/0/116789#pesquisa
2008-12-01 01:00:00,EMENDA MODIFICATIVA N.º 1 AO PROJETO DE LEI COMPLEMENTAR Nº 06/2008,EMENDA MODIFICATIVA Nº 01/2008 AO PROJETO DE LEI COMPLEMENTAR Nº 06/2008.,Martim Cesar,https://www.pindamonhangaba.sp.leg.br/proposicoes/0/0/0/0/116790#pesquisa
2008-12-01 01:00:00,EMENDA ADITIVA N.º 2 AO PROJETO DE LEI COMPLEMENTAR Nº 06/2008,EMENDA ADITIVA Nº 02/2008 AO PROJETO DE LEI COMPLEMENTAR Nº 06/2008.,Martim Cesar,https://www.pindamonhangaba.sp.leg.br/proposicoes/0/0/0/0/116791#pesquisa
2008-10-31 01:00:00,EMENDA MODIFICATIVA N.º 1 AO PROJETO DE LEI Nº 96/2008,Emenda Modificativa ao PL 96/2008,Carlos José Ribeiro,https://www.pindamonhangaba.sp.leg.br/proposicoes/0/0/0/0/116781#pesquisa
2008-10-31 01:00:00,EMENDA MODIFICATIVA N.º 2 AO PROJETO DE LEI Nº 96/2008,Emenda Modificativa ao PL 96/2008.,Carlos José Ribeiro,https://www.pindamonhangaba.sp.leg.br/proposicoes/0/0/0/0/116782#pesquisa
2008-09-22 00:00:00,EMENDA SUPRESSIVA N.º 1 AO PROJETO DE LEI Nº 103/2008,"Emenda Supressiva nº 01/2008 ao Projeto de Lei nº 103/2008, que Institui no âmbito do Município de Pindamonhangaba, a Semana da Conscientização ambiental.",Carlos José Ribeiro,https://www.pindamonhangaba.sp.leg.br/proposicoes/0/0/0/0/116783#pesquisa
2008-05-12 00:00:00,EMENDA SUPRESSIVA N.º 1 AO PROJETO DE LEI Nº 83/2008,Emenda Supressiva ao Subst do PL 83/2008.,José Carlos Gomes – Cal,https://www.pindamonhangaba.sp.leg.br/proposicoes/0/0/0/0/116777#pesquisa
2008-05-12 00:00:00,EMENDA ADITIVA N.º 2 AO PROJETO DE LEI Nº 83/2008,Emenda Aditiva ao PL 83/2008.,José Carlos Gomes – Cal,https://www.pindamonhangaba.sp.leg.br/proposicoes/0/0/0/0/116778#pesquisa
2008-05-12 00:00:00,EMENDA ADITIVA N.º 3 AO PROJETO DE LEI Nº 83/2008,Emenda Aditiva ao PL 83/2008.,José Carlos Gomes – Cal,https://www.pindamonhangaba.sp.leg.br/proposicoes/0/0/0/0/116779#pesquisa
2008-05-12 00:00:00,EMENDA ADITIVA N.º 4 AO PROJETO DE LEI Nº 83/2008,Emenda Aditiva ao PL 83/2008.,José Carlos Gomes – Cal,https://www.pindamonhangaba.sp.leg.br/proposicoes/0/0/0/0/116780#pesquisa
2008-02-11 01:00:00,SUBSTITUTIVO Nº 1 AO PROJETO DE LEI N.º 001/2008,SUBSTITUTIVO AO PROJETO DE LEI N° 01/2008 QUE AUTORIZA O PODER EXECUTIVO A CELEBRAR CONVÊNIO DE COOPERAÇÃO COM O ESTADO DE SÃO PAULO COM A SECRETARIA,Vereadores,https://www.pindamonhangaba.sp.leg.br/proposicoes/0/0/0/0/118327#pesquisa
2007-12-10 01:00:00,EMENDA SUPRESSIVA N.º 1 AO PROJETO DE LEI COMPLEMENTAR Nº 03/2007,EMENDA SUPRESSIVA Nº 01/2007 AO PROJETO DE LEI COMPLEMENTAR Nº 03/2007.,Martim Cesar,https://www.pindamonhangaba.sp.leg.br/proposicoes/0/0/0/0/116772#pesquisa
2007-12-10 01:00:00,EMENDA MODIFICATIVA N.º 2 AO PROJETO DE LEI COMPLEMENTAR Nº 03/2007,EMENDA MODIFICATIVA Nº 02/2007 AO PROJETO DE LEI COMPLEMENTAR Nº 03/2007.,Martim Cesar,https://www.pindamonhangaba.sp.leg.br/proposicoes/0/0/0/0/116773#pesquisa
2007-12-10 01:00:00,EMENDA MODIFICATIVA N.º 3 AO PROJETO DE LEI COMPLEMENTAR Nº 03/2007,EMENDA MODIFICATIVA Nº 03/2007 AO PROJETO DE LEI COMPLEMENTAR Nº 03/2007.,Martim Cesar,https://www.pindamonhangaba.sp.leg.br/proposicoes/0/0/0/0/116774#pesquisa
2007-12-10 01:00:00,EMENDA MODIFICATIVA N.º 4 AO PROJETO DE LEI COMPLEMENTAR Nº 03/2007,EMENDA MODIFICATIVA Nº 04/2007 AO PROJETO DE LEI COMPLEMENTAR Nº 03/2007.,Antônio Alves Da Silva,https://www.pindamonhangaba.sp.leg.br/proposicoes/0/0/0/0/116775#pesquisa
2007-12-10 01:00:00,EMENDA MODIFICATIVA N.º 5 AO PROJETO DE LEI COMPLEMENTAR Nº 03/2007,EMENDA MODIFICATIVA Nº 05/2007 AO PROJETO DE LEI COMPLEMENTAR Nº 03/2007.,Martim Cesar,https://www.pindamonhangaba.sp.leg.br/proposicoes/0/0/0/0/116776#pesquisa
2007-09-24 00:00:00,EMENDA ADITIVA N.º 1 AO PROJETO DE LEI Nº 225/2007,EMENDA ADITIVA Nº 01/07 AO PROJETO DE LEI Nº 225/2007.,José Carlos Gomes – Cal,https://www.pindamonhangaba.sp.leg.br/proposicoes/0/0/0/0/116823#pesquisa
2006-04-20 00:00:00,SUBSTITUTIVO Nº 1 AO PROJETO DE LEI N.º 022/2006,"DISPÕE SOBRE A COLOCAÇÃO DE CAIXA ELETRÔNICO DENTRO DAS AGÊNCIAS BANCÁRIAS, EXCLUSIVO PARA PESSOAS PORTADORAS DE PARAPLEGIA.",Myriam Alckmin Ramos Nogueira,https://www.pindamonhangaba.sp.leg.br/proposicoes/0/0/0/0/118326#pesquisa
2006-04-20 00:00:00,EMENDA MODIFICATIVA N.º 1/2006,DISPÕE SOBRE A RETIRADA DE ANÚNCIOS DE PUBLICIDADE ATRAVÉS DE FAIXAS.,Myriam Alckmin Ramos Nogueira,https://www.pindamonhangaba.sp.leg.br/proposicoes/0/0/0/0/116832#pesquisa
2005-06-27 00:00:00,EMENDA MODIFICATIVA N.º 3 AO PROJETO DE LEI N° 03/2005,EMENDA N 03/2005 AO PLO Nº 75/2005 QUE DISPÕE SOBRE AS DIRETRIZES ORÇAMENTÁRIAS PARA O EXERCÍCIO DE 2006 E DÁ OUTRAS PROVIDÊNCIAS.,Felipe César,https://www.pindamonhangaba.sp.leg.br/proposicoes/0/0/0/0/116798#pesquisa
2005-06-15 00:00:00,EMENDA MODIFICATIVA N.º 1/2005,PREJUDICADA,Felipe César,https://www.pindamonhangaba.sp.leg.br/proposicoes/0/0/0/0/116796#pesquisa
2005-06-15 00:00:00,EMENDA MODIFICATIVA N.º 2/2005,PREJUDICADA,José Carlos Gomes – Cal,https://www.pindamonhangaba.sp.leg.br/proposicoes/0/0/0/0/116797#pesquisa
2005-05-30 00:00:00,EMENDA MODIFICATIVA N.º 1 À LEI ORGÂNICA MUNICIPAL Nº 22/2005,"EMENDA À LEI ORGÂNICA MUNICIPAL Nº 22, DE 30 DE MAIO DE 2005, QUE ALTERA A REDAÇÃO DO ARTIGO 136 DA LOM.",Mesa Diretora,https://www.pindamonhangaba.sp.leg.br/proposicoes/0/0/0/0/116799#pesquisa
2005-01-14 01:00:00,EMENDA MODIFICATIVA N.º 1 AO PROJETO DE LEI Nº 08/2005,"EMENDA AO PROJETO DE LEI Nº 08/2005, QUE DISPÕE SOBRE A ESTRUTURA ADMINISTRATIVA DA CÂMARA.",Felipe César,https://www.pindamonhangaba.sp.leg.br/proposicoes/0/0/0/0/116794#pesquisa
2005-01-14 01:00:00,EMENDA MODIFICATIVA N.º 2 AO PROJETO DE LEI Nº 08/2005,"EMENDA AO PROJETO DE LEI Nº 08/2005, QUE DISPÕE SOBRE A ESTRUTURA ADMINISTRATIVA DA CÂMARA DE PINDAMONHANGABA E DÁ OUTRAS PROVIDÊNCIAS.",Felipe César,https://www.pindamonhangaba.sp.leg.br/proposicoes/0/0/0/0/116795#pesquisa
2005-01-13 01:00:00,EMENDA MODIFICATIVA N.º 1/2005 AO PROJETO DE LEI Nº 02/2005,"EMENDA AO PROJETO DE LEI N 02/2005, QUE ALTERA A LEI Nº 3870/2001, QUE DISPÔS SOBRE A ATUALIZAÇÃO DO QUADRO DE SERVIDORES DA PREFEITURA MUNICIPAL DE PINDAMONHANGABA, E DÁ OUTRAS PROVIDÊNCIAS.",Martim Cesar,https://www.pindamonhangaba.sp.leg.br/proposicoes/0/0/0/0/116792#pesquisa
2005-01-13 01:00:00,EMENDA MODIFICATIVA N.º 2/2005 AO PROJETO DE LEI Nº 02/2005,"EMENDA AO PROJETO DE LEI N 02/2005, QUE ALTERA A LEI Nº 3870/2001, QUE DISPÔS SOBRE A ATUALIZAÇÃO DO QUADRO DE SERVIDORES DA PREFEITURA MUNICIPAL DE PINDAMONHANGABA, E DÁ OUTRAS PROVIDÊNCIAS.",Martim Cesar,https://www.pindamonhangaba.sp.leg.br/proposicoes/0/0/0/0/116793#pesquisa
2004-11-29 01:00:00,EMENDA ADITIVA N.º 1 AO PROJETO DE LEI Nº 111/2004,"EMENDA N 01/2004 AO PROJETO DE LEI Nº 111/2004, QUE ESTIMA A RECEITA E FIXA A DESPESAS DO MUNICÍPIO DE PINDAMONHANGABA PARA O EXERCÍCIO DE 2005.",Mesa Diretora,https://www.pindamonhangaba.sp.leg.br/proposicoes/0/0/0/0/116810#pesquisa
2004-11-29 01:00:00,EMENDA ADITIVA N.º 2 AO PROJETO DE LEI Nº 111/2004,"EMENDA N 02/2004 AO PROJETO DE LEI Nº 111/2004, QUE ESTIMA A RECEITA E FIXA A DESPESAS DO MUNICÍPIO DE PINDAMONHANGABA PARA O EXERCÍCIO DE 2005.",Mesa Diretora,https://www.pindamonhangaba.sp.leg.br/proposicoes/0/0/0/0/116811#pesquisa
2004-11-29 01:00:00,EMENDA ADITIVA N.º 3 AO PROJETO DE LEI Nº 111/2004,"EMENDA N 03/2004 AO PROJETO DE LEI Nº 111/2004, QUE ESTIMA A RECEITA E FIXA A DESPESAS DO MUNICÍPIO DE PINDAMONHANGABA PARA O EXERCÍCIO DE 2005.",Mesa Diretora,https://www.pindamonhangaba.sp.leg.br/proposicoes/0/0/0/0/116812#pesquisa
2004-11-29 01:00:00,EMENDA ADITIVA N.º 4 AO PROJETO DE LEI Nº 111/2004,"EMENDA N 04/2004 AO PROJETO DE LEI Nº 111/2004, QUE ESTIMA A RECEITA E FIXA A DESPESAS DO MUNICÍPIO DE PINDAMONHANGABA PARA O EXERCÍCIO DE 2005.",Mesa Diretora,https://www.pindamonhangaba.sp.leg.br/proposicoes/0/0/0/0/116813#pesquisa
2004-11-29 01:00:00,EMENDA ADITIVA N.º 5 AO PROJETO DE LEI Nº 111/2004,"EMENDA N 05/2004 AO PROJETO DE LEI Nº 111/2004, QUE ESTIMA A RECEITA E FIXA A DESPESAS DO MUNICÍPIO DE PINDAMONHANGABA PARA O EXERCÍCIO DE 2005.",Mesa Diretora,https://www.pindamonhangaba.sp.leg.br/proposicoes/0/0/0/0/116814#pesquisa
2004-11-29 01:00:00,EMENDA ADITIVA N.º 6 AO PROJETO DE LEI Nº 111/2004,"EMENDA N 06/2004 AO PROJETO DE LEI Nº 111/2004, QUE ESTIMA A RECEITA E FIXA A DESPESAS DO MUNICÍPIO DE PINDAMONHANGABA PARA O EXERCÍCIO DE 2005.",Mesa Diretora,https://www.pindamonhangaba.sp.leg.br/proposicoes/0/0/0/0/116815#pesquisa
2004-11-29 01:00:00,EMENDA ADITIVA N.º 7 AO PROJETO DE LEI Nº 111/2004,"EMENDA N 07/2004 AO PROJETO DE LEI Nº 111/2004, QUE ESTIMA A RECEITA E FIXA A DESPESAS DO MUNICÍPIO DE PINDAMONHANGABA PARA O EXERCÍCIO DE 2005.",Mesa Diretora,https://www.pindamonhangaba.sp.leg.br/proposicoes/0/0/0/0/116816#pesquisa
2004-11-29 01:00:00,EMENDA ADITIVA N.º 8 AO PROJETO DE LEI Nº 111/2004,"EMENDA N 08/2004 AO PROJETO DE LEI Nº 111/2004, QUE ESTIMA A RECEITA E FIXA A DESPESAS DO MUNICÍPIO DE PINDAMONHANGABA PARA O EXERCÍCIO DE 2005.",Mesa Diretora,https://www.pindamonhangaba.sp.leg.br/proposicoes/0/0/0/0/116817#pesquisa
2004-07-05 00:00:00,EMENDA ADITIVA N.º 2 À LEI ORGÂNICA MUNICIPAL N.° 21/2004,"EMENDA À LEI ORGÂNICA MUNICIPAL N.° 21, DE 05 DE JULHO DE 2004.Altera o § 2° do artigo 8° da LOM.",Mesa Diretora,https://www.pindamonhangaba.sp.leg.br/proposicoes/0/0/0/0/116819#pesquisa
2004-01-29 01:00:00,EMENDA ADITIVA N.º 1 AO PROJETO DE LEI COMPLEMENTAR N.° 01/2004,"EMENDA AO PROJETO DE LEI COMPLEMENTAR N.° 01/2004, de autoria do ver. Delvair Gonçalves de Araújo, que institui no âmbito municipal o FUNDO DE PREVIDÊNCIA MUNICIPAL DE PINDAMONHANGABA, que dispõe sobre a concessão da aposentadoria aos servidores municipais, pensão aos seus dependentes e dá outras providências.",Mesa Diretora,https://www.pindamonhangaba.sp.leg.br/proposicoes/0/0/0/0/116818#pesquisa
2004-01-19 01:00:00,EMENDA SUPRESSIVA N.º 1 AO PROJETO DE LEI COMPLEMENTAR Nº 01/2004,"EMENDA AO PROJETO DE LEI COMPLEMENTAR Nº 01/2004 DE AUTORIA DO VEREADOR DELVAIR GONÇALVES DE ARAÚJO, QUE INSTITUI NO ÂMBITO MUNICIPAL O FUNDO DE PREVIDÊNCIA MUNICIPAL DE PINDAMONHANGABA, QUE DISPÕE SOBRE A CONCESSÃO DA APOSENTADORIA AOS SERVIDORES MUNICIPAIS, PENSÃO AOS SEUS DEPENDENTES E DÁ OUTRAS PROVIDÊNCIAS.",Mesa Diretora,https://www.pindamonhangaba.sp.leg.br/proposicoes/0/0/0/0/116809#pesquisa
2004-01-02 01:00:00,EMENDA SUPRESSIVA N.º 1 AO PROJETO DE LEI Nº 01/2003,"EMENDA AO PROJETO DE LEI Nº 01/2003, QUE EXTINGUE EMPREGO DA LEI Nº 3799, DE 16 DE MAIO DE 2001.",Mesa Diretora,https://www.pindamonhangaba.sp.leg.br/proposicoes/0/0/0/0/116820#pesquisa
2003-11-24 01:00:00,EMENDA ADITIVA N.º 1 AO PROJETO DE LEI N° 121/2003,"EMENDA n.° 01/2003 PROJETO DE LEI N.° 121/2003, que dispõe sobre as diretrizes orçamentárias para o exercício de 2004 e dá  outras providências",Comissões,https://www.pindamonhangaba.sp.leg.br/proposicoes/0/0/0/0/116825#pesquisa
2003-11-24 01:00:00,EMENDA SUPRESSIVA N.º 1 AO PROJETO DE LEI N° 122/2003,EMENDA N.° 01 AO PROJETO DE LEI N° 122 /2003,Mesa Diretora,https://www.pindamonhangaba.sp.leg.br/proposicoes/0/0/0/0/116826#pesquisa
2003-11-24 01:00:00,EMENDA SUPRESSIVA N.º 2 AO PROJETO DE LEI N° 122/2003,EMENDA N.° 02 EMENDA AO PROJETO DE LEI N° 122 /2003,Mesa Diretora,https://www.pindamonhangaba.sp.leg.br/proposicoes/0/0/0/0/116827#pesquisa
2003-11-24 01:00:00,EMENDA SUPRESSIVA N.º 3 AO PROJETO DE LEI N° 122/2003,EMENDA N.° 03 EMENDA AO PROJETO DE LEI N° 122 /2003,Mesa Diretora,https://www.pindamonhangaba.sp.leg.br/proposicoes/0/0/0/0/116828#pesquisa
2003-11-24 01:00:00,EMENDA SUPRESSIVA N.º 4 AO PROJETO DE LEI N° 122/2003,"EMENDA N.° 04/2003 PROJETO DE LEI N.° 122/2003, que estima a Receita e fixa a Despesas do Município de Pindamonhangaba para o exercício de 2004.",Mesa Diretora,https://www.pindamonhangaba.sp.leg.br/proposicoes/0/0/0/0/116829#pesquisa
2003-11-24 01:00:00,EMENDA SUPRESSIVA N.º 5 AO PROJETO DE LEI N° 122/2003,CORREÇÃO DA EMENDA N° 05/2003 PROJETO DE LEI N° 1 22/200 3,Mesa Diretora,https://www.pindamonhangaba.sp.leg.br/proposicoes/0/0/0/0/116830#pesquisa
2003-11-24 01:00:00,EMENDA SUPRESSIVA N.º 6 AO PROJETO DE LEI N° 122/2003,EMENDA N.° 06 PROJETO DE LEI N.° 122/2003,Mesa Diretora,https://www.pindamonhangaba.sp.leg.br/proposicoes/0/0/0/0/116831#pesquisa
2003-01-02 01:00:00,EMENDA ADITIVA N.º 1 AO PROJETO DE LEI Nº 02/2003,"EMENDA AO PROJETO DE LEI Nº 02/2003, QUE FIXA SALÁRIO PARA OS EMPREGOS CRIADOS PELA RESOLUÇÃO _ DE _ DE 2003, E DÁ OUTRAS PROVIDÊNCIAS.",Mesa Diretora,https://www.pindamonhangaba.sp.leg.br/proposicoes/0/0/0/0/116821#pesquisa
2001-12-18 01:00:00,SUBSTITUTIVO Nº 1 AO PROJETO DE LEI N.º 130/2001,"Substitutivo ao Projeto de Lei nº 130/2001, que altera dispositivos da Lei nº 2574/91, que institui o Plano Comunitário Municipal de Melhoramentos- PC",Vereadores,https://www.pindamonhangaba.sp.leg.br/proposicoes/0/0/0/0/118325#pesquisa
2001-08-27 00:00:00,SUBSTITUTIVO Nº 1 AO PROJETO DE LEI N.º 069/2001,"SUBSTITUTIVO AO PROJETO DE LEI Nº 69/2001, DO EXECUTIVO, QUE DISPÕE SOBRE A DENOMINAÇÃO DA ÁREA DA FAZENDA REPRESA DE PROPRIEDADE DO MUNICÍPIO DEP ARQ",Delvair Gonçalves De Araújo,https://www.pindamonhangaba.sp.leg.br/proposicoes/0/0/0/0/118324#pesquisa
2001-06-11 00:00:00,SUBSTITUTIVO Nº 1 AO PROJETO DE LEI N.º 045/2001,"SUBSTITUTIVO AO PROJETO DE LEI Nº 45/2001, QUE DISPÕE SOBRE A UTILIZAÇÃO DE CAÇAMBAS NO MUNICÍPIO.",Renato Flores Bergamini,https://www.pindamonhangaba.sp.leg.br/proposicoes/0/0/0/0/118323#pesquisa
2001-05-21 00:00:00,SUBSTITUTIVO Nº 1 AO PROJETO DE LEI N.º 040/2001,"SUBSTITUTIVO AO PROJETO DE LEI Nº 40/2001, QUE INSTITUI NAS ESCOLAS DA REDE MUNICIPAL DE ENSINO FUNDAMENTAL UM CENTRO DE ORIENTAÇÃO AOS ESTUDANTES QUE",Adriano Da Silva Santos,https://www.pindamonhangaba.sp.leg.br/proposicoes/0/0/0/0/118322#pesquisa
2001-05-03 00:00:00,EMENDA ADITIVA N.º 1 AO PROJETO DE LEI Nº 40/2001,"EMENDA AO PROJETO DE LEI Nº 40/2001, QUE INSTITUI NAS ESCOLAS DA REDE MUNICIPAL DE ENSINO FUNDAMENTAL UM CENTRO DE ORIENTAÇÃO AOS ESTUDANTES QUE POSSUEM DEPENDÊNCIA QUÍMICA.",Adriano Da Silva Santos,https://www.pindamonhangaba.sp.leg.br/proposicoes/0/0/0/0/116897#pesquisa
1999-11-29 01:00:00,EMENDA MODIFICATIVA N.º 1/1999,"Emenda ao Projeto de Lei n] 55/1999, que dispõe sobre a regulamentação da metodologia de cálculo tarifário do Transporte Coletivo Urbano do Município de Pindamonhangaba.",Comissões,https://www.pindamonhangaba.sp.leg.br/proposicoes/0/0/0/0/116835#pesquisa
1999-09-13 00:00:00,EMENDA SUPRESSIVA N.º 1 AO PROJETO DE LEI Nº 28/1999,EMENDA AO PROJETO DE LEI Nº 28/1999 QUE DISPÕE SOBRE OBRIGATORIEDADE DE RECUO CONCORDANTE PARA EDIFICAÇÕES NAS ESQUINAS DOS LOGRADOUROS PÚBLICOS.,Comissões,https://www.pindamonhangaba.sp.leg.br/proposicoes/0/0/0/0/116834#pesquisa
1999-08-02 00:00:00,EMENDA MODIFICATIVA N.º 1 AO PROJETO DE LEI Nº 63/1999,Emenda ao Projeto de Lei nº 63/1999. Altera paragrafo 1º do artigo 2º que dispõe sobre a criação de cargos e institui o Programa de Saúde e Família- PSF e dá outras providências.,Comissões,https://www.pindamonhangaba.sp.leg.br/proposicoes/0/0/0/0/116836#pesquisa
1999-06-29 00:00:00,EMENDA ADITIVA N.º 4/1999,"EMENDA À LEI ORGÂNICA MUNICIPAL Nº11, DE 21 DE JUNHO DE 1999. DÁ NOVA REDAÇÃO AOS ARTIGOS 9º, 10º E 13º DA LOM.",Noriaki Odan,https://www.pindamonhangaba.sp.leg.br/proposicoes/0/0/0/0/116845#pesquisa
1999-02-01 01:00:00,EMENDA MODIFICATIVA N.º 3/1999,"EMENDA A LEI ORGÂNICA MUNICIPAL Nº10, DE 19 DE FEVEREIRO DE 1999. DÁ NOVA REDAÇÃO AO §2º DO ARTIGO 8º DA LEI ORGÂNICA MUNICIPAL.",Mesa Diretora,https://www.pindamonhangaba.sp.leg.br/proposicoes/0/0/0/0/116846#pesquisa
1998-07-01 00:00:00,EMENDA ADITIVA N.º 1/1998,ESTABELECE NORMAS PARA A CONTRATAÇÃO DE PESSOAL POR TEMPO DETERMINADO E DÁ OUTRAS PROVIDÊNCIAS.,Delvair Gonçalves De Araújo,https://www.pindamonhangaba.sp.leg.br/proposicoes/0/0/0/0/116848#pesquisa
1998-07-01 00:00:00,EMENDA ADITIVA N.º 2 AO PROJETO DE LEI Nº 57/98,"EMENDA ADITIVA AO PROJETO DE LEI Nº 57/98, QUE ESTABELECE NORMAS PARA A CONTRATAÇÃO DE PESSOAL, POR TEMPO DETERMINADO E DÁ OUTRAS PROVIDÊNCIAS.",José Carlos Gomes – Cal,https://www.pindamonhangaba.sp.leg.br/proposicoes/0/0/0/0/116849#pesquisa
1998-06-22 00:00:00,EMENDA ADITIVA N.º 1/1998,"O ARTIGO 2º PASSA A TER A SEGUINTE REDAÇÃO
""ARTIGO 2º - FICARÁ A CRITÉRIO DA MESA DA CÂMARA A DATA PARA A REALIZAÇÃO DE ATÉ DUAS (02) SESSÕES SIMULADAS
PARÁGRAFO ÚNICO - DURANTE A SESSÃO SIMULADA O PLENÁRIO E A MESA SERÃO COMPOSTOS POR ESTUDANTES"".",José Carlos Gomes – Cal,https://www.pindamonhangaba.sp.leg.br/proposicoes/0/0/0/0/116850#pesquisa
1998-05-29 00:00:00,EMENDA ADITIVA N.º 1 AO PROJETO DE LEI Nº 50/98,"EMENDA AO PROJETO DE LEI Nº 50/98, QUE DISPÕE SOBRE DOAÇÃO DE ÁREA PARA LRL CENTRO EDUCACIONAL S/C LTDA., E DÁ OUTRAS PROVIDÊNCIAS.",Felipe César,https://www.pindamonhangaba.sp.leg.br/proposicoes/0/0/0/0/116847#pesquisa
1998-05-25 00:00:00,EMENDA IMPOSITIVA INDIVIDUAL N.º 2 AO PROJETO DE LEI Nº 10/98,FICA ACRESCIDO O ITEM III AO ARTIGO 3º DO PROJETO DE LEI Nº 10/98,Inaldo Soares De Freitas,https://www.pindamonhangaba.sp.leg.br/proposicoes/0/0/0/0/116840#pesquisa
1998-05-25 00:00:00,EMENDA ADITIVA N.º 3/1998,FICA ACRESCIDO O INCISO XV AO ARTIGO 16,João Antonio Salgado Ribeiro,https://www.pindamonhangaba.sp.leg.br/proposicoes/0/0/0/0/116841#pesquisa
1998-05-18 00:00:00,EMENDA ADITIVA N.º 1 AO PROJETO DE LEI Nº 30/98,"EMENDA AO PROJETO DE LEI Nº 30/98, QUE ESTABELECE NORMAS PARA A PROPAGANDA POR MEIO DE SOM NO MUNICÍPIO DE PINDAMONHANGABA",Abel Corrêa Guimarães Filho,https://www.pindamonhangaba.sp.leg.br/proposicoes/0/0/0/0/116844#pesquisa
1998-04-23 00:00:00,EMENDA ADITIVA N.º 1/1998,O ARTIGO 4º PASSA A SER O ARTIGO 5º,José Esaur De Freitas,https://www.pindamonhangaba.sp.leg.br/proposicoes/0/0/0/0/116842#pesquisa
1998-04-23 00:00:00,EMENDA ADITIVA N.º 2/1998,O ARTIGO 4º PASSA A SER O ARTIGO 5º,José Esaur De Freitas,https://www.pindamonhangaba.sp.leg.br/proposicoes/0/0/0/0/116843#pesquisa
1998-03-09 00:00:00,EMENDA ADITIVA N.º 1/1998,ACRESCENTA PARÁGRAFO ÚNICO AO ARTIGO 1º,Felipe César,https://www.pindamonhangaba.sp.leg.br/proposicoes/0/0/0/0/116838#pesquisa
1998-03-02 00:00:00,EMENDA ADITIVA N.º 1/1998,FICA ACRESCIDO AO ARTIGO 1º,Paulo Romeiro Ramos Mello,https://www.pindamonhangaba.sp.leg.br/proposicoes/0/0/0/0/116839#pesquisa
1996-07-08 00:00:00,EMENDA MODIFICATIVA N.º 1 AO PROJETO DE LEI 77/1996,EMENDA AO PROJETO DE LEI 77/1996.,Paulo De Andrade,https://www.pindamonhangaba.sp.leg.br/proposicoes/0/0/0/0/116864#pesquisa
1996-06-17 00:00:00,EMENDA ADITIVA N.º 1/1996,EMENDAS DA COMISSÃO DE EDUCAÇÃO AO PROJETO DE LEI Nº. 66/1996 QUE INTEGRA O ENSINO DE CAPOEIRA NAS ESCOLAS MUNICIPAIS.,Comissões,https://www.pindamonhangaba.sp.leg.br/proposicoes/0/0/0/0/116856#pesquisa
1995-11-27 01:00:00,EMENDA ADITIVA N.º 1/1995,"DISPÕE SOBRE AS DIRETRIZES ORÇAMENTÁRIAS PARA O EXERCÍCIO DE 1996, E DÁ OUTRAS PROVIDÊNCIAS.",Comissões,https://www.pindamonhangaba.sp.leg.br/proposicoes/0/0/0/0/116858#pesquisa
1995-09-18 00:00:00,EMENDA ADITIVA N.º 1/1995,ALTERA A REDAÇÃO DO ARTIGO 114 DO REGIMENTO INTERNO DA CÂMARA DE VEREADORES.,Renato Teixeira,https://www.pindamonhangaba.sp.leg.br/proposicoes/0/0/0/0/116898#pesquisa
1995-08-28 00:00:00,EMENDA ADITIVA N.º 2 AO PROJETO DE RESOLUÇÃO Nº 05/95,EMENDA AO PROJETO DE RESOLUÇÃO Nº 05/95 QUE DISCIPLINA A APRESENTAÇÃO DE REQUERIMENTO E INDICAÇÕES EM CADA SESSÃO ORDINÁRIA.,André Luiz Raposo,https://www.pindamonhangaba.sp.leg.br/proposicoes/0/0/0/0/116862#pesquisa
1995-08-21 00:00:00,EMENDA ADITIVA N.º 1 AO PROJETO DE DECRETO LEGISLATIVO Nº 06/95,"EMENDA AO PROJETO DE DECRETO LEGISLATIVO Nº 06/95, QUE INSTITUI DIPLOMA DE HONRA AO MÉRITO A ENTIDADES.",Felipe César,https://www.pindamonhangaba.sp.leg.br/proposicoes/0/0/0/0/116863#pesquisa
1995-08-07 00:00:00,EMENDA ADITIVA N.º 1 AO PROJETO DE LEI Nº 57/95,"EMENDA AO PROJETO DE LEI Nº 57/95, QUE DISPÕE SOBRE ISENÇÃO DE IPTU AOS DOADORES DE ÓRGÃOS CORPORAIS.",Paulo Romeiro Ramos Mello,https://www.pindamonhangaba.sp.leg.br/proposicoes/0/0/0/0/116854#pesquisa
1995-08-07 00:00:00,EMENDA ADITIVA N.º 1 AO PROJETO DE LEI Nº 65/95,"EMENDA AO PROJETO DE LEI Nº 65/95, DO EXECUTIVO, QUE DÁ NOVA REDAÇÃO AO ARTIGO 1º DA LEI 2773, DE 22.03.1993, QUE AUTORIZA O EXECUTIVO MUNICIPAL A CELEBRAR CONVÊNIO COM A SECRETARIA DA AGRICULTURA E ABASTECIMENTO DO ESTADO DE SÃO PAULO.",Paulo De Andrade,https://www.pindamonhangaba.sp.leg.br/proposicoes/0/0/0/0/116857#pesquisa
1995-05-24 00:00:00,EMENDA ADITIVA N.º 1/1995,EMENDA AO PROJETO DE LEI DO EXECUTIVO QUE DISPÕE SOBRE MAJORAÇÃO DE VENCIMENTOS E VANTAGENS PECUNIÁRIAS AOS SERVIDORES PÚBLICOS MUNICIPAIS E CONCEDE ABONO PARA O MÊS DE MAIO/95,Paulo Tarcízio Da Silva Marcondes,https://www.pindamonhangaba.sp.leg.br/proposicoes/0/0/0/0/116855#pesquisa
1995-05-22 00:00:00,EMENDA ADITIVA N.º 1 AO PROJETO DE RESOLUÇÃO Nº 05/95,EMENDA AO PROJETO DE RESOLUÇÃO Nº 05/95 QUE DISCIPLINA A APRESENTAÇÃO DE REQUERIMENTOS E INDICAÇÕES.,José Carlos Gomes – Cal,https://www.pindamonhangaba.sp.leg.br/proposicoes/0/0/0/0/116861#pesquisa
1995-04-03 00:00:00,EMENDA ADITIVA N.º 1 AO PROJETO DE LEI Nº 15/95,"EMENDA AO PROJETO DE LEI Nº 15/95, QUE CRIA O CONSELHO DE ALIMENTAÇÃO ESCOLAR E DÁ OUTRAS PROVIDÊNCIAS.",Hélio Rodrigues De Oliveira,https://www.pindamonhangaba.sp.leg.br/proposicoes/0/0/0/0/116853#pesquisa
1995-03-27 00:00:00,EMENDA ADITIVA N.º 1/1995,AUTORIZA A ISENÇÃO FISCAL AOS CONTRIBUINTES DO IPTU QUE PRESTAREM SERVIÇOS VOLUNTÁRIOS À DEFESA CIVIL DO MUNICÍPIO E DÁ OUTRAS PROVIDÊNCIAS.,Paulo Romeiro Ramos Mello,https://www.pindamonhangaba.sp.leg.br/proposicoes/0/0/0/0/116851#pesquisa
1995-02-20 00:00:00,EMENDA ADITIVA N.º 1/1995,EMENDA AO PROJETO DE LEI DE CONCESSÃO DE ABONO AOS SERVIDORES MUNICIPAIS PARA O MÊS DE FEVEREIRO/ 95,Paulo Romeiro Ramos Mello,https://www.pindamonhangaba.sp.leg.br/proposicoes/0/0/0/0/116852#pesquisa
1993-12-16 01:00:00,EMENDA ADITIVA N.º 1/1993,"A TAXA DE OCUPAÇÃO DO BOX OU CÔMODO DO MERCADO MUNICIPAL E CEAP, POR METRO DE FRENTE E POR MÊS, PASSA A SER DE 10,00 (DEZ POR CENTO) DA UFMP",Felipe César,https://www.pindamonhangaba.sp.leg.br/proposicoes/0/0/0/0/116895#pesquisa
1993-12-16 01:00:00,EMENDA ADITIVA N.º 2/1993,PASSAM A VIGORAR ALÍQUOTAS A BASE DE CÁLCULO,Comissões,https://www.pindamonhangaba.sp.leg.br/proposicoes/0/0/0/0/116896#pesquisa
1993-11-08 01:00:00,EMENDA ADITIVA N.º 1/1993,"OBRIGA OS ESTABELECIMENTOS BANCÁRIOS E AS REPARTIÇÕES PÚBLICAS DO MUNICÍPIO FICAM OBRIGADOS A DISPOR DE PELO MENOS UMA DEPENDÊNCIA CONTENDO VASO SANITÁRIO E LAVATÓRIO PARA CLIENTES DO SEXO MASCULINO E OUTRAS PARA OS DO SEXO FEMININO, SEMPRE SUPRIDOS DE PAPEL HIGIÊNICO E TOALHAS DE PAPEL.",Felipe César,https://www.pindamonhangaba.sp.leg.br/proposicoes/0/0/0/0/116894#pesquisa
1993-09-27 00:00:00,EMENDA ADITIVA N.º 1/1993,A CÂMARA DE VEREADORES NO USO DE SUAS ATRIBUIÇÕES LEGAIS,André Luiz Raposo,https://www.pindamonhangaba.sp.leg.br/proposicoes/0/0/0/0/116892#pesquisa
1993-09-27 00:00:00,EMENDA ADITIVA N.º 2 AO PROJETO DE LEI 178/93,EMENDA AO PROJETO DE LEI 178/93,Paulo De Andrade,https://www.pindamonhangaba.sp.leg.br/proposicoes/0/0/0/0/116893#pesquisa
1993-07-05 00:00:00,EMENDA ADITIVA N.º 1/1993,DISPÕE SOBRE O ESTATUTO DO MAGISTÉRIO PÚBLICO MUNICIPAL E DÁ OUTRAS PROVIDÊNCIAS.,Comissões,https://www.pindamonhangaba.sp.leg.br/proposicoes/0/0/0/0/116869#pesquisa
1993-06-07 00:00:00,EMENDA ADITIVA N.º 1/1993,DISPÕE SOBRE O CONSELHO MUNICIPAL DE DESENVOLVIMENTO RURAL.,Comissões,https://www.pindamonhangaba.sp.leg.br/proposicoes/0/0/0/0/116868#pesquisa
1993-05-24 00:00:00,EMENDA ADITIVA N.º 1/1993,"DISPÕE SOBRE INCENTIVO FISCAL PARA A REALIZAÇÃO DE PROJETOS CULTURAIS, NO ÂMBITO DO MUNICÍPIO DE PINDAMONHANGABA.",André Luiz Raposo,https://www.pindamonhangaba.sp.leg.br/proposicoes/0/0/0/0/116865#pesquisa
1993-05-17 00:00:00,EMENDA ADITIVA N.º 1/1993,"ESTABELECE NORMAS QUANTO A CONSTRUÇÃO, FUNCIONAMENTO E LOCALIZAÇÃO DE POSTOS DE GASOLINA.",Comissões,https://www.pindamonhangaba.sp.leg.br/proposicoes/0/0/0/0/116870#pesquisa
1993-03-29 00:00:00,EMENDA ADITIVA N.º 1/1993,AUTORIZA EMPRESAS A PATROCINAREM PLACAS DE DENOMINAÇÃO DE VIAS E PRAÇAS NO MUNICÍPIO DE PINDAMONHANGABA E DÁ OUTRAS PROVIDÊNCIAS.,Paulo Romeiro Ramos Mello,https://www.pindamonhangaba.sp.leg.br/proposicoes/0/0/0/0/116867#pesquisa
1993-03-29 00:00:00,EMENDA ADITIVA N.º 2/1993,"ESTABELECE NORMAS QUANTO A CONSTRUÇÃO, FUNCIONAMENTO E LOCALIZAÇÃO DE POSTOS DE GASOLINA",Comissões,https://www.pindamonhangaba.sp.leg.br/proposicoes/0/0/0/0/116871#pesquisa
1993-02-15 00:00:00,EMENDA ADITIVA N.º 1/1993,ESTABELECE NORMAS PARA A CONTRATAÇÃO DE PESSOAL POR TEMPO DETERMINADO E DÁ OUTRAS PROVIDÊNCIAS.,Aristeu De Barros Tramin,https://www.pindamonhangaba.sp.leg.br/proposicoes/0/0/0/0/116866#pesquisa
1992-11-30 01:00:00,EMENDA MODIFICATIVA N.º 1/1992,DISPÕE SOBRE SUPLEMENTAÇÃO DE VERBA DO ORÇAMENTO VIGENTE.,Luis Fernando Ramos Nogueira ,https://www.pindamonhangaba.sp.leg.br/proposicoes/0/0/0/0/116888#pesquisa
1992-11-19 01:00:00,EMENDA MODIFICATIVA N.º 1/1992,"PROÍBE O MANUSEIO DE PÃES E OUTROS PRODUTOS DE CONSUMO ALIMENTAR, SEM O USO DE PROTETORES HIGIÊNICOS, NOS ESTABELECIMENTOS ALIMENTARES DO MUNICÍPIO.",André Luiz Raposo,https://www.pindamonhangaba.sp.leg.br/proposicoes/0/0/0/0/116872#pesquisa
1992-11-16 01:00:00,SUBSTITUTIVO Nº 1 AO PROJETO DE LEI N.º 048/1992,DISPÕE SOBRE PLACAS SINALIZADORAS DE CUNHO ECOLÓGICO.,André Luiz Raposo,https://www.pindamonhangaba.sp.leg.br/proposicoes/0/0/0/0/118336#pesquisa
1992-11-16 01:00:00,SUBSTITUTIVO Nº 1 AO PROJETO DE LEI N.º 133/1992,DISPÕE SOBRE A CRIAÇÃO DOS CONSELHOS TUTELARES DE PINDAMONHANGABA E DÁ OUTRAS PROVIDÊNCIAS.,Vereadores,https://www.pindamonhangaba.sp.leg.br/proposicoes/0/0/0/0/118339#pesquisa
1992-11-16 01:00:00,EMENDA MODIFICATIVA N.º 1/1992,DISPÕE SOBRE A OBRIGATORIEDADE DE USO DE MATERIAL DESCARTÁVEL AOS VENDEDORES AMBULANTES.,Paulo Romeiro Ramos Mello,https://www.pindamonhangaba.sp.leg.br/proposicoes/0/0/0/0/116891#pesquisa
1992-10-26 01:00:00,EMENDA N.º 1/1992,"DISPÕE SOBRE A AUTORIZAÇÃO PARA A CONCESSÃO DE DIREITO REAL DE USO, DE UMA ÁREA LOCALIZADA NO PARQUE SÃO DOMINGOS, AO CLUBE ATLÉTICO PINDENSE.",Manoel César Ribeiro Filho,https://www.pindamonhangaba.sp.leg.br/proposicoes/0/0/0/0/116886#pesquisa
1992-10-09 00:00:00,EMENDA MODIFICATIVA N.º 1/1992,DISPÕE SOBRE DESAFETAÇÃO DE ÁREA DE LOTEAMENTO JARDIM CAMPOS MAIA E CONCESSÃO DE DIREITO REAL DE USO DA REFERIDA ÁREA PARA A SOCIEDADE AMIGOS DO BAIRRO DO JARDIM RESIDENCIAL CAMPOS MAIA.,Janio Ardito Lerario,https://www.pindamonhangaba.sp.leg.br/proposicoes/0/0/0/0/116887#pesquisa
1992-09-21 00:00:00,EMENDA ADITIVA N.º 1/1992,"DECLARA DE UTILIDADE PÚBLICA, IMÓVEL COM BENFEITORIAS PARA FINS DE DESAPROPRIAÇÃO.",Mesa Diretora,https://www.pindamonhangaba.sp.leg.br/proposicoes/0/0/0/0/116883#pesquisa
1992-09-14 00:00:00,EMENDA N.º 1 AO ARTIGO 3º DA LEI Nº 2.497/90,"DÁ NOVA REDAÇÃO AO ARTIGO 3º DA LEI Nº 2.497, DE 03.12.90, QUE DISPÕE SOBRE SEPULTAMENTO, PELA PREFEITURA, DE PESSOAS CARENTES E DE BAIXA RENDA.",Paulo Romeiro Ramos Mello,https://www.pindamonhangaba.sp.leg.br/proposicoes/0/0/0/0/116884#pesquisa
1992-09-14 00:00:00,EMENDA MODIFICATIVA N.º 1/1992,"DISPÕE SOBRE A OUTORGA DE CONCESSÃO DE DIREITO REAL DE USO, PELO PRAZO DE 20 ( VINE) ANOS, DE UMA ÁREA DO LOTEAMENTO VILA ARIENE À ASSOCIAÇÃO DOS DEVOTOS DE KRISHNA DE PINDAMONHANGABA.",Janio Ardito Lerario,https://www.pindamonhangaba.sp.leg.br/proposicoes/0/0/0/0/116885#pesquisa
1992-08-31 00:00:00,EMENDA MODIFICATIVA N.º 1/1992,DISPÕE SOBRE ISENÇÃO DAS PRESTAÇÕES DO IPTU/92 DE MULTAS E JUROS.,Delvair Gonçalves De Araújo,https://www.pindamonhangaba.sp.leg.br/proposicoes/0/0/0/0/116882#pesquisa
1992-08-10 00:00:00,EMENDA MODIFICATIVA N.º 1 AO PROJETO DE LEI Nº 107/92,O ARTIGO 2º DO PROJETO DE LEI Nº 107/92 PASSA A TER A SEGUINTE REDAÇÃO.,Delvair Gonçalves De Araújo,https://www.pindamonhangaba.sp.leg.br/proposicoes/0/0/0/0/116879#pesquisa
1992-08-03 00:00:00,EMENDA MODIFICATIVA N.º 1/1992,DISPÕE SOBRE MAJORAÇÃO DOS VENCIMENTOS DOS SERVIDORES MUNICIPAIS.,Delvair Gonçalves De Araújo,https://www.pindamonhangaba.sp.leg.br/proposicoes/0/0/0/0/116881#pesquisa
1992-07-06 00:00:00,EMENDA MODIFICATIVA N.º 1/1992,INSTITUI O PROGRAMA DE ESCOVAÇÃO DENTAL DIÁRIA SUPERVISIONADA NAS UNIDADES ESCOLARES DA REDE MUNICIPAL DE ENSINO.,Juracy Correia Da Trindade,https://www.pindamonhangaba.sp.leg.br/proposicoes/0/0/0/0/116878#pesquisa
1992-07-06 00:00:00,EMENDA MODIFICATIVA N.º 1/1992,CONCEDE MAJORAÇÃO DOS VENCIMENTOS E SALÁRIOS DOS SERVIDORES MUNICIPAIS.,Delvair Gonçalves De Araújo,https://www.pindamonhangaba.sp.leg.br/proposicoes/0/0/0/0/116880#pesquisa
1992-07-01 00:00:00,SUBSTITUTIVO Nº 1 AO PROJETO DE LEI N.º 088/1992,DISPÕE SOBRE DENOMINAÇÃO DE ESTRADA MUNICIPAL,José Laércio Balbo,https://www.pindamonhangaba.sp.leg.br/proposicoes/0/0/0/0/118338#pesquisa
1992-06-01 00:00:00,EMENDA SUBSTITUTIVA N.º 1/1992,AUTORIZA O EXECUTIVO A ISENTAR AS ENTIDADES DE UTILIDADE PÚBLICA DO PAGAMENTO DO IPTU.,Manoel César Ribeiro Filho,https://www.pindamonhangaba.sp.leg.br/proposicoes/0/0/0/0/116877#pesquisa
1992-05-25 00:00:00,EMENDA MODIFICATIVA N.º 1/1992,"DISPÕE SOBRE PRORROGAÇÃO DE PRAZO PARA PAGAMENTO, COM DESCONTO, DA CONTRIBUIÇÃO DE MELHORIA.",José Maria Da Silva,https://www.pindamonhangaba.sp.leg.br/proposicoes/0/0/0/0/116890#pesquisa
1992-05-11 00:00:00,SUBSTITUTIVO Nº 1 AO PROJETO DE LEI N.º 068/1992,AUTORIZA O EXECUTIVO A ISENTAR AS ENTIDADES DE UTILIDADE PÚBLICA DO PAGAMENTO DO IPTU.,Manoel César Ribeiro Filho,https://www.pindamonhangaba.sp.leg.br/proposicoes/0/0/0/0/118337#pesquisa
1992-05-11 00:00:00,EMENDA ADITIVA N.º 1/1992,PROÍBE O PLANTIO DE ESPÉCIES VEGETAIS TÓXICOS E DÁ OUTRAS PROVIDÊNCIAS.,Paulo Romeiro Ramos Mello,https://www.pindamonhangaba.sp.leg.br/proposicoes/0/0/0/0/116876#pesquisa
1992-04-06 00:00:00,EMENDA N.º 1/1992,DÁ NOVA REDAÇÃO AOS ARTIGOS 1º E 4º.,Luis Fernando Ramos Nogueira ,https://www.pindamonhangaba.sp.leg.br/proposicoes/0/0/0/0/116889#pesquisa
1992-03-30 00:00:00,SUBSTITUTIVO Nº 1 AO PROJETO DE LEI N.º 011/1992,Dispõe sobre autorização para isenção do pagamento do IPTU  a ex-combatentes da F.E.B.,Paulo Romeiro Ramos Mello,https://www.pindamonhangaba.sp.leg.br/proposicoes/0/0/0/0/118335#pesquisa
1992-03-30 00:00:00,EMENDA MODIFICATIVA N.º 2/1992,Altera a redação do Artigo 2º.,Paulo Romeiro Ramos Mello,https://www.pindamonhangaba.sp.leg.br/proposicoes/0/0/0/0/116874#pesquisa
1992-03-06 00:00:00,EMENDA MODIFICATIVA N.º 1/1992,Dispõe sobre Anúncios de Venda de Imóveis.,Paulo Romeiro Ramos Mello,https://www.pindamonhangaba.sp.leg.br/proposicoes/0/0/0/0/116875#pesquisa
1992-02-24 00:00:00,EMENDA MODIFICATIVA N.º 1/1992,"Dispõe sobe o direito do Corretor de Imóveis de obter informação sobre qualquer documento ou dado técnico necessário ao desempenho de suas funções, junto aos órgãos ou repartições da Prefeitura Municipal de Pindamonhangaba.",Paulo Romeiro Ramos Mello,https://www.pindamonhangaba.sp.leg.br/proposicoes/0/0/0/0/116873#pesquisa
1991-11-25 00:00:00,EMENDA N.º 9 AO PROJETO DE LEI Nº 124 DE 1991,Emenda ao Projeto de Lei nº 124 de 1991.,Comissões,https://www.pindamonhangaba.sp.leg.br/proposicoes/0/0/0/0/81#pesquisa
1991-11-18 00:00:00,EMENDA N.º 7 AO PROJETO DE LEI Nº 123 DE 1991,"Emenda ao Projeto de Lei nº 123 de 1991.
Diretrizes orçamentárias de 1992.",Comissões,https://www.pindamonhangaba.sp.leg.br/proposicoes/0/0/0/0/79#pesquisa
1991-11-18 00:00:00,EMENDA N.º 8 AO PROJETO DE LEI Nº 123 DE 1991,"Emenda ao Projeto de Lei nº 123 de 1991.
.",Manoel César Ribeiro Filho,https://www.pindamonhangaba.sp.leg.br/proposicoes/0/0/0/0/80#pesquisa
1991-11-18 00:00:00,EMENDA N.º 10 AO PROJETO DE LEI Nº 124 DE 1991,Emenda ao Projeto de Lei nº 124 de 1991.,Manoel César Ribeiro Filho,https://www.pindamonhangaba.sp.leg.br/proposicoes/0/0/0/0/82#pesquisa
1991-11-16 00:00:00,EMENDA N.º 4/1991,Concede autorização ao Poder Executivo para cobrir diferença das despesas com cirurgias e honorários médicos dos servidores municipais.,Paulo Romeiro Ramos Mello,https://www.pindamonhangaba.sp.leg.br/proposicoes/0/0/0/0/74#pesquisa
1991-11-11 00:00:00,EMENDA N.º 3/1991,Dispõe da obrigatoriedade de construção de muros e calçadas nos terrenos localizados no perímetro urbano.,Paulo Romeiro Ramos Mello,https://www.pindamonhangaba.sp.leg.br/proposicoes/0/0/0/0/75#pesquisa
1991-11-11 00:00:00,EMENDA N.º 11 AO PROJETO DE LEI Nº 132 DE 1991,"Emenda ao Projeto de Lei nº 132 de 1991.
Que dispõe sobre o Estatuto dos Direitos da Criança e do Adolescente e dá outras providências.",André Luiz Raposo,https://www.pindamonhangaba.sp.leg.br/proposicoes/0/0/0/0/83#pesquisa
1991-10-29 00:00:00,EMENDA N.º 6 AO PROJETO DE LEI Nº 123 DE 1991,"Emenda ao Projeto de Lei nº 123 de 1991. 
Diretrizes orçamentárias de 1992.",Comissões,https://www.pindamonhangaba.sp.leg.br/proposicoes/0/0/0/0/78#pesquisa
1991-06-24 00:00:00,EMENDA N.º 2/1991,Dispõe sobre a concessão de majoração dos vencimentos e salários dos servidores municipais e dá outras providências.,Poder Executivo,https://www.pindamonhangaba.sp.leg.br/proposicoes/0/0/0/0/73#pesquisa
1991-04-03 00:00:00,EMENDA N.º 1 AO PROJETO DE LEI Nº 17/1991,Dá nova redação ao artigo 1º do Projeto de Lei nº 17/1991.,Poder Executivo,https://www.pindamonhangaba.sp.leg.br/proposicoes/0/0/0/0/76#pesquisa
1991-03-23 00:00:00,EMENDA N.º 5/1991,DISPÕE SOBRE A CRIAÇÃO DO CONSELHO MUNICIPAL DE ENTORPECENTES - COMEN E DÁ OUTRAS PROVIDÊNCIAS.,Paulo Romeiro Ramos Mello,https://www.pindamonhangaba.sp.leg.br/proposicoes/0/0/0/0/77#pesquisa
1990-05-21 00:00:00,EMENDA MODIFICATIVA N.º 1 AO PROJETO DE RESOLUÇÃO Nº 07/90,Emenda ao Projeto de Resolução nº 07/90.,Mesa Diretora,https://www.pindamonhangaba.sp.leg.br/proposicoes/0/0/0/0/116899#pesquisa
1984-11-12 00:00:00,EMENDA ADITIVA N.º 1 AO PROJETO DE LEI Nº 72/84,"AO PROJETO DE LEI Nº 72/84, DO VER. RAMOS MELLO, QUE ALTERA A REDAÇÃO DO ART. 1º, DA LEI Nº 1934, DE 09 DE ABRIL DE 1984.",Paulo Romeiro Ramos Mello,https://www.pindamonhangaba.sp.leg.br/proposicoes/0/0/0/0/116907#pesquisa
1984-10-01 00:00:00,SUBSTITUTIVO Nº 1 AO PROJETO DE LEI N.º 034/1984,"DISPÕE SOBRE CONCORDÂNCIA EM TODOS OS CRUZAMENTOS, ENTRONCAMENTOS E OU BIFURCAÇÕES DE VIAS E LOGRADOUROS PÚBLICOS.",Abel Corrêa Guimarães Filho,https://www.pindamonhangaba.sp.leg.br/proposicoes/0/0/0/0/118340#pesquisa
1984-09-24 00:00:00,EMENDA ADITIVA N.º 1 AO PROJETO DE LEI Nº 58/84,"EMENDA AO PROJETO DE LEI Nº 58/84, DE AUTORIA DO EXECUTIVO.",Vito Ardito Lerário,https://www.pindamonhangaba.sp.leg.br/proposicoes/0/0/0/0/116906#pesquisa
1984-08-20 00:00:00,EMENDA SUPRESSIVA N.º 1 AO PROJETO DE LEI Nº 55/84,"EMENDA AO PROJETO DE LEI Nº 55/84. SUPRIMA-SE DO ART. 1º A PALAVRA ""USADO"".",Vito Ardito Lerário,https://www.pindamonhangaba.sp.leg.br/proposicoes/0/0/0/0/116905#pesquisa
1984-08-13 00:00:00,SUBSTITUTIVO Nº 1 AO PROJETO DE LEI N.º 015/1984,"SUBSTITUTIVO AO PROJETO DE RESOLUÇÃO Nº 15-84, QUE MODIFICA A REDAÇÃO DO ARTIGO 246 DO REGIMENTO INTERNO",Luis Fernando Ramos Nogueira ,https://www.pindamonhangaba.sp.leg.br/proposicoes/0/0/0/0/118342#pesquisa
1984-08-13 00:00:00,EMENDA ADITIVA N.º 1 AO PROJETO DE LEI Nº 45/84,EMENDA AO PROJETO DE LEI Nº 45/84.,Abel Corrêa Guimarães Filho,https://www.pindamonhangaba.sp.leg.br/proposicoes/0/0/0/0/116904#pesquisa
1984-08-06 00:00:00,SUBSTITUTIVO Nº 1 AO PROJETO DE LEI N.º 016/1984,SUBSTITUTIVO AO PROJETO DE RESOLUÇÃO Nº 16-1984.,Édson Graça Pereira Derrico,https://www.pindamonhangaba.sp.leg.br/proposicoes/0/0/0/0/118343#pesquisa
1984-05-28 00:00:00,EMENDA ADITIVA N.º 1 AO PROJETO DE LEI Nº 34/84,"EMENDA AO PROJETO DE LEI Nº 34/84, QUE DISPÕE SOBRE CONCORDÂNCIA EM TODOS OS CRUZAMENTOS, ENTRONCAMENTOS OU BIFURCAÇÃO DE VIAS E LOGRADOUROS PÚBLICOS.",Abel Corrêa Guimarães Filho,https://www.pindamonhangaba.sp.leg.br/proposicoes/0/0/0/0/116903#pesquisa
1984-04-30 00:00:00,EMENDA ADITIVA N.º 1 AO PROJETO DE LEI Nº 26/84,"EMENDA AO PROJETO DE LEI Nº 26/84, DO EXECUTIVO, QUE DISPÕE SOBRE AUMENTO DE VENCIMENTOS E SALÁRIOS DOS SERVIDORES.",Paulo Romeiro Ramos Mello,https://www.pindamonhangaba.sp.leg.br/proposicoes/0/0/0/0/116902#pesquisa
1984-04-16 00:00:00,SUBSTITUTIVO Nº 1 AO PROJETO DE LEI N.º 010/1984,REABRE DISCUSSÃO SUMÁRIA NA FASE DE VOTAÇÃO ÀS PROPOSTAS DESTACADAS.,Jamil Samahá,https://www.pindamonhangaba.sp.leg.br/proposicoes/0/0/0/0/118341#pesquisa
1984-04-02 00:00:00,EMENDA ADITIVA N.º 1 AO PROJETO DE LEI Nº 1/84,"AO PROJETO DE LEI Nº 1/84, DE AUTORIA DO VER. RAMOS MELLO, QUE ISENTA AS PESSOAS IDOSAS DA TARIFA DOS TRANSPORTES COLETIVOS NO MUNICÍPIO.",José Maria Da Silva,https://www.pindamonhangaba.sp.leg.br/proposicoes/0/0/0/0/116901#pesquisa
1982-04-05 00:00:00,EMENDA ADITIVA N.º 1 AO DA LEI Nº 1156/1969,"DÊ-SE AO INCISO II, DO § 8º, DO ART. 232, DA LEI Nº 1156, DE 30 DE DEZEMBRO DE 1969, CUJA MODIFICAÇÃO ESTÁ SENDO PROPOSTA PELO PROJETO DE LEI EM TELA.",Eduardo Cunha San-martim,https://www.pindamonhangaba.sp.leg.br/proposicoes/0/0/0/0/116908#pesquisa
1980-11-13 00:00:00,EMENDA ADITIVA N.º 1/1980,"COLOQUE-SE, ONDE COUBER, O ARTIGO:",Fernando Prado Rezende,https://www.pindamonhangaba.sp.leg.br/proposicoes/0/0/0/0/116918#pesquisa
1980-10-20 00:00:00,SUBSTITUTIVO Nº 1 AO PROJETO DE LEI N.º 048/1980,MODIFICA A LEI QUE CONCEDE TÚMULO PERPÉTUO A SERVIDOR MUNICIPAL.,Paulo Romeiro Ramos Mello; Salvador Piorino,https://www.pindamonhangaba.sp.leg.br/proposicoes/0/0/0/0/118345#pesquisa
1980-09-29 00:00:00,EMENDA ADITIVA N.º 1/1980,"DÊ-SE AO § 4º A SER ACRESCENTADO AO ART. 3º DA LEI Nº 1544, DE 30 DE NOVEMBRO DE 1977, A SEGUINTE REDAÇÃO:",Fernando Prado Rezende,https://www.pindamonhangaba.sp.leg.br/proposicoes/0/0/0/0/116914#pesquisa
1980-09-15 00:00:00,EMENDA MODIFICATIVA N.º 1/1980,O PARÁGRAFO ÚNICO DO ARTIGO 6º PASSA A TER A SEGUINTE REDAÇÃO...,Eduardo Cunha San-martim,https://www.pindamonhangaba.sp.leg.br/proposicoes/0/0/0/0/116913#pesquisa
1980-06-23 00:00:00,EMENDA ADITIVA N.º 1/1980,"INSTITUI O ESTACIONAMENTO ""ZONA AZUL"".",Nelson Naressi,https://www.pindamonhangaba.sp.leg.br/proposicoes/0/0/0/0/116916#pesquisa
1980-06-16 00:00:00,EMENDA MODIFICATIVA N.º 2/1980,O ARTIGO 3º PASSA A TER A SEGUINTE REDAÇÃO.,Eduardo Cunha San-martim,https://www.pindamonhangaba.sp.leg.br/proposicoes/0/0/0/0/116917#pesquisa
1980-06-09 00:00:00,EMENDA MODIFICATIVA N.º 1/1980,"AUTORIZA A CELEBRAÇÃO DE CONVÊNIO PARA USO DE CRECHE MUNICIPAL ""JOSEFINA C. SCHMIDT""",Paulo Emílio D'Alessandro,https://www.pindamonhangaba.sp.leg.br/proposicoes/0/0/0/0/116915#pesquisa
1980-05-05 00:00:00,SUBSTITUTIVO Nº 1 AO PROJETO DE LEI N.º 012/1980,"AUTORIZA O ARRENDAMENTO DO JORNAL ""TRIBUNA DO NORTE"" E DÁ OUTRAS PROVIDÊNCIAS.",Vereadores,https://www.pindamonhangaba.sp.leg.br/proposicoes/0/0/0/0/118344#pesquisa
1980-03-31 00:00:00,EMENDA MODIFICATIVA N.º 1 AO PROJETO DE LEI 08/80.,MODIFICA O ARTIGO 1º DO PROJETO DE LEI 08/80.,Eduardo Cunha San-martim,https://www.pindamonhangaba.sp.leg.br/proposicoes/0/0/0/0/116909#pesquisa
1980-03-31 00:00:00,EMENDA MODIFICATIVA N.º 1/1980,"INSTITUI A FUNDAÇÃO ""DR. JOÃO ROMEIRO""",Eduardo Cunha San-martim,https://www.pindamonhangaba.sp.leg.br/proposicoes/0/0/0/0/116910#pesquisa
1980-03-31 00:00:00,EMENDA ADITIVA N.º 2/1980,ACRESCENTA DISPOSITIVO RESTRITIVO AO ART. 92.,Eduardo Cunha San-martim,https://www.pindamonhangaba.sp.leg.br/proposicoes/0/0/0/0/116911#pesquisa
1980-03-31 00:00:00,EMENDA ADITIVA N.º 3/1980,"ACRESCENTE-SE ONDE COUBER, UM ARTIGO 8º ONDE FIQUE ESTABELECIDO QUE OS ATOS E NOTICIÁRIOS OFICIAIS DA PREFEITURA E CÂMARA, SERÃO PUBLICADOS PELAS FUNDAÇÃO SEM QUALQUER DESPESA PARA OS COFRES MUNICIPAIS.",Benedito Marcondes França,https://www.pindamonhangaba.sp.leg.br/proposicoes/0/0/0/0/116912#pesquisa
1977-12-12 00:00:00,SUBSTITUTIVO Nº 1 AO PROJETO DE LEI N.º 058/1977,"ALTERA AS ALÍQUOTAS E BASE DE CÁLCULO DAS TABELAS II, III E IV DA LEI Nº 1156, DE 30 DE DEZEMBRO DE 1969 E DÁ OUTRAS PROVIDÊNCIAS.",Vereadores,https://www.pindamonhangaba.sp.leg.br/proposicoes/0/0/0/0/118346#pesquisa
1977-12-12 00:00:00,EMENDA ADITIVA N.º 1/1977,A CÂMARA MUNICIPAL DE PINDAMONHANGABA APROVA,Eduardo Cunha San-martim,https://www.pindamonhangaba.sp.leg.br/proposicoes/0/0/0/0/116924#pesquisa
1977-11-21 00:00:00,EMENDA MODIFICATIVA N.º AO PROJETO DE LEI Nº 56/77,"AO PROJETO DE LEI Nº 56-77, QUE CONCEDE ABONO DE NATAL AOS SERVIDORES MUNICIPAIS.",Eduardo Cunha San-martim,https://www.pindamonhangaba.sp.leg.br/proposicoes/0/0/0/0/116923#pesquisa
1977-11-03 00:00:00,EMENDA MODIFICATIVA N.º 1/1977,MODIFIQUE-SE O ARTIGO 1º DE MODO A PASSAR PARA 10 MINUTOS O TEMPO PARA PRONUNCIAMENTO PESSOAL.,Poder Executivo,https://www.pindamonhangaba.sp.leg.br/proposicoes/0/0/0/0/116927#pesquisa
1977-08-29 00:00:00,EMENDA MODIFICATIVA N.º 1/1977,O ARTIGO 11 PASSA A TER A SEGUINTE REDAÇÃO:,José Rufino Rego,https://www.pindamonhangaba.sp.leg.br/proposicoes/0/0/0/0/116922#pesquisa
1976-01-02 00:00:00,EMENDA ADITIVA N.º 1/1976,INCLUI-SE NO ARTIGO PRIMEIRO 1º O SEGUINTE PARÁGRAFO.,Poder Executivo,https://www.pindamonhangaba.sp.leg.br/proposicoes/0/0/0/0/116926#pesquisa
1975-12-08 00:00:00,EMENDA MODIFICATIVA N.º 1/1975,COLOQUE-SE ONDE COUBER:,Poder Executivo,https://www.pindamonhangaba.sp.leg.br/proposicoes/0/0/0/0/116925#pesquisa
1975-12-01 00:00:00,SUBSTITUTIVO Nº 1 AO PROJETO DE LEI N.º 043/1975,DISPÕE SOBRE MEDIDAS DE COMBATE À POLUIÇÃO E CONTAMINAÇÃO NO MEIO - AMBIENTE.,Jamil Samahá,https://www.pindamonhangaba.sp.leg.br/proposicoes/0/0/0/0/118347#pesquisa
1971-02-08 00:00:00,EMENDA ADITIVA N.º 1/1971,DÊ-SE AO ART. 37 A SEGUINTE REDAÇÃO.,José Raul Machado Ribas,https://www.pindamonhangaba.sp.leg.br/proposicoes/0/0/0/0/116929#pesquisa
1970-04-13 00:00:00,EMENDA ADITIVA N.º 1/1970,"DÊ-SE AO ART. 2º A SEGUINTE REDAÇÃO: ESTA LEI ENTRARÁ EM VIGOR NA DATA DA PUBLICAÇÃO, SALVO AS TAXAS ORA MAJORADAS QUE SERÃO COBRADAS A PARTIR DE 1 DE JANEIRO DE 1971.",Poder Executivo,https://www.pindamonhangaba.sp.leg.br/proposicoes/0/0/0/0/116928#pesquisa
1968-12-02 00:00:00,EMENDA ADITIVA N.º 1/1968,INCLUA-SE NO ART. 1º O SEGUINTE PARÁGRAFO.,Alberto Fernandes Machado,https://www.pindamonhangaba.sp.leg.br/proposicoes/0/0/0/0/116937#pesquisa
1968-11-25 00:00:00,EMENDA ADITIVA N.º 1/1968,INCLUA-SE NESSE PROJETO MAIS O SEGUINTE ARTIGO.,Ângelo Paz Da Silva,https://www.pindamonhangaba.sp.leg.br/proposicoes/0/0/0/0/116936#pesquisa
1968-10-07 00:00:00,EMENDA ADITIVA N.º 1/1968,ACRESCENTA AO ARTIGO 1º O SEGUINTE PARÁGRAFO.,Poder Executivo,https://www.pindamonhangaba.sp.leg.br/proposicoes/0/0/0/0/116935#pesquisa
1968-04-08 00:00:00,EMENDA ADITIVA N.º 1/1968,COLOQUE-SE ONDE COUBER.,Poder Executivo,https://www.pindamonhangaba.sp.leg.br/proposicoes/0/0/0/0/116932#pesquisa
1968-04-08 00:00:00,EMENDA MODIFICATIVA N.º 1 AO PROJETO DE LEI Nº 11/68,"EMENDA AO PROJETO DE LEI Nº 11-68, DO EXECUTIVO, QUE AUTORIZA A PREFEITURA A RECEBER POR DOAÇÃO UMA ÁREA DE TERRENO NO DISTRITO DE PAZ DE MOREIRA CÉSAR, PARA NELA SER CONSTRUÍDO UM PRÉDIO DESTINADO A ABRIGAR REPARTIÇÕES PÚBLICAS.",José Raul Machado Ribas,https://www.pindamonhangaba.sp.leg.br/proposicoes/0/0/0/0/116933#pesquisa
1967-03-13 00:00:00,EMENDA SUPRESSIVA N.º 1 AO PROJETO DE LEI Nº 07/67,SUPRIMA-SE O ARTIGO 2º DO PROJETO DE LEI Nº 07/67 QUE ISENTA DE TRIBUTOS MUNICIPAIS AS NOVAS INDÚSTRIAS.,José Raul Machado Ribas,https://www.pindamonhangaba.sp.leg.br/proposicoes/0/0/0/0/116931#pesquisa
1967-01-10 01:00:00,EMENDA SUPRESSIVA N.º 1/1967,O ART. 3º DO PROJETO DE LEI EM TELA PASSA A SER O ART. 4º.,Arlindo Paim,https://www.pindamonhangaba.sp.leg.br/proposicoes/0/0/0/0/116930#pesquisa
1966-10-04 00:00:00,EMENDA SUPRESSIVA N.º 1 AO PROJETO DE LEI Nº 24/1966,SUB EMENDAS AO PROJETO DE LEI Nº 24/1966.,Ângelo Paz Da Silva,https://www.pindamonhangaba.sp.leg.br/proposicoes/0/0/0/0/116934#pesquisa
1966-02-28 01:00:00,EMENDA ADITIVA N.º 1/1966,"DÊ-SE O NOME DE ""BAIRRO DE SÃO BENEDITO"", AO INVÉS DE VILA DE SÃO BENEDITO.",Arlindo Paim,https://www.pindamonhangaba.sp.leg.br/proposicoes/0/0/0/0/116949#pesquisa
1966-02-14 01:00:00,EMENDA ADITIVA N.º 1/1966,"ACRESCENTE-SE NO FINAL DO REFERIDO PARÁGRAFO, O SEGUINTE:",Arlindo Paim,https://www.pindamonhangaba.sp.leg.br/proposicoes/0/0/0/0/116947#pesquisa
1966-02-14 01:00:00,EMENDA ADITIVA N.º 1/1966,"REDIJA-SE O ART. 1º DO PROJETO EM TELA, DA SEGUINTE MANEIRA:",Domingos José Ramos Mello,https://www.pindamonhangaba.sp.leg.br/proposicoes/0/0/0/0/116950#pesquisa
1966-02-14 01:00:00,EMENDA ADITIVA N.º 1/1966,"DÊ-SE O ARTIGO 1º DO PROJETO DE RESOLUÇÃO EM TELA, A SEGUINTE REDAÇÃO.",Alberto Fernandes Machado,https://www.pindamonhangaba.sp.leg.br/proposicoes/0/0/0/0/116953#pesquisa
1966-01-26 01:00:00,EMENDA ADITIVA N.º 1/1966,COLOQUE-SE ONDE COUBER O SEGUINTE ARTIGO.,Benedito Marcondes França,https://www.pindamonhangaba.sp.leg.br/proposicoes/0/0/0/0/116952#pesquisa
1965-12-23 01:00:00,EMENDA ADITIVA N.º 1/1965,COLOQUE-SE ONDE COUBER.,Paulo De Andrade,https://www.pindamonhangaba.sp.leg.br/proposicoes/0/0/0/0/116951#pesquisa
1965-11-22 00:00:00,EMENDA ADITIVA N.º 1/1965,"DÁ-SE O ART. 1º DA LEI EPIGRAFADA, QUE SE PRETENDE MODIFICAR, A SEGUINTE REDAÇÃO:",Arlindo Paim,https://www.pindamonhangaba.sp.leg.br/proposicoes/0/0/0/0/116944#pesquisa
1965-11-08 00:00:00,EMENDA ADITIVA N.º 1 AO 2º DO PROJETO DE LEI Nº 51/65,SUPRIMI-SE O ART. 2º DO PROJETO DE LEI Nº 51-65 QUE:,José Raul Machado Ribas,https://www.pindamonhangaba.sp.leg.br/proposicoes/0/0/0/0/116948#pesquisa
1965-10-16 00:00:00,EMENDA ADITIVA N.º 1/1965,"DE-SÊ AO ART 12 DO PROJETO EM TELA, A SEGUINTE REDAÇÃO.",José Walter Teixeira Pinto,https://www.pindamonhangaba.sp.leg.br/proposicoes/0/0/0/0/116941#pesquisa
1965-10-04 00:00:00,EMENDA ADITIVA N.º 1/1965,COLOQUE-SE ONDE COUBER O SEGUINTE ARTIGO:,Alberto Fernandes Machado,https://www.pindamonhangaba.sp.leg.br/proposicoes/0/0/0/0/116946#pesquisa
1965-09-27 00:00:00,EMENDA ADITIVA N.º 1/1965,"NO ART. 2º DO PROJETO EM EPÍGRAFE, ONDE SE LÊ ""UMA VERBA CR$ 1.000,00"", LEIA-SE ""UMA VERBA DE CR$ 2.000,00"".",Francisco Piorino Filho,https://www.pindamonhangaba.sp.leg.br/proposicoes/0/0/0/0/116945#pesquisa
1965-09-20 00:00:00,EMENDA ADITIVA N.º 1/1965,ACRESCENTE-SE NO ARTIGO 1º O PARÁGRAFO ÚNICO.,Paulo De Andrade,https://www.pindamonhangaba.sp.leg.br/proposicoes/0/0/0/0/116938#pesquisa
1965-04-12 00:00:00,EMENDA ADITIVA N.º 1/1965,INCLUA-SE ONDE COUBER A SEGUINTE EMENDA.,Domingos José Ramos Mello,https://www.pindamonhangaba.sp.leg.br/proposicoes/0/0/0/0/116943#pesquisa
1965-03-29 01:00:00,EMENDA SUBSTITUTIVA N.º 1/1965,"ONDE SE LÊ ""NO PRIMEIRO ANO"" LEIA-SE NOS PRIMEIROS ANOS.",Antônio Leopoldi,https://www.pindamonhangaba.sp.leg.br/proposicoes/0/0/0/0/116939#pesquisa
1965-03-22 01:00:00,EMENDA ADITIVA N.º 1 AO PROJETO DE LEI Nº 10/65,"REDIJA-SE AO ART 12 DO PROJETO DE LEI Nº 10/65, DA SEGUINTE FORMA:",José Raul Machado Ribas,https://www.pindamonhangaba.sp.leg.br/proposicoes/0/0/0/0/116942#pesquisa
1965-03-10 01:00:00,EMENDA ADITIVA N.º 1/1965,"DÊ-SE O ART 1º DO PROJETO EM TELA, A SEGUINTE REDAÇÃO.",Alberto Fernandes Machado,https://www.pindamonhangaba.sp.leg.br/proposicoes/0/0/0/0/116940#pesquisa
1965-02-22 01:00:00,EMENDA SUPRESSIVA N.º 1/1965,"SUPRIMA-SE DO ART. 1º AS EXPRESSÕES ""E OUTROS PEQUENOS VEÍCULOS"".",José Raul Machado Ribas,https://www.pindamonhangaba.sp.leg.br/proposicoes/0/0/0/0/116976#pesquisa
1964-12-23 00:00:00,EMENDA ADITIVA N.º 1/1964,REDUZA-SE O MONTANTE DE CRÉDITO SUPLEMENTAR SOLICITADO.,Francisco Piorino Filho,https://www.pindamonhangaba.sp.leg.br/proposicoes/0/0/0/0/116974#pesquisa
1964-12-22 00:00:00,EMENDA MODIFICATIVA N.º 1/1964,"O ARTIGO 1º, ONDE MENCIONA VALORES.",Paulo De Andrade,https://www.pindamonhangaba.sp.leg.br/proposicoes/0/0/0/0/116971#pesquisa
1964-12-22 00:00:00,EMENDA MODIFICATIVA N.º 1/1964,"NO ARTIGO 2º, ONDE LÊ-SE ""NA BASE DE 1% (UM POR CENTO)"", LEIA-SE ""NA BASE DE 1/4% (UM QUARTO POR CENTO)"".",Aníbal Leite De Abreu,https://www.pindamonhangaba.sp.leg.br/proposicoes/0/0/0/0/116975#pesquisa
1964-12-14 00:00:00,EMENDA ADITIVA N.º 1/1964,DÊ-SE AO ART. 1º A SEGUINTE REDAÇÃO.,Antônio Leopoldi,https://www.pindamonhangaba.sp.leg.br/proposicoes/0/0/0/0/116970#pesquisa
1964-12-14 00:00:00,EMENDA MODIFICATIVA N.º 1/1964,REDIJA-SE AO ARTIGO 1º DO CITADO PROJETO DE LEI A SEGUINTE FORMA.,José Prates Da Fonseca,https://www.pindamonhangaba.sp.leg.br/proposicoes/0/0/0/0/116972#pesquisa
1964-12-07 00:00:00,EMENDA ADITIVA N.º 1/1964,DÊ-SE AO ART 1º A SEGUINTE REDAÇÃO.,Francisco Piorino Filho,https://www.pindamonhangaba.sp.leg.br/proposicoes/0/0/0/0/116973#pesquisa
1964-11-16 00:00:00,EMENDA MODIFICATIVA N.º 1/1964,"NO ARTIGO 4º, ONDE SE LÊ ""MULTA DE 20%"", LEIA-SE ""MULTA DE 10%"".",Antônio Leopoldi,https://www.pindamonhangaba.sp.leg.br/proposicoes/0/0/0/0/116969#pesquisa
1964-09-14 00:00:00,EMENDA ADITIVA N.º 1/1964,"REDIJA-SE AO ART. 22 DO REFERIDO PROJETO, DA SEGUINTE FORMA.",Domingos José Ramos Mello,https://www.pindamonhangaba.sp.leg.br/proposicoes/0/0/0/0/116963#pesquisa
1964-08-25 00:00:00,EMENDA ADITIVA N.º 1/1964,ACRESCENTE-SE AO PROJETO DE LEI Nº O SEGUINTE ARTIGO.,José Alberto Monteclaro César,https://www.pindamonhangaba.sp.leg.br/proposicoes/0/0/0/0/116968#pesquisa
1964-08-08 00:00:00,EMENDA ADITIVA N.º 1/1964,COLOQUE-SE ONDE COUBER.,Paulo De Andrade,https://www.pindamonhangaba.sp.leg.br/proposicoes/0/0/0/0/116967#pesquisa
1964-07-06 00:00:00,EMENDA ADITIVA N.º 1/1964,O § ÚNICO DO ART 2º PASSA A TER A SEGUINTE REDAÇÃO:,Aníbal Leite De Abreu,https://www.pindamonhangaba.sp.leg.br/proposicoes/0/0/0/0/116966#pesquisa
1964-06-22 00:00:00,EMENDA ADITIVA N.º 1/1964,REDUZA-SE O CRÉDITO ESPECIAL.,Ângelo Paz Da Silva,https://www.pindamonhangaba.sp.leg.br/proposicoes/0/0/0/0/116965#pesquisa
1964-05-04 00:00:00,EMENDA ADITIVA N.º 1/1964,DÊ-SE AO ARTIGO 22 A SEGUINTE REDAÇÃO:,Aníbal Leite De Abreu,https://www.pindamonhangaba.sp.leg.br/proposicoes/0/0/0/0/116962#pesquisa
1964-03-23 00:00:00,EMENDA MODIFICATIVA N.º 1/1964,MODIFIQUE-SE OS ARTIGOS QUE TRATAM DO AUMENTO.,Paulo De Andrade,https://www.pindamonhangaba.sp.leg.br/proposicoes/0/0/0/0/116964#pesquisa
1962-05-15 00:00:00,EMENDA ADITIVA N.º 2/1962,ACADEMIA PINDAMONHANGABENSE DE LETRAS.,Ângelo Paz Da Silva,https://www.pindamonhangaba.sp.leg.br/proposicoes/0/0/0/0/116980#pesquisa
1962-04-02 00:00:00,EMENDA MODIFICATIVA N.º 1/1962,REDIJA-SE O ART 1º DA SEGUINTE MANEIRA.,Túlio Campello De Souza,https://www.pindamonhangaba.sp.leg.br/proposicoes/0/0/0/0/116992#pesquisa
1961-12-04 00:00:00,EMENDA ADITIVA N.º 1/1961,REDIJA-SE O ART 5º DA SEGUINTE MANEIRA.,Antônio Leopoldi,https://www.pindamonhangaba.sp.leg.br/proposicoes/0/0/0/0/116991#pesquisa
1961-11-26 00:00:00,EMENDA ADITIVA N.º 1/1961,O PARÁGRAFO ÚNICO DO ART 6º PASSA A SER PARÁGRAFO 1º.,Francisco Piorino Filho,https://www.pindamonhangaba.sp.leg.br/proposicoes/0/0/0/0/116982#pesquisa
1961-11-26 00:00:00,EMENDA ADITIVA N.º 2/1961,O PARÁGRAFO ÚNICO DO ARTIGO 6º DEVE TER A SEGUINTE REDAÇÃO.,Ignácio Rezende,https://www.pindamonhangaba.sp.leg.br/proposicoes/0/0/0/0/116983#pesquisa
1961-11-26 00:00:00,EMENDA ADITIVA N.º 3/1961,"ACRESCENTE-SE ONDE COUBER, O SEGUINTE ARTIGO.",Ignácio Rezende,https://www.pindamonhangaba.sp.leg.br/proposicoes/0/0/0/0/116984#pesquisa
1961-11-26 00:00:00,EMENDA MODIFICATIVA N.º 4/1961,REDIJA-SE O ARTIGO PRIMEIRO OS SEGUINTES:,Ignácio Rezende,https://www.pindamonhangaba.sp.leg.br/proposicoes/0/0/0/0/116985#pesquisa
1961-11-26 00:00:00,EMENDA ADITIVA N.º 5/1961,EMENDA AO PROJETO DE LEI QUE ALTERA O CÓDIGO TRIBUTÁRIO.,Poder Executivo,https://www.pindamonhangaba.sp.leg.br/proposicoes/0/0/0/0/116986#pesquisa
1961-11-26 00:00:00,EMENDA ADITIVA N.º 6/1961,ELEITA FISCAIS DESTA LEI.,Antônio Leopoldi,https://www.pindamonhangaba.sp.leg.br/proposicoes/0/0/0/0/116987#pesquisa
1961-11-26 00:00:00,EMENDA MODIFICATIVA N.º 7/1961,EMENDA AO PROJETO DE LEI QUE ALTERA O CÓDIGO TRIBUTÁRIO DO MUNICÍPIO.,Ignácio Rezende,https://www.pindamonhangaba.sp.leg.br/proposicoes/0/0/0/0/116988#pesquisa
1961-11-24 00:00:00,EMENDA MODIFICATIVA N.º 1/1961,O PARÁGRAFO ÚNICO DO ARTIGO 3º DEVERÁ TER A SEGUINTE REDAÇÃO.,Arlindo Paim,https://www.pindamonhangaba.sp.leg.br/proposicoes/0/0/0/0/116990#pesquisa
1961-10-23 00:00:00,EMENDA ADITIVA N.º 1/1961,NO ARTIGO 3º ACRESCENTEM-SE OS SEGUINTES NOMES:,Arlindo Paim,https://www.pindamonhangaba.sp.leg.br/proposicoes/0/0/0/0/116979#pesquisa
1961-10-23 00:00:00,EMENDA ADITIVA N.º 1/1961,ACRESCENTA-SE AO ARTIGO 5º.,Loyd Pereira De Rocha,https://www.pindamonhangaba.sp.leg.br/proposicoes/0/0/0/0/116989#pesquisa
1961-10-16 00:00:00,EMENDA SUPRESSIVA N.º 1/1961,SUPRIMAM-SE OS ARTIGOS 1º E 2º.,Paulo Emílio D'Alessandro,https://www.pindamonhangaba.sp.leg.br/proposicoes/0/0/0/0/116981#pesquisa
1961-09-11 00:00:00,EMENDA ADITIVA N.º 1/1961,"AO SE VAGAR ESCOLA MUNICIPAL O PREFEITO CONVOCARÁ PARA PROVE-LA PROFESSORA FORMADA PELO INSTITUTO DE EDUCAÇÃO ""JOÃO GOMES DE ARAÚJO"" COM MÉDIA IGUAL DO SUPERIOR A 9 (NOVE) E QUE SE CLASSIFICA EM 2º LUGAR.",Jofre Alves Furquim,https://www.pindamonhangaba.sp.leg.br/proposicoes/0/0/0/0/116978#pesquisa
1961-05-02 00:00:00,EMENDA SUPRESSIVA N.º 1/1961,SUPRIMA-SE O § ÚNICO DO PROJETO.,Jofre Alves Furquim,https://www.pindamonhangaba.sp.leg.br/proposicoes/0/0/0/0/116977#pesquisa
1960-08-25 00:00:00,EMENDA MODIFICATIVA N.º 1/1960,"NO ARTIGO 1º, ONDE SE LÊ ""RUA DA. JÚLIA VIEIRA"", LEIA-SE ""RUA DA. JULIA ALVES VIEIRA"".",Loyd Pereira De Rocha,https://www.pindamonhangaba.sp.leg.br/proposicoes/0/0/0/0/117000#pesquisa
1959-04-15 00:00:00,EMENDA ADITIVA N.º 1 AO PROJETO DE LEI Nº 29/1957,"EMENDAS AO PROJETO DE LEI Nº 29/1957 DO VEREADOR IGNÁCIO REZENDE, QUE INSTITUI A OBRIGATORIEDADE DO USO DE HIDRÔMETRO.",José De Souza Braga,https://www.pindamonhangaba.sp.leg.br/proposicoes/0/0/0/0/117005#pesquisa
1959-02-16 00:00:00,EMENDA SUPRESSIVA N.º 1/1959,REDIJA-SE ASSIM O ART. 1º DESSE PROJETO.,Ângelo Paz Da Silva,https://www.pindamonhangaba.sp.leg.br/proposicoes/0/0/0/0/117001#pesquisa
1958-12-09 00:00:00,EMENDA MODIFICATIVA N.º 1/1958,"O PARÁGRAFO 5º DO ARTIGO 106, DA LEI Nº 29 DE 1 DE DEZEMBRO DE 1948, PASSA A TER A SEGUINTE REDAÇÃO.",Arlindo Paim,https://www.pindamonhangaba.sp.leg.br/proposicoes/0/0/0/0/117002#pesquisa
1958-12-01 00:00:00,EMENDA MODIFICATIVA N.º 1/1958,REDIJA-SE O ART 1º DA SEGUINTE FORMA.,Arlindo Paim,https://www.pindamonhangaba.sp.leg.br/proposicoes/0/0/0/0/116997#pesquisa
1958-12-01 00:00:00,EMENDA SUPRESSIVA N.º 1/1958,"ESTA LEI ENTRARÁ EM VIGOR NA DATA DA SUA PUBLICAÇÃO, REVOGADAS AS DISPOSIÇÕES EM CONTRÁRIO.",Domingos José Ramos Mello,https://www.pindamonhangaba.sp.leg.br/proposicoes/0/0/0/0/116999#pesquisa
1958-11-03 00:00:00,EMENDA MODIFICATIVA N.º 1/1958,"NO ART. 1º, ONDE SE LÊ ""200 (DUZENTOS) DISCOS"", LEIA-SE ""100 (CEM) DISCOS"".",Arlindo Paim,https://www.pindamonhangaba.sp.leg.br/proposicoes/0/0/0/0/116998#pesquisa
1958-06-23 00:00:00,EMENDA MODIFICATIVA N.º 1/1958,"NO ARTIGO 1º ONDE SE LÊ ""CR$ 25.000,00"", - LEIA-SE ""CR$ 36.000,00"".",José Alberto Monteclaro César,https://www.pindamonhangaba.sp.leg.br/proposicoes/0/0/0/0/116996#pesquisa
1958-06-02 00:00:00,EMENDA MODIFICATIVA N.º 1/1958,REDIJA-SE ASSIM O ART 3º,José Prates Da Fonseca,https://www.pindamonhangaba.sp.leg.br/proposicoes/0/0/0/0/117007#pesquisa
1958-05-25 00:00:00,EMENDA ADITIVA N.º 1/1958,O ART 6º PASSARÁ A TER A SEGUINTE REDAÇÃO.,José Alberto Monteclaro César,https://www.pindamonhangaba.sp.leg.br/proposicoes/0/0/0/0/116993#pesquisa
1958-05-21 00:00:00,EMENDA MODIFICATIVA N.º 1/1958,REDIJA-SE ASSIM O SEGUINTE PARÁGRAFO,José Alberto Monteclaro César,https://www.pindamonhangaba.sp.leg.br/proposicoes/0/0/0/0/116994#pesquisa
1958-05-21 00:00:00,EMENDA SUBSTITUTIVA N.º 1/1958,"EXCLUA-SE DOS ITENS I E II DO ART 1º, LETRAS A E B.",Mário Leiróz,https://www.pindamonhangaba.sp.leg.br/proposicoes/0/0/0/0/116995#pesquisa
1957-11-18 00:00:00,EMENDA MENSAGEM ADITIVA N.º 1/1957,INCLUA-SE NO ART 2º O SEGUINTE,José Alberto Monteclaro César,https://www.pindamonhangaba.sp.leg.br/proposicoes/0/0/0/0/117008#pesquisa
1957-11-04 00:00:00,EMENDA ADITIVA N.º 1/1957,"ACRESCENTE-SE ONDE COUBER, O SEGUINTE ARTIGO.",Alcides Ramos Nogueira,https://www.pindamonhangaba.sp.leg.br/proposicoes/0/0/0/0/117010#pesquisa
1957-09-23 00:00:00,EMENDA MENSAGEM ADITIVA N.º 1/1957,COLOQUE-SE ONDE COUBER.,Domingos José Ramos Mello,https://www.pindamonhangaba.sp.leg.br/proposicoes/0/0/0/0/117006#pesquisa
1957-09-23 00:00:00,EMENDA MODIFICATIVA N.º 1/1957,EXCLUA-SE DO PRESENTE PROJETO O LIMITE DE PREÇO ESTABELECIDO PARA O CALÇAMENTO COM PARALELEPIPEDO.,José Prates Da Fonseca,https://www.pindamonhangaba.sp.leg.br/proposicoes/0/0/0/0/117009#pesquisa
1957-09-09 00:00:00,EMENDA ADITIVA N.º 1/1957,ACRESCENTE-SE O ARTIGO,José Alberto Monteclaro César,https://www.pindamonhangaba.sp.leg.br/proposicoes/0/0/0/0/117004#pesquisa
1957-05-06 00:00:00,EMENDA ADITIVA N.º 1/1957,REDIJA-SE O ART 1º DA SEGUINTE FORMA.,José Prates Da Fonseca,https://www.pindamonhangaba.sp.leg.br/proposicoes/0/0/0/0/117003#pesquisa
1956-07-02 00:00:00,EMENDA ADITIVA N.º 1/1956,"FICA A PREFEITURA MUNICIPAL AUTORIZADA A ALTERAR A PRESENTE TABELA DE TAXAS DO ART. 1º, DESDE QUE O TOTAL DA ARRECADAÇÃO NÃO SEJA MODIFICADO.",José Alberto Monteclaro César,https://www.pindamonhangaba.sp.leg.br/proposicoes/0/0/0/0/117012#pesquisa
1956-04-09 00:00:00,EMENDA SUPRESSIVA N.º 1/1956,"ACRESCENTE-SE AO ART. 1Q, O SEGUINTE:- C)- ONDE FOR TROCADO O MEIO-FIO, NÃO HAVERÁ DESPESAS PARA O CONTRIBUINTE"".",José De Souza Braga,https://www.pindamonhangaba.sp.leg.br/proposicoes/0/0/0/0/117022#pesquisa
1956-01-30 00:00:00,EMENDA SUPRESSIVA N.º 1/1956,DENOMINAÇÃO DE BIBLIOTECA PARA BIBLIOTECA PÚBLICA MUNICIPAL VEREADOR PROFESSOR RÔMULO CAMPOS D'ARACE.,José Alberto Monteclaro César,https://www.pindamonhangaba.sp.leg.br/proposicoes/0/0/0/0/117011#pesquisa
1953-12-07 00:00:00,EMENDA SUPRESSIVA N.º 1/1953,INTENDENTE MUNICIPAL.,Rômulo Campos D'ARACE,https://www.pindamonhangaba.sp.leg.br/proposicoes/0/0/0/0/117020#pesquisa
1953-12-07 00:00:00,EMENDA SUPRESSIVA N.º 1/1953,LEIA SE CONTÍGUOS.,Manoel César Ribeiro,https://www.pindamonhangaba.sp.leg.br/proposicoes/0/0/0/0/117021#pesquisa
1953-12-07 00:00:00,EMENDA SUPRESSIVA N.º 1/1953,"ACRESCENTE-SE AO ART. 14º, EM SUA LETRA ""I"".",Ignácio Rezende,https://www.pindamonhangaba.sp.leg.br/proposicoes/0/0/0/0/117024#pesquisa
1953-12-07 00:00:00,EMENDA MODIFICATIVA N.º 1/1953,"CANCELE-SE A ALÍNEA "" D "" DO ARTIGO 1º.",Ignácio Rezende,https://www.pindamonhangaba.sp.leg.br/proposicoes/0/0/0/0/117027#pesquisa
1953-12-07 00:00:00,EMENDA SUPRESSIVA N.º 1/1953,SUBSTITUA-SE O ARTIGO 2º.,Ângelo Paz Da Silva,https://www.pindamonhangaba.sp.leg.br/proposicoes/0/0/0/0/117028#pesquisa
1953-11-30 00:00:00,EMENDA SUPRESSIVA N.º 1/1953,COMISSÃO MUNICIPAL DE ASSISTÊNCIA SOCIAL.,Ignácio Rezende,https://www.pindamonhangaba.sp.leg.br/proposicoes/0/0/0/0/117026#pesquisa
1953-11-30 00:00:00,EMENDA SUPRESSIVA N.º 2/1953,CANCELE-SE A VERBA DO CONGRESSO MUNDIAL.,Rômulo Campos D'ARACE,https://www.pindamonhangaba.sp.leg.br/proposicoes/0/0/0/0/117031#pesquisa
1953-11-18 00:00:00,EMENDA ADITIVA N.º 1/1953,"EXCLUA-SE A ALÍNEA ""B"" DO ARTIGO.",Francisco Ferreira Machado,https://www.pindamonhangaba.sp.leg.br/proposicoes/0/0/0/0/117074#pesquisa
1953-11-03 00:00:00,EMENDA SUPRESSIVA N.º 1/1953,"CONCLUÍDO O ESTÁDIO MUNICIPAL, FICARÁ EXTINTA ESTA CESSÃO.",Rômulo Campos D'ARACE,https://www.pindamonhangaba.sp.leg.br/proposicoes/0/0/0/0/117025#pesquisa
1953-10-26 00:00:00,EMENDA SUPRESSIVA N.º 3/1953,"EMENDA AO §2º, DO ARTIGO 2º.",Ignácio Rezende,https://www.pindamonhangaba.sp.leg.br/proposicoes/0/0/0/0/117030#pesquisa
1953-10-19 00:00:00,EMENDA SUPRESSIVA N.º 1/1953,"LEIA-SE:""1 INSPETOR DE CARNES - PADRÃO L"".",Domingos José Ramos Mello,https://www.pindamonhangaba.sp.leg.br/proposicoes/0/0/0/0/117023#pesquisa
1953-10-05 00:00:00,EMENDA SUPRESSIVA N.º 1/1953,"ACRESCENTA-SE AO ARTIGO 3º... COM INICIO DENTRO DO PRAZO DE SESSENTA DIAS, PREVISTO NO ARTIGO 2º.",Rômulo Campos D'ARACE,https://www.pindamonhangaba.sp.leg.br/proposicoes/0/0/0/0/117013#pesquisa
1953-10-05 00:00:00,EMENDA SUPRESSIVA N.º 1/1953,"ONDE SE LÊ DIRETOR GERAL, LETRA M..., LEIA-SE DIRETOR PADRÃO P.",Rômulo Campos D'ARACE,https://www.pindamonhangaba.sp.leg.br/proposicoes/0/0/0/0/117014#pesquisa
1953-10-05 00:00:00,EMENDA SUPRESSIVA N.º 2/1953,SUPRIMAM-SE REFERÊNCIAS.,Rômulo Campos D'ARACE,https://www.pindamonhangaba.sp.leg.br/proposicoes/0/0/0/0/117029#pesquisa
1953-10-05 00:00:00,EMENDA SUPRESSIVA N.º 1/1953,SUPRIMA-SE O TÍTULO DE MUNICIPALIDADE.,Rômulo Campos D'ARACE,https://www.pindamonhangaba.sp.leg.br/proposicoes/0/0/0/0/117055#pesquisa
1953-08-10 00:00:00,EMENDA SUPRESSIVA N.º 1/1953,"SERÁ CONSIGNADA ANUALMENTE, NA LEI ORÇAMENTÁRIA DO MUNICÍPIO, VERBA DESTINADA A COBRIR AS DESPESAS DO ART. 1º.",Paulo I. Dantas Gama,https://www.pindamonhangaba.sp.leg.br/proposicoes/0/0/0/0/117015#pesquisa
1953-08-03 00:00:00,EMENDA SUPRESSIVA N.º 1/1953,"ACRESCENTE AS DESPESAS NÃO DEVERÃO EXCEDER DE CR$ 10.000,00 (DEZ MIL CRUZEIROS).",Domingos José Ramos Mello,https://www.pindamonhangaba.sp.leg.br/proposicoes/0/0/0/0/117017#pesquisa
1953-06-15 00:00:00,EMENDA SUPRESSIVA N.º 1/1953,ACRESCENTA - SE § ÚNICO AO ARTIGO 1º.,Domingos José Ramos Mello,https://www.pindamonhangaba.sp.leg.br/proposicoes/0/0/0/0/117016#pesquisa
1953-05-15 00:00:00,EMENDA SUPRESSIVA N.º 1/1953,"ADQUIRIDO DE A. MUASSAB & IRMÍOS, NO EXÉRCICIO DE 1952.",Fued Boueri,https://www.pindamonhangaba.sp.leg.br/proposicoes/0/0/0/0/117019#pesquisa
1953-05-04 00:00:00,EMENDA SUPRESSIVA N.º 1/1953,ACRESCENTE-SE SEM ÔNUS DE ESPÉCIE ALGUMA PARA OS COFRES MUNICIPAIS.,Domingos José Ramos Mello,https://www.pindamonhangaba.sp.leg.br/proposicoes/0/0/0/0/117018#pesquisa
1953-04-07 00:00:00,EMENDA ADITIVA N.º 1/1953,REDIJA-SE O ARTIGO 2º DA SEGUINTE FORMA.,Anibal Leite De Abreu,https://www.pindamonhangaba.sp.leg.br/proposicoes/0/0/0/0/117067#pesquisa
1953-04-07 00:00:00,EMENDA ADITIVA N.º 1/1953,INCLUA-SE AO ARTIGO 1º O SEGUINTE PARÁGRAFO.,Ignácio Rezende,https://www.pindamonhangaba.sp.leg.br/proposicoes/0/0/0/0/117068#pesquisa
1953-04-07 00:00:00,EMENDA ADITIVA N.º 1/1953,REDIJA-SE O ARTIGO 2º DA SEGUINTE MANEIRA:,Anibal Leite De Abreu,https://www.pindamonhangaba.sp.leg.br/proposicoes/0/0/0/0/117069#pesquisa
1952-12-15 01:00:00,EMENDA ADITIVA N.º 1/1952,O ABONO DE QUE TRATA O PROJETO Nº 96/1952.,Domingos José Ramos Mello,https://www.pindamonhangaba.sp.leg.br/proposicoes/0/0/0/0/117070#pesquisa
1952-12-15 01:00:00,EMENDA ADITIVA N.º 3/1952,ACRESCENTE-SE ONDE COUBER:,Arlindo Paim,https://www.pindamonhangaba.sp.leg.br/proposicoes/0/0/0/0/117072#pesquisa
1952-12-15 01:00:00,EMENDA ADITIVA N.º 4/1952,ACRESCENTE-SE ONDE COUBER:,Paulo Emílio D'Alessandro,https://www.pindamonhangaba.sp.leg.br/proposicoes/0/0/0/0/117073#pesquisa
1952-12-09 01:00:00,EMENDA ADITIVA N.º 1/1952,ACRESCENTE-SE ONDE COUBER:,Francisco De Assis César,https://www.pindamonhangaba.sp.leg.br/proposicoes/0/0/0/0/117065#pesquisa
1952-12-09 01:00:00,EMENDA ADITIVA N.º 1/1952,ACRESCENTA-SE O SEGUINTE PARÁGRAFO AO ARTIGO 3º.,Rômulo Campos D'ARACE,https://www.pindamonhangaba.sp.leg.br/proposicoes/0/0/0/0/117066#pesquisa
1952-11-17 00:00:00,EMENDA MENSAGEM ADITIVA N.º 3/1952,REDIJA-SE O ARTIGO 1º DA SEGUINTE FORMA:,Ignácio Rezende,https://www.pindamonhangaba.sp.leg.br/proposicoes/0/0/0/0/117052#pesquisa
1952-11-17 00:00:00,EMENDA SUPRESSIVA N.º 2/1952,REDIJA-SE O ARTIGO 2º DA LEI SUPRA CITADA DA SEGUINTE FORMA.,Anibal Leite De Abreu,https://www.pindamonhangaba.sp.leg.br/proposicoes/0/0/0/0/117062#pesquisa
1952-11-10 00:00:00,EMENDA MODIFICATIVA N.º 4/1952,ONDE SE LÊ:,Manoel César Ribeiro,https://www.pindamonhangaba.sp.leg.br/proposicoes/0/0/0/0/117059#pesquisa
1952-11-10 00:00:00,EMENDA SUPRESSIVA N.º 1/1952,ACRESCENTE-SE AO ARTIGO 1º,Paulo Emílio D'Alessandro,https://www.pindamonhangaba.sp.leg.br/proposicoes/0/0/0/0/117061#pesquisa
1952-11-04 00:00:00,EMENDA ADITIVA N.º 1/1952,ACRESCENTE-SE ONDE COUBER.,Arlindo Paim,https://www.pindamonhangaba.sp.leg.br/proposicoes/0/0/0/0/117053#pesquisa
1952-11-04 00:00:00,EMENDA ADITIVA N.º 2/1952,INCLUA-SE NA PRESENTE LEI O SEGUINTE:,Domingos José Ramos Mello,https://www.pindamonhangaba.sp.leg.br/proposicoes/0/0/0/0/117054#pesquisa
1952-10-15 00:00:00,EMENDA ADITIVA N.º 2/1952,ACRESCENTE-SE ONDE COUBER.,Ignácio Rezende,https://www.pindamonhangaba.sp.leg.br/proposicoes/0/0/0/0/117071#pesquisa
1952-10-13 00:00:00,EMENDA ADITIVA N.º 1/1952,"DISPÕE SOBRE A CONCESSÃO, PELA PREFEITURA, DE DIVERSOS AUXÍLIOS E CONTRIBUIÇÕES E VÁRIAS ENTIDADES LOCAIS.",Arlindo Paim,https://www.pindamonhangaba.sp.leg.br/proposicoes/0/0/0/0/117056#pesquisa
1952-10-13 00:00:00,EMENDA ADITIVA N.º 2/1952,ACRESCENTE-SE ONDE COUBER:,Paulo Emílio D'Alessandro,https://www.pindamonhangaba.sp.leg.br/proposicoes/0/0/0/0/117057#pesquisa
1952-10-13 00:00:00,EMENDA MODIFICATIVA N.º 3/1952,ONDE SE LÊ:,Paulo Emílio D'Alessandro,https://www.pindamonhangaba.sp.leg.br/proposicoes/0/0/0/0/117058#pesquisa
1952-10-06 00:00:00,EMENDA SUPRESSIVA N.º 1/1952,SUPRIMA-SE A VERBA.,Anibal Leite De Abreu,https://www.pindamonhangaba.sp.leg.br/proposicoes/0/0/0/0/117060#pesquisa
1952-10-06 00:00:00,EMENDA ADITIVA N.º 1/1952,ACRESCENTE-SE O SEGUINTE ONDE COUBER:,Ignácio Rezende,https://www.pindamonhangaba.sp.leg.br/proposicoes/0/0/0/0/117063#pesquisa
1952-09-29 00:00:00,EMENDA MENSAGEM ADITIVA N.º 2 AO PROJETO DE LEI Nº 78/1952,DÊ-SE A SEGUINTE REDAÇÃO AO ARTIGO 1º DO PROJETO DE LEI Nº 78/1952,Arlindo Paim,https://www.pindamonhangaba.sp.leg.br/proposicoes/0/0/0/0/117064#pesquisa
1952-09-22 00:00:00,EMENDA MENSAGEM ADITIVA N.º 2/1952,REDIJA-SE O ARTIGO 1º DA SEGUINTE FORMA:,Ângelo Paz Da Silva,https://www.pindamonhangaba.sp.leg.br/proposicoes/0/0/0/0/117051#pesquisa
1952-09-15 00:00:00,EMENDA MENSAGEM ADITIVA N.º 1/1952,LEIA-SE ASSIM O ARTIGO 3º,Fued Boueri,https://www.pindamonhangaba.sp.leg.br/proposicoes/0/0/0/0/117050#pesquisa
1952-06-02 00:00:00,EMENDA ADITIVA N.º 1/1952,ACRESCENTE-SE UM PARÁGRAFO AO ARTIGO 2º.,Rômulo Campos D'ARACE,https://www.pindamonhangaba.sp.leg.br/proposicoes/0/0/0/0/117046#pesquisa
1952-06-02 00:00:00,EMENDA ADITIVA N.º 1/1952,ACRESCENTE-SE ONDE COUBER.,Domingos José Ramos Mello,https://www.pindamonhangaba.sp.leg.br/proposicoes/0/0/0/0/117047#pesquisa
1952-06-02 00:00:00,EMENDA ADITIVA N.º 2/1952,ACRESCENTE-SE O SEGUINTE ARTIGO.,Rômulo Campos D'ARACE,https://www.pindamonhangaba.sp.leg.br/proposicoes/0/0/0/0/117048#pesquisa
1952-06-02 00:00:00,EMENDA ADITIVA N.º 3/1952,ACRESCENTE-SE O SEGUINTE ARTIGO,Domingos José Ramos Mello,https://www.pindamonhangaba.sp.leg.br/proposicoes/0/0/0/0/117049#pesquisa
1952-05-19 00:00:00,EMENDA MODIFICATIVA N.º 1/1952,MODIFICA O ARTIGO 1º,Manoel César Ribeiro,https://www.pindamonhangaba.sp.leg.br/proposicoes/0/0/0/0/117040#pesquisa
1952-05-19 00:00:00,EMENDA MODIFICATIVA N.º 3/1952,"REDIJA-SE O PARÁGRAFO ÚNICO DO ARTIGO 2º, DA SEGUINTE FORMA:",Manoel César Ribeiro,https://www.pindamonhangaba.sp.leg.br/proposicoes/0/0/0/0/117043#pesquisa
1952-05-19 00:00:00,EMENDA MODIFICATIVA N.º 1/1952,MODIFICA O PROJETO.,Francisco De Assis César,https://www.pindamonhangaba.sp.leg.br/proposicoes/0/0/0/0/117044#pesquisa
1952-05-19 00:00:00,EMENDA MODIFICATIVA N.º 2/1952,O ARTIGO 2º TERÁ A SEGUINTE REDAÇÃO:,Ignácio Rezende,https://www.pindamonhangaba.sp.leg.br/proposicoes/0/0/0/0/117045#pesquisa
1952-05-12 00:00:00,EMENDA SUPRESSIVA N.º 2/1952,SUPRIMA-SE O § ÚNICO DO ARTIGO 1º.,Ignácio Rezende,https://www.pindamonhangaba.sp.leg.br/proposicoes/0/0/0/0/117041#pesquisa
1952-04-07 00:00:00,EMENDA ADITIVA N.º 1/1952,ACRESCENTE-SE O SEGUINTE ARTIGO.,Manoel César Ribeiro,https://www.pindamonhangaba.sp.leg.br/proposicoes/0/0/0/0/117042#pesquisa
1952-03-31 01:00:00,EMENDA ADITIVA N.º 1/1952,DISPÕE SOBRE A DOAÇÃO DE UM AUTOMÓVEL A SANTA CASA DE MISERICÓRDIA DE PINDAMONHANGABA.,Manoel César Ribeiro,https://www.pindamonhangaba.sp.leg.br/proposicoes/0/0/0/0/117039#pesquisa
1950-12-29 01:00:00,EMENDA SUPRESSIVA N.º 1 AO PROJETO DE LEI Nº 26/1950,EMENDAS AO PROJETO DE LEI Nº 26/1950.,Poder Executivo,https://www.pindamonhangaba.sp.leg.br/proposicoes/0/0/0/0/117038#pesquisa
1950-12-04 01:00:00,EMENDA SUPRESSIVA N.º 1 AO PROJETO DE LEI Nº 24/1950,EMENDA AO ART. 1º DO PROJETO DE LEI Nº 24/1950.,Arlindo Paim,https://www.pindamonhangaba.sp.leg.br/proposicoes/0/0/0/0/117037#pesquisa
1950-11-30 00:00:00,EMENDA SUPRESSIVA N.º 1 AO PROJETO DE LEI Nº 19/1950,EMENDAS AO PROJETO DE LEI Nº 19/1950.,Manuel Canuto Vieira,https://www.pindamonhangaba.sp.leg.br/proposicoes/0/0/0/0/117036#pesquisa
1950-11-20 00:00:00,EMENDA SUPRESSIVA N.º 1 AO PROJETO DE LEI Nº 18/1950,EMENDAS AO PROJETO DE LEI Nº 18/1950.,Anibal Leite De Abreu,https://www.pindamonhangaba.sp.leg.br/proposicoes/0/0/0/0/117035#pesquisa
1950-05-29 00:00:00,EMENDA SUPRESSIVA N.º 1/1950,"ACRESCENTE-SE ONDE COUBER AS CASAS DE VALOR LOCATIVO ANUAL ATÉ Cr$.960,00.",Octávio Oscar Campello De Souza,https://www.pindamonhangaba.sp.leg.br/proposicoes/0/0/0/0/117032#pesquisa
1950-03-24 01:00:00,EMENDA SUPRESSIVA N.º 1 À LEI Nº 29/1948,"DISPÕE SOBRE MODIFICAÇÃO NO ART. 52º DA LEI Nº 29, DE 1º DE DEZEMBRO DE 1948",Francisco Romano De Oliveira,https://www.pindamonhangaba.sp.leg.br/proposicoes/0/0/0/0/117033#pesquisa
1950-03-24 01:00:00,EMENDA SUPRESSIVA N.º 2/1950,"MODIFIQUE-SE NO ART. 1º A IMPORTÂNCIA  DE CR$ 500,00 PARA CR$ 300,00 MENSAIS.",Arlindo Paim,https://www.pindamonhangaba.sp.leg.br/proposicoes/0/0/0/0/117034#pesquisa
